ts_wib,target_ts_60m,observed_target_ts_60m,target_ghi_60m,target_solar_elev_deg_60m,year,month,day,hour,minute,hour_sin,hour_cos,month_sin,month_cos,daylight_flag,sun_above_5deg_flag,ghi_now,dhi_now,dni_now,reflected_now,nett_rad_now,solar_elev_deg,asrs_n_obs_1min,asrs_ok_obs,aws_temp_c,aws_temp_min_c,aws_temp_max_c,aws_rh_pct,aws_pressure_hpa,aws_ws_avg,aws_ws_max,aws_wd_deg,aws_rain_mm,aws_sr_avg_w_m2,clp_cot,clp_cth_m,clp_ctt_k,clp_cer,clp_cloud_present,clp_clear_flag,clp_thin_cloud_flag,clp_moderate_cloud_flag,clp_thick_cloud_flag,synop_temp_c,synop_dewpoint_c,synop_rh_pct,synop_wind_speed,synop_wind_dir_deg,synop_visibility,synop_rainfall_24h_mm,synop_solar_rad_24h,has_asrs,has_aws,has_clp,has_synop,master_qc_status,asrs_qc_status,aws_qc_status,clp_qc_status,synop_qc_status,ghi_lag_10m,ghi_lag_30m,ghi_lag_60m,ghi_lag_120m,ghi_lag_180m,dhi_lag_60m,dni_lag_60m,aws_temp_lag_60m,aws_rh_lag_60m,aws_pressure_lag_60m,clp_cot_lag_60m,clp_cth_lag_60m,ghi_roll_30m_mean,ghi_roll_30m_min,ghi_roll_30m_max,ghi_roll_30m_std,ghi_roll_60m_mean,ghi_roll_60m_min,ghi_roll_60m_max,ghi_roll_60m_std,ghi_roll_180m_mean,ghi_roll_180m_min,ghi_roll_180m_max,ghi_roll_180m_std,dhi_roll_180m_mean,dni_roll_180m_mean,aws_temp_roll_180m_mean,aws_rh_roll_180m_mean,aws_ws_roll_180m_mean,aws_rain_sum_180m,clp_cot_roll_180m_mean,clp_cth_roll_180m_mean,ghi_delta_10m,ghi_delta_60m,aws_temp_delta_60m,aws_rh_delta_60m,solar_elev_sin,solar_elev_sin_clip,clear_sky_ghi_now,clear_sky_ghi_target_60m,kt_now,ghi_to_aws_sr_ratio,dhi_fraction,dni_fraction,diffuse_to_global_ratio,temp_rh_interaction,vpd_proxy,wind_u,wind_v,clp_cot_delta_60m,clp_cth_delta_60m,clp_cot_delta_180m,clp_cth_delta_180m,ghi_roll_180m_range,ghi_roll_60m_range,ghi_ramp_ratio_60m,aws_temp_range,cloud_opacity_proxy,cloud_height_temp_interaction,pred_raw,persistence,residual_raw,pred_raw_sq,pred_clear_ratio,raw_minus_now,pred_isotonic,pred_bin_bias,pred_high_residual_cal,pred_high_residual_cal_full,pred_blend_raw_highcal_50,pred_blend_iso_highcal_50,best_prediction,best_error,raw_error
2025-01-02 11:20:00,2025-01-02 12:20:00,2025-01-02 12:20:00,0.0,70.71017750933251,2025,1,2,11,20,0.258819045102521,-0.9659258262890682,0.49999999999999994,0.8660254037844387,1,1,951.3,824.3,61.36800000000001,173.01000000000002,778.36,67.42576454958261,10,10.0,29.53,24.7,30.6,76.16000000000001,1009.7926223264232,0.0,1.1,259.9,0.0,978.0,0.2935999929904938,9.419920921325684,243.5459899902344,,1,1,1,0,0,29.8,24.7,74.0,6.0,290.0,8.0,,,True,True,True,True,ok_all_sources,ok,ok,ok,ok,941.2,911.0,854.2,614.75,473.34,792.26,69.89,29.61,72.88000000000001,1010.0684019993012,0.4084615111351013,4.412230968475342,939.7333333333332,926.7,951.3,12.365408741053903,916.4499999999999,874.0,951.3,29.13985243613977,763.6005555555556,535.02,951.3,146.6517042869309,697.6654333333333,79.11205555555557,29.501666666666665,73.435,0.015611111111111112,0.0,0.6146058107123655,7.862335513619816,10.099999999999909,97.09999999999991,-0.0799999999999983,3.280000000000001,0.9233829322348414,0.9233829322348414,1015.7212254583255,1038.2456109420314,0.9365758794404866,0.9726993865030674,0.8664984757699989,0.0645096184169032,0.8664984757699989,2249.0048000000006,7.039951999999997,-0.0,-0.0,-0.11486151814460754,5.007689952850342,-0.32100581772187176,1.5575854077058677,416.28,77.29999999999995,0.1136736127370638,5.900000000000002,0.2935999929904938,2294.1839664139848,971.310518556058,951.3,-971.310518556058,943444.1234576383,0.9355305799701468,20.01051855605806,961.043953488372,996.572183722434,967.413196671148,966.114089376178,969.361857613603,964.22857507976,971.310518556058,971.310518556058,971.310518556058
2025-01-02 11:30:00,2025-01-02 12:30:00,2025-01-02 12:30:00,0.0,70.25037342725548,2025,1,2,11,30,0.258819045102521,-0.9659258262890682,0.49999999999999994,0.8660254037844387,1,1,960.2,829.9,59.00899999999999,175.12999999999997,785.0799999999999,68.61107462881553,10,10.0,29.59,24.7,30.6,76.28,1009.7376153831043,0.0,1.1,245.3,0.0,990.0,0.348333328962326,8.839333534240723,247.14666748046875,,1,1,1,0,0,29.8,24.7,74.0,6.0,290.0,8.0,,,True,True,True,True,ok_all_sources,ok,ok,ok,ok,951.3,926.7,874.0,744.35,535.02,799.8199999999999,66.261,29.65,73.08000000000001,1010.086950789128,0.4033333361148834,3.246166944503784,950.9,941.2,960.2,9.506313691436878,930.8166666666666,894.5,960.2,24.977222957459986,787.2216666666668,561.28,960.2,141.83116048772249,716.9556166666666,77.122,29.550555555555555,73.54444444444445,0.015611111111111112,0.0,0.5449355805621428,7.728971789864933,8.900000000000091,86.20000000000005,-0.05999999999999872,3.1999999999999886,0.9311263250422551,0.9311263250422551,1024.2389575464806,1035.2960393825058,0.9374765458054016,0.9698989898989899,0.8642991043532596,0.06145490522807747,0.8642991043532596,2257.1252,7.0187479999999995,-0.0,-0.0,-0.05500000715255743,5.5931665897369385,-0.19660225159981676,1.1103617443757896,398.9200000000001,65.70000000000005,0.09862700228832957,5.900000000000002,0.348333328962326,2184.6118257359485,967.4161295645357,960.2,-967.4161295645357,935893.9677416265,0.9344342997212116,7.216129564535663,961.043953488372,992.6777947309117,968.5408862091771,968.9158050907242,967.9785078868564,964.7924198487746,967.4161295645357,967.4161295645357,967.4161295645357
2025-01-02 11:40:00,2025-01-02 12:40:00,2025-01-02 12:40:00,0.0,69.51400341928613,2025,1,2,11,40,0.258819045102521,-0.9659258262890682,0.49999999999999994,0.8660254037844387,1,1,966.5714285714286,822.1714285714286,72.95571428571428,175.54285714285714,791.1142857142858,69.5781007631603,10,7.0,29.97,24.7,30.6,74.59,1009.491993340193,0.029,1.1,251.6,0.0,1000.0,0.4393333196640014,7.992268085479736,253.1493225097656,,1,1,1,0,0,29.8,24.7,74.0,6.0,290.0,8.0,,,True,True,True,True,warn_partial_qc,warn_partial_asrs_qc,ok,ok,ok,960.2,941.2,894.5,655.18,561.28,805.4,66.43700000000001,29.45,73.60000000000001,1010.0012747011174,0.3838461339473724,3.050384998321533,959.3571428571428,951.3,966.5714285714286,7.670524022223663,942.8285714285713,911.0,966.5714285714286,21.038516669990496,809.7378571428573,589.4300000000001,966.5714285714286,135.89883971393664,733.7982126984126,76.24509523809523,29.60944444444444,73.63222222222223,0.017222222222222226,0.0,0.48997658491134644,7.550187223097858,6.37142857142851,72.07142857142856,0.5199999999999996,0.9899999999999949,0.9371486919905174,0.9371486919905174,1030.863561189569,1030.43352937539,0.9376327430334715,0.9665714285714285,0.8506059710316287,0.07547886491279929,0.8506059710316287,2235.4623,7.615376999999999,-0.027517404337690406,-0.009153822071465966,0.05548718571662903,4.941883087158203,-0.050643265247345026,0.4420808623818786,377.1414285714285,55.571428571428555,0.08057174798370996,5.900000000000002,0.4393333196640014,2023.2372511556166,958.596538114212,966.5714285714286,-958.596538114212,918907.3228845518,0.9302846916241915,-7.974890457216588,954.7681818181818,983.858203280588,957.8203708772529,957.5616484649332,958.2084544957324,956.2942763477174,958.596538114212,958.596538114212,958.596538114212
2025-08-15 12:50:00,2025-08-15 13:50:00,2025-08-15 13:50:00,1049.3,59.50173268727174,2025,8,15,12,50,1.2246467991473532e-16,-1.0,-0.8660254037844384,-0.5000000000000004,1,1,894.9,173.46,758.23,173.5,721.4,69.43659375286741,10,10.0,30.09,24.7,30.5,75.80000000000001,1008.9317481536699,2.427,4.2,252.8,0.0,923.0,10.97816276550293,9.112836837768556,246.00938415527344,48.51139831542969,0,0,0,0,1,30.5,25.4,74.0,6.0,240.0,6.0,,,True,True,True,True,ok_all_sources,ok,ok,ok,ok,905.5,944.4,931.5,637.08,733.55,134.56,839.1,29.75,75.46000000000001,1009.821642231796,6.5729289054870605,5.2346062660217285,901.1,894.9,905.5,5.524490926773288,918.2333333333332,894.9,944.4,19.787639239350007,736.306111111111,328.9,944.4,219.23533131261408,255.33833333333334,505.7615055555555,29.472777777777782,75.4688888888889,2.0100555555555553,0.0,7.665041155285305,5.731829775704278,-10.600000000000023,-36.60000000000002,0.33999999999999986,0.3400000000000034,0.9362840595501316,0.9362840595501316,1029.9124655051448,947.8089594212847,0.8689087956237865,0.9695557963163597,0.1938317130405632,0.8472790255894513,0.1938317130405632,2280.822,7.281779999999997,-2.318460584870928,-0.7176834374569017,4.405233860015869,3.878230571746828,3.3131216102176246,3.3810070620642785,615.5,49.5,-0.03929146537842192,5.800000000000001,0.0,2241.843378366932,309.0081250705312,894.9,740.2918749294688,95486.02135960506,0.32602363799051454,-585.8918749294687,303.7080662650602,318.55450460743475,286.64339153920054,279.18848036209033,297.8257583048659,295.17572890213034,309.0081250705312,-740.2918749294688,-740.2918749294688
2025-08-15 13:00:00,2025-08-15 14:00:00,2025-08-15 14:00:00,1032.8,57.47755021018414,2025,8,15,13,0,-0.2588190451025208,-0.9659258262890683,-0.8660254037844384,-0.5000000000000004,1,1,927.8,246.21999999999997,717.6899999999999,182.37,745.38,68.16724781805897,10,10.0,29.93,24.7,30.5,76.42,1007.6,2.88,4.6,247.6,0.0,953.0,10.788806915283203,9.168615341186523,245.4508514404297,49.76536560058594,0,0,0,0,1,30.4,25.5,75.0,6.0,270.0,7.0,,,True,True,True,True,ok_all_sources,ok,ok,ok,ok,894.9,902.9,928.3,772.7900000000001,655.28,124.12,842.5,29.92,74.31,1008.1,7.294174671173096,5.55892276763916,909.4,894.9,927.8,16.793153366774188,918.15,894.9,944.4,19.73775569815372,751.446111111111,328.9,944.4,222.6932662850245,249.6872222222222,527.16845,29.519444444444446,75.44111111111113,2.101666666666667,0.0,7.9741650687323675,5.917376597722371,32.89999999999998,-0.5,0.00999999999999801,2.1099999999999994,0.9282733889312822,0.9282733889312822,1021.1007278244105,927.49894035481,0.9086273025941329,0.9735571878279118,0.26538046992886394,0.7735395559387799,0.26538046992886394,2287.2506,7.057493999999999,-2.662692576803462,-1.097482683888789,3.4946322441101074,3.6096925735473633,2.8146418465508356,3.2512387434641523,615.5,49.5,-0.0005386189809328881,5.800000000000001,0.0,2250.444442024018,324.44551048721246,927.8,708.3544895127875,105264.88927530788,0.3498068799551377,-603.3544895127875,320.77950199203184,333.99189002411595,307.3299790687693,301.62480192928825,315.88774477799086,314.0547405304006,324.44551048721246,-708.3544895127875,-708.3544895127875
2025-12-07 13:10:00,2025-12-07 14:10:00,2025-12-07 14:10:00,1040.0,52.98483502889526,2025,12,7,13,10,-0.2588190451025208,-0.9659258262890683,-2.4492935982947064e-16,1.0,1,1,1147.7,360.14,887.71,235.96999999999997,911.7,64.43853108974834,10,10.0,27.82,25.8,28.9,87.60000000000001,1009.365,2.508,7.9,255.8,0.0,385.0,14.857429504394531,9.674771308898926,241.08824157714844,49.27741622924805,0,0,0,0,1,27.7,25.0,85.0,7.0,240.0,5.0,,,True,True,True,True,ok_all_sources,ok,ok,ok,ok,669.1899999999999,337.63,853.3100000000001,637.5,993.3,603.4,257.17,28.18,86.30000000000001,1010.025,13.462416648864746,7.053741931915283,749.4266666666666,431.39,1147.7,364.8334497182699,607.7366666666667,337.63,1147.7,293.2874813330202,741.8983333333332,337.63,1147.7,237.5295362996061,480.5905555555555,286.76234444444447,27.926666666666662,86.51611111111112,3.1200555555555556,0.0,13.726708677079943,6.760743061701457,478.5100000000001,294.39,-0.35999999999999943,1.2999999999999972,0.9021228976948884,0.9021228976948884,992.3351874643772,878.3238139181572,1.1565648527818633,2.981038961038961,0.31379280299729895,0.7734686764834016,0.31379280299729895,2437.032,3.449679999999998,-2.4313689375370084,-0.6152309237840365,1.3950128555297852,2.6210293769836426,1.1307208273145886,2.914028247197469,810.07,810.07,0.3449977147812635,3.099999999999998,0.0,2332.473602523489,338.10280776919245,1147.7,701.8971922308076,114313.5086214115,0.3849409550458769,-809.5971922308077,336.70227325581396,347.649187306096,291.55564256889545,276.0399208354631,314.829225169044,314.12895791235474,338.10280776919245,-701.8971922308076,-701.8971922308076
2025-10-24 09:10:00,2025-10-24 10:10:00,2025-10-24 10:10:00,41.698,64.0220862483251,2025,10,24,9,10,0.7071067811865476,-0.7071067811865475,-0.8660254037844386,0.5000000000000001,1,1,946.8,430.95,702.0300000000001,173.75,773.0,49.595006594712444,10,10.0,29.26,24.6,29.8,70.72,1011.2,0.359,1.6,141.5,0.0,744.6,4.367203235626221,7.112788200378418,260.0566101074219,11.65049934387207,0,0,0,1,0,28.6,24.5,79.0,2.0,170.0,5.0,,,True,True,True,True,ok_all_sources,ok,ok,ok,ok,550.91,489.75,308.38,114.64000000000001,17.344,299.12,6.2631,27.19,80.78,1010.98,4.960330009460449,7.72987699508667,637.49,414.76000000000005,946.8,276.3850804584067,516.0316666666666,315.72999999999996,946.8,226.641493413423,274.4380555555556,24.716,946.8,230.43528344404618,219.01566666666665,74.40260555555557,26.162222222222226,88.17722222222221,0.283,151.0,7.896559350630817,7.729665896471809,395.89,638.42,2.0700000000000003,-10.060000000000002,0.7614818201118643,0.7614818201118643,837.6300021230506,988.859258026413,1.1303320053009656,1.2715551974214343,0.4551647655259823,0.7414765525982258,0.4551647655259823,2069.2672000000002,8.567328000000002,0.22348275455290545,-0.2809563283100166,-0.5931267738342285,-0.617088794708252,-3.529356115004596,-0.6168776960933906,922.084,631.0699999999999,2.0702380180297033,5.199999999999999,0.0,1849.7275878024811,741.9493550751423,946.8,-700.2513550751423,550488.8454964196,0.7503083467671032,-204.85064492485765,726.7605878136202,765.6764909986889,652.3262385248104,622.4518663413663,697.1377967999763,689.5434131692152,741.9493550751423,700.2513550751423,700.2513550751423
2025-08-23 09:50:00,2025-08-23 10:50:00,2025-08-23 10:50:00,137.90000000000003,64.85569360502689,2025,8,23,9,50,0.7071067811865476,-0.7071067811865475,-0.8660254037844384,-0.5000000000000004,1,1,562.69,484.68999999999994,78.39789999999999,111.77000000000001,450.93999999999994,52.007501117346024,10,10.0,29.58,25.6,29.8,69.84,1010.0063744989951,1.759,2.7,284.6,0.0,610.4,3.518558979034424,3.449347734451294,280.2246398925781,7.844130039215088,0,0,0,1,0,29.4,23.9,73.0,3.0,280.0,6.0,,,True,True,True,True,ok_all_sources,ok,ok,ok,ok,638.49,366.39,401.28999999999996,242.98000000000002,62.3,351.16999999999996,61.653999999999996,29.46,72.24000000000001,1009.9344211916838,6.182143211364746,3.52561616897583,553.3033333333333,458.7299999999999,638.49,90.2468643961293,519.7166666666666,366.39,638.49,94.9085871071036,363.66444444444437,90.22,638.49,171.8838231522615,275.2811111111111,129.91937222222222,28.503888888888884,76.92388888888891,0.7443333333333333,0.2,4.115196185953477,4.940085831810446,-75.79999999999995,161.4000000000001,0.11999999999999744,-2.4000000000000057,0.7880913487582105,0.7880913487582105,866.9004836340316,995.764547873747,0.6490825770926018,0.921838138925295,0.8613801560361831,0.13932698288578077,0.8613801560361831,2065.8672,8.921327999999999,-1.7022004308777874,0.4433900011496368,-2.6635842323303223,-0.07626843452453613,-0.5966372069190529,-1.4907380973591522,548.27,272.1,0.402202895661492,4.199999999999999,0.0,966.592226750894,830.2731301202784,562.69,-692.3731301202783,689353.4705997248,0.8338046698822107,267.5831301202784,833.5869139465873,865.4846124693466,882.1917567004016,899.4979655604426,856.23244341034,857.8893353234944,830.2731301202784,692.3731301202783,692.3731301202783
2025-08-23 10:00:00,2025-08-23 11:00:00,2025-08-23 11:00:00,122.09,66.75542078591438,2025,8,23,10,0,0.49999999999999994,-0.8660254037844387,-0.8660254037844384,-0.5000000000000004,1,1,442.57000000000005,428.05,10.4034,86.08800000000001,356.48,54.26018870680061,10,10.0,29.6,25.6,29.8,69.31,1010.8000000000001,1.828,2.7,274.6,0.0,513.2,3.4725492000579834,3.199941396713257,281.54107666015625,8.73871898651123,0,0,0,1,0,29.7,25.6,78.0,3.0,260.0,7.0,,,True,True,True,True,ok_all_sources,ok,ok,ok,ok,562.69,458.7299999999999,561.4,390.5,90.22,410.33000000000004,172.18900000000002,29.33,71.78,1010.8000000000001,5.5267252922058105,3.5268943309783936,547.9166666666666,442.57000000000005,638.49,98.7919537884201,499.91166666666663,366.39,638.49,96.84924293285245,383.2394444444444,138.6,638.49,158.44943496538465,294.33444444444444,129.09599444444444,28.73666666666666,75.48555555555555,0.8432222222222222,0.0,4.033189296722412,4.603208107106826,-120.12,-118.82999999999993,0.2700000000000031,-2.469999999999999,0.8116778641941572,0.8116778641941572,892.845650613573,1010.7114082724094,0.49568478011385425,0.862373343725643,0.9671916307024877,0.02350678988634566,0.9671916307024877,2051.576,9.08424,-1.82211178981802,0.14660363367315438,-2.054176092147827,-0.3269529342651367,-0.5606400966644287,-1.4032667103935692,499.89,272.1,-0.2116672604203775,4.199999999999999,0.0,900.9149460800545,807.6586231140426,442.57000000000005,-685.5686231140426,652312.4514904711,0.7990991459120451,365.08862311404255,806.5521454545454,842.8701054631108,892.6108541522336,920.9282644982973,850.1347386331381,849.5814998033895,807.6586231140426,685.5686231140426,685.5686231140426
2025-08-23 10:10:00,2025-08-23 11:10:00,2025-08-23 11:10:00,163.37,68.53480578642508,2025,8,23,10,10,0.49999999999999994,-0.8660254037844387,-0.8660254037844384,-0.5000000000000004,1,1,589.3299999999999,488.0,100.844,115.47,473.84,56.47995377031132,10,10.0,29.42,25.6,29.8,70.30000000000001,1009.9575612228219,1.822,2.7,282.5,0.0,490.0,2.832897186279297,2.873626470565796,283.2580261230469,10.722121238708496,0,0,0,1,0,29.7,25.6,78.0,3.0,260.0,7.0,,,True,True,True,True,ok_all_sources,ok,ok,ok,ok,442.57000000000005,638.49,530.5999999999999,467.23,152.28,403.92999999999995,140.314,29.47,71.64,1010.0120434447464,5.563185214996338,3.583805561065674,531.5300000000001,442.57000000000005,589.3299999999999,78.18461229679401,509.7,366.39,638.49,103.32267418142062,407.5199999999999,138.6,638.49,154.41065069177972,314.68888888888887,124.38232777777779,28.939444444444444,74.19111111111111,0.8992222222222223,0.0,4.016663845847635,4.243545924915987,146.75999999999988,58.73000000000002,-0.04999999999999716,-1.3399999999999892,0.833692663343571,0.833692663343571,917.061929677928,1023.7040405198502,0.642628355761069,1.2027142857142856,0.8280589822340625,0.17111635246805695,0.8280589822340625,2068.2260000000006,8.737739999999997,-1.7788113249725188,0.39435297659522267,-2.730288028717041,-0.7101790904998779,-1.183766659568338,-1.3699194543501907,499.89,272.1,0.11068601583113462,4.199999999999999,0.0,813.9777618674052,847.8415905257499,589.3299999999999,-684.4715905257499,718835.3626252334,0.82820967483454,258.51159052574997,854.0791603053435,883.0530728748181,897.0035475471607,913.3908665542976,872.4225690364553,875.5413539262521,847.8415905257499,684.4715905257499,684.4715905257499
2025-10-17 12:30:00,2025-10-17 13:30:00,2025-10-17 13:30:00,126.67999999999999,64.99087370285062,2025,10,17,12,30,1.2246467991473532e-16,-1.0,-0.8660254037844386,0.5000000000000001,1,1,915.85,439.28999999999996,476.44000000000005,177.44,738.4,79.14122603082974,10,10.0,32.48,27.5,32.7,66.59,1005.89,3.164,5.7,192.1,0.0,404.8,3.0450000762939453,10.386181831359863,237.7084045410156,58.132171630859375,0,0,0,1,0,32.5,26.1,69.0,9.0,210.0,6.0,,,True,True,True,True,ok_all_sources,ok,ok,ok,ok,742.45,809.58,348.96,546.02,656.78,343.15999999999997,3.0753999999999997,31.78,71.75,1007.18,2.475806474685669,10.154956817626951,834.8633333333333,742.45,915.85,87.26291614043924,796.8000000000001,698.76,915.85,77.70225221961073,745.0049999999999,348.96,1036.75,167.70185457075482,411.81166666666667,347.96540000000005,31.196111111111108,74.17444444444445,2.2909444444444444,0.0,2.2371160843793083,10.687526422388414,173.39999999999998,566.8900000000001,0.6999999999999957,-5.159999999999997,0.9820945183326829,0.9820945183326829,1080.3039701659511,996.8645051646433,0.847770650939394,2.2624752964426875,0.4796527815690342,0.5202161926079598,0.4796527815690342,2162.8432,10.851567999999997,-0.6632331330276924,-3.09370616110423,0.5691936016082764,0.23122501373291193,0.807883991914637,-0.3013445910285508,687.79,217.09000000000003,1.624512838147639,5.200000000000003,0.0,2468.8827124054365,761.747626654371,915.85,-635.067626654371,580259.4467135669,0.764143594949807,-154.10237334562908,752.1957534246575,785.4747625779175,729.6724675939521,718.9807479071458,745.7100471241615,740.9341105093048,761.747626654371,635.067626654371,635.067626654371
2025-01-18 10:50:00,2025-01-18 11:50:00,2025-01-18 11:50:00,1078.1,72.00287322197855,2025,1,18,10,50,0.49999999999999994,-0.8660254037844387,0.49999999999999994,0.8660254037844387,1,1,309.20000000000005,0.4851,298.21000000000004,55.428999999999995,253.76,63.15688727261825,10,10.0,28.97,24.7,29.3,75.67,1009.1703920609399,0.0,0.0,258.5,0.0,311.1,9.449751853942873,8.684480667114258,250.84901428222656,29.86314010620117,0,0,0,1,0,28.4,24.0,77.0,2.0,170.0,8.0,,,True,True,True,True,ok_all_sources,ok,ok,ok,ok,342.39,459.83000000000004,345.41,310.71999999999997,144.66,1.18,344.61,28.72,76.85000000000001,1009.3820874552205,6.380495548248291,8.54301643371582,354.47,309.20000000000005,411.82,52.36564618144227,382.825,309.20000000000005,459.83000000000004,53.631805768592216,327.33166666666665,177.66000000000003,459.83000000000004,69.41103864151665,3.5859000000000005,320.77111111111105,28.02055555555555,80.24555555555555,0.0,0.0,6.483320713043213,9.313324535594267,-33.18999999999994,-36.20999999999998,0.25,-1.1800000000000068,0.8922462989130392,0.8922462989130392,981.4709288043431,1046.1792125744191,0.31503734947776457,0.9938926390228223,0.00156888745148771,0.9644566623544631,0.00156888745148771,2192.1599,7.048400999999999,-0.0,-0.0,3.069256305694582,0.1414642333984375,2.96643114089966,-0.6288438684800095,282.17,150.63,-0.10483193885527338,4.600000000000001,0.0,2178.493414898665,447.51778414673737,309.20000000000005,630.5822158532626,200272.16712760582,0.42776398036574786,138.31778414673732,459.5620679886685,457.0641636836409,423.28334329298116,415.20519634172905,435.4005637198593,441.4227056408248,447.51778414673737,-630.5822158532626,-630.5822158532626
2025-04-28 11:10:00,2025-04-28 12:10:00,2025-04-28 12:10:00,220.76,72.15466914230039,2025,4,28,11,10,0.258819045102521,-0.9659258262890682,0.8660254037844387,-0.4999999999999998,1,1,606.2099999999999,444.7799999999999,158.51600000000002,119.16000000000001,487.0400000000001,67.80339649231573,10,10.0,30.63,25.5,31.5,75.12,1008.5147799671995,0.445,2.5,231.4,0.0,892.0,4.850948333740234,8.861379623413086,248.73757934570312,41.34999847412109,0,0,0,1,0,30.8,26.2,76.0,3.0,240.0,5.0,,,True,True,True,True,ok_all_sources,ok,ok,ok,ok,898.9200000000001,763.0899999999999,300.03000000000003,412.16,155.01000000000002,283.74,18.238,29.55,78.39,1009.3618044146942,6.7855000495910645,7.708849906921387,810.71,606.2099999999999,927.0,177.6578427765012,692.815,355.51000000000005,927.0,214.96261951790598,530.1038888888888,263.14000000000004,927.0,198.65760044206388,386.7388888888888,164.19561666666667,28.790555555555557,82.37222222222223,0.29927777777777775,0.0,6.43241298899931,7.935907560236314,-292.71000000000015,306.1799999999999,1.0799999999999983,-3.269999999999996,0.9258929815751652,0.9258929815751652,1018.4822797326817,1047.075960685541,0.5952091774823124,0.6796076233183855,0.733706141436136,0.2614869434684351,0.733706141436136,2300.9256,7.620743999999998,-0.34777661022637435,-0.2776264205356769,-1.93455171585083,1.1525297164916992,-1.5814646552590759,0.9254720631767723,663.8599999999999,571.49,1.0204979502049791,6.0,0.0,2204.1581171911093,844.2902036119768,606.2099999999999,-623.5302036119768,712825.9479151533,0.806331379300508,238.0802036119769,843.1683458646615,879.501685961045,871.2633678543865,880.2544226018564,857.7767857331817,857.215856859524,844.2902036119768,623.5302036119768,623.5302036119768
2025-09-27 09:40:00,2025-09-27 10:40:00,2025-09-27 10:40:00,146.10999999999999,70.55454296518653,2025,9,27,9,40,0.7071067811865476,-0.7071067811865475,-1.0,-1.8369701987210297e-16,1,1,416.91999999999996,405.94999999999993,3.8753000000000006,81.103,335.82000000000005,55.64166507315248,10,10.0,30.39,26.4,31.4,78.73,1010.065,1.63,3.3,214.5,0.0,244.7,,,,,,0,0,0,0,30.7,25.9,76.0,4.0,110.0,5.0,,,True,True,False,True,warn_missing_source,ok,ok,,ok,261.86,469.05,496.45,287.52,79.51500000000001,482.9200000000001,3.5409999999999995,30.82,72.65,1009.8,2.806666612625122,5.312000274658203,431.77666666666664,261.86,616.55,177.8111060460885,473.22,261.86,616.55,123.86491157708869,359.9244444444444,106.35,616.55,151.99154710328358,355.1677777777778,3.3072,29.138888888888896,78.20277777777777,0.8256111111111112,0.0,1.5532401344355415,6.3202542557435875,155.05999999999995,-79.53000000000003,-0.4299999999999997,6.079999999999998,0.8255241199643282,0.8255241199643282,908.076531960761,1037.2547160900358,0.4591242977062373,1.7038005721291376,0.9736879976973999,0.00929506859829224,0.9736879976973999,2392.6047000000003,6.463952999999999,-0.9232421661874777,-1.3433256874538853,,,,,510.19999999999993,354.68999999999994,-0.16019740155101225,5.0,,,763.6576436893031,416.91999999999996,-617.5476436893031,583172.9967650985,0.7362296182830911,346.7376436893031,752.1957534246575,787.3847796128496,844.2028615994343,871.0512675694781,803.9302526443687,798.1993075120458,763.6576436893031,617.5476436893031,617.5476436893031
2025-09-20 13:00:00,2025-09-20 14:00:00,2025-09-20 14:00:00,43.983000000000004,59.48634989612208,2025,9,20,13,0,-0.2588190451025208,-0.9659258262890683,-1.0,-1.8369701987210297e-16,1,1,907.9,416.88,485.4599999999999,173.47,734.37,74.0415685914721,10,10.0,29.37,25.2,30.6,80.04,1007.995,2.917,4.5,263.4,0.2,966.0,4.222886562347412,6.437051296234131,263.7506103515625,35.3905143737793,0,0,0,1,0,29.4,25.5,80.0,6.0,280.0,5.0,,,True,True,True,True,ok_all_sources,ok,ok,ok,ok,965.5600000000001,956.21,408.09000000000003,605.3599999999999,492.5,382.83,3.8066000000000004,29.49,81.27000000000001,1009.14,4.106817722320557,5.354918956756592,912.1533333333333,863.0,965.5600000000001,51.4121243806686,901.6999999999999,676.3799999999999,1041.15,125.53961494285387,775.0577777777776,408.09000000000003,1099.6299999999999,200.8513537143549,446.99555555555554,303.73008333333325,29.164999999999996,82.02777777777779,2.1658888888888885,3.0000000000000004,6.3443926440344915,5.981550004747179,-57.66000000000008,499.80999999999995,-0.11999999999999744,-1.230000000000004,0.9614614202580534,0.9614614202580534,1057.6075622838587,947.6590424714416,0.8584469631055099,0.9398550724637681,0.45916951206079964,0.5347064654697653,0.45916951206079964,2350.7748,5.862251999999999,-2.8976683572563564,-0.33527166798769226,0.11606884002685547,1.082132339477539,-2.1215060816870794,0.45550129148695184,691.5399999999998,364.7700000000002,1.2247543434046408,5.400000000000002,0.0,1697.7762082460686,661.4106427134217,907.9,-617.4276427134216,437464.0382945815,0.6979415729400944,-246.4893572865783,650.7452674418605,685.1377786369683,670.8800807802608,674.0365601358739,666.1453617468412,660.8126741110607,661.4106427134217,617.4276427134216,617.4276427134216
2025-10-11 12:40:00,2025-10-11 13:40:00,2025-10-11 13:40:00,133.62,63.15939730718476,2025,10,11,12,40,1.2246467991473532e-16,-1.0,-0.8660254037844386,0.5000000000000001,1,1,953.8,164.94000000000003,809.72,182.62,771.3100000000001,77.90449739740819,10,10.0,30.31,25.3,30.6,77.67,1008.46,2.764,4.7,260.1,0.0,166.7,4.989999771118164,3.6796233654022217,280.1504211425781,22.007726669311523,0,0,0,1,0,30.0,26.0,79.0,7.0,250.0,6.0,,,True,True,True,True,ok_all_sources,ok,ok,ok,ok,991.2,1008.8,1038.5,622.4800000000001,820.2,214.96999999999997,844.2,29.95,77.43,1009.505,4.865369319915772,4.805240631103516,983.5,953.8,1005.5,26.696254418925545,1002.7666666666668,953.8,1043.2,29.457404275778785,913.0733333333335,390.19,1043.2,169.16343162752403,193.39000000000001,759.0428444444443,29.89111111111111,79.29000000000002,2.464944444444445,0.0,3.6751330627335443,3.7042717271380954,-37.40000000000009,-84.70000000000005,0.35999999999999943,0.23999999999999488,0.9777996876281083,0.9777996876281083,1075.5796563909191,981.492687651809,0.8867776499236255,5.721655668866227,0.17292933529041732,0.8489410777940869,0.17292933529041732,2354.1776999999997,6.768222999999999,-2.7228421774917946,-0.4752120331722882,0.12463045120239169,-1.125617265701294,1.3148667083846197,-0.024648361735873703,653.01,89.40000000000009,-0.08155994222436211,5.300000000000001,0.0,1030.848035463503,747.9292796415832,953.8,-614.3092796415832,559398.2073451775,0.762032452254923,-205.87072035841675,734.2438022922636,771.6564155651297,769.1993826975582,776.2894170495499,758.5643311695708,751.721592494911,747.9292796415832,614.3092796415832,614.3092796415832
2025-09-20 12:50:00,2025-09-20 13:50:00,2025-09-20 13:50:00,66.193,61.94441485150935,2025,9,20,12,50,1.2246467991473532e-16,-1.0,-1.0,-1.8369701987210297e-16,1,1,965.5600000000001,372.9200000000001,587.69,182.39000000000001,783.04,76.37390666626324,10,10.0,29.52,25.2,30.6,80.16000000000001,1008.205,2.476,4.5,263.9,0.2,590.6,4.449805736541748,6.258134841918945,264.9224548339844,36.80452346801758,0,0,0,1,0,29.0,25.9,84.0,6.0,270.0,5.0,,,True,True,True,True,ok_all_sources,ok,ok,ok,ok,863.0,1041.15,929.21,534.8299999999999,331.36,395.4599999999999,503.46999999999997,29.12,81.96000000000001,1009.42,3.8531479835510254,5.962435722351074,928.2566666666667,863.0,965.5600000000001,56.7069663562894,818.3983333333334,408.09000000000003,1041.15,236.97188047670699,751.9799999999999,408.09000000000003,1099.6299999999999,208.41232601574723,449.18055555555554,277.93198333333333,29.12388888888889,82.3588888888889,2.117333333333333,2.8000000000000003,7.060058699713813,5.958027892642551,102.56000000000006,36.35000000000002,0.3999999999999986,-1.7999999999999972,0.9718538126404914,0.9718538126404914,1069.0391939045405,970.7408947193258,0.9032035546549095,1.6348797832712496,0.38622146733501805,0.6086519739840093,0.38622146733501805,2366.3232000000003,5.856767999999996,-2.461980749673814,-0.26310984062851506,0.5966577529907227,0.2956991195678711,-2.610252963172065,0.3001069492763939,691.5399999999998,633.0600000000001,0.03911925183758248,5.400000000000002,0.0,1657.9204450032557,679.1773209122579,965.5600000000001,-612.9843209122579,461281.8332415521,0.6996484073215347,-286.3826790877422,675.7742631578948,702.9044568358045,706.5040291969708,715.6129319585418,692.8406750546144,691.1391461774328,679.1773209122579,612.9843209122579,612.9843209122579
2025-06-28 09:30:00,2025-06-28 10:30:00,2025-06-28 10:30:00,981.6,53.619447606310224,2025,6,28,9,30,0.7071067811865476,-0.7071067811865475,1.2246467991473532e-16,-1.0,1,1,181.91000000000003,177.20999999999998,3.8095,27.248,154.65,42.64348322239932,10,10.0,24.97,24.8,26.7,98.80000000000001,1010.8119241236652,0.071,4.5,264.0,1.2,102.1,29.21069526672364,5.529243469238281,268.9698181152344,25.541393280029297,0,0,0,0,1,25.5,24.4,94.0,2.0,270.0,4.0,,,True,True,True,True,ok_all_sources,ok,ok,ok,ok,100.05,94.656,170.87000000000003,58.984,2.8225000000000007,169.03,0.39299999999999996,25.92,95.9,1010.3910277764348,40.046836853027344,4.090551376342773,120.11333333333334,78.38,181.91000000000003,54.60328042648477,108.40483333333334,78.098,181.91000000000003,38.88852227800212,73.11440555555555,4.446,181.91000000000003,49.98439872984455,71.84888333333333,0.5039277777777778,25.817777777777785,98.12222222222223,0.29561111111111105,11.199999999999998,35.522704124450684,4.702698335051537,81.86000000000003,11.039999999999992,-0.9500000000000028,2.9000000000000057,0.6774344174761359,0.6774344174761359,745.1778592237495,885.6046892557422,0.244116217018975,1.7816846229187076,0.974163047660931,0.020941674454400525,0.974163047660931,2467.036,0.29963999999999713,-0.0706110545711474,-0.007421520892003388,-10.836141586303704,1.4386920928955078,-6.312008857727044,0.8265451341867447,177.46400000000003,103.81200000000003,0.06461052261953526,1.8999999999999986,0.0,1487.199610235868,370.76609835874746,181.91000000000003,610.8339016412526,137467.4996921684,0.41865868920628396,188.85609835874743,383.961880952381,380.312477895651,400.87895454184866,410.9165732695491,385.822526450298,392.4204177471148,370.76609835874746,-610.8339016412526,-610.8339016412526
2025-12-07 12:10:00,2025-12-07 13:10:00,2025-12-07 13:10:00,1147.7,64.43853108974834,2025,12,7,12,10,1.2246467991473532e-16,-1.0,-2.4492935982947064e-16,1.0,1,1,853.3100000000001,603.4,257.17,172.67999999999998,680.4300000000001,71.09834197941203,10,10.0,28.18,25.8,28.9,86.30000000000001,1010.025,2.842,7.9,265.6,0.0,728.9,13.462416648864746,7.053741931915283,259.5614013671875,43.06499862670898,0,0,0,0,1,28.2,25.4,85.0,5.0,290.0,5.0,,,True,True,True,True,ok_all_sources,ok,ok,ok,ok,757.3900000000001,791.62,637.5,993.3,534.7299999999999,576.22,58.696000000000005,27.91,84.06,1010.84,13.664793014526367,5.644892692565918,702.96,498.18,853.3100000000001,183.71526311115255,741.475,498.18,935.15,160.26965636077216,800.1127777777779,335.48,1104.3,199.16473647846382,456.39444444444456,402.70596666666665,28.069444444444446,85.48277777777777,3.0693888888888896,0.0,12.917846230899587,5.672600886401008,95.91999999999996,215.81000000000006,0.2699999999999996,2.240000000000009,0.9460759849356271,0.9460759849356271,1040.6835834291899,992.3351874643772,0.8199514372930059,1.1706818493620526,0.707128710550679,0.3013793345911802,0.707128710550679,2431.934,3.860659999999997,-2.833623921828907,-0.21803547793641817,-0.2023763656616211,1.4088492393493652,0.5445704179651596,1.3811410455142754,768.8199999999999,436.96999999999997,0.3385254901960785,3.099999999999998,0.0,1830.8791407304234,538.7721861234069,853.3100000000001,608.9278138765932,290275.46854019497,0.5429336709303656,-314.5378138765932,565.1105173913046,558.9444420343393,608.4451857312213,631.6695189338261,573.6086859273141,586.7778515612629,538.7721861234069,-608.9278138765932,-608.9278138765932
2025-12-06 12:50:00,2025-12-06 13:50:00,2025-12-06 13:50:00,967.5,57.045917077633035,2025,12,6,12,50,1.2246467991473532e-16,-1.0,-2.4492935982947064e-16,1.0,1,1,939.8,88.63000000000001,946.3,191.56,748.0600000000001,67.50601193057639,10,10.0,31.28,26.0,31.6,67.34,1008.33,2.678,5.0,219.9,0.0,719.8,9.814000129699709,7.168000221252441,258.4800109863281,40.8421745300293,0,0,0,1,0,30.9,25.3,72.0,7.0,250.0,7.0,,,True,True,True,True,ok_all_sources,ok,ok,ok,ok,949.2,961.8,951.9,918.0,795.81,89.25999999999999,933.1,30.52,69.86,1009.295,3.940999746322632,4.3122334480285645,949.1666666666666,939.8,958.5,9.35004456317367,942.7833333333333,904.6,961.8,20.575171121200075,925.1999999999999,827.5,967.3,41.93210198011289,83.13788888888888,937.3055555555555,30.608333333333334,69.08444444444444,2.543055555555555,0.0,3.2270352840423584,5.455683708190918,-9.400000000000091,-12.100000000000023,0.7600000000000016,-2.519999999999996,0.923919681625981,0.923919681625981,1016.3116497885792,923.0174520430319,0.9247163507330691,1.305640455682134,0.09430729942540968,1.0069163651840818,0.09430729942540968,2106.3952000000004,10.216047999999999,-1.7178021133422048,-2.054468276561372,5.873000383377077,2.855766773223877,6.58696484565735,1.7123165130615234,139.79999999999995,57.19999999999993,-0.012711419266729723,5.600000000000001,0.0,1852.7847759393335,359.6995344503202,939.8,607.8004655496798,129383.75508377708,0.389699602812657,-580.1004655496797,346.737516576087,369.24591398722373,380.1101463210808,386.91368361133425,369.9048403857005,363.4238314485839,359.6995344503202,-607.8004655496798,-607.8004655496798
2025-04-23 12:40:00,2025-04-23 13:40:00,2025-04-23 13:40:00,163.31,61.312387296791805,2025,4,23,12,40,1.2246467991473532e-16,-1.0,0.8660254037844387,-0.4999999999999998,1,1,554.4000000000001,553.1,12.512599999999999,112.88,441.5299999999999,71.61094112821229,10,10.0,29.56,24.3,30.2,72.29,1007.7677731617204,1.2,3.5,215.1,0.0,615.1,7.275546073913574,5.800765514373779,268.2193908691406,14.215670585632324,0,0,0,1,0,29.8,24.9,75.0,6.0,180.0,6.0,,,True,True,True,True,ok_all_sources,ok,ok,ok,ok,691.2899999999998,859.8399999999999,649.26,508.01999999999987,413.6700000000001,495.38,157.41199999999998,29.28,73.68,1008.7139310401636,4.128706932067871,6.038129806518555,672.4733333333334,554.4000000000001,771.73,109.88008205918545,795.235,554.4000000000001,976.8599999999999,155.831585341355,663.5838888888889,430.07,976.8599999999999,176.79334560071212,425.77166666666665,240.4941388888889,28.97944444444444,75.69277777777776,0.6252777777777777,0.0,5.498343494203356,6.118291801876492,-136.88999999999976,-94.8599999999999,0.2799999999999976,-1.3900000000000006,0.9489362702769224,0.9489362702769224,1043.8298973046146,964.9749638098372,0.5311210202271232,0.9013168590473095,0.9976551226551226,0.022569624819624816,0.9976551226551226,2136.8924,8.191075999999999,-0.6900063024519342,-0.9817796609100282,3.146839141845703,-0.2373642921447754,1.7772025797102184,-0.3175262875027123,546.79,422.4599999999998,-0.1461047962295535,5.899999999999999,0.0,1555.8777928400523,768.748725897788,554.4000000000001,-605.4387258977879,590974.6035694723,0.7966514725549724,214.34872589778786,759.6671028037381,792.4758618213345,820.3677957506684,837.5741523682951,794.5582608242282,790.0174492772032,768.748725897788,605.4387258977879,605.4387258977879
2025-09-14 10:50:00,2025-09-14 11:50:00,2025-09-14 11:50:00,205.49,81.81159780049897,2025,9,14,10,50,0.49999999999999994,-0.8660254037844387,-1.0,-1.8369701987210297e-16,1,1,878.05,305.88,573.15,165.6,712.3199999999999,70.4688494364104,10,10.0,28.52,24.2,29.2,79.24000000000001,1012.095,1.496,3.6,237.1,0.0,733.8,4.51553201675415,6.195702075958252,263.5850830078125,20.01486587524414,0,0,0,1,0,27.1,23.7,82.0,4.0,200.0,5.0,,,True,True,True,True,ok_all_sources,ok,ok,ok,ok,682.7,895.79,520.5,197.65000000000003,385.77,475.7,44.8835,27.47,85.7,1012.84,5.081666469573975,3.848000049591065,852.9833333333332,682.7,998.2,159.23666610844793,846.1283333333332,682.7,998.2,119.68495200595046,499.3172222222222,119.91,998.2,290.7013866051949,250.0411111111111,299.00147222222216,27.36722222222222,86.455,1.2912222222222223,0.0,5.318806844599107,4.167425912969253,195.3499999999999,357.54999999999995,1.0500000000000007,-6.459999999999994,0.9424598677051016,0.9424598677051016,1036.7058544756117,1088.7855897061672,0.8469615525072314,1.1965794494412647,0.3483628494960424,0.6527532600649166,0.3483628494960424,2259.9248000000002,5.920751999999998,-1.256071317343482,-0.8125889771262033,-0.5661344528198242,2.347702026367187,-0.8032748278449562,2.028276162988999,878.2900000000001,315.5,0.6869356388088376,5.0,0.0,1633.094645983132,810.5909468714481,878.05,-605.1009468714481,657057.6831499507,0.7444908846471819,-67.45905312855189,806.5521454545454,845.8024292205163,868.8293500617768,888.2421511252197,839.7101484666125,837.6907477581611,810.5909468714481,605.1009468714481,605.1009468714481
2025-08-23 10:20:00,2025-08-23 11:20:00,2025-08-23 11:20:00,210.1,70.16141069290921,2025,8,23,10,20,0.49999999999999994,-0.8660254037844387,-0.8660254037844384,-0.5000000000000004,1,1,660.66,344.92,333.056,128.14,532.3999999999999,58.65975704936869,10,10.0,29.63,25.6,29.8,70.06,1009.972181761867,1.365,2.7,286.9,0.0,596.8,2.759417533874512,3.07999038696289,282.0791931152344,9.251304626464844,0,0,0,1,0,29.7,25.6,78.0,3.0,260.0,7.0,,,True,True,True,True,ok_all_sources,ok,ok,ok,ok,589.3299999999999,562.69,366.39,451.08000000000004,174.13,347.48999999999995,21.637400000000003,29.53,71.22,1009.9367768576365,5.014122009277344,3.5486056804656982,564.1866666666666,442.57000000000005,660.66,111.19780768222596,558.745,442.57000000000005,660.66,90.77066525039905,434.5494444444444,138.6,660.66,153.73456224637636,325.9261111111111,133.0793277777778,29.10833333333333,73.14999999999999,0.9374444444444444,0.0,4.04246626180761,3.9465070051305435,71.33000000000004,294.27,0.09999999999999787,-1.1599999999999966,0.8540937237272083,0.8540937237272083,939.503096099929,1034.717653241717,0.7032015144415551,1.1070040214477213,0.5220839766294312,0.5041261768534496,0.5220839766294312,2075.8778,8.871222,-1.3060505422386344,0.3968084942616136,-2.2547044754028316,-0.46861529350280806,-1.2830487279330982,-0.8665166181676534,522.06,218.08999999999992,0.8031605666093506,4.199999999999999,0.0,868.8012031571706,813.7683927904118,660.66,-603.6683927904118,662218.99710469,0.7864642013605522,153.1083927904118,806.5521454545454,848.97987513948,859.9533379695462,875.3483196959244,836.860865379979,833.2527417120458,813.7683927904118,603.6683927904118,603.6683927904118
2025-11-11 11:30:00,2025-11-11 12:30:00,2025-11-11 12:30:00,311.54,73.48471353422613,2025,11,11,11,30,0.258819045102521,-0.9659258262890682,-0.5000000000000004,0.8660254037844384,1,1,667.37,591.6299999999999,72.0888,130.52999999999997,536.8399999999999,75.7187208904623,10,10.0,30.73,26.4,31.4,69.62,1009.1,2.352,6.5,288.7,0.0,655.4,2.0596189498901367,11.30473518371582,231.0546722412109,22.27714157104492,0,0,0,1,0,30.4,24.3,70.0,12.0,290.0,5.0,,,True,True,True,True,ok_all_sources,ok,ok,ok,ok,787.3399999999999,910.5200000000001,471.89,701.5600000000001,447.8,420.73999999999995,50.32359999999999,31.03,64.37,1009.775,1.9551019668579104,11.91630744934082,788.9966666666666,667.37,912.28,122.46340446571512,770.8516666666666,576.89,912.28,132.7483977178884,696.0533333333335,422.98,912.28,145.4971220657363,410.8161111111111,345.51860000000005,30.494444444444444,65.50555555555557,2.6501111111111104,0.0,2.0970438368180218,11.487855967353372,-119.96999999999991,195.48000000000002,-0.3000000000000007,5.25,0.9690963844277241,0.9690963844277241,1066.0060228704965,1054.618318257681,0.6260471195115145,1.018263655782728,0.8865097322324945,0.10801923970211427,0.8865097322324945,2139.4226000000003,9.335773999999999,-2.22783857325866,0.7540817538575104,0.10451698303222634,-0.611572265625,-0.03742488692788504,-0.1831207836375519,489.29999999999995,335.39,0.4142490834728433,5.0,0.0,2612.011882647144,913.6169775446117,667.37,-602.0769775446117,834695.9816577515,0.8663010699965694,246.2469775446117,906.7014333333333,938.8786427109877,940.1633696368061,949.0121670008709,926.8901735907089,923.4324014850697,913.6169775446117,602.0769775446117,602.0769775446117
2025-06-18 10:10:00,2025-06-18 11:10:00,2025-06-18 11:10:00,153.60999999999999,59.4015437259525,2025,6,18,10,10,0.49999999999999994,-0.8660254037844387,1.2246467991473532e-16,-1.0,1,1,574.01,499.85999999999996,81.185,110.7,463.3,50.561607507859904,10,10.0,28.42,26.3,28.5,76.45,1011.0535300397748,2.27,7.6,264.7,0.0,517.7,4.136869430541992,8.280896186828613,252.33824157714844,20.66731643676757,0,0,0,1,0,28.0,23.6,77.0,9.0,290.0,8.0,,,True,True,True,True,ok_all_sources,ok,ok,ok,ok,524.3,408.96000000000004,543.99,185.52,56.747,366.93999999999994,262.28000000000003,27.17,85.11,1011.4134976517776,4.505321502685547,7.325411796569824,517.3866666666667,453.85,574.01,60.377578895922376,513.5783333333334,408.96000000000004,632.31,81.27585752649222,345.3590000000001,91.26200000000001,632.31,182.77249805765442,278.7303333333333,99.17532222222223,27.41222222222222,77.78000000000002,2.310555555555556,0.0,7.107425507377176,8.3621748194975,49.710000000000036,30.019999999999982,1.25,-8.659999999999997,0.77230808275018,0.77230808275018,849.538891025198,946.8313160301672,0.6756724219032538,1.1087695576588756,0.8708210658350899,0.141434818208742,0.8708210658350899,2172.7090000000003,6.6929099999999995,-2.2602950648790014,-0.20968123350369625,-0.3684520721435547,0.9554843902587891,-2.9705560768351837,-0.08127863266888724,541.0479999999999,223.3499999999999,0.05518483795658005,2.1999999999999993,0.0,2089.586782467246,752.3098249211039,574.01,-598.6998249211039,565970.0726728219,0.7945552836965253,178.2998249211039,734.2438022922636,776.0369608446504,771.1796111345246,777.4695398723317,761.7447180278143,752.711706713394,752.3098249211039,598.6998249211039,598.6998249211039
2025-09-19 11:10:00,2025-09-19 12:10:00,2025-09-19 12:10:00,266.45,83.7855327588654,2025,9,19,11,10,0.258819045102521,-0.9659258262890682,-1.0,-1.8369701987210297e-16,1,1,708.87,427.08000000000004,269.766,136.72,572.11,76.24864963603589,10,10.0,29.62,25.5,30.2,84.73,1010.33,2.548,3.7,261.8,0.0,369.2,5.5559821128845215,4.245410919189453,276.4414367675781,21.56947326660156,0,0,0,1,0,29.8,26.6,83.0,7.0,270.0,5.0,,,True,True,True,True,ok_all_sources,ok,ok,ok,ok,575.4200000000001,986.6,442.82,259.57,232.16,415.03999999999996,22.392500000000002,28.72,88.2,1011.2,6.459129810333252,3.132208824157715,688.0633333333334,575.4200000000001,779.9,103.81572921929185,736.1866666666666,443.03999999999996,986.6,205.98662089239355,475.5122222222222,166.29000000000002,986.6,239.80045939110087,318.4983333333333,162.7885388888889,28.833333333333332,85.59,1.6733333333333331,0.0,5.630939357420978,3.552503964480232,133.44999999999993,266.05,0.9000000000000021,-3.469999999999999,0.9713364676917207,0.9713364676917207,1068.4701144608928,1093.536028569922,0.6634439189323207,1.9200162513542796,0.6024800033856702,0.38055778915739136,0.6024800033856702,2509.7026,4.522974,-2.521949836353046,-0.3634185230816441,-0.9031476974487305,1.1132020950317383,-0.07495724453645636,0.6929069547092213,820.31,543.5600000000001,0.6008084549026693,4.699999999999999,0.0,1173.607494169497,863.9679521584757,708.87,-597.5179521584757,746440.6223569101,0.7900681180924003,155.09795215847566,874.8643564356437,899.1794345075439,919.5780537762996,938.1147543155743,891.7730029673876,897.2212051059716,863.9679521584757,597.5179521584757,597.5179521584757
2025-08-15 13:10:00,2025-08-15 14:10:00,2025-08-15 14:10:00,958.5,55.39423086813207,2025,8,15,13,10,-0.2588190451025208,-0.9659258262890683,-0.8660254037844384,-0.5000000000000004,1,1,841.25,406.46000000000004,451.68999999999994,164.53,676.74,66.70240713910802,10,10.0,30.18,24.7,30.5,78.11,1008.5264260064818,2.603,4.6,241.4,0.0,963.0,9.782570838928224,9.346924781799316,244.37420654296875,50.12966537475586,0,0,0,1,0,30.4,25.5,75.0,6.0,270.0,7.0,,,True,True,True,True,ok_all_sources,ok,ok,ok,ok,927.8,905.5,933.4,665.72,328.9,127.19999999999997,844.0,30.14,74.21000000000001,1009.3280195896158,7.568503856658935,5.989374160766602,887.9833333333332,841.25,927.8,43.68759358597505,902.7916666666666,841.25,944.4,35.25243844993797,779.91,395.58000000000004,944.4,196.73885249831292,254.46611111111113,551.9015055555557,29.57388888888889,75.62777777777778,2.168055555555556,0.0,8.199298408296373,6.135652568605211,-86.54999999999995,-92.14999999999998,0.03999999999999915,3.8999999999999915,0.9184629983891387,0.9184629983891387,1010.3092982280525,905.3871067764912,0.8326657999440766,0.8735721703011423,0.4831619613670134,0.536927191679049,0.4831619613670134,2357.3598,6.606402,-2.2853896850390334,-1.2460349062194,2.2140669822692898,3.357550621032715,1.583272430631851,3.211272213194105,548.8199999999999,103.14999999999998,-0.09872509106492391,5.800000000000001,0.0,2284.1473271690193,363.717143495189,841.25,594.782856504811,132290.16047229993,0.40172556111402435,-477.532856504811,363.8866956521739,373.2635230320925,326.34296107452377,313.8849002676353,345.0300522848564,345.1148283633488,363.717143495189,-594.782856504811,-594.782856504811
2025-10-09 10:10:00,2025-10-09 11:10:00,2025-10-09 11:10:00,1041.9,79.00748833741775,2025,10,9,10,10,0.49999999999999994,-0.8660254037844387,-0.8660254037844386,0.5000000000000001,1,1,226.55,223.67,0.6328,43.989999999999995,182.59000000000003,64.17773435050074,10,10.0,28.73,26.4,29.1,79.9,1012.67,0.104,1.8,264.4,0.0,193.4,22.625123977661133,4.119595050811768,276.74444580078125,11.018917083740234,0,0,0,0,1,28.4,25.4,84.0,2.0,320.0,5.0,,,True,True,True,True,ok_all_sources,ok,ok,ok,ok,200.95999999999998,184.77999999999997,168.34,208.51999999999998,234.49,165.69,0.37020000000000003,28.38,79.92,1012.3,19.274049758911133,3.741454839706421,220.13666666666668,200.95999999999998,232.9,16.90825340871534,182.375,124.28999999999999,232.9,48.057456757510586,215.09555555555553,124.28999999999999,290.56,47.6251583566578,207.02333333333334,2.8845944444444442,28.40166666666667,79.06666666666666,0.35055555555555556,0.0,15.35503881819108,3.9065068188835594,25.590000000000032,58.21000000000001,0.3500000000000014,-0.01999999999999602,0.9001495687486896,0.9001495687486896,990.1645256235586,1079.817324369959,0.22880036007887636,1.1714064115822131,0.9872875744868681,0.0027932023835797837,0.9872875744868681,2295.527,5.774729999999998,-0.10350364959811044,-0.010148621574951578,3.35107421875,0.3781402111053467,7.270085159470053,0.21308823192820814,166.27,108.61000000000001,0.345788285612451,2.700000000000003,0.0,1140.075049260544,447.3136077398464,226.55,594.5863922601536,200089.4636692372,0.4142493342573852,220.7636077398464,459.5620679886685,456.85998727674996,410.72833028297134,398.5332377973463,429.02096901140885,435.1451991358199,447.3136077398464,-594.5863922601536,-594.5863922601536
2025-09-25 14:00:00,2025-09-25 15:00:00,2025-09-25 15:00:00,799.8,44.382150904304815,2025,9,25,14,0,-0.4999999999999997,-0.8660254037844388,-1.0,-1.8369701987210297e-16,1,1,137.94,134.29000000000002,0.393,23.661,114.28000000000002,59.31131225183459,10,10.0,29.33,24.7,30.4,80.59,1007.86,1.537,4.6,220.7,0.0,184.1,19.58802032470703,10.095260620117188,238.66883850097656,44.94793701171875,0,0,0,0,1,29.6,26.1,82.0,5.0,210.0,5.0,,,True,True,True,True,ok_all_sources,ok,ok,ok,ok,224.85999999999999,510.12999999999994,995.2,810.99,827.8799999999999,281.39000000000004,589.4399999999999,29.75,79.72,1008.35,8.641875267028809,7.260937690734863,208.12999999999997,137.94,261.59,63.500002362204654,456.91833333333335,137.94,1036.7,330.32795893878966,740.4000000000001,137.94,1036.7,281.4133267256963,462.4483333333333,230.39326666666668,29.61333333333333,79.95055555555555,2.5423333333333336,0.0,9.196909639570448,7.032394038306342,-86.91999999999999,-857.26,-0.4200000000000017,0.8700000000000045,0.8599530544094024,0.8599530544094024,945.9483598503426,769.384803127596,0.14582191359983257,0.7492667028788702,0.9735392199507034,0.002849064810787299,0.9735392199507034,2363.7047,5.692952999999999,-1.0022752466873122,-1.1652524747357917,10.946145057678223,2.834322929382324,10.391110685136583,3.0628665818108454,898.76,898.76,-0.861394694533762,5.699999999999999,0.0,2409.4241265680175,207.7968469215542,137.94,592.0031530784457,43179.52959053982,0.2700818187165218,69.8568469215542,209.60897810218978,197.969559986729,207.7968469215542,207.7968469215542,207.7968469215542,208.702912511872,207.7968469215542,-592.0031530784457,-592.0031530784457
2025-10-17 12:40:00,2025-10-17 13:40:00,2025-10-17 13:40:00,142.22999999999996,62.55548245113075,2025,10,17,12,40,1.2246467991473532e-16,-1.0,-0.8660254037844386,0.5000000000000001,1,1,1046.1,425.2,629.01,203.01999999999998,843.01,76.8983088419522,10,10.0,32.76,27.5,33.0,66.79,1005.505,3.407,5.7,177.9,0.0,382.6,3.188640594482422,10.539485931396484,236.49522399902344,58.430397033691406,0,0,0,1,0,32.5,26.1,69.0,9.0,210.0,6.0,,,True,True,True,True,ok_all_sources,ok,ok,ok,ok,915.85,846.29,698.76,888.2599999999999,739.5400000000001,458.16,235.77710000000002,31.16,71.71000000000001,1006.98,3.039130449295044,9.953816413879396,901.4666666666667,742.45,1046.1,152.33512672175547,854.6899999999999,742.45,1046.1,111.91008515768358,762.0361111111112,348.96,1046.1,182.06556346995987,417.0655555555556,355.3920666666667,31.345000000000002,73.495,2.431277777777778,0.0,2.2899785571628146,10.67930195066664,130.2499999999999,347.3399999999999,1.5999999999999979,-4.920000000000002,0.9739692769522135,0.9739692769522135,1071.3662046474349,976.2033073871963,0.976416836243449,2.734187140616832,0.40646209731383237,0.6012905075996559,0.40646209731383237,2188.0404,10.879595999999998,0.12484511556323745,-3.4047118376038816,0.14951014518737793,0.5856695175170881,0.8986620373196073,-0.13981601927015497,697.1399999999999,303.64999999999986,0.49708054267559665,5.5,0.0,2492.5380861801677,731.1718994196274,1046.1,-588.9418994196274,534612.3465009057,0.7489955154696265,-314.92810058037253,720.7239896373056,754.8990353431739,695.3433736471959,683.400531723052,713.2576365334116,708.0336816422507,731.1718994196274,588.9418994196274,588.9418994196274
2025-09-27 09:50:00,2025-09-27 10:50:00,2025-09-27 10:50:00,133.44,73.02741539116383,2025,9,27,9,50,0.7071067811865476,-0.7071067811865475,-1.0,-1.8369701987210297e-16,1,1,326.49,321.2900000000001,1.8689,61.888999999999996,264.58000000000004,58.13188970517483,10,10.0,30.06,26.4,31.4,81.34,1010.13,1.769,3.3,259.7,0.0,424.7,3.738431692123413,3.109882354736328,282.99725341796875,13.341333389282228,0,0,0,1,0,30.7,25.9,76.0,4.0,110.0,5.0,,,True,True,True,True,ok_all_sources,ok,ok,ok,ok,416.91999999999996,616.55,532.3299999999999,325.77,106.35,518.39,3.8033,30.73,73.91000000000001,1009.83,3.6470000743865967,5.578200340270996,335.09,261.86,416.91999999999996,77.88691096711948,438.9133333333334,261.86,616.55,132.42854536189193,372.1544444444444,131.58,616.55,138.65952113942402,367.05944444444447,3.3016944444444443,29.380000000000003,77.78833333333333,0.8628888888888888,0.0,1.735574350637548,6.006087345235488,-90.42999999999995,-205.83999999999992,-0.6700000000000017,7.429999999999993,0.8492656745107858,0.8492656745107858,934.1922419618644,1052.0889973904752,0.34948909371624604,0.7687544148810925,0.9840730190817485,0.00572421819963858,0.9840730190817485,2445.0804,5.609195999999998,-1.740492632104435,-0.3163011185408234,0.0914316177368164,-2.468317985534668,2.002857341485865,-2.89620499049916,484.9699999999999,354.68999999999994,-0.3866774369282211,5.0,0.0,880.088164843386,720.6155886894896,326.49,-587.1755886894896,519286.8266622997,0.6849378621740669,394.12558868948963,720.7239896373056,744.3427246130361,826.4605694265784,861.7422296722747,773.5380790580341,773.592279531942,720.6155886894896,587.1755886894896,587.1755886894896
2025-02-24 13:40:00,2025-02-24 14:40:00,2025-02-24 14:40:00,925.7,54.750903412272976,2025,2,24,13,40,-0.2588190451025208,-0.9659258262890683,0.8660254037844386,0.5000000000000001,1,1,1111.3,380.06,689.3799999999999,230.49,880.5,69.2757622145904,10,10.0,29.69,25.2,30.0,80.2,1007.610727845467,0.086,2.6,247.4,1.4,993.0,9.425368309020996,12.357166290283203,222.33840942382807,32.68769836425781,0,0,0,1,0,28.9,25.3,81.0,7.0,290.0,7.0,,,True,True,True,True,ok_all_sources,ok,ok,ok,ok,977.4,622.6399999999999,462.93,399.96999999999997,391.62999999999994,438.26000000000005,24.892000000000003,28.92,81.97,1009.2373861432279,4.536026954650879,10.73594570159912,977.6533333333333,844.26,1111.3,133.52018024753164,777.63,552.8900000000001,1111.3,236.11986871078847,541.1005555555555,398.17,1111.3,215.28104833045907,413.6577777777778,124.84847222222223,29.0038888888889,80.55944444444444,0.042277777777777775,25.199999999999992,5.325337356991238,11.484801133473715,133.89999999999998,648.3699999999999,0.7699999999999996,-1.769999999999996,0.9352944169679404,0.9352944169679404,1028.8238586647344,898.3157207284931,1.0801654633498758,1.1191339375629406,0.3419958607036804,0.620336542787726,0.3419958607036804,2381.1380000000004,5.87862,-0.07939607867171636,-0.03304939774874309,4.889341354370117,1.6212205886840838,4.100030952029758,0.8723651568094883,713.1299999999999,558.4099999999999,1.4005789212191906,4.800000000000001,0.0,2747.4726979673133,341.0645720364219,1111.3,584.6354279635782,116325.04229838763,0.37967116033529286,-770.2354279635781,336.70227325581396,350.61095157332545,343.0154607699998,343.66575701452575,342.04001640321087,339.8588670129069,341.0645720364219,-584.6354279635782,-584.6354279635782
2025-10-24 09:40:00,2025-10-24 10:40:00,2025-10-24 10:40:00,205.83,70.99506212743576,2025,10,24,9,40,0.7071067811865476,-0.7071067811865475,-0.8660254037844386,0.5000000000000001,1,1,792.16,471.24000000000007,394.98699999999997,140.90000000000003,651.1,56.853419277244384,10,10.0,30.06,24.6,30.3,69.54,1011.13,0.902,1.7,232.0,0.0,638.1,,,,,,0,0,0,0,28.6,24.5,79.0,2.0,170.0,5.0,,,True,True,False,True,warn_missing_source,ok,ok,,ok,753.5600000000001,946.8,489.75,221.72999999999996,56.241,384.40999999999997,145.68599999999998,28.03,76.53,1011.2,4.304999828338623,7.794325351715088,791.7800000000001,753.5600000000001,829.6200000000001,38.031423849232944,714.6350000000001,414.76000000000005,946.8,195.64166731552865,399.8132222222223,73.749,946.8,272.19565623399205,285.7257222222222,149.1579277777778,27.180000000000003,83.01888888888887,0.4091111111111111,60.4,7.157807995291317,7.534721963545856,38.59999999999991,302.40999999999997,2.0299999999999976,-6.989999999999995,0.8372744660410961,0.8372744660410961,921.0019126452057,1040.0395653225492,0.860106791445026,1.241435511675286,0.5948798222581297,0.4986202282367198,0.5948798222581297,2090.3724,9.156275999999998,-0.7107856997532633,-0.5553266507437435,,,,,873.0509999999999,532.04,0.6174783052577845,5.699999999999999,,,790.086965226017,792.16,-584.256965226017,624237.4126200575,0.7596701044550993,-2.073034773982954,781.6293779069765,813.8141011495636,746.8659167490885,732.4589005901123,768.4764409875527,764.2476473280325,790.086965226017,584.256965226017,584.256965226017
2025-11-23 09:00:00,2025-11-23 10:00:00,2025-11-23 10:00:00,883.95,58.02541858136667,2025,11,23,9,0,0.7071067811865476,-0.7071067811865475,-0.5000000000000004,0.8660254037844384,1,1,422.51000000000005,401.71,24.1475,77.71000000000001,344.78000000000003,44.875861654376706,10,10.0,27.18,24.1,27.4,88.2,1010.295,2.23,4.6,303.5,0.0,400.8,20.72649955749512,6.479691505432129,264.6456604003906,45.12054443359375,0,0,0,0,1,27.0,24.4,86.0,7.0,320.0,5.0,,,True,True,True,True,ok_all_sources,ok,ok,ok,ok,413.75,426.93999999999994,289.97,96.35999999999999,7.423699999999999,250.07999999999998,46.525999999999996,25.31,100.0,1009.94,5.012644290924072,9.107645988464355,405.2966666666667,379.63,422.51000000000005,22.655412892581197,398.16833333333335,326.79999999999995,426.93999999999994,38.85912372489461,214.74672222222225,15.581,426.93999999999994,154.05484140732463,198.59522222222225,20.951694444444442,25.06388888888889,96.91111111111113,1.0959444444444444,386.4,12.895017683506012,9.42629474401474,8.760000000000048,132.54000000000002,1.870000000000001,-11.799999999999997,0.7055730890002405,0.7055730890002405,776.1303979002646,933.1114154815573,0.5443801726398739,1.0541666666666667,0.9507703959669592,0.05715249343210811,0.9507703959669592,2397.276,3.207239999999999,-1.8595653832097851,1.2308194772458894,15.713855266571048,-2.6279544830322266,7.831481873989109,-2.946603238582611,411.3589999999999,100.13999999999999,0.45708176707935305,3.299999999999997,0.0,1714.822237645887,300.43611971475747,422.51000000000005,583.5138802852425,90261.86202926008,0.3219723976474013,-122.07388028524258,294.29408599999994,309.982499251661,313.03866091300324,317.2395079790852,306.7373903138804,303.66637345650156,300.43611971475747,-583.5138802852425,-583.5138802852425
2025-12-07 13:20:00,2025-12-07 14:20:00,2025-12-07 14:20:00,956.4,50.881093064177,2025,12,7,13,20,-0.2588190451025208,-0.9659258262890683,-2.4492935982947064e-16,1.0,1,1,1124.0,308.4599999999999,937.7,231.31,892.5,62.72933596037829,10,10.0,28.58,25.8,28.9,85.02000000000001,1009.06,2.548,7.9,238.9,0.0,433.2,13.989726066589355,9.99115753173828,238.7727508544922,49.09202194213867,0,0,0,0,1,27.7,25.0,85.0,7.0,240.0,5.0,,,True,True,True,True,ok_all_sources,ok,ok,ok,ok,1147.7,431.39,626.92,935.15,994.8100000000001,563.0,58.324,28.38,85.87,1009.95,13.43479347229004,7.160628318786621,980.2966666666666,669.1899999999999,1147.7,269.68674612100125,690.5833333333334,337.63,1147.7,361.9574951657538,749.0755555555556,337.63,1147.7,247.36908809265324,477.6622222222221,297.3095666666666,27.96333333333333,86.47777777777779,3.045277777777778,0.0,13.87939182917277,7.035104221767849,-23.700000000000045,497.08000000000004,0.1999999999999993,-0.8499999999999943,0.888851948912328,0.888851948912328,977.7371438035608,853.4220741108398,1.1495932287357442,2.594644506001847,0.27443060498220634,0.834252669039146,0.27443060498220634,2429.8716,4.281283999999997,-2.181768531561636,-1.316126921952204,0.5549325942993146,2.8305292129516584,0.11033423741658588,2.9560533099704305,810.07,810.07,0.7928922350539145,3.099999999999998,0.0,2385.6161680737273,373.3446194931987,1124.0,583.0553805068013,139386.20490452132,0.43746773234355063,-750.6553805068013,383.961880952381,382.8909990301022,316.648929170116,297.75036572908846,344.9967743316573,350.3054050612485,373.3446194931987,-583.0553805068013,-583.0553805068013
2025-09-12 11:10:00,2025-09-12 12:10:00,2025-09-12 12:10:00,334.73999999999995,81.42610951524264,2025,9,12,11,10,0.258819045102521,-0.9659258262890682,-1.0,-1.8369701987210297e-16,1,1,701.72,626.87,63.86900000000001,132.92000000000002,568.8000000000001,74.3903640762561,10,10.0,29.63,24.9,30.9,65.79,1011.33,2.399,6.6,282.4,0.0,682.6,4.019576072692871,7.972822189331055,254.73501586914065,22.9083309173584,0,0,0,1,0,29.7,23.5,70.0,6.0,290.0,7.0,,,True,True,True,True,ok_all_sources,ok,ok,ok,ok,788.64,579.57,588.58,514.79,262.26000000000005,401.46000000000004,196.852,30.02,59.589999999999996,1011.365,1.9834284782409668,8.860896110534668,751.7133333333335,701.72,788.64,44.909074064528795,743.8483333333334,579.57,1016.4,156.7675117384551,576.2455555555555,250.29999999999995,1016.4,214.6360229680832,436.40333333333336,150.5034777777778,28.675555555555555,66.88166666666667,2.328444444444445,0.0,2.8785812153535733,8.729731812196619,-86.91999999999996,113.13999999999999,-0.39000000000000057,6.20000000000001,0.9631173266189926,0.9631173266189926,1059.4290592808918,1087.7068633097174,0.6623567607974679,1.028010547905069,0.8933335233426437,0.0910177848714587,0.8933335233426437,1949.3577,10.136422999999997,-2.343036795723669,0.5151500498737839,2.0361475944519043,-0.8880739212036133,1.1409948573392978,-0.7569096228655638,766.1,436.8299999999999,0.1922253559414183,6.0,0.0,2030.956986921083,916.067949558151,701.72,-581.327949558151,839180.488207675,0.8422011301562475,214.34794955815096,912.2263492063493,941.329614724527,950.3472468134718,961.773679231912,933.2075981858113,931.2867980099105,916.067949558151,581.327949558151,581.327949558151
2025-05-03 11:00:00,2025-05-03 12:00:00,2025-05-03 12:00:00,240.82,70.67434398345412,2025,5,3,11,0,0.258819045102521,-0.9659258262890682,0.49999999999999994,-0.8660254037844387,1,1,895.99,142.91000000000003,773.99,179.39000000000001,716.5500000000001,65.19321937412174,10,10.0,31.55,24.9,31.7,67.18,1008.5,0.516,3.1,115.5,2.0,887.0,0.7645832896232605,9.98047924041748,239.61895751953125,,0,0,1,0,0,31.5,25.8,72.0,6.0,130.0,6.0,,,True,True,True,True,ok_all_sources,ok,ok,ok,ok,842.89,796.08,784.1600000000001,471.65,209.13000000000002,122.3,771.3,30.62,71.55000000000001,1009.0,0.9445453882217408,10.901545524597168,857.7966666666666,834.5099999999999,895.99,33.34072784648435,827.2233333333334,793.08,895.99,39.65296945585114,620.1461111111112,242.8,895.99,218.7091063527854,152.98944444444444,562.7216666666668,29.873333333333328,74.75055555555555,0.5536666666666666,12.0,1.1478173031526453,11.312270837671617,53.10000000000002,111.82999999999993,0.9299999999999997,-4.3700000000000045,0.9077278324353322,0.9077278324353322,998.5006156788654,1038.0181444433933,0.8973354507055862,1.0101352874859075,0.15949954798602667,0.8638377660464961,0.15949954798602667,2119.5290000000005,10.354709999999997,0.46573400672452814,-0.22214372595308018,-0.17996209859848034,-0.9210662841796875,-0.3832340135293848,-1.3317915972541368,653.19,102.90999999999997,0.1426112017955518,6.800000000000001,0.0,2391.5120311341598,821.8073446585722,895.99,-580.9873446585723,675367.3117347733,0.7917080727902326,-74.18265534142779,823.8028634361236,857.0188270076404,798.2845645202746,790.4436378075086,810.0459545894234,811.0437139781991,821.8073446585722,580.9873446585723,580.9873446585723
2025-09-20 13:10:00,2025-09-20 14:10:00,2025-09-20 14:10:00,73.86800000000001,57.022111969751066,2025,9,20,13,10,-0.2588190451025208,-0.9659258262890683,-1.0,-1.8369701987210297e-16,1,1,638.74,426.23,200.902,119.63999999999999,519.05,71.6650168291147,10,10.0,29.76,25.2,30.6,79.66000000000001,1007.675,2.445,4.5,258.4,0.2,856.0,4.8162994384765625,6.645570755004883,262.45928955078125,46.12983322143555,0,0,0,1,0,29.4,25.5,80.0,6.0,280.0,5.0,,,True,True,True,True,ok_all_sources,ok,ok,ok,ok,907.9,863.0,676.3799999999999,627.97,512.1900000000002,466.07,178.551,28.61,84.07000000000001,1008.965,4.329258441925049,5.534332752227783,837.4,638.74,965.5600000000001,174.4434452766856,895.4266666666666,638.74,1041.15,139.2434598344449,782.0883333333333,408.09000000000003,1099.6299999999999,193.17698042895037,444.1361111111112,313.92280555555556,29.208333333333332,81.86666666666667,2.192888888888889,3.2000000000000006,5.648016161388821,6.024902158313328,-269.15999999999997,-37.63999999999987,1.1500000000000021,-4.409999999999997,0.9492335858326078,0.9492335858326078,1044.1569444158686,922.7687658389258,0.6117279623680801,0.7461915887850468,0.6672981181701475,0.3145286031875254,0.6672981181701475,2370.6816000000003,6.053183999999996,-2.3950614852703955,-0.49163551720188575,0.48704099655151367,1.1112380027770996,-0.8317167229122582,0.620668596691555,691.5399999999998,402.4100000000001,-0.05564919128300642,5.400000000000002,0.0,1744.1917790180305,654.149956568732,638.74,-580.281956568732,427912.165678874,0.7088991097070979,15.409956568732014,650.7452674418605,677.8770924922785,699.1694764246585,714.1759830433006,676.6597164966952,674.9573719332595,654.149956568732,580.281956568732,580.281956568732
2025-04-13 08:40:00,2025-04-13 09:40:00,2025-04-13 09:40:00,863.1,51.24308530181393,2025,4,13,8,40,0.8660254037844387,-0.4999999999999998,0.8660254037844387,-0.4999999999999998,1,1,343.2,305.89,50.713,71.028,272.16999999999996,36.87908598465238,10,10.0,27.08,24.6,27.3,91.5,1010.5596605223974,0.037,0.5,277.8,0.0,330.4,19.910907745361328,10.203678131103516,239.1899261474609,21.399642944335938,0,0,0,0,1,25.7,24.5,93.0,2.0,30.0,5.0,,,True,True,True,True,ok_all_sources,ok,ok,ok,ok,287.77,216.4,189.23999999999998,38.00099999999999,0.0,166.94,46.30499999999999,25.57,98.4,1009.8884570516486,5.031448841094971,10.89962387084961,279.95,208.87999999999997,343.2,67.50059184925715,244.98666666666668,198.01000000000002,343.2,57.73044592471693,121.846,0.0,343.2,107.27747457438966,113.18693333333333,13.978166666666667,25.304444444444446,97.4777777777778,0.0020555555555555553,403.19999999999993,8.265922904014587,11.316313902537027,55.43000000000001,153.96,1.509999999999998,-6.900000000000006,0.6001282856961959,0.6001282856961959,660.1411142658155,857.7898321396796,0.5198888428297551,1.0387409200968523,0.8912878787878787,0.14776515151515152,0.8912878787878787,2477.8199999999997,2.3017999999999996,-0.03665767009744341,0.00502147618006927,14.879458904266357,-0.6959457397460938,11.64498484134674,-1.1126357714335118,343.2,145.18999999999997,0.8135700697526951,2.6999999999999993,0.0,2440.6170186111117,283.0186396190653,343.2,580.0813603809347,80099.55037182636,0.32993937327643624,-60.18136038093468,294.29408599999994,273.1913526842401,262.4811071031266,255.63526293114703,272.749873361096,278.38759655156326,283.0186396190653,-580.0813603809347,-580.0813603809347
2025-04-30 10:30:00,2025-04-30 11:30:00,2025-04-30 11:30:00,256.51,69.83252162257531,2025,4,30,10,30,0.49999999999999994,-0.8660254037844387,0.8660254037844387,-0.4999999999999998,1,1,565.1200000000001,422.39,150.1001,115.80999999999999,449.32,60.45057508901325,10,10.0,30.18,26.0,31.2,77.44000000000001,1008.8929186447461,0.462,2.3,250.4,0.0,374.6,2.4102582931518555,10.973603248596191,232.8624725341797,27.70338630676269,0,0,0,1,0,30.6,25.8,76.0,2.0,230.0,8.0,,,True,True,True,True,ok_all_sources,ok,ok,ok,ok,328.37,578.1000000000001,452.26000000000005,421.84,119.52000000000001,323.54,164.44600000000003,30.44,72.84,1008.9050598901817,1.8690361976623533,12.426025390625,434.60666666666674,328.37,565.1200000000001,120.22752610502036,515.7516666666667,328.37,622.09,117.8518716723102,409.0088888888889,144.33,622.09,135.553151454627,276.77833333333336,196.3304277777778,29.546666666666667,77.64666666666666,0.17777777777777778,0.0,2.001897566458758,11.81767323437859,236.7500000000001,112.86000000000007,-0.26000000000000156,4.6000000000000085,0.869930594095673,0.869930594095673,956.9236535052403,1032.5577526745792,0.5905591296964481,1.5085958355579288,0.747434173272933,0.26560748159682895,0.747434173272933,2337.1392000000005,6.808607999999996,-0.4352305431877311,-0.15497862522461792,0.5412220954895022,-1.4524221420288086,0.4083607266930973,-0.844069985782399,477.76,293.72,0.24954672091274943,5.199999999999999,0.0,2555.3403850772156,835.041986804326,565.1200000000001,-578.531986804326,697295.1197261162,0.8087121370609648,269.9219868043259,833.5869139465873,870.2534691533942,875.6246532558886,889.1522087397427,855.3333200301073,854.6057836012379,835.041986804326,578.531986804326,578.531986804326
2025-07-20 10:10:00,2025-07-20 11:10:00,2025-07-20 11:10:00,80.343,60.92870816051796,2025,7,20,10,10,0.49999999999999994,-0.8660254037844387,-0.4999999999999997,-0.8660254037844388,1,1,620.28,185.84999999999997,544.911,122.532,497.75,51.11125501097635,10,10.0,29.45,24.2,30.0,71.61,1010.2059417601623,0.429,3.0,105.7,0.0,309.0,6.457600116729736,2.596020221710205,285.5335998535156,16.374229431152344,0,0,0,1,0,29.9,25.5,77.0,2.0,50.0,6.0,,,True,True,True,True,ok_all_sources,ok,ok,ok,ok,335.65,667.0600000000001,623.01,276.5400000000001,40.135000000000005,179.78000000000003,697.09,28.18,79.99000000000001,1010.5040928897732,6.07929801940918,3.555306911468506,552.7566666666665,335.65,702.3399999999999,192.44463991842778,583.1216666666668,335.65,702.3399999999999,131.20369757238808,373.2295555555555,60.13499999999999,702.3399999999999,216.12048900969765,158.4645,341.35329444444443,27.059444444444445,86.19444444444443,0.7323333333333334,0.0,7.127689585966222,4.082066339604995,284.63,-2.730000000000018,1.2699999999999996,-8.38000000000001,0.7783664886884566,0.7783664886884566,856.2031375573023,961.4173718835237,0.7244542478197671,2.007378640776699,0.2996227510156703,0.8784919713677694,0.2996227510156703,2108.9145,8.360855,0.4129947592169594,-0.1160875913236455,0.37830209732055664,-0.9592866897583008,-0.670089469236486,-1.48604611789479,642.2049999999999,366.68999999999994,-0.0043819521355997785,5.800000000000001,0.0,741.2509991974366,657.7720755683957,620.28,-577.4290755683958,432664.1033975553,0.6841691182256744,37.49207556839576,650.7452674418605,681.4992114919423,661.6065975010541,662.8847714786069,659.6893365347249,656.1759324714574,657.7720755683957,577.4290755683958,577.4290755683958
2025-09-12 11:00:00,2025-09-12 12:00:00,2025-09-12 12:00:00,325.95,81.58948887646537,2025,9,12,11,0,0.258819045102521,-0.9659258262890682,-1.0,-1.8369701987210297e-16,1,1,788.64,612.6,164.44,149.32999999999998,639.3000000000001,72.23105770192373,10,10.0,30.03,24.9,30.9,64.14,1011.395,1.963,6.6,291.6,0.0,722.2,3.970252275466919,7.991999626159668,254.53060913085932,20.66355323791504,0,0,0,1,0,29.7,23.5,70.0,6.0,290.0,7.0,,,True,True,True,True,ok_all_sources,ok,ok,ok,ok,764.78,611.98,842.61,412.43,317.45000000000005,350.21,551.2699999999999,29.98,60.36,1011.46,1.8879244327545168,9.131423950195312,710.9966666666666,579.57,788.64,114.44234982441303,724.9916666666668,579.57,1016.4,169.16280872776574,551.8311111111111,250.29999999999995,1016.4,224.30028469964068,415.83722222222224,147.55987222222222,28.487777777777776,67.53833333333334,2.348055555555556,0.0,2.7843657521640552,8.863470105563893,23.860000000000014,-53.97000000000003,0.05000000000000071,3.780000000000001,0.9522949577920351,0.9522949577920351,1047.5244535712386,1088.170068526112,0.7528607063170265,1.0919966768208251,0.7767802799756544,0.2085108541286265,0.7767802799756544,1926.1242000000002,10.768758,-1.8251512417986373,0.7226284969200234,2.0823278427124023,-1.1394243240356445,1.1858865233028637,-0.8714704794042252,766.1,436.8299999999999,-0.06405098444120058,6.0,0.0,2034.2085330200202,902.242025135787,788.64,-576.2920251357871,814040.6719211261,0.829136962348029,113.60202513578702,906.7014333333333,927.503690302163,925.0613520154461,932.6677943086657,913.6516885756166,915.8813926743896,902.242025135787,576.2920251357871,576.2920251357871
2025-06-18 10:00:00,2025-06-18 11:00:00,2025-06-18 11:00:00,167.79000000000002,58.22264281780191,2025,6,18,10,0,0.49999999999999994,-0.8660254037844387,1.2246467991473532e-16,-1.0,1,1,524.3,457.25,75.354,101.74999999999999,422.56000000000006,48.768514280261215,10,10.0,28.13,26.3,28.3,77.61,1011.9,2.41,7.6,268.0,0.0,450.9,3.785663366317749,8.294159889221191,252.2677001953125,20.545625686645508,0,0,0,1,0,28.0,23.6,77.0,9.0,290.0,8.0,,,True,True,True,True,ok_all_sources,ok,ok,ok,ok,453.85,488.03999999999996,456.9999999999999,206.51999999999998,35.62500000000001,270.08000000000004,287.1116,27.36,85.84,1012.2,4.36212968826294,6.98869514465332,462.37000000000006,408.96000000000004,524.3,58.14010405907436,508.575,408.96000000000004,632.31,77.65501677290398,316.6221666666667,56.747,632.31,185.35331427375314,254.11433333333332,94.68687777777777,27.294444444444444,77.80166666666668,2.2450555555555556,0.0,7.242626681047327,8.417449277990004,70.44999999999993,67.30000000000007,0.7699999999999996,-8.230000000000004,0.7520528260314289,0.7520528260314289,827.2581086345717,935.1109627016895,0.6337804302279753,1.162785540031049,0.8721152012206752,0.14372305931718482,0.8721152012206752,2183.1693,6.298306999999999,-2.408531893116021,-0.08410778705302684,-0.5764663219451913,1.305464744567871,-3.4569633147295784,-0.12328938876881246,575.563,223.3499999999999,0.1472647702407004,2.0,0.0,2092.348640306038,744.0086481920615,524.3,-576.2186481920614,553548.8685845787,0.7956367510038574,219.70864819206156,726.7605878136202,767.7357841156081,781.4563363518151,793.938899071733,762.7324922719383,754.1084620827177,744.0086481920615,576.2186481920614,576.2186481920614
2025-10-11 12:50:00,2025-10-11 13:50:00,2025-10-11 13:50:00,127.8,60.683542542172475,2025,10,11,12,50,1.2246467991473532e-16,-1.0,-0.8660254037844386,0.5000000000000001,1,1,994.3,173.64,847.5,192.7,801.29,75.47382362816515,10,10.0,30.05,25.3,30.6,78.06,1008.215,3.042,4.7,258.5,0.0,497.7,7.180169105529785,3.71898365020752,279.8539123535156,20.988262176513672,0,0,0,1,0,30.0,26.0,79.0,7.0,250.0,6.0,,,True,True,True,True,ok_all_sources,ok,ok,ok,ok,953.8,1005.5,1043.2,1024.8,840.2,235.71000000000004,825.3700000000001,30.27,76.74000000000001,1009.34,4.425806522369385,4.888515949249268,979.7666666666668,953.8,994.3,22.541147560258203,994.6166666666668,953.8,1014.1,21.803615908070597,921.6344444444445,390.19,1043.2,169.15786459859189,193.485,761.9789555555554,29.88888888888889,79.29500000000002,2.5194444444444444,0.0,4.005028824011485,3.7677758667204113,40.5,-48.90000000000009,-0.21999999999999886,1.3199999999999932,0.9680331497651635,0.9680331497651635,1064.83646474168,959.1215345767824,0.9337584060301771,1.9977898332328712,0.17463542190485767,0.8523584431258172,0.17463542190485767,2345.703,6.592969999999999,-2.9809309514565636,-0.6064772564971141,2.7543625831604004,-1.1695322990417476,3.1751402815183,-0.04879221651289134,653.01,60.30000000000007,-0.04687500000000008,5.300000000000001,0.0,1040.772124489333,703.2572862964462,994.3,-575.4572862964462,494570.8107290417,0.733230629220271,-291.0427137035538,704.531570881226,726.9844222199927,751.2853396257383,767.2946907355023,727.2713129610922,727.9084552534821,703.2572862964462,575.4572862964462,575.4572862964462
2025-03-01 11:30:00,2025-03-01 12:30:00,2025-03-01 12:30:00,295.47,85.1342653817945,2025,3,1,11,30,0.258819045102521,-0.9659258262890682,1.0,6.123233995736766e-17,1,1,880.26,324.28999999999996,535.24,183.71,696.7299999999999,77.13158911012394,10,10.0,32.53,25.0,33.1,64.46000000000001,1008.6107947047575,0.033,0.7,176.6,0.0,409.1,1.870000123977661,11.632567405700684,227.9443359375,34.970001220703125,0,0,1,0,0,32.5,25.3,66.0,4.0,200.0,7.0,,,True,True,True,True,ok_all_sources,ok,ok,ok,ok,796.5200000000001,850.46,835.78,641.5699999999999,326.55000000000007,204.23000000000002,643.4,31.75,65.85000000000001,1009.8858237194512,1.1519999504089355,11.91599941253662,862.1600000000002,796.5200000000001,909.7,58.72082765084292,847.5966666666668,796.5200000000001,909.7,41.79371372188243,699.5488888888889,399.91999999999996,909.7,162.89431802782943,208.51444444444442,542.5732777777778,31.213333333333328,67.31555555555556,0.003333333333333333,0.0,1.3082992399440092,11.836325925939223,83.7399999999999,44.48000000000002,0.7800000000000011,-1.3900000000000006,0.9748841314111909,0.9748841314111909,1072.37254455231,1096.035821175622,0.8208527945551679,2.1516988511366413,0.36840251743802965,0.6080476222934134,0.36840251743802965,2096.8838000000005,11.561161999999998,0.001957110328006733,-0.03294191432148426,0.7180001735687254,-0.2834320068359357,0.5617008840336517,-0.20375852023853902,509.7800000000001,113.17999999999995,0.05321974682332674,8.100000000000001,0.0,2651.5778525406495,870.8496136430031,880.26,-575.379613643003,758379.0495821678,0.7945448468179797,-9.410386356996923,874.8643564356437,906.0610959920713,860.6417450558939,857.2391221935243,865.7456793494484,867.7530507457689,870.8496136430031,575.379613643003,575.379613643003
2025-08-17 11:10:00,2025-08-17 12:10:00,2025-08-17 12:10:00,192.95000000000002,72.44850275951178,2025,8,17,11,10,0.258819045102521,-0.9659258262890682,-0.8660254037844384,-0.5000000000000004,1,1,545.9599999999999,325.27000000000004,237.897,102.38699999999999,443.5499999999999,66.8640606321237,10,10.0,32.21,24.9,32.5,63.9,1009.3273312506931,1.334,3.9,136.1,0.0,845.0,2.951463222503662,5.91253662109375,265.7847900390625,14.382857322692873,0,0,0,1,0,32.2,25.7,69.0,4.0,70.0,7.0,,,True,True,True,True,ok_all_sources,ok,ok,ok,ok,810.28,826.5,741.79,439.26000000000005,370.7,174.72999999999996,632.1800000000001,31.19,63.41,1010.299819587334,1.914337396621704,7.704566478729248,728.0666666666666,545.9599999999999,827.96,157.95655774083374,742.0816666666666,545.9599999999999,827.96,108.52015304387787,625.7500000000001,406.95000000000005,827.96,143.7180203200207,190.88333333333333,494.2470555555557,30.710000000000004,67.055,1.0315,0.0,1.53904692215078,7.442167871138629,-264.32000000000005,-195.83000000000004,1.0199999999999996,0.490000000000002,0.9195752188858065,0.9195752188858065,1011.5327407743872,1048.7909214980675,0.539735371869462,0.6461065088757395,0.5957762473441279,0.4357407136053924,0.5957762473441279,2058.219,11.627810000000002,0.9249980389199346,-0.9612151829815607,1.037125825881958,-1.792029857635498,1.412416300352882,-1.5296312500448792,421.01,282.0000000000001,-0.2639965488884995,7.600000000000001,0.0,1571.4623044356704,766.1847928005683,545.9599999999999,-573.2347928005682,587039.1367188498,0.7305410230917794,220.22479280056837,752.1957534246575,789.9119287241149,818.8151394612069,836.3585883480864,792.4999661308875,785.5054464429322,766.1847928005683,573.2347928005682,573.2347928005682
2025-04-23 12:50:00,2025-04-23 13:50:00,2025-04-23 13:50:00,147.45,59.22644505437158,2025,4,23,12,50,1.2246467991473532e-16,-1.0,0.8660254037844387,-0.4999999999999998,1,1,585.19,543.7199999999999,49.40089999999999,118.57000000000001,466.57,70.30033268933816,10,10.0,29.45,24.3,30.2,72.82000000000001,1007.4970289387098,1.499,3.5,213.1,0.0,499.7,7.510578632354736,6.1767191886901855,266.1372985839844,14.53514575958252,0,0,0,1,0,29.8,24.9,75.0,6.0,180.0,6.0,,,True,True,True,True,ok_all_sources,ok,ok,ok,ok,554.4000000000001,771.73,976.8599999999999,580.3199999999999,528.76,361.5,611.4399999999999,29.09,74.4,1008.7459901497473,4.392173767089844,6.207922458648682,610.2933333333334,554.4000000000001,691.2899999999998,71.81469928457071,729.9566666666666,554.4000000000001,917.2900000000002,146.27447592340457,666.7188888888888,430.07,976.8599999999999,174.75045949241579,428.6433333333334,241.3706333333333,29.052777777777774,75.29444444444442,0.6788888888888889,0.0,5.405778461032444,6.082125716739231,30.789999999999964,-391.66999999999985,0.35999999999999943,-1.5799999999999983,0.9414725021479887,0.9414725021479887,1035.6197523627875,945.1157545368382,0.5650626097705043,1.171082649589754,0.9291341273774327,0.08441856491054185,0.9291341273774327,2144.549,8.004509999999998,-0.8186068395606291,-1.255740356214038,3.1184048652648926,-0.031203269958496094,2.1048001713222924,0.09459347195095447,546.79,362.8900000000001,-0.40094793522101413,5.899999999999999,0.0,1643.8553589898656,719.2813490664258,585.19,-571.8313490664259,517365.6591148175,0.7610510623843274,134.09134906642578,720.7239896373056,743.0084849899724,769.1836612364721,785.817765293154,744.232505151449,744.9538254368888,719.2813490664258,571.8313490664259,571.8313490664259
2025-02-27 09:30:00,2025-02-27 10:30:00,2025-02-27 10:30:00,973.64,62.382987155104885,2025,2,27,9,30,0.7071067811865476,-0.7071067811865475,0.8660254037844386,0.5000000000000001,1,1,315.46000000000004,313.96999999999997,1.4652999999999998,60.147000000000006,255.33,47.63057861120687,10,10.0,28.35,24.9,28.4,83.24000000000001,1010.7543939155039,0.0,0.0,37.77,0.0,299.1,15.698500633239746,8.658551216125488,250.0505828857422,32.6409912109375,0,0,0,0,1,27.7,25.0,85.0,4.0,70.0,6.0,,,True,True,True,True,ok_all_sources,ok,ok,ok,ok,315.32,269.24,293.18,66.75399999999999,9.274899999999999,249.89000000000001,62.2722,27.04,91.30000000000001,1010.5191966125202,11.909913063049316,10.04642391204834,311.13000000000005,302.61,315.46000000000004,7.378868476941411,284.0883333333333,238.4,315.46000000000004,31.731457209946512,161.75016666666667,19.361,315.46000000000004,109.63221452563165,156.33472222222224,6.385116666666665,26.337222222222223,93.82111111111111,0.0,12.600000000000001,9.80252531170845,10.800973176956177,0.1400000000000432,22.28000000000003,1.3100000000000023,-8.060000000000002,0.7388151089028423,0.7388151089028423,812.6966197931265,974.6725709609755,0.38816452821017144,1.0546974256101638,0.9952767387307422,0.004644962911304126,0.9952767387307422,2359.8540000000003,4.751459999999998,0.0,0.0,3.7885875701904297,-1.3878726959228516,5.895975321531296,-2.1424219608306885,296.09900000000005,77.06000000000003,0.07599426973190541,3.5,0.0,2165.07577853823,404.17731844087564,315.46000000000004,569.4626815591243,163359.304742057,0.41468009922796767,88.7173184408756,423.80569999999994,413.7236979777791,449.98197304285924,465.2501912435205,427.07964574186747,436.8938365214296,404.17731844087564,-569.4626815591243,-569.4626815591243
2025-08-17 11:20:00,2025-08-17 12:20:00,2025-08-17 12:20:00,150.97,72.30158656053963,2025,8,17,11,20,0.258819045102521,-0.9659258262890682,-0.8660254037844384,-0.5000000000000004,1,1,671.74,334.03000000000003,367.4800000000001,128.18300000000002,543.51,68.3983172355722,10,10.0,31.78,24.9,32.5,63.68,1009.1352752484946,0.611,3.9,132.1,0.0,518.7,3.993777751922608,5.383566856384277,269.217529296875,15.460833549499512,0,0,0,1,0,32.2,25.7,69.0,4.0,70.0,7.0,,,True,True,True,True,ok_all_sources,ok,ok,ok,ok,545.9599999999999,827.96,707.3100000000001,595.0,406.95000000000005,203.25,566.9100000000001,31.51,63.93,1009.421222200646,1.771889090538025,7.86708927154541,675.9933333333332,545.9599999999999,810.28,132.21132225847123,736.1533333333333,545.9599999999999,827.96,111.72388154135481,640.4605555555556,427.37,827.96,133.16933300356501,202.45333333333335,493.8309444444446,30.86777777777778,66.4688888888889,1.0145,0.0,1.727572311373318,7.237110670875101,125.78000000000009,-35.57000000000005,0.2699999999999996,-0.25,0.9297656737501963,0.9297656737501963,1022.7422411252159,1047.9368897560282,0.656802831631316,1.2950453055716213,0.49726084496978,0.5470568970137256,0.49726084496978,2023.7504000000001,11.542496000000002,0.4533472388361016,-0.4096306641838262,2.221888661384583,-2.483522415161133,2.2662054405492897,-1.8535438144908234,400.59000000000003,282.0000000000001,-0.05028912358089105,7.600000000000001,0.0,1449.3505678803194,715.1185006765878,671.74,-564.1485006765878,511394.4700099309,0.6824060758497352,43.378500676587805,715.7043884297523,738.8456366001344,757.3511053907782,771.4286402955083,736.234803033683,736.5277469102653,715.1185006765878,564.1485006765878,564.1485006765878
2025-09-19 11:20:00,2025-09-19 12:20:00,2025-09-19 12:20:00,216.85,82.4459178993985,2025,9,19,11,20,0.258819045102521,-0.9659258262890682,-1.0,-1.8369701987210297e-16,1,1,729.74,352.73,365.69269999999995,143.24899999999997,586.54,78.47746275928937,10,10.0,29.76,25.5,30.2,83.67,1010.105,2.689,4.2,246.2,0.0,382.7,6.72504186630249,5.1236748695373535,270.9495544433594,24.056087493896484,0,0,0,1,0,29.8,26.6,83.0,7.0,270.0,5.0,,,True,True,True,True,ok_all_sources,ok,ok,ok,ok,708.87,779.9,443.03999999999996,265.37,245.26999999999998,350.21,90.48080000000002,28.95,86.9,1011.105,5.983879566192627,3.2337241172790527,671.3433333333334,575.4200000000001,729.74,83.72486866716085,783.9699999999999,575.4200000000001,986.6,150.0396944811605,502.42722222222227,166.29000000000002,986.6,239.62632644833536,324.6883333333333,182.95307777777782,28.93722222222222,85.4688888888889,1.7591111111111113,0.0,5.642286679323981,3.59905847381143,20.870000000000005,286.70000000000005,0.8100000000000023,-3.230000000000004,0.9798462076256297,0.9798462076256297,1077.8308283881927,1090.4533361119904,0.6770450248591109,1.906819963417821,0.48336393784087484,0.5011273878367637,0.48336393784087484,2490.0192,4.859808,-2.460326546848179,-1.085133301891577,0.7411623001098633,1.8899507522583008,1.0827551869785088,1.5246163957259236,820.31,411.17999999999995,0.6471198988804624,4.699999999999999,0.0,1388.2574230137834,780.7612687686267,729.74,-563.9112687686267,609588.1588091957,0.7159969554978205,51.02126876862667,780.4632158590308,804.4884046921732,841.2673224745764,861.4360070432264,811.0142956216016,810.8652691668036,780.7612687686267,563.9112687686267,563.9112687686267
2025-03-15 10:40:00,2025-03-15 11:40:00,2025-03-15 11:40:00,331.68,80.92826971045966,2025,3,15,10,40,0.49999999999999994,-0.8660254037844387,1.0,6.123233995736766e-17,1,1,854.5,683.92,163.98900000000003,173.43,680.87,66.02089684066019,10,10.0,30.83,25.1,31.1,70.64,1009.6353464552353,0.328,1.2,238.9,0.0,1009.0,6.660854816436768,7.564650535583496,257.9019470214844,12.15571403503418,0,0,0,1,0,30.4,25.3,74.0,4.0,260.0,6.0,,,True,True,True,True,ok_all_sources,ok,ok,ok,ok,1042.9,576.75,657.44,423.01000000000005,168.48,323.38,387.27000000000004,30.63,70.03,1009.811733086502,,,892.59,780.37,1042.9,135.34635680357275,769.36,576.75,1042.9,171.10113231653378,537.495,199.48000000000002,1042.9,245.36361145546948,345.33888888888896,245.16299999999995,29.349999999999998,76.10833333333333,0.08772222222222222,0.0,2.050215416094836,11.26830664803,-188.4000000000001,197.05999999999995,0.1999999999999993,0.6099999999999994,0.9136937413281723,0.9136937413281723,1005.0631154609895,1086.2408938410103,0.8501953627141803,0.8468780971258671,0.800374488004681,0.1919122293739029,0.800374488004681,2177.8312,9.051687999999999,-0.2808556037489076,-0.1694229318682586,,,4.610639400341931,-3.703656112446504,843.4200000000001,466.1500000000001,0.2997383791676806,6.0,0.0,1950.9381016640982,894.4086905689147,854.5,-562.7286905689148,799966.9057652006,0.8233981022443687,39.90869056891472,904.8356363636364,929.6201729179829,932.4162570090458,945.0854458224229,913.4124737889803,918.6259466863411,894.4086905689147,562.7286905689148,562.7286905689148
2025-03-01 11:10:00,2025-03-01 12:10:00,2025-03-01 12:10:00,289.39,85.34680812771029,2025,3,1,11,10,0.258819045102521,-0.9659258262890682,1.0,6.123233995736766e-17,1,1,909.7,216.54000000000002,693.3199999999999,193.04000000000002,716.77,72.33941513990541,10,10.0,32.52,25.0,33.1,62.49,1009.5054502683138,0.0,0.5,150.7,0.0,961.0,1.6414284706115725,11.492192268371582,229.1719207763672,45.96833419799805,0,0,1,0,0,32.5,25.3,66.0,4.0,200.0,7.0,,,True,True,True,True,ok_all_sources,ok,ok,ok,ok,850.46,816.9300000000001,781.3000000000001,462.76000000000005,424.94000000000005,202.2,613.5,31.36,67.44,1009.768423285745,0.890625,11.972001075744627,863.9566666666666,831.71,909.7,40.70909030343633,834.2883333333333,761.15,909.7,48.182658048997965,646.0849999999999,326.55000000000007,909.7,186.90077459475032,194.54999999999998,518.9988888888888,30.78055555555555,68.73,0.0015,0.0,1.2066059287856608,11.958968667423024,59.24000000000001,128.39999999999998,1.1600000000000037,-4.949999999999996,0.9528704074478467,0.9528704074478467,1048.1574481926314,1096.3743938136029,0.8679039600096554,0.9466181061394381,0.23803451687369465,0.7621413652852588,0.23803451687369465,2032.1748000000002,12.198252,0.0,-0.0,0.7508034706115725,-0.4798088073730451,0.43482254182591173,-0.46677639905144197,583.15,148.55000000000007,0.16434148214514266,8.100000000000001,0.0,2633.6877760740317,850.4703202463807,909.7,-561.0803202463807,723299.7656199812,0.7757115863387913,-59.22967975361939,854.0791603053435,885.6818025954489,845.8177212498817,844.2668549177154,848.1440207481312,849.9484407776126,850.4703202463807,561.0803202463807,561.0803202463807
2025-10-24 09:20:00,2025-10-24 10:20:00,2025-10-24 10:20:00,139.566,66.37695603757881,2025,10,24,9,20,0.7071067811865476,-0.7071067811865475,-0.8660254037844386,0.5000000000000001,1,1,829.6200000000001,388.08,577.4200000000001,146.7,682.9599999999999,52.02113820661052,10,10.0,29.98,24.6,30.3,68.10000000000001,1011.2,0.551,1.6,144.3,0.0,874.0,7.199180603027344,6.257582187652588,265.0697326660156,14.61365795135498,0,0,0,1,0,28.6,24.5,79.0,2.0,170.0,5.0,,,True,True,True,True,ok_all_sources,ok,ok,ok,ok,946.8,414.76000000000005,315.72999999999996,147.23,24.716,305.38,7.726000000000001,27.55,79.25,1011.095,4.354833602905273,7.912383079528809,775.7766666666666,550.91,946.8,203.36310243830692,601.68,378.24,946.8,232.8239230835182,319.1549444444444,37.629999999999995,946.8,255.8239538550985,239.25300000000001,106.47712222222223,26.50388888888889,86.40499999999999,0.31361111111111106,120.8,7.857816086875068,7.647883468204075,-117.17999999999984,513.8900000000001,2.4299999999999997,-11.149999999999991,0.7882378367638734,0.7882378367638734,867.0616204402608,1007.8218016529088,0.9568178090719213,0.9492219679633869,0.467780429594272,0.6960054000626793,0.467780429594272,2041.6380000000004,9.563619999999997,0.32153120745722075,-0.4474580233173853,2.8443470001220703,-1.6548008918762207,-0.658635483847724,-1.390301280551487,909.17,568.56,1.6276248693503947,5.699999999999999,0.0,1658.6956376166927,700.4413202871739,829.6200000000001,-560.8753202871738,490618.0431656393,0.6950051280279845,-129.17867971282624,704.531570881226,724.1684562107205,608.5875389945178,577.9696118969658,654.5144296408458,656.5595549378719,700.4413202871739,560.8753202871738,560.8753202871738
2025-01-19 13:10:00,2025-01-19 14:10:00,2025-01-19 14:10:00,990.1,57.718632811562806,2025,1,19,13,10,-0.2588190451025208,-0.9659258262890683,0.49999999999999994,0.8660254037844387,1,1,1118.0,652.6300000000001,385.06,212.57,905.5,68.83277577954661,10,10.0,30.59,24.6,31.3,77.45,1006.7318174923483,0.05,2.3,246.4,1.2,517.4,9.663026809692385,10.148496627807615,239.24679565429688,46.23820877075195,0,0,0,1,0,30.5,26.0,77.0,7.0,280.0,6.0,,,True,True,True,True,ok_all_sources,ok,ok,ok,ok,1058.0,1011.3,779.05,593.34,760.94,168.74,569.29,29.78,77.68,1007.7281337796348,4.064416408538818,11.293691635131836,1044.5,957.5,1118.0,81.09716394547962,1004.1583333333333,870.65,1118.0,84.78191090478356,851.6233333333333,593.34,1118.0,158.22580811277652,306.3715833333333,507.2505555555555,30.13222222222222,76.40166666666667,0.013944444444444445,21.599999999999994,4.070357044537862,11.005434142218697,60.0,338.95000000000005,0.8099999999999987,-0.23000000000000398,0.9325305142834834,0.9325305142834834,1025.7835657118317,929.9791181956757,1.0898985296417532,2.1608040201005028,0.583747763864043,0.3444186046511628,0.583747763864043,2369.1955000000003,6.898045,-0.045818136478111976,-0.020017451627844764,5.598610401153566,-1.1451950073242205,5.592669765154523,-0.8569375144110811,524.66,247.35000000000002,0.4350811886271742,6.699999999999999,0.0,2427.9952989114095,429.2809007476623,1118.0,560.8190992523378,184282.0917467243,0.46160273101673865,-688.7190992523376,442.61380988593163,438.82728028456586,479.8640753432475,496.72513354177596,454.5724880454549,461.2389426145896,429.2809007476623,-560.8190992523378,-560.8190992523378
2025-02-27 09:20:00,2025-02-27 10:20:00,2025-02-27 10:20:00,984.6600000000001,59.93366558833593,2025,2,27,9,20,0.7071067811865476,-0.7071067811865475,0.8660254037844386,0.5000000000000001,1,1,315.32,313.45,1.7308,61.065999999999995,254.25,45.16342143431196,10,10.0,28.11,24.9,28.3,84.49000000000001,1010.6817293486903,0.0,0.0,55.99,0.0,286.4,14.446348190307615,8.69521713256836,249.6586151123047,31.8635311126709,0,0,0,0,1,27.7,25.0,85.0,4.0,70.0,6.0,,,True,True,True,True,ok_all_sources,ok,ok,ok,ok,302.61,238.4,189.88000000000002,78.41,2.8911000000000002,187.95,1.0326,26.67,93.4,1010.4429491552797,9.768917083740234,10.286576271057127,295.72333333333336,269.24,315.32,23.799395650590224,280.37500000000006,238.4,315.32,28.461098889536927,144.73988333333332,9.274899999999999,315.32,108.12315435453412,139.38621666666666,6.325544444444443,26.130555555555556,94.75222222222222,0.0,16.8,9.40946029027303,10.943801307678223,12.70999999999998,125.43999999999997,1.4399999999999977,-8.909999999999997,0.7091207419247436,0.7091207419247436,780.032816117218,951.9905412167806,0.4042394031184143,1.100977653631285,0.9940695166814665,0.005489027020169986,0.9940695166814665,2375.0139000000004,4.359860999999998,0.0,0.0,4.677431106567381,-1.5913591384887678,5.036887900034586,-2.2485841751098636,306.0451,76.91999999999999,0.6606277649041498,3.400000000000002,0.0,2170.8358674178016,424.17706795904854,315.32,560.4829320409515,179926.18498233528,0.4455685740499999,108.85706795904855,442.61380988593163,433.7234474959521,503.3209513732523,529.7022458446535,463.7490096661504,472.96738062959196,424.17706795904854,-560.4829320409515,-560.4829320409515
2025-10-14 12:40:00,2025-10-14 13:40:00,2025-10-14 13:40:00,98.46000000000001,62.864993663923016,2025,10,14,12,40,1.2246467991473532e-16,-1.0,-0.8660254037844386,0.5000000000000001,1,1,559.8700000000001,251.16,308.1418,104.51699999999998,455.27,77.42815808831179,10,10.0,32.58,27.1,32.8,68.81,1005.955,3.431,6.8,210.9,0.0,308.1,7.25940465927124,5.839548110961914,266.5301208496094,25.8247184753418,0,0,0,1,0,32.0,26.2,71.0,9.0,190.0,7.0,,,True,True,True,True,ok_all_sources,ok,ok,ok,ok,1023.2,497.7900000000001,590.9300000000001,767.1800000000001,742.1800000000001,296.9,293.8537,32.41,67.63,1006.775,6.785890579223633,4.09019136428833,752.0166666666668,559.8700000000001,1023.2,241.56524632763987,679.07,406.97999999999996,1023.2,242.72243917693316,737.148888888889,406.97999999999996,1023.2,175.27753082028946,257.07500000000005,510.35738333333325,31.64,71.58222222222223,2.4337222222222223,0.0,4.591872089438969,3.3698104884889393,-463.3299999999999,-31.059999999999945,0.1700000000000017,1.1800000000000068,0.9760238508715012,0.9760238508715012,1073.6262359586513,978.9277427040598,0.521475706580593,1.8171697500811428,0.4486041402468429,0.5503809812992301,0.4486041402468429,2241.8298,10.161701999999998,-1.7619600358115817,-2.9440206915378244,0.4735140800476074,1.749356746673584,2.6675325698322716,2.469737622472975,616.22,616.22,-0.052561217064626846,5.699999999999996,0.0,1556.415463721787,658.7896306558579,559.8700000000001,-560.3296306558578,434003.7774596816,0.6729706411589736,98.91963065585776,650.7452674418605,682.5167665794045,695.2342329796244,707.3824337542133,677.0119318177411,672.9897502107424,658.7896306558579,560.3296306558578,560.3296306558578
2025-12-07 12:30:00,2025-12-07 13:30:00,2025-12-07 13:30:00,1002.2299999999999,60.91960904524232,2025,12,7,12,30,1.2246467991473532e-16,-1.0,-2.4492935982947064e-16,1.0,1,1,433.59,396.16,32.894400000000005,85.051,348.51000000000005,69.77244062123908,10,10.0,27.95,25.8,28.9,87.9,1009.76,3.9,7.9,259.3,0.0,548.3,15.197417259216309,7.413066387176514,256.9407653808594,47.23460388183594,0,0,0,0,1,28.2,25.4,85.0,5.0,290.0,5.0,,,True,True,True,True,ok_all_sources,ok,ok,ok,ok,626.92,757.3900000000001,613.2,708.92,657.8,579.0200000000001,30.1398,28.19,85.05000000000001,1010.595,11.789422035217283,5.960727214813232,637.9399999999999,433.59,853.3100000000001,210.0768904472837,660.1683333333334,433.59,853.3100000000001,168.94893280712574,803.8477777777779,433.59,1104.3,188.22375675385922,470.0961111111112,386.92432777777776,28.03611111111111,86.04555555555557,3.2470000000000008,0.0,12.8455389808206,5.93613655426923,-193.32999999999998,-179.61000000000007,-0.240000000000002,2.8499999999999943,0.9383268251102606,0.9383268251102606,1032.1595076212866,961.3324780937863,0.42008042051489786,0.790789713660405,0.9136742083535138,0.07586521829377986,0.9136742083535138,2456.8050000000003,3.381949999999998,-3.832189906520099,-0.7240998000037514,3.407995223999025,1.4523391723632812,2.3518782783957093,1.4769298329072837,670.71,419.7200000000001,-0.2929060665362036,3.099999999999998,0.0,1904.7189513402554,443.08887380740225,433.59,559.1411261925977,196327.75009191205,0.46091116643223934,9.498873807402276,459.5620679886685,452.63525334430574,496.3592297084093,514.116015008745,469.7240517579058,477.9606488485389,443.08887380740225,-559.1411261925977,-559.1411261925977
2025-03-15 10:20:00,2025-03-15 11:20:00,2025-03-15 11:20:00,335.86,75.97615375173456,2025,3,15,10,20,0.49999999999999994,-0.8660254037844387,1.0,6.123233995736766e-17,1,1,780.37,602.5700000000002,177.547,158.64000000000001,621.73,61.03555587853249,10,10.0,30.27,25.1,30.8,73.10000000000001,1009.644836887558,0.274,1.1,242.7,0.0,562.1,3.827027082443237,8.155937194824219,254.044677734375,9.454615592956545,0,0,0,1,0,30.4,25.3,74.0,4.0,260.0,6.0,,,True,True,True,True,ok_all_sources,ok,ok,ok,ok,576.75,756.34,751.4000000000001,334.71,133.28000000000003,243.13999999999996,658.85,29.61,73.75,1010.1041143919276,1.0499999523162842,10.247612953186035,654.14,576.75,780.37,110.24647522710195,683.6583333333333,576.75,780.37,83.26379847608845,449.9777777777778,153.61,780.37,218.71318246280114,286.91555555555556,219.46638888888887,28.843888888888884,78.61833333333334,0.05333333333333333,0.0,1.5439916673828573,11.765921368318445,203.62,28.969999999999914,0.6600000000000001,-0.6499999999999915,0.8749203956342604,0.8749203956342604,962.4124351976865,1067.214450969328,0.8108477940018578,1.3883116883116882,0.772159360303446,0.22751643451183412,0.772159360303446,2212.737,8.142629999999997,-0.243481121747456,-0.12566997792870227,2.7770271301269527,-2.0916757583618164,2.2830354150603798,-3.609984173494226,626.76,203.62,0.03855469789725833,5.699999999999999,0.0,2071.972436280921,894.6930572696682,780.37,-558.8330572696682,800475.6667265458,0.838344211378545,114.3230572696682,904.8356363636364,929.9045396187364,949.240969928909,967.4236074819892,921.9670135992885,927.0383031462727,894.6930572696682,558.8330572696682,558.8330572696682
2025-08-17 12:10:00,2025-08-17 13:10:00,2025-08-17 13:10:00,66.508,67.116355846442,2025,8,17,12,10,1.2246467991473532e-16,-1.0,-0.8660254037844384,-0.5000000000000004,1,1,192.95000000000002,189.95,0.393,34.809000000000005,158.16000000000003,72.44850275951178,10,10.0,30.26,24.9,32.5,74.53,1009.2677259765635,2.058,3.9,236.3,0.0,203.5,5.75933313369751,5.740800380706787,267.9859924316406,26.015071868896484,0,0,0,1,0,31.0,26.1,75.0,7.0,240.0,6.0,,,True,True,True,True,ok_all_sources,ok,ok,ok,ok,231.26000000000005,650.52,545.9599999999999,741.79,439.26000000000005,325.27000000000004,237.897,32.21,63.9,1009.3273312506931,2.951463222503662,5.91253662109375,251.5066666666667,192.95000000000002,330.31,70.88291778230726,490.62166666666667,192.95000000000002,866.95,276.25027344179523,637.0350000000001,192.95000000000002,866.95,196.8300034293552,240.11277777777775,438.87297777777786,31.317777777777778,66.20944444444444,1.2604444444444445,0.0,3.037921526852776,6.418306631200454,-38.31000000000003,-353.0099999999999,-1.9499999999999993,10.630000000000003,0.9534462922709704,0.9534462922709704,1048.7909214980675,1013.4260935324827,0.18397375114993836,0.9481572481572482,0.9844519305519563,0.002036797097693703,0.9844519305519563,2255.2778000000003,7.707222000000001,-1.712161583344533,-1.1418698316879823,2.8078699111938477,-0.1717362403869629,2.721411606844734,-0.6775062504936669,674.0,674.0,-0.6465858304637702,7.600000000000001,0.0,1538.4540873756487,624.0985798152863,192.95000000000002,-557.5905798152862,389499.0373274572,0.6158303834864525,431.1485798152862,617.1308193430656,644.2708357262187,693.9198943589863,717.193665873553,659.0092370871363,655.5253568510259,624.0985798152863,557.5905798152862,557.5905798152862
2025-03-05 10:20:00,2025-03-05 11:20:00,2025-03-05 11:20:00,1150.0,75.2496716968283,2025,3,5,10,20,0.49999999999999994,-0.8660254037844387,1.0,6.123233995736766e-17,1,1,146.32999999999998,146.07999999999998,0.7377,19.2,127.13,60.41718216269403,10,10.0,29.8,26.3,30.4,76.66000000000001,1010.5072643022645,0.013,1.3,256.8,0.2,630.4,7.116699695587158,3.8744900226593018,279.4775695800781,17.00611114501953,0,0,0,1,0,29.6,25.9,80.0,2.0,230.0,8.0,,,True,True,True,True,ok_all_sources,ok,ok,ok,ok,777.48,825.6,477.91999999999996,520.37,205.25,123.91999999999999,417.9440000000001,28.12,88.0,1010.7976476668919,8.467719078063965,4.27537727355957,586.3366666666667,146.32999999999998,835.2,382.14826917484964,686.3516666666668,146.32999999999998,835.2,266.3641997278664,431.93944444444446,132.27,835.2,254.60226265045648,127.79144444444445,390.39684444444435,29.02722222222222,81.35388888888889,0.017444444444444443,1.7999999999999998,13.975684867185706,4.345122533686021,-631.1500000000001,-331.59,1.6799999999999997,-11.33999999999999,0.8696430163162227,0.8696430163162227,956.6073179478449,1063.7489280398354,0.15296767780735088,0.232122461928934,0.9982915328367389,0.00504134490535092,0.9982915328367389,2284.4680000000003,6.955319999999997,-0.012656525737351083,-0.0029685613114385253,-1.3510193824768066,-0.40088725090026855,-6.8589851715985475,-0.4706325110267189,702.9300000000001,688.8700000000001,-0.6938190492132574,4.099999999999998,0.0,1082.8330548950835,593.0484483512391,146.32999999999998,556.9515516487609,351706.46209181234,0.5575079163125893,446.71844835123915,583.8789683377307,613.2207042621716,646.018051476728,663.674585851891,619.5332499139836,614.9485099072294,593.0484483512391,-556.9515516487609,-556.9515516487609
2025-06-17 12:40:00,2025-06-17 13:40:00,2025-06-17 13:40:00,950.29,54.515482823534946,2025,6,17,12,40,1.2246467991473532e-16,-1.0,1.2246467991473532e-16,-1.0,1,1,162.29000000000002,159.39999999999998,0.39299999999999996,27.519,134.75,61.57370475456395,10,10.0,25.35,25.2,28.2,99.60000000000001,1009.7665260418988,3.294,7.1,245.4,1.4,149.5,17.211185455322266,3.9613983631134033,278.5252990722656,20.73572540283203,0,0,0,0,1,25.7,24.7,94.0,9.0,260.0,5.0,,,True,True,True,True,ok_all_sources,ok,ok,ok,ok,162.5,386.77,359.47999999999996,265.73,239.45,323.79999999999995,25.740599999999993,26.77,93.80000000000001,1010.1977391606787,21.10041618347168,3.4424750804901123,161.80333333333334,160.62,162.5,1.0301617995894323,225.40333333333334,160.62,386.77,98.08826671252106,291.00888888888886,160.62,408.33000000000004,84.97980278304811,278.6222222222222,8.456461111111112,26.544999999999998,95.95555555555555,2.908111111111111,3.9999999999999996,19.84007305569119,3.459835025999281,-0.20999999999997954,-197.18999999999994,-1.4199999999999982,5.799999999999997,0.8794301979228243,0.8794301979228243,967.3732177151068,895.6996507922989,0.1677635859956118,1.085551839464883,0.982192371680325,0.0024215909791114668,0.982192371680325,2524.8600000000006,0.10139999999999784,-2.9950237432010436,-1.3712289297057618,-3.889230728149414,0.518923282623291,-2.628887600368923,0.5015633371141224,247.71000000000004,226.14999999999998,-0.5485423389340157,3.0,0.0,1103.3496638305442,393.58389641444035,162.29000000000002,556.7061035855596,154908.2835167729,0.4394150383627953,231.29389641444033,389.4388045112782,403.13027595134383,337.3609971965549,318.62003079059303,365.4724468054976,363.3999008539165,393.58389641444035,-556.7061035855596,-556.7061035855596
2025-09-27 10:00:00,2025-09-27 11:00:00,2025-09-27 11:00:00,199.13,75.49169461471169,2025,9,27,10,0,0.49999999999999994,-0.8660254037844387,-1.0,-1.8369701987210297e-16,1,1,225.15,220.4,1.5278000000000003,40.45399999999999,184.69,60.62087328084734,10,10.0,29.9,26.4,31.4,82.44000000000001,1010.01,1.564,3.3,260.8,0.0,280.3,3.815471172332764,3.142019033432007,282.87811279296875,14.520666122436523,0,0,0,1,0,30.3,26.6,81.0,5.0,270.0,5.0,,,True,True,True,True,ok_all_sources,ok,ok,ok,ok,326.49,261.86,542.61,361.28999999999996,131.58,530.23,4.7311000000000005,30.73,74.36,1009.975,1.467058777809143,6.010411739349365,322.8533333333333,225.15,416.91999999999996,95.93670951900181,386.00333333333333,225.15,616.55,145.48646227971406,377.3527777777777,161.20000000000002,616.55,130.6314309897059,371.65944444444443,3.2659611111111113,29.587222222222223,77.56277777777777,0.946,0.0,1.9203079483088326,5.661159038543701,-101.34,-317.46000000000004,-0.8300000000000018,8.080000000000013,0.8713925932101868,0.8713925932101868,958.5318525312055,1064.9224696472922,0.2348904727635748,0.8032465215840171,0.9789029535864979,0.006785698423273374,0.9789029535864979,2464.956,5.250439999999997,-1.5438811185741532,-0.2500541775500297,2.348412394523621,-2.8683927059173584,1.8951632240239316,-2.5191400051116943,455.3499999999999,391.4,-0.5850610936031404,5.0,0.0,888.8084145368339,754.53403526743,225.15,-555.40403526743,569321.6103769513,0.7085342424198595,529.38403526743,734.2438022922636,778.2611711909765,820.3289380784943,842.2605723488491,787.4314866729621,777.2863701853789,754.53403526743,555.40403526743,555.40403526743
2025-10-06 12:40:00,2025-10-06 13:40:00,2025-10-06 13:40:00,88.7,63.602925711639145,2025,10,6,12,40,1.2246467991473532e-16,-1.0,-0.8660254037844386,0.5000000000000001,1,1,681.67,584.04,86.182,137.38000000000002,544.28,78.53949478674697,10,10.0,31.13,26.9,32.5,72.03,1009.85,3.241,5.8,193.6,0.0,520.6,12.713590621948242,8.480854988098145,248.55734252929688,35.668968200683594,0,0,0,0,1,31.7,26.4,74.0,5.0,180.0,5.0,,,True,True,True,True,ok_all_sources,ok,ok,ok,ok,760.72,353.33,371.68,318.27,724.83,364.44,2.8624,31.34,68.35000000000001,1010.975,14.398703575134276,6.075380802154541,615.1166666666667,402.96,760.72,187.93632973252758,483.15166666666664,314.39,760.72,188.51426337724865,464.99666666666667,279.12,900.04,179.70180734958086,369.805,99.94976666666668,31.217777777777776,70.20055555555555,2.1372777777777774,0.0,10.976227786805895,5.235628883043925,-79.05000000000007,309.98999999999995,-0.21000000000000085,3.6799999999999926,0.9800618989239667,0.9800618989239667,1078.0680888163633,985.3079099728217,0.6323070008949265,1.3093930080676142,0.8567782064635381,0.1264277436296155,0.8567782064635381,2242.2939,8.707061,-0.7620955885654935,-3.1501256028750686,-1.6851129531860334,2.4054741859436035,1.7373628351423474,3.2452261050542193,620.92,446.33000000000004,0.8340238915195866,5.600000000000001,0.0,2107.9787782180065,642.994129262247,681.67,-554.294129262247,413441.45026571525,0.6525819216045704,-38.675870737752916,632.7377536231885,663.1663851731795,661.6753926140291,667.9024803979564,652.3347609381381,647.2065731186087,642.994129262247,554.294129262247,554.294129262247
2025-03-21 09:30:00,2025-03-21 10:30:00,2025-03-21 10:30:00,257.22,63.715747612939666,2025,3,21,9,30,0.7071067811865476,-0.7071067811865475,1.0,6.123233995736766e-17,1,1,767.07,301.21,184.3,154.6,612.46,48.82599718573734,10,10.0,31.28,26.6,31.4,62.41,1009.6980295679602,1.23,3.5,142.9,0.0,756.2,1.6063634157180786,10.764365196228027,233.51727294921875,22.15909004211425,0,0,1,0,0,28.9,23.3,72.0,8.0,30.0,7.0,,,True,True,True,True,ok_all_sources,ok,ok,ok,ok,722.03,640.1899999999999,558.5699999999999,69.20200000000001,25.028999999999996,461.73,62.2941,29.08,70.11,1009.5493577612197,1.3940677642822266,9.95722198486328,719.2966666666666,668.79,767.07,49.19698093718088,677.0266666666668,614.58,767.07,56.94767446232258,361.1042777777777,44.840999999999994,767.07,275.74018949297937,235.6297777777778,54.650216666666665,28.299444444444443,72.51055555555556,0.9895555555555556,64.80000000000001,1.7694089636206627,10.145842254161835,45.04000000000008,208.5000000000001,2.200000000000003,-7.700000000000003,0.7527137028749851,0.7527137028749851,827.9850731624836,986.26899097829,0.9264297447660272,1.0143745040994445,0.3926760269597298,0.2402649041156609,0.3926760269597298,1952.1848,11.758152000000003,0.7419458249266973,-0.9810282324550312,0.21229565143585205,0.8071432113647479,-0.16304554790258408,0.6185229420661926,722.229,152.49,0.3732746119555295,4.799999999999997,0.0,2513.665205652651,810.9394133695141,767.07,-553.7194133695141,657622.7321560917,0.8222294534122331,43.869413369514064,806.5521454545454,846.1508957185823,811.6646418907567,811.906384731171,811.3020276301354,809.1083936726511,810.9394133695141,553.7194133695141,553.7194133695141
2025-06-28 10:40:00,2025-06-28 11:40:00,2025-06-28 11:40:00,211.54000000000002,61.884739437674455,2025,6,28,10,40,0.49999999999999994,-0.8660254037844387,1.2246467991473532e-16,-1.0,1,1,551.6700000000001,442.44000000000005,110.477,90.719,460.94000000000005,55.18928296591353,10,10.0,28.48,24.8,28.9,81.9,1010.6785919008407,0.151,4.5,114.7,1.2,897.0,3.8221237659454346,5.6564249992370605,267.6533508300781,22.53199958801269,0,0,0,1,0,25.8,24.3,91.0,2.0,280.0,4.0,,,True,True,True,True,ok_all_sources,ok,ok,ok,ok,981.6,441.28999999999996,168.37999999999997,78.098,30.693,166.37,0.6718,25.08,99.2,1010.9382529243112,,,734.0066666666667,551.6700000000001,981.6,222.2696012353766,496.405,153.88,981.6,312.3655625545172,235.96549999999993,32.97699999999999,981.6,256.89712090234053,171.5332222222222,72.57091111111112,26.04833333333334,95.55000000000001,0.29774999999999996,16.632423445548245,29.239034077700445,4.910530833637013,-429.92999999999995,383.2900000000001,3.400000000000002,-17.299999999999997,0.8210424442059815,0.8210424442059815,903.1466886265796,970.201520310877,0.610831005579977,0.6150167224080269,0.8020011963673935,0.20025921293526924,0.8020011963673935,2332.512,5.154879999999999,0.13718473480653498,-0.06309792814396262,,,-25.41691031175501,0.7458941656000473,948.623,827.72,2.2763392326879686,4.099999999999998,0.0,1513.9611047648214,763.7592832903873,551.6700000000001,-552.2192832903872,583328.2428122461,0.7872171577773447,212.08928329038724,752.1957534246575,787.4864192139339,816.7638931422636,834.4320964262223,790.2615882163254,784.4798232834605,763.7592832903873,552.2192832903872,552.2192832903872
2025-08-17 11:00:00,2025-08-17 12:00:00,2025-08-17 12:00:00,231.26000000000005,72.24698699521554,2025,8,17,11,0,0.258819045102521,-0.9659258262890682,-0.8660254037844384,-0.5000000000000004,1,1,810.28,284.16999999999996,607.96,164.19,646.18,65.17615776597081,10,10.0,32.14,24.9,32.4,63.69,1008.0,1.679,3.9,72.51,0.0,932.0,2.172529935836792,6.19126558303833,264.2484130859375,13.163636207580566,0,0,0,1,0,32.2,25.7,69.0,4.0,70.0,7.0,,,True,True,True,True,ok_all_sources,ok,ok,ok,ok,827.96,734.4799999999999,718.6000000000001,533.62,334.85,150.42999999999998,620.79,31.5,62.72,1008.6,2.3569440841674805,7.9788336753845215,821.5799999999999,810.28,827.96,9.81327672085124,774.7199999999999,707.3100000000001,827.96,52.96778303837157,616.0133333333334,370.7,827.96,154.9402900930473,179.40333333333334,500.92333333333346,30.50944444444444,67.66722222222222,0.9894444444444443,0.0,1.4059076274142546,7.458234394297881,-17.680000000000064,91.67999999999984,0.6400000000000006,0.9699999999999989,0.9076028552412077,0.9076028552412077,998.3631407653285,1047.6177431192841,0.8116084888499118,0.8693991416309013,0.35070592881473067,0.7503085353211236,0.35070592881473067,2046.9966,11.670034000000001,1.601378854979234,0.5046055517187634,-0.18441414833068848,-1.7875680923461914,0.7666223084225374,-1.2669688112595505,457.26000000000005,120.64999999999998,0.12758140829390457,7.5,0.0,1636.0321053114603,782.9507120061513,810.28,-551.6907120061512,613011.8174309393,0.7473629738982025,-27.329287993848652,780.4632158590308,806.6778479296979,802.6323548230704,809.1929024287101,792.7915334146109,791.5477853410506,782.9507120061513,551.6907120061512,551.6907120061512
2025-04-23 12:30:00,2025-04-23 13:30:00,2025-04-23 13:30:00,284.40999999999997,63.329898448204425,2025,4,23,12,30,1.2246467991473532e-16,-1.0,0.8660254037844387,-0.4999999999999998,1,1,691.2899999999998,574.3399999999999,119.822,138.00000000000003,553.28,72.66252879822984,10,10.0,29.77,24.3,30.2,71.54,1007.8237253371,1.363,3.5,216.8,0.0,735.2,6.614957332611084,5.749555587768555,268.3779296875,13.80016040802002,0,0,0,1,0,29.8,24.9,75.0,6.0,180.0,6.0,,,True,True,True,True,ok_all_sources,ok,ok,ok,ok,771.73,917.2900000000002,692.35,430.07,380.31000000000006,506.82000000000005,190.553,29.36,74.41000000000001,1008.8581954145177,3.613878965377808,6.302120685577393,774.2866666666665,691.2899999999998,859.8399999999999,84.3040807632308,811.045,649.26,976.8599999999999,129.01541128872938,655.7655555555556,413.6700000000001,976.8599999999999,184.83468544564582,417.44888888888886,240.29404444444447,28.901666666666667,76.06777777777776,0.5720000000000001,0.0,5.393802165985107,6.136969818788416,-80.44000000000017,-1.0600000000001728,0.41000000000000014,-2.8700000000000045,0.954566113403804,0.954566113403804,1050.0227247441844,982.9663065002683,0.6583571800014308,0.9402747551686613,0.8308235328154611,0.1733310188198875,0.8308235328154611,2129.7458,8.472541999999999,-0.8164691647767438,-1.0913968586031235,3.001078367233276,-0.5525650978088379,1.2211551666259766,-0.3874142310198616,563.1899999999998,327.5999999999999,-0.001531017548927815,5.899999999999999,0.0,1543.053825268522,836.0024612229017,691.2899999999998,-551.5924612229018,698900.1151707493,0.85048943762822,144.71246122290188,833.5869139465873,871.2139435719699,883.7955737665284,899.7266112810705,859.899017494715,858.6912438565578,836.0024612229017,551.5924612229018,551.5924612229018
2025-09-27 09:00:00,2025-09-27 10:00:00,2025-09-27 10:00:00,225.15,60.62087328084734,2025,9,27,9,0,0.7071067811865476,-0.7071067811865475,-1.0,-1.8369701987210297e-16,1,1,542.61,530.23,4.7311000000000005,109.027,433.57,45.67271272460272,10,10.0,30.73,26.4,31.0,74.36,1009.975,1.55,2.5,130.1,0.0,593.0,1.467058777809143,6.010411739349365,265.3129272460937,21.444000244140625,0,0,1,0,0,30.7,25.9,76.0,4.0,110.0,5.0,,,True,True,True,True,ok_all_sources,ok,ok,ok,ok,532.3299999999999,466.45,361.28999999999996,131.58,5.7717,362.24999999999994,3.5409999999999995,29.01,76.61,1009.955,0.9549999237060548,6.28131914138794,523.7966666666666,496.45,542.61,24.23426774906419,481.7916666666667,407.22999999999996,542.61,52.089770364887066,272.6718888888888,18.705000000000002,542.61,180.71372675421944,270.21400000000006,2.616772222222222,27.854444444444447,81.95166666666667,0.7528333333333335,0.0,1.3897262851397196,7.081626256306966,10.280000000000086,181.32000000000005,1.7199999999999989,-2.25,0.7153600303158123,0.7153600303158123,786.8960333473935,958.5318525312055,0.6895574218258287,0.9150252951096122,0.9771843497171081,0.008719153719983046,0.9771843497171081,2285.0828,7.879172,1.1856281714235695,-0.9983916261301491,0.5120588541030883,-0.2709074020385751,0.07733249266942344,-1.0712145169576006,523.905,135.38000000000005,0.5018683052395584,4.600000000000001,0.0,1594.6399325210655,775.1466223579865,542.61,-549.9966223579866,600852.286152995,0.8086811307428631,232.53662235798652,779.9642771084335,798.8737582815331,805.0765344987872,815.053171879054,790.1115784283868,792.5204058036104,775.1466223579865,549.9966223579866,549.9966223579866
2025-10-06 12:30:00,2025-10-06 13:30:00,2025-10-06 13:30:00,85.15,66.09408501140369,2025,10,6,12,30,1.2246467991473532e-16,-1.0,-0.8660254037844386,0.5000000000000001,1,1,760.72,567.39,178.8281,154.22000000000003,606.6800000000001,81.02194355355059,10,10.0,30.83,26.9,32.5,72.96000000000001,1010.12,2.791,5.2,198.4,0.0,415.8,13.380171775817873,7.25937557220459,257.3770751953125,29.75711250305176,0,0,0,0,1,31.7,26.4,74.0,5.0,180.0,5.0,,,True,True,True,True,ok_all_sources,ok,ok,ok,ok,402.96,385.84,338.79,314.84000000000003,561.66,334.12,1.4589999999999999,31.41,68.21000000000001,1011.07,13.091412544250488,6.002978324890137,505.67,353.33,760.72,222.26934359015868,431.4866666666667,314.39,760.72,164.127333453836,467.39444444444456,279.12,900.04,183.02026764082785,361.32,115.3639888888889,31.22555555555556,69.94833333333332,2.1085555555555553,0.0,10.874029972973991,5.044733229805441,357.76000000000005,421.93,-0.5800000000000018,4.75,0.9877481805639721,0.9877481805639721,1086.5229986203692,1005.6333376704441,0.7001416453825065,1.8295334295334296,0.7458591860342833,0.2350774266484383,0.7458591860342833,2249.3568,8.336431999999997,-0.8809764621193626,-2.6483129484997896,0.2887592315673846,1.2563972473144531,2.5061418028438815,2.2146423423991486,620.92,446.33000000000004,1.2454027568700374,5.600000000000001,0.0,1868.3968525183154,634.4578134451802,760.72,-549.3078134451803,402536.71704163915,0.6309037197542652,-126.26218655481978,627.8430706018518,654.6300693561127,682.3567727335289,698.3230924963119,658.4072930893547,655.0999216676903,634.4578134451802,549.3078134451803,549.3078134451803
2025-08-15 12:40:00,2025-08-15 13:40:00,2025-08-15 13:40:00,948.8,61.454142800496356,2025,8,15,12,40,1.2246467991473532e-16,-1.0,-0.8660254037844384,-0.5000000000000004,1,1,905.5,143.87,795.8900000000001,175.00999999999996,730.4499999999999,70.47235308815644,10,10.0,29.91,24.7,30.5,75.02000000000001,1009.1640153458318,2.83,4.2,246.2,0.0,937.0,9.85864543914795,8.225489616394043,251.51385498046875,42.96629333496094,0,0,0,1,0,30.5,25.4,74.0,6.0,240.0,6.0,,,True,True,True,True,ok_all_sources,ok,ok,ok,ok,902.9,933.4,921.9,402.15,398.25,156.85999999999996,809.14,29.55,75.10000000000001,1009.9110534240945,8.273404121398926,5.261649131774902,917.6,902.9,944.4,23.24585984643287,924.3333333333334,902.9,944.4,16.529085475811037,727.3422222222221,328.9,944.4,215.63851417307444,261.74277777777775,490.76650555555557,29.39888888888889,75.57333333333335,1.9682777777777778,0.0,7.291885852813721,5.560283766852485,2.6000000000000227,-16.399999999999977,0.35999999999999943,-0.0799999999999983,0.942480309655026,0.942480309655026,1036.7283406205286,966.2784261511391,0.8734207067764903,0.9663820704375667,0.1588845941468802,0.878950855880729,0.1588845941468802,2243.8482000000004,7.471517999999998,-2.5893358600150043,-1.142033188677264,1.5852413177490234,2.9638404846191406,2.5667595863342285,2.6652058495415583,615.5,41.5,-0.017789348085475623,5.800000000000001,0.0,2068.824602521083,399.91705627472845,905.5,548.8829437252715,159933.65189944432,0.4138735228392401,-505.58294372527155,389.7735810810811,409.46343581163194,437.1397552919926,449.5473216310807,418.52840578336054,413.45666818653683,399.91705627472845,-548.8829437252715,-548.8829437252715
2025-06-28 10:50:00,2025-06-28 11:50:00,2025-06-28 11:50:00,156.88,62.3988996185084,2025,6,28,10,50,0.49999999999999994,-0.8660254037844387,1.2246467991473532e-16,-1.0,1,1,399.65,361.63,34.5458,63.988,335.67,56.65503189875487,10,10.0,28.25,24.8,28.9,82.86,1010.4923151489995,0.716,4.5,111.7,1.2,510.5,3.518017768859864,7.09738826751709,258.3905334472656,21.925525665283203,0,0,0,1,0,25.8,24.3,91.0,2.0,280.0,4.0,,,True,True,True,True,ok_all_sources,ok,ok,ok,ok,551.6700000000001,668.75,153.88,117.335,32.97699999999999,152.35999999999999,0.3963,25.28,97.9,1010.6292806132709,21.56570053100586,6.185909748077393,644.3066666666667,399.65,981.6,301.83209675800435,537.3666666666667,181.24,981.6,271.96772931115686,256.3362222222222,59.001999999999995,981.6,254.37965060967565,189.832,74.47263333333335,26.175000000000004,94.61444444444446,0.32319444444444445,17.232423445548246,27.026325941085815,5.012753472608678,-152.0200000000001,245.76999999999998,2.969999999999999,-15.040000000000006,0.8353762081429679,0.8353762081429679,918.9138289572646,974.8141494714446,0.43491564432488944,0.7828599412340842,0.904866758413612,0.08644013511822846,0.904866758413612,2340.795,4.84205,0.6652589212183841,-0.26473867820806185,-18.047682762145996,0.9114785194396973,-23.508308172225952,2.0846347949084114,922.5980000000001,800.36,1.5971536262022354,4.099999999999998,0.0,1833.8979405261052,701.4381162604332,399.65,-544.5581162604332,492015.43094298494,0.7195608687468898,301.7881162604332,704.531570881226,725.1652521839796,750.7239967565819,767.1526235886314,726.0810565085076,727.6277838189039,701.4381162604332,544.5581162604332,544.5581162604332
2025-09-19 14:00:00,2025-09-19 15:00:00,2025-09-19 15:00:00,717.44,44.6895667697193,2025,9,19,14,0,-0.4999999999999997,-0.8660254037844388,-1.0,-1.8369701987210297e-16,1,1,28.212,27.464999999999996,0.0,3.9189999999999996,24.293,59.508926047966405,10,10.0,25.67,25.1,30.2,100.0,1008.34,4.229,9.6,79.89,26.2,14.63,14.691962242126465,8.412803649902344,250.5202789306641,57.314544677734375,0,0,0,0,1,24.4,24.1,98.0,8.0,160.0,4.0,,,True,True,True,True,ok_all_sources,ok,ok,ok,ok,10.393099999999999,27.901999999999997,237.13000000000002,473.83000000000004,575.4200000000001,230.56000000000003,0.4062,28.89,85.86,1008.52,15.623807907104492,9.54311466217041,17.366699999999998,10.393099999999999,28.212,9.51949814696132,60.53151666666667,10.393099999999999,218.41,79.72348571131137,319.4566166666667,10.393099999999999,1028.4299999999998,289.91511167840804,229.35026666666667,82.11025555555553,28.946111111111104,86.26611111111112,2.1099999999999994,31.0,12.643710560268826,8.191994534598457,17.8189,-208.91800000000003,-3.219999999999999,14.14,0.8617082188418278,0.8617082188418278,947.8790407260105,773.5917845411226,0.029763291293361162,1.4106,0.9735219055720968,0.0,0.9735219055720968,2567.0,0.0,4.163334446564317,0.7423525348855423,-0.9318456649780273,-1.1303110122680664,2.0482516818576393,0.22080911530388647,1018.0368999999998,208.0169,-0.8810272846118163,5.099999999999998,0.0,2107.5779169624443,173.1274128432337,28.212,544.3125871567663,29973.101077791485,0.22379686069950838,144.91541284323372,175.62511246458928,163.30012590840852,173.1274128432337,173.1274128432337,173.1274128432337,174.3762626539115,173.1274128432337,-544.3125871567663,-544.3125871567663
2025-02-24 13:50:00,2025-02-24 14:50:00,2025-02-24 14:50:00,833.3800000000001,52.3035968046169,2025,2,24,13,50,-0.2588190451025208,-0.9659258262890683,0.8660254037844386,0.5000000000000001,1,1,1115.5,382.57000000000005,701.7,232.73000000000002,882.6299999999999,66.88626696959095,10,10.0,29.92,25.2,30.1,79.42,1007.2678540816596,0.37,2.6,259.2,1.4,1119.0,10.814998626708984,12.712629318237305,220.1542053222656,32.64936065673828,0,0,0,0,1,28.9,25.3,81.0,7.0,290.0,7.0,,,True,True,True,True,ok_all_sources,ok,ok,ok,ok,1111.3,844.26,552.8900000000001,405.72999999999996,408.39,437.7,104.931,28.97,81.60000000000001,1008.9528995572296,4.359000205993652,11.08104419708252,1068.0666666666666,977.4,1115.5,78.54771373715049,871.3983333333334,557.2900000000002,1115.5,240.68902313289374,580.3844444444444,398.17,1115.5,251.1649804229277,411.95000000000005,163.31234444444442,29.05166666666667,80.48611111111113,0.06283333333333334,25.199999999999992,5.6687783400217695,11.581034501393637,4.2000000000000455,562.6099999999999,0.9500000000000028,-2.180000000000007,0.919727432952598,0.919727432952598,1011.7001762478577,870.3881127487983,1.102599392773766,0.9968722073279714,0.34295831465710447,0.6290452711788436,0.34295831465710447,2376.2464,6.157536,-0.3634462827696148,-0.06933108639671812,6.455998420715332,1.6315851211547852,5.146220286687215,1.131594816843668,717.3299999999999,558.2099999999998,1.0175803505218033,4.900000000000002,0.0,2798.738805113069,290.4041645731712,1115.5,542.9758354268289,84334.57880144152,0.33364904726931216,-825.0958354268288,294.29408599999994,280.576877638346,292.2059083807523,292.806489649946,291.30503647696173,293.2499971903761,290.4041645731712,-542.9758354268289,-542.9758354268289
2025-09-27 09:30:00,2025-09-27 10:30:00,2025-09-27 10:30:00,174.51000000000002,68.07600652485831,2025,9,27,9,30,0.7071067811865476,-0.7071067811865475,-1.0,-1.8369701987210297e-16,1,1,261.86,257.27000000000004,0.7769999999999999,49.321999999999996,212.53000000000003,53.1504606344648,10,10.0,31.25,26.4,31.4,74.84,1009.98,1.308,3.3,188.1,0.0,516.7,2.5313332080841064,3.228622436523437,282.3826599121094,17.885000228881836,0,0,0,1,0,30.7,25.9,76.0,4.0,110.0,5.0,,,True,True,True,True,ok_all_sources,ok,ok,ok,ok,616.55,542.61,466.45,242.38000000000002,58.340999999999994,459.32,3.5344,30.48,74.37,1009.71,3.0768749713897705,5.322500228881836,449.15333333333336,261.86,616.55,178.18012524783262,486.47499999999997,261.86,616.55,120.85392368475254,341.17972222222215,79.51500000000001,616.55,164.81374814577657,337.05383333333344,3.1708055555555554,28.86111111111111,78.86222222222221,0.7977777777777777,0.0,1.4954021738635168,6.531957983970642,-354.68999999999994,-204.58999999999997,0.7699999999999996,0.46999999999999886,0.8002131409077315,0.8002131409077315,880.2344549985047,1020.4479760945419,0.29748892299432295,0.5067931101219276,0.9824715496830368,0.002967234400061101,0.9824715496830368,2338.75,7.862499999999999,-0.18429881137435805,-1.2949509442932574,-0.5455417633056641,-2.093877792358399,1.0359310342205896,-3.303335547447205,537.035,354.68999999999994,-0.4386107835780898,5.0,0.0,911.7069914774037,716.5902784695035,261.86,-542.0802784695035,513501.6271970005,0.7022310742503871,454.73027846950345,715.7043884297523,740.3174143930501,797.0289270909036,823.8418099647038,756.8096027802035,756.3666577603279,716.5902784695035,542.0802784695035,542.0802784695035
2025-01-18 11:00:00,2025-01-18 12:00:00,2025-01-18 12:00:00,968.79,72.70414539538704,2025,1,18,11,0,0.258819045102521,-0.9659258262890682,0.49999999999999994,0.8660254037844387,1,1,324.89,1.0131999999999999,313.35999999999996,59.516999999999996,265.39,65.00164717414515,10,10.0,28.73,24.7,29.3,76.43,1007.5,0.0,0.0,266.5,0.0,288.5,10.22280979156494,8.838594436645508,250.20089721679688,28.80599975585937,0,0,0,0,1,28.8,24.5,77.0,5.0,300.0,8.0,,,True,True,True,True,ok_all_sources,ok,ok,ok,ok,309.20000000000005,411.82,370.68,342.09,177.66000000000003,1.1572,369.7199999999999,28.79,75.49000000000001,1007.4,6.483884334564209,8.580587387084961,325.49333333333334,309.20000000000005,342.39,16.603223582585773,375.1933333333334,309.20000000000005,459.83000000000004,58.721992700066544,335.5111111111111,210.63000000000002,459.83000000000004,58.56332077221441,3.534183333333333,328.23833333333334,28.163888888888884,79.5638888888889,0.0,0.0,6.764210364397834,9.191358061397777,15.68999999999994,-45.79000000000002,-0.05999999999999872,0.9399999999999977,0.9063199363506342,0.9063199363506342,996.9519299856977,1050.260543544739,0.32588331516110397,1.1261351819757366,0.0031185939856566837,0.9645110652836344,0.0031185939856566837,2195.8339,6.771660999999998,-0.0,-0.0,3.7389254570007306,0.2580070495605469,3.4585994271671057,-0.35276362475226897,249.20000000000002,150.63,-0.12352972914643363,4.600000000000001,0.0,2211.4242581840954,426.84369754387126,324.89,541.9463024561287,182195.54213292385,0.40641696021753726,101.95369754387127,442.61380988593163,436.39007708077474,439.80624961800254,444.12710030937967,433.3249735809369,441.2100297519671,426.84369754387126,-541.9463024561287,-541.9463024561287
2025-01-19 13:20:00,2025-01-19 14:20:00,2025-01-19 14:20:00,905.1900000000002,55.61432849931248,2025,1,19,13,20,-0.2588190451025208,-0.9659258262890683,0.49999999999999994,0.8660254037844387,1,1,1101.3,651.76,376.66,209.85999999999999,891.5,67.25096166693507,10,10.0,30.59,24.6,31.3,76.56,1006.6368631851097,0.012,2.3,257.6,1.2,390.0,10.749074935913086,10.177749633789062,239.3397674560547,43.54922103881836,0,0,0,0,1,30.5,26.0,77.0,7.0,280.0,6.0,,,True,True,True,True,ok_all_sources,ok,ok,ok,ok,1118.0,957.5,870.65,737.55,926.4100000000001,257.115,569.11,29.95,77.73,1007.7061096859993,4.474749565124512,11.061901092529297,1092.4333333333334,1058.0,1118.0,30.967133114535038,1042.6000000000001,957.5,1118.0,61.13153032601091,861.3394444444443,593.34,1118.0,168.14700320822993,308.15880555555555,510.1322222222221,30.14111111111111,76.68888888888888,0.014611111111111111,21.599999999999994,4.591900421513452,10.902048905690512,-16.700000000000045,230.64999999999998,0.6400000000000006,-1.1700000000000017,0.9222074621956845,0.9222074621956845,1014.4282084152529,907.7802350492011,1.0856362144349858,2.8238461538461537,0.5918096794697176,0.34201398347407613,0.5918096794697176,2341.9704,7.170296,-0.011720067340010016,-0.0025768239260047588,6.274325370788574,-0.8841514587402344,6.157174514399634,-0.7242992719014492,524.66,160.5,0.2649170160225119,6.699999999999999,0.0,2435.94023057702,364.8646560591391,1101.3,540.3253439408611,133126.21724115388,0.40193060167185035,-736.4353439408608,383.961880952381,374.41103559604267,420.6634682658637,439.2630723347719,392.76406216250143,402.3126746091224,364.8646560591391,-540.3253439408611,-540.3253439408611
2025-01-10 09:50:00,2025-01-10 10:50:00,2025-01-10 10:50:00,954.7,62.86347199187045,2025,1,10,9,50,0.7071067811865476,-0.7071067811865475,0.49999999999999994,0.8660254037844387,1,1,326.93999999999994,3.7408,319.44999999999993,58.181999999999995,268.76,50.87229947410644,10,10.0,26.08,25.2,26.5,97.30000000000001,1010.4713837760186,0.0,0.0,148.1,7.4,259.2,16.162307739257812,10.121376037597656,239.1586761474609,37.63114929199219,0,0,0,0,1,26.4,25.3,94.0,5.0,220.0,4.0,,,True,True,True,True,ok_all_sources,ok,ok,ok,ok,259.32000000000005,35.089,171.58999999999997,117.3,62.36999999999999,0.3963,168.79000000000002,26.09,100.0,1010.3138368148601,43.6943244934082,8.346136093139648,245.98333333333335,151.69,326.93999999999994,88.38292048429567,161.22266666666664,35.089,326.93999999999994,115.09076575236897,124.1588888888889,21.664,326.93999999999994,76.67869421844475,0.5991222222222222,122.54005555555553,25.947777777777777,97.83888888888889,0.0,86.0,45.33270061717314,8.547488324782428,67.61999999999989,155.34999999999997,-0.010000000000001563,-2.6999999999999886,0.7757414064625929,0.7757414064625929,853.3155471088522,978.9144181801114,0.38314079839247817,1.2613425925925925,0.011441854774576377,0.9770905976631797,0.011441854774576377,2537.5840000000003,0.704159999999997,0.0,-0.0,-27.53201675415039,1.7752399444580078,-29.170392877915326,1.5738877128152282,305.27599999999995,291.85099999999994,0.9053557899644501,1.3000000000000007,0.0,2420.614893942489,415.0517627519748,326.93999999999994,539.6482372480252,172267.96576352158,0.42399187819052947,88.11176275197488,425.6358393442623,424.5981422888783,417.0256178517872,417.68356955172464,416.03869030188105,421.33072859802473,415.0517627519748,-539.6482372480252,-539.6482372480252
2025-11-23 09:30:00,2025-11-23 10:30:00,2025-11-23 10:30:00,962.29,64.02891692946864,2025,11,23,9,30,0.7071067811865476,-0.7071067811865475,-0.5000000000000004,0.8660254037844384,1,1,361.71,356.16999999999996,2.7672,62.95800000000001,298.76,51.57592051656094,10,10.0,26.52,24.1,27.4,92.80000000000001,1010.325,2.692,5.6,306.6,0.0,252.8,15.244916915893556,6.526792526245117,264.062744140625,40.365047454833984,0,0,0,0,1,27.0,24.4,86.0,7.0,320.0,5.0,,,True,True,True,True,ok_all_sources,ok,ok,ok,ok,283.0,422.51000000000005,426.93999999999994,168.20999999999998,34.864,396.9700000000001,37.573,26.67,90.9,1010.1,6.923967361450195,7.363951206207275,316.6366666666667,283.0,361.71,40.5821886217751,360.9666666666667,283.0,422.51000000000005,56.76487810844544,263.3405,48.301,426.93999999999994,129.99548472260375,246.67494444444446,21.326922222222223,25.589444444444446,95.34444444444445,1.5865,193.20000000000002,12.234198252360025,8.828531159294975,78.70999999999998,-65.22999999999996,-0.15000000000000213,1.9000000000000057,0.7834323406644794,0.7834323406644794,861.7755747309274,988.9166934041834,0.41972644689185684,1.4308148734177213,0.9846838627629869,0.007650327610516712,0.9846838627629869,2461.056,1.9094399999999971,-2.1611846432144803,1.605037363407438,8.320949554443361,-0.8371586799621582,3.010718663533531,-2.301738633049858,378.63899999999995,139.51000000000005,-0.152784934651239,3.299999999999997,0.0,1723.4827449168079,422.771763196901,361.71,539.518236803099,178735.96375661655,0.4275099874607017,61.06176319690104,442.61380988593163,432.3181427338045,534.8062967469755,572.1511412636669,478.78902997193825,488.7100533164536,422.771763196901,-539.518236803099,-539.518236803099
2025-03-15 10:30:00,2025-03-15 11:30:00,2025-03-15 11:30:00,314.28000000000003,78.45667312628913,2025,3,15,10,30,0.49999999999999994,-0.8660254037844387,1.0,6.123233995736766e-17,1,1,1042.9,642.55,402.7300000000001,212.86000000000004,829.95,63.52855234059907,10,10.0,30.53,25.1,30.8,73.38000000000001,1009.6416670050467,0.291,1.2,249.4,0.0,882.0,5.045398235321045,7.783362865447998,256.4559936523437,11.61884593963623,0,0,0,1,0,30.4,25.3,74.0,4.0,260.0,6.0,,,True,True,True,True,ok_all_sources,ok,ok,ok,ok,780.37,605.3,725.75,396.41999999999996,153.61,253.05,576.27,30.3,71.78,1009.8377885795821,1.1449273824691772,10.86204433441162,800.0066666666667,576.75,1042.9,233.69457553253855,736.5166666666668,576.75,1042.9,170.401377302728,499.38277777777773,168.48,1042.9,246.50382225423547,314.93500000000006,240.0249444444445,29.103333333333335,77.35055555555556,0.06949999999999999,0.0,1.738258793073542,11.536736852982465,262.5300000000001,317.1500000000001,0.23000000000000043,1.6000000000000085,0.8951566052769361,0.8951566052769361,984.6722658046297,1077.751029414508,1.0591341263661869,1.1824263038548755,0.6161185156774378,0.38616358231853487,0.6161185156774378,2240.2914000000005,8.127085999999997,-0.2723933249000412,-0.10238591968576823,3.9004708528518677,-3.0786814689636213,3.307139442247503,-3.7533739875344665,874.4200000000001,466.1500000000001,0.43699621081639695,5.699999999999999,0.0,1996.0900576152194,851.199759472428,1042.9,-536.919759472428,724541.0305259193,0.7897925738329801,-191.70024052757208,854.0791603053435,886.4112418214962,863.6236040236082,867.7648855406683,857.411681748018,858.8513821644758,851.199759472428,536.919759472428,536.919759472428
2025-09-27 09:10:00,2025-09-27 10:10:00,2025-09-27 10:10:00,234.47999999999996,63.10825902609635,2025,9,27,9,10,0.7071067811865476,-0.7071067811865475,-1.0,-1.8369701987210297e-16,1,1,469.05,462.77,4.308200000000001,92.133,376.90000000000003,48.16585062088411,10,10.0,30.85,26.4,31.0,74.51,1010.065,1.713,3.277,127.6,0.0,479.6,1.575600028038025,4.26908016204834,276.783203125,21.33333396911621,0,0,1,0,0,30.7,25.9,76.0,4.0,110.0,5.0,,,True,True,True,True,ok_all_sources,ok,ok,ok,ok,542.61,496.45,407.22999999999996,161.20000000000002,18.705000000000002,407.81,3.5409999999999995,29.56,74.68,1009.8,1.3742856979370115,6.229714393615723,514.6633333333333,469.05,542.61,39.83530762192425,492.095,445.68,542.61,38.814112768424835,297.6910555555555,37.272999999999996,542.61,174.5539850582123,294.89016666666674,2.8504611111111107,28.19055555555556,80.84666666666666,0.7743333333333334,0.0,1.4013433940708637,6.905842125415802,-73.56,61.82000000000005,1.2900000000000027,-0.1700000000000017,0.7450786012103032,0.7450786012103032,819.5864613313336,981.0490112892923,0.5723008152649041,0.9780025020850709,0.986611235475962,0.009184948299754825,0.986611235475962,2298.6335000000004,7.863664999999998,1.3571921590674416,-1.0451786657628714,0.2013143301010134,-1.9606342315673828,0.17425663396716118,-2.636761963367462,505.337,96.93,0.15180610465830136,4.600000000000001,0.0,1181.6096816491336,771.1188718655881,469.05,-536.638871865588,594624.3145472573,0.7860146261726368,302.06887186558805,759.6671028037381,794.8460077891345,817.3172549832418,832.7167160224597,794.2180634244149,788.49217889349,771.1188718655881,536.638871865588,536.638871865588
2025-12-25 09:40:00,2025-12-25 10:40:00,2025-12-25 10:40:00,179.26,61.49963801810359,2025,12,25,9,40,0.7071067811865476,-0.7071067811865475,-2.4492935982947064e-16,1.0,1,1,429.16,396.26,45.02760000000001,79.59700000000001,349.54999999999995,49.734575842980874,10,10.0,28.78,25.7,29.1,88.7,1008.595,2.107,5.3,287.5,0.0,379.0,,,,,,0,0,0,0,28.5,25.4,83.0,6.0,290.0,6.0,,,True,True,False,True,warn_missing_source,ok,ok,,ok,411.73,342.93,364.11,171.13,37.581,284.63,132.642,28.35,87.7,1008.345,6.782500267028809,9.898125648498535,433.95,411.73,460.9599999999999,24.96209726765757,369.07166666666666,273.91999999999996,460.9599999999999,76.14464325654606,287.48405555555547,52.336,563.0899999999999,148.0747921091676,233.44394444444444,106.82181666666668,27.53055555555555,91.84833333333336,1.4251111111111114,32.0,14.847717453451718,10.036389406989603,17.430000000000007,65.05000000000001,0.4299999999999997,1.0,0.7630585040518186,0.7630585040518186,839.3643544570004,966.6955078685286,0.5112916669872539,1.1323482849604223,0.9233386149687761,0.10492030944170007,0.9233386149687761,2552.786,3.2521399999999994,-2.0094816152265143,0.6335871195555042,,,,,510.7539999999999,187.03999999999996,0.1786548021202384,3.400000000000002,,,715.5559156894936,429.16,-536.2959156894937,512020.26847822976,0.7402081729615422,286.3959156894936,715.7043884297523,739.2830516130402,771.7431453993901,790.4722219693556,743.6495305444419,743.7237669145711,715.5559156894936,536.2959156894937,536.2959156894937
2025-10-17 10:30:00,2025-10-17 11:30:00,2025-10-17 11:30:00,348.96,82.61945043405407,2025,10,17,10,30,0.49999999999999994,-0.8660254037844387,-0.8660254037844386,0.5000000000000001,1,1,546.02,350.79,202.693,102.917,443.2200000000001,69.14695541969922,10,10.0,31.02,27.5,31.2,77.78,1007.91,1.721,3.3,253.3,0.0,765.9,1.485135197639465,10.8692045211792,233.09918212890625,30.381816864013672,0,0,1,0,0,30.8,26.7,79.0,3.0,240.0,5.0,,,True,True,True,True,ok_all_sources,ok,ok,ok,ok,715.1000000000001,756.65,656.78,317.57000000000005,290.54,334.1,401.65199999999993,29.67,80.72,1008.56,1.5729576349258425,12.32945156097412,670.8566666666667,546.02,751.45,109.62880840971201,689.945,546.02,756.65,84.29044661170094,482.97888888888895,235.0,756.65,192.67846788608247,284.46555555555557,251.73072777777782,29.612777777777783,79.61222222222223,1.096277777777778,0.0,1.8886656270307653,12.485080999486586,-169.08000000000015,-110.75999999999999,1.3499999999999979,-2.9399999999999977,0.9344965168778356,0.9344965168778356,1027.9461685656192,1090.8863108132225,0.531175675047175,0.7129129129129129,0.6424489945423245,0.37121900296692434,0.6424489945423245,2412.7356,6.892643999999999,-1.648412513628787,-0.4945474546613541,-0.0878224372863774,-1.46024703979492,-0.40353042939130024,-1.6158764783073867,521.65,210.63,-0.16864094521757667,3.6999999999999993,0.0,2533.6026842786814,883.341402024449,546.02,-534.381402024449,780292.0325305193,0.8097465274506424,337.32140202444907,889.7694039735098,918.5528843735173,953.799255347026,977.2852064545517,918.5703286857375,921.784329660268,883.341402024449,534.381402024449,534.381402024449
2025-09-11 09:40:00,2025-09-11 10:40:00,2025-09-11 10:40:00,148.24,67.46978773271783,2025,9,11,9,40,0.7071067811865476,-0.7071067811865475,-1.0,-1.8369701987210297e-16,1,1,393.2699999999999,354.11,38.9014,70.33500000000001,322.92999999999995,53.19296128281724,10,10.0,27.79,23.5,28.0,79.06,1011.7,0.434,2.1,245.4,0.0,516.2,,,,,,0,0,0,0,25.8,24.7,94.0,2.0,270.0,5.0,,,True,True,False,True,warn_missing_source,ok,ok,,ok,468.34000000000003,394.65999999999997,177.54,120.73999999999998,23.363999999999997,173.01999999999998,0.43000000000000005,25.13,92.30000000000001,1011.6,7.79909086227417,6.7015461921691895,399.18333333333334,335.93999999999994,468.34000000000003,66.39778334653454,391.955,332.63,468.34000000000003,52.385693753161306,204.48294444444443,26.469,468.34000000000003,146.99592908227575,190.63755555555556,13.385005555555557,24.995555555555555,92.55777777777776,0.6293333333333334,139.2,12.167932342080508,7.25595760345459,-75.0700000000001,215.72999999999993,2.66,-13.240000000000009,0.800657775582437,0.800657775582437,880.7235531406807,1016.0453751257744,0.44653058113137767,0.7618558698178999,0.900424644646172,0.09891779184783993,0.900424644646172,2197.0774,5.819225999999999,-0.39460847132642773,-0.18066586384101416,,,,,441.87100000000004,135.71000000000004,1.2151064548834063,4.5,,,682.4398270860626,393.2699999999999,-534.1998270860626,465724.11759325495,0.6716627463626658,289.16982708606264,675.7742631578948,706.1669630096092,726.4143195887214,741.0724837562743,704.4270733373919,701.0942913733081,682.4398270860626,534.1998270860626,534.1998270860626
2025-09-23 10:10:00,2025-09-23 11:10:00,2025-09-23 11:10:00,310.16999999999996,77.16966856223321,2025,9,23,10,10,0.49999999999999994,-0.8660254037844387,-1.0,-1.8369701987210297e-16,1,1,836.5,146.87,567.3,156.73,679.96,62.54588344906002,10,10.0,31.17,25.0,31.4,73.87,1010.53,2.439,5.8,139.1,0.0,873.0,1.300853610038757,4.534353256225586,274.7062072753906,15.49000072479248,0,0,1,0,0,31.0,26.5,77.0,7.0,170.0,5.0,,,True,True,True,True,ok_all_sources,ok,ok,ok,ok,822.0,796.5600000000001,651.97,252.36000000000004,115.66,497.8,122.97799999999998,29.16,82.22,1011.14,3.253947496414185,6.090552806854248,822.0133333333333,807.54,836.5,14.480004604050853,797.7133333333333,705.8,836.5,47.00403500410016,458.59833333333336,111.6,836.5,276.22337606599143,250.6606666666667,157.00450555555557,28.546666666666667,83.25944444444445,1.7650555555555554,0.0,4.583230207948124,7.058354209451115,14.5,184.52999999999997,2.0100000000000016,-8.349999999999994,0.8873803249734772,0.8873803249734772,976.1183574708249,1072.5351269165085,0.8569657496939371,0.9581901489117984,0.1755768081291094,0.6781829049611476,0.1755768081291094,2302.5279,8.144720999999999,1.596912844656592,-1.8435266112998727,-1.953093886375428,-1.556199550628662,-3.2823765979093666,-2.5240009532255288,724.9,130.70000000000005,0.2830344954522447,6.399999999999999,0.0,1245.6149854645482,843.1910169010107,836.5,-533.0210169010107,710971.0909825605,0.786166341539925,6.691016901010698,843.1683458646615,878.4024992500789,890.4657863586883,906.2240428445808,866.8284016298495,866.8170661116749,843.1910169010107,533.0210169010107,533.0210169010107
2025-07-31 14:20:00,2025-07-31 15:20:00,2025-07-31 15:20:00,707.93,38.798113267134205,2025,7,31,14,20,-0.4999999999999997,-0.8660254037844388,-0.4999999999999997,-0.8660254037844388,1,1,98.60999999999999,90.376,0.39299999999999996,15.531,83.078,51.53844842448605,10,10.0,29.23,24.3,31.5,73.39,1008.0018520524721,0.0,3.6,216.4,0.0,95.6,6.904608249664307,7.22031307220459,259.0657653808594,33.964942932128906,0,0,0,1,0,29.4,25.4,79.0,2.0,250.0,6.0,,,True,True,True,True,ok_all_sources,ok,ok,ok,ok,121.07999999999997,200.55,272.38,431.23999999999995,376.42999999999995,256.6,4.2455,29.18,76.62,1008.3808444785208,7.439586639404297,7.53815746307373,146.13,98.60999999999999,218.7,63.84378513214894,177.85166666666666,98.60999999999999,231.60999999999999,54.63702898828475,357.7633333333333,98.60999999999999,907.4400000000002,245.14531829580784,299.5508888888889,45.86426111111112,29.804444444444446,72.95444444444443,0.7431666666666668,0.0,9.082921902338663,6.865335358513726,-22.469999999999985,-173.77,0.05000000000000071,-3.230000000000004,0.7830257200554505,0.7830257200554505,861.3282920609955,689.2359624247563,0.11448596418915362,1.0314853556485355,0.9164993408376434,0.003985397018557955,0.9164993408376434,2145.1897,7.778103,-0.0,-0.0,-0.5349783897399902,-0.31784439086913974,-2.1783136526743565,0.3549777136908636,808.8300000000002,133.0,-0.6379690138776709,7.199999999999999,0.0,1870.5359323401062,175.12412869243792,98.60999999999999,532.805871307562,30668.46045028556,0.25408443296595423,76.51412869243794,175.62511246458928,165.29684175761273,175.12412869243792,175.12412869243792,175.12412869243792,175.3746205785136,175.12412869243792,-532.805871307562,-532.805871307562
2025-03-19 12:50:00,2025-03-19 13:50:00,2025-03-19 13:50:00,315.34,66.00313990009394,2025,3,19,12,50,1.2246467991473532e-16,-1.0,1.0,6.123233995736766e-17,1,1,717.28,587.8700000000001,88.404,142.77,574.5400000000001,80.67816516530456,10,10.0,30.61,25.0,31.5,72.16000000000001,1008.2819517357701,1.569,4.0,280.1,0.0,542.4,3.495048761367798,12.648776054382324,220.92100524902344,23.37409019470215,0,0,0,1,0,30.4,25.0,73.0,8.0,280.0,6.0,,,True,True,True,True,ok_all_sources,ok,ok,ok,ok,902.1200000000001,824.95,779.17,669.8,639.55,632.87,113.54,30.2,74.12,1009.1269512324154,2.5584909915924072,12.198689460754396,819.8066666666667,717.28,902.1200000000001,94.06322625411771,804.9766666666666,717.28,902.1200000000001,67.21770679416751,697.9455555555555,435.93999999999994,914.74,147.85586296924134,542.828888888889,130.02718333333334,30.721666666666668,70.30055555555558,1.095,0.0,2.7017484638426037,12.537312666575113,-184.84000000000015,-61.889999999999986,0.41000000000000014,-1.9599999999999937,0.9867940591871407,0.9867940591871407,1085.4734651058548,1004.9245206962684,0.6607992024291918,1.3224188790560472,0.8195823109524873,0.12324894044166852,0.8195823109524873,2208.8176000000003,8.521823999999997,-1.544685489379891,0.2751503932383284,0.9365577697753906,0.4500865936279279,0.7933002975251942,0.11146338780721088,478.80000000000007,184.84000000000015,-0.07943067623240113,6.5,0.0,2794.3803211039194,847.6391769066461,717.28,-532.2991769066462,718492.1742269765,0.8434854155209128,130.3591769066461,854.0791603053435,882.8506592557143,853.171123115895,855.0151051856448,850.4051500112705,853.6251417106193,847.6391769066461,532.2991769066462,532.2991769066462
2025-10-26 09:10:00,2025-10-26 10:10:00,2025-10-26 10:10:00,207.79000000000002,63.880367960808826,2025,10,26,9,10,0.7071067811865476,-0.7071067811865475,-0.8660254037844386,0.5000000000000001,1,1,461.2799999999999,449.23,8.2071,83.97,377.31000000000006,49.5469387125615,10,10.0,27.96,25.1,28.1,83.13000000000001,1011.56,1.254,2.6,279.4,0.0,451.6,4.76533317565918,7.767016887664795,256.1912536621094,20.98690414428711,0,0,0,1,0,27.4,25.1,87.0,4.0,290.0,6.0,,,True,True,True,True,ok_all_sources,ok,ok,ok,ok,521.1200000000001,235.01,136.26000000000002,73.772,42.198,135.24,0.3348000000000001,26.32,91.30000000000001,1011.32,9.286776542663574,6.439636707305908,481.31,461.2799999999999,521.1200000000001,34.47669792773095,339.3666666666667,167.11,521.1200000000001,158.52400558485354,184.50722222222223,60.247,521.1200000000001,149.29902081533658,177.67100000000002,8.07466111111111,25.855,93.01277777777777,0.651,19.0,8.055898189544678,7.46321159250596,-59.8400000000002,325.01999999999987,1.6400000000000006,-8.170000000000002,0.760937760993154,0.760937760993154,837.0315370924694,987.6644587175049,0.5510903467297206,1.0214348981399466,0.9738770378078393,0.017792013527575447,0.9738770378078393,2324.3148000000006,4.716851999999998,-1.2371614906551398,0.20481075665099352,-4.5214433670043945,1.3273801803588867,-3.290565013885498,0.3038052951588348,460.8730000000001,354.0100000000001,2.385292822545133,3.0,0.0,1989.8417936656188,737.5129853235431,461.2799999999999,-529.7229853235431,543925.4035208448,0.7467242329254343,276.23298532354323,722.1531092436974,761.2401212470897,775.6095376569928,788.3083884348093,756.561261490268,748.881323450345,737.5129853235431,529.7229853235431,529.7229853235431
2025-10-06 11:50:00,2025-10-06 12:50:00,2025-10-06 12:50:00,996.5200000000001,76.05319365055288,2025,10,6,11,50,0.258819045102521,-0.9659258262890682,-0.8660254037844386,0.5000000000000001,1,1,314.39,308.34999999999997,0.6885000000000001,60.698,253.70999999999998,88.50158059491415,10,10.0,31.39,26.9,32.5,69.04,1010.875,1.748,5.2,195.3,0.0,314.4,16.397926330566406,5.694784164428711,267.8793029785156,21.42525100708008,0,0,0,0,1,31.5,26.2,74.0,5.0,190.0,5.0,,,True,True,True,True,ok_all_sources,ok,ok,ok,ok,371.68,385.96,472.21000000000004,589.9399999999999,661.4399999999999,265.99,215.45999999999998,30.72,73.89,1011.765,8.472530364990234,4.526469707489014,341.62000000000006,314.39,371.68,28.749655650111713,338.11833333333334,279.12,385.96,38.6262177370069,523.9344444444445,279.12,900.04,208.18800228815297,358.00444444444446,204.92263888888886,31.323333333333338,68.9238888888889,2.1609444444444446,0.0,8.078135434318991,4.20751831110786,-57.29000000000002,-157.82000000000005,0.6700000000000017,-4.849999999999994,0.9996580467277976,0.9996580467277976,1099.6238514005772,1067.5719003582983,0.2859068576946247,0.9999681933842239,0.9807881930086834,0.002189955151245269,0.9807881930086834,2167.1656000000003,9.718343999999998,-0.46125009133947203,-1.686046367464231,7.925395965576172,1.1683144569396973,8.319790896247415,1.4872658533208511,620.92,106.83999999999997,-0.3342157091124712,5.600000000000001,0.0,1525.5148125802516,466.8302975735048,314.39,529.6897024264953,217930.52673256706,0.4372823014701186,152.44029757350484,484.0293167420815,476.3766771104083,461.8368727236568,460.1723977737075,464.3335851485808,472.93309473286917,466.8302975735048,-529.6897024264953,-529.6897024264953
2025-06-16 12:00:00,2025-06-16 13:00:00,2025-06-16 13:00:00,189.33999999999997,59.829243711468266,2025,6,16,12,0,1.2246467991473532e-16,-1.0,1.2246467991473532e-16,-1.0,1,1,822.5,122.67999999999999,767.3599999999999,156.64000000000001,665.8599999999999,62.74916475805244,10,10.0,34.65,25.9,34.9,55.589999999999996,1006.9,2.082,4.7,58.58,0.0,869.0,2.6082353591918945,3.2118234634399414,283.3123779296875,14.042499542236328,0,0,0,1,0,34.6,25.4,59.0,5.0,100.0,7.0,,,True,True,True,True,ok_all_sources,ok,ok,ok,ok,814.6,791.57,761.33,645.7699999999999,471.77,132.81,729.45,33.51,61.22,1007.4,1.2336363792419434,6.417910575866699,813.84,804.42,822.5,9.063928508102883,795.3083333333334,756.83,822.5,23.95042664894858,698.2388888888889,502.65,822.5,97.54450953215812,116.19722222222221,719.0283333333333,33.038333333333334,61.25222222222221,1.1696111111111112,0.0,1.2882589662776274,4.0094402677872605,7.899999999999977,61.16999999999996,1.1400000000000006,-5.630000000000003,0.8890104666326122,0.8890104666326122,977.9115132958734,950.9845732979513,0.8410781433873428,0.9464902186421174,0.14915501519756838,0.9329604863221883,0.14915501519756838,1926.1934999999999,15.388065000000001,1.776714005260874,1.0853623097887,1.3745989799499512,-3.206087112426758,1.3199763929142672,-0.7976168043473191,319.85,65.66999999999996,0.08034623619192723,9.0,0.0,909.9493429175345,717.5005791355724,822.5,-528.1605791355723,514807.0810598817,0.7544818278674364,-104.99942086442763,715.7043884297523,741.227715059119,741.3442795282186,749.2921796591007,729.4224293318955,728.5243339789854,717.5005791355724,528.1605791355723,528.1605791355723
2025-12-07 12:20:00,2025-12-07 13:20:00,2025-12-07 13:20:00,1124.0,62.72933596037829,2025,12,7,12,20,1.2246467991473532e-16,-1.0,-2.4492935982947064e-16,1.0,1,1,626.92,563.0,58.324,123.63000000000002,503.3,70.57424192207664,10,10.0,28.38,25.8,28.9,85.87,1009.95,3.234,7.9,252.5,0.0,748.3,13.43479347229004,7.160628318786621,258.8913269042969,46.28842544555664,0,0,0,0,1,28.2,25.4,85.0,5.0,290.0,5.0,,,True,True,True,True,ok_all_sources,ok,ok,ok,ok,853.3100000000001,498.18,935.15,994.8100000000001,335.48,640.7700000000001,313.1286,28.19,84.67,1010.695,13.482748985290527,5.698216915130615,745.8733333333334,626.92,853.3100000000001,113.63354800996646,690.1033333333334,498.18,853.3100000000001,132.8234673040373,816.303888888889,498.18,1104.3,168.6844340647697,469.1905555555556,405.79630555555553,28.064999999999998,85.71944444444443,3.1425555555555564,0.0,12.879853024202234,5.791700615602381,-226.3900000000001,-308.23,0.18999999999999773,1.2000000000000028,0.9430732351924186,0.9430732351924186,1037.3805587116603,977.7371438035608,0.6043298139099329,0.8377923292797006,0.898041217380208,0.09303260384100046,0.898041217380208,2436.9906,4.010093999999999,-3.084320618719766,-0.9724825555968187,-0.047955513000486505,1.4624114036560059,0.5549404480878071,1.36892770318424,606.1199999999999,355.13000000000005,-0.32960487622306583,3.099999999999998,0.0,1853.8245669191529,595.9997854808034,626.92,528.0002145191966,355215.7442931637,0.6095705673636012,-30.92021451919652,583.8789683377307,616.1720413917359,659.5698219614218,680.7598341216279,627.7848037211127,621.7243951495763,595.9997854808034,-528.0002145191966,-528.0002145191966
2025-04-02 14:00:00,2025-04-02 15:00:00,2025-04-02 15:00:00,778.95,46.75716737301654,2025,4,2,14,0,-0.4999999999999997,-0.8660254037844388,0.8660254037844387,-0.4999999999999998,1,1,1046.9,274.84,799.2,222.44,824.6099999999999,61.301469881923346,10,10.0,29.13,24.8,31.4,86.80000000000001,1007.4,3.57,7.3,254.8,0.0,1015.0,11.722681999206545,11.183622360229492,231.603515625,43.6854362487793,0,0,0,0,1,29.4,26.5,84.0,10.0,280.0,7.0,,,True,True,True,True,ok_all_sources,ok,ok,ok,ok,968.4,908.6,603.58,1022.4,613.25,558.35,16.9801,30.12,79.14,1008.4,5.773142814636231,5.336209774017334,1027.4333333333334,968.4,1067.0,52.102815023118836,978.6,836.7,1067.0,91.53825429840794,906.8605555555555,603.58,1270.7,197.00359499473527,496.04999999999995,381.5621,30.123888888888885,79.30055555555556,2.3255,0.0,5.211972667111291,6.631652805540297,78.50000000000011,443.32000000000005,-0.990000000000002,7.660000000000011,0.8771584832046152,0.8771584832046152,964.8743315250767,801.3023443049512,1.0850117634959506,1.0314285714285716,0.26252746203075744,0.7633966950042984,0.26252746203075744,2528.4840000000004,3.845159999999997,-3.4451088852661518,-0.9360153677478859,5.949539184570313,5.847412586212158,6.510709332095254,4.551969554689196,667.12,230.29999999999995,0.734484244010736,6.599999999999998,0.0,2590.1662560515106,252.4291515133689,1046.9,526.5208484866312,63720.476533759356,0.3150236028977622,-794.4708484866312,255.00189502074696,242.6018645785437,252.4291515133689,252.4291515133689,252.4291515133689,253.71552326705793,252.4291515133689,-526.5208484866312,-526.5208484866312
2025-06-07 09:40:00,2025-06-07 10:40:00,2025-06-07 10:40:00,89.15700000000001,56.3513640155564,2025,6,7,9,40,0.7071067811865476,-0.7071067811865475,1.2246467991473532e-16,-1.0,1,1,382.55,356.79999999999995,31.3765,71.76000000000002,310.79,45.825773541584056,10,10.0,28.43,24.7,28.9,86.7,1010.2982914251608,0.046,1.7,268.8,0.0,308.1,,,,,,0,0,0,0,28.4,25.7,85.0,2.0,220.0,5.0,,,True,True,False,True,warn_missing_source,ok,ok,,ok,308.2,176.72,439.23,285.66999999999996,41.243,321.83000000000004,200.65,28.5,86.4,1009.9824175732342,4.033186435699463,9.710285186767578,294.82666666666665,193.73,382.55,95.11773038363215,259.18833333333333,171.22,382.55,89.97721209654514,267.19100000000003,65.548,439.23,106.86505716969583,197.58277777777778,162.774,27.323333333333334,90.22111111111111,0.2284444444444445,17.2,4.013431683182716,10.263337582349777,74.35000000000002,-56.68000000000001,-0.07000000000000028,0.29999999999999716,0.717224143088159,0.717224143088159,788.9465573969749,915.6963087831016,0.4848870895161433,1.241642323920805,0.9326885374460854,0.08201934387661744,0.9326885374460854,2464.881,3.781189999999999,-0.04598991143984289,-0.0009633513146344094,,,,,373.682,211.33,-0.1290440088336407,4.199999999999999,,,615.1606714081556,382.55,-526.0036714081556,378422.6516473328,0.6717955128875233,232.6106714081556,617.1308193430656,635.3329273190881,658.1140216881747,672.4318051148477,636.6373465481652,637.6224205156202,615.1606714081556,526.0036714081556,526.0036714081556
2025-04-16 10:20:00,2025-04-16 11:20:00,2025-04-16 11:20:00,156.76000000000002,72.09859796284351,2025,4,16,10,20,0.49999999999999994,-0.8660254037844387,0.8660254037844387,-0.4999999999999998,1,1,547.1,377.05999999999995,162.022,104.744,442.32,60.20949043370479,10,10.0,29.2,25.6,30.2,79.22,1010.384504694113,0.876,3.6,273.0,0.0,410.6,14.12066650390625,3.738358497619629,280.1588439941406,20.80527305603028,0,0,0,0,1,29.4,25.1,78.0,7.0,310.0,5.0,,,True,True,True,True,ok_all_sources,ok,ok,ok,ok,397.80999999999995,734.39,476.92999999999995,184.65,187.32999999999998,319.65,200.45,28.73,79.28,1010.2045545889684,4.999393463134766,5.210798740386963,482.67333333333335,397.80999999999995,547.1,76.71452947997099,604.82,397.80999999999995,805.95,151.68959885239335,431.0005555555556,142.31,805.95,185.62461536414014,246.01616666666666,285.65520555555554,28.246666666666666,82.61500000000001,0.4335555555555555,0.0,8.23678580452414,4.445386928670547,149.29000000000008,70.17000000000007,0.46999999999999886,-0.060000000000002274,0.8678477598911505,0.8678477598911505,954.6325358802656,1046.7455707802537,0.5731000981393535,1.332440331222601,0.6891975872783768,0.2961469566806799,0.6891975872783768,2313.2239999999997,6.067760000000001,-0.8747994724450067,0.0458462976688189,9.121273040771484,-1.472440242767334,5.883880699382109,-0.7070284310509178,663.6400000000001,408.1400000000001,0.14712850942486336,4.599999999999998,0.0,1047.3341951287875,681.7852231949045,547.1,-525.0252231949045,464831.0905669257,0.6513380540857656,134.68522319490444,675.7742631578948,705.5123591184511,767.7143000763259,796.3573257034664,724.7497616356152,721.7442816171103,681.7852231949045,525.0252231949045,525.0252231949045
2025-09-10 12:50:00,2025-09-10 13:50:00,2025-09-10 13:50:00,1012.0,61.881980846653676,2025,9,10,12,50,1.2246467991473532e-16,-1.0,-1.0,-1.8369701987210297e-16,1,1,263.9,258.5,0.4423,49.327999999999996,214.57,75.23362481863384,10,10.0,29.54,25.2,31.4,75.09,1008.575,2.364,6.4,290.7,0.0,267.5,12.841999053955078,4.4498820304870605,275.6860656738281,15.399600982666016,0,0,0,0,1,30.4,25.2,74.0,8.0,280.0,6.0,,,True,True,True,True,ok_all_sources,ok,ok,ok,ok,290.68,565.03,1047.2,920.9,891.1600000000001,248.57000000000002,770.26,30.27,73.52000000000001,1009.115,10.98154640197754,4.945361137390137,293.1333333333333,263.9,324.82000000000005,30.534009453940605,541.4649999999999,263.9,1015.1299999999999,307.62699431291776,790.3022222222221,263.9,1047.2,251.36281241536005,248.08777777777772,545.8189000000001,30.33611111111111,71.03833333333333,2.789111111111111,0.0,7.687598864237468,5.0200362470414905,-26.78000000000003,-783.3000000000001,-0.7300000000000004,1.5699999999999932,0.9669731339715238,0.9669731339715238,1063.6704473686762,970.17656141511,0.24810316076077862,0.9865420560747663,0.9795377036756348,0.0016760136415308832,0.9795377036756348,2218.1586,7.358413999999999,-2.2113896888818068,0.8356145306941628,1.8604526519775373,-0.49547910690307617,5.15440018971761,-0.57015421655443,783.3000000000001,751.2299999999999,-0.7479946524064172,6.199999999999999,0.0,1226.7704696976434,487.155624648542,263.9,524.844375351458,237320.60262671116,0.5021308945435371,223.25562464854204,493.0589215686276,496.7020041854455,518.7042952471139,529.2205187799713,502.92995994782797,505.8816084078708,487.155624648542,-524.844375351458,-524.844375351458
2025-11-23 09:10:00,2025-11-23 10:10:00,2025-11-23 10:10:00,858.0600000000001,60.09009925464176,2025,11,23,9,10,0.7071067811865476,-0.7071067811865475,-0.5000000000000004,0.8660254037844384,1,1,305.20000000000005,302.09999999999997,3.4231000000000003,53.363,251.83999999999997,47.1295327049193,10,10.0,27.08,24.1,27.4,88.9,1010.255,2.798,4.8,306.6,0.0,387.5,17.512561798095703,6.482413291931152,264.2561950683594,44.54559326171875,0,0,0,0,1,27.0,24.4,86.0,7.0,320.0,5.0,,,True,True,True,True,ok_all_sources,ok,ok,ok,ok,422.51000000000005,379.63,419.38,120.27000000000001,15.581,309.76,171.56600000000003,25.84,95.4,1010.02,5.296280860900879,8.555181503295898,380.4866666666667,305.20000000000005,422.51000000000005,65.34711954886251,379.1383333333333,305.20000000000005,426.93999999999994,52.09700237697622,230.8366666666667,24.776999999999997,426.93999999999994,146.99220821086362,214.5367777777778,21.141866666666665,25.25722222222222,96.29444444444447,1.2473333333333332,322.0,13.1666379255407,9.253125246833353,-117.31,-114.17999999999995,1.2399999999999984,-6.5,0.7328936742248845,0.7328936742248845,806.183041647373,953.4916567113032,0.3785740759025982,0.7876129032258066,0.9898427260812579,0.011215923984272607,0.9898427260812579,2407.412,3.0058799999999986,-2.2462832955847385,1.668237200153793,12.216280937194824,-2.072768211364746,4.345923872555003,-2.7707119549022003,402.16299999999995,121.7399999999999,-0.27225904907244014,3.299999999999997,0.0,1713.0178713862842,333.8788658953291,305.20000000000005,524.181134104671,111475.09709155116,0.3501644335797481,28.678865895329068,327.8641347150259,343.4252454322326,394.29319605390447,414.4313061067629,364.0860309746168,361.0786653844652,333.8788658953291,-524.181134104671,-524.181134104671
2025-10-17 12:20:00,2025-10-17 13:20:00,2025-10-17 13:20:00,270.07,67.41606379420361,2025,10,17,12,20,1.2246467991473532e-16,-1.0,-0.8660254037844386,0.5000000000000001,1,1,742.45,459.33000000000004,278.0962,142.88500000000002,599.55,81.25165085395238,10,10.0,32.44,27.5,32.6,64.97,1006.145,3.232,5.7,173.3,0.0,394.8,3.37842059135437,10.26994800567627,238.40386962890625,47.95145797729492,0,0,0,1,0,32.5,26.1,69.0,9.0,210.0,6.0,,,True,True,True,True,ok_all_sources,ok,ok,ok,ok,846.29,767.8699999999999,1036.75,715.1000000000001,487.59,457.8,580.25,30.69,77.64,1007.38,2.127011299133301,10.414920806884766,799.4399999999999,742.45,846.29,52.65739359292285,702.3183333333333,348.96,846.29,180.56314744893726,730.6122222222223,348.96,1036.75,163.23447662634607,405.96777777777777,343.81051111111105,31.040000000000003,74.95944444444446,2.178166666666667,0.0,2.150525352534126,10.80183640648337,-103.83999999999992,-294.29999999999995,1.7499999999999964,-12.670000000000002,0.9883658931638222,0.9883658931638222,1087.2024824802045,1015.6497166283511,0.6828994708568635,1.8805724417426546,0.6186679237659102,0.3745655599703684,0.6186679237659102,2107.6268,11.363732,0.37707982230504467,-3.2099275393083873,1.2514092922210693,-0.1449728012084961,1.2278952388202442,-0.5318884008070999,687.79,497.33,-0.28386785628164934,5.100000000000001,0.0,2448.395345440891,793.8684008769113,742.45,-523.7984008769113,630227.0379108643,0.7816360186780866,51.41840087691128,787.1226262626265,817.5955368004579,821.6752219851027,830.9441623544998,807.771811431007,804.3989241238646,793.8684008769113,523.7984008769113,523.7984008769113
2025-12-07 12:50:00,2025-12-07 13:50:00,2025-12-07 13:50:00,893.61,57.0664500334414,2025,12,7,12,50,1.2246467991473532e-16,-1.0,-2.4492935982947064e-16,1.0,1,1,431.39,416.03000000000003,7.1288,84.22,347.16999999999996,67.46413572175045,10,10.0,27.3,25.8,28.9,90.9,1009.86,3.837,7.9,250.8,0.0,346.2,17.499670028686523,8.660512924194336,247.96701049804688,44.746726989746094,0,0,0,0,1,28.2,25.4,85.0,5.0,290.0,5.0,,,True,True,True,True,ok_all_sources,ok,ok,ok,ok,337.63,626.92,498.18,1031.25,894.1,486.44000000000005,4.7674,28.21,85.83000000000001,1010.24,11.57289218902588,6.652620792388916,400.87000000000006,337.63,433.59,54.77849212966709,573.3716666666668,337.63,853.3100000000001,205.11825022817135,747.9211111111109,337.63,1104.3,228.53391927133342,477.941111111111,303.4362222222223,27.96222222222222,86.62722222222224,3.250166666666667,0.0,13.40933460659451,6.252661254670885,93.75999999999999,-66.79000000000002,-0.9100000000000001,5.069999999999993,0.9236398109381687,0.9236398109381687,1016.0037920319855,923.2318268813558,0.42459487197112655,1.2460716348931253,0.964394167690489,0.01652518602656529,0.964394167690489,2481.57,2.484299999999999,-3.623572132601215,-1.261861323535943,5.926777839660643,2.00789213180542,4.090335422092014,2.407851669523451,766.67,515.6800000000001,-0.13406800754747283,3.099999999999998,0.0,2147.5214991921675,370.54572634981196,431.39,523.064273650188,137304.13531610972,0.40135718414463917,-60.84427365018803,383.961880952381,380.09210588671544,355.5077325919309,350.49506800597055,363.02672947087143,369.73480677215593,370.54572634981196,-523.064273650188,-523.064273650188
2025-03-02 12:20:00,2025-03-02 13:20:00,2025-03-02 13:20:00,924.1,74.39431380925666,2025,3,2,12,20,1.2246467991473532e-16,-1.0,1.0,6.123233995736766e-17,1,1,1040.9,159.64000000000001,785.65,208.76000000000005,831.8,86.29444957682077,10,10.0,31.61,25.1,32.5,74.18,1007.9332579895334,0.139,1.9,221.3,0.0,154.5,10.450605392456056,7.22084903717041,257.248779296875,31.132572174072266,0,0,0,0,1,31.8,26.8,75.0,5.0,240.0,8.0,,,True,True,True,True,ok_all_sources,ok,ok,ok,ok,1032.3,1014.0,992.1,762.49,661.36,246.31000000000003,683.94,31.0,78.87,1009.3580830646273,3.0130186080932617,4.877547264099121,1031.6333333333334,1021.7,1040.9,9.617345441094084,1019.9166666666666,1004.4,1040.9,14.565358446213024,885.3283333333334,458.68,1040.9,152.15923158284667,205.7961111111111,658.8584,31.167777777777776,74.68055555555557,0.06094444444444444,0.0,3.1370641413856957,6.01525146820966,8.600000000000136,48.80000000000007,0.6099999999999994,-4.689999999999998,0.9979093621411835,0.9979093621411835,1097.7002983553018,1059.4494610831143,0.948255185463276,6.737216828478965,0.1533672783168412,0.7547795177250456,0.1533672783168412,2344.8298,8.161701999999998,-0.09174023184657025,-0.10442571455698801,7.437586784362795,2.343301773071289,7.313541251070361,1.2055975689607505,582.22,36.500000000000114,0.049188589859893224,7.399999999999999,0.0,1857.5546002991032,403.0527902319343,1040.9,521.0472097680657,162451.55171374764,0.3804360708436989,-637.8472097680658,409.31051428571436,412.5991697688378,438.17814322193226,449.8865942185982,420.6154667269333,423.7443287538233,403.0527902319343,-521.0472097680657,-521.0472097680657
2025-04-04 09:40:00,2025-04-04 10:40:00,2025-04-04 10:40:00,126.75999999999999,65.76775473682821,2025,4,4,9,40,0.7071067811865476,-0.7071067811865475,0.8660254037844387,-0.4999999999999998,1,1,344.77,324.65999999999997,9.7706,67.124,277.63,51.49318586171726,10,10.0,27.04,25.5,28.5,93.30000000000001,1010.4833555975342,0.853,2.6,230.4,1.4,310.6,,,,,,0,0,0,0,27.3,25.4,89.0,6.0,240.0,5.0,,,True,True,False,True,warn_missing_source,ok,ok,,ok,351.18999999999994,472.75,243.7,194.99,66.191,231.39000000000001,10.5097,27.86,87.2,1009.9192811262044,14.756847381591797,11.201045036315918,383.77,344.77,455.35,62.07315361732481,355.3883333333333,195.09000000000003,472.75,101.36426360738122,274.50222222222214,104.14000000000001,472.75,109.54523409267196,234.76800000000003,75.45882222222221,26.815,91.16055555555555,0.3841666666666666,17.2,16.848877177518958,11.435438885408288,-6.419999999999959,101.07,-0.8200000000000003,6.1000000000000085,0.7825341161821268,0.7825341161821268,860.7875278003395,1003.0782000674449,0.40052857280707455,1.1100128783000642,0.9416712591002697,0.028339472691939555,0.9416712591002697,2522.8320000000003,1.8116799999999968,-0.6572477960877483,-0.5437226632556321,,,,,368.61,277.65999999999997,0.4147312269183422,3.0,,,647.6313610321198,344.77,-520.8713610321198,419426.3797923159,0.6456439398130419,302.8613610321198,650.7452674418605,667.8036169430522,724.506847924772,750.1320102223228,686.069104478446,687.6260576833163,647.6313610321198,520.8713610321198,520.8713610321198
2025-04-30 10:20:00,2025-04-30 11:20:00,2025-04-30 11:20:00,204.61,68.69845809278483,2025,4,30,10,20,0.49999999999999994,-0.8660254037844387,0.8660254037844387,-0.4999999999999998,1,1,328.37,320.08,10.4046,62.38900000000001,265.99,58.47382964501624,10,10.0,30.6,26.0,31.2,74.61,1008.7615875589404,0.222,2.3,238.6,0.0,403.3,2.280900716781616,11.01688289642334,232.7548370361328,32.97553634643555,0,0,0,1,0,30.6,25.8,76.0,2.0,230.0,8.0,,,True,True,True,True,ok_all_sources,ok,ok,ok,ok,410.3299999999999,622.09,482.36,369.8,87.229,311.91,231.50900000000001,30.37,73.21000000000001,1008.9649621203932,1.871341228485108,12.585342407226562,438.9333333333334,328.37,578.1000000000001,127.29839446486885,496.9416666666666,328.37,622.09,117.40219851717715,384.25333333333333,119.52000000000001,622.09,145.67716705098297,258.725,191.20503333333332,29.330000000000002,78.56111111111109,0.15294444444444444,0.0,1.9571583902134615,11.77717893263873,-81.95999999999992,-153.99,0.23000000000000043,1.3999999999999915,0.8524014195705737,0.8524014195705737,937.6415615276311,1024.8495968308282,0.350208452220282,0.8142077857674188,0.9747540883759174,0.03168559856259707,0.9747540883759174,2283.0660000000003,7.769340000000001,-0.1894882769951227,-0.11566413826860793,0.4095594882965081,-1.5684595108032227,0.3237423265681547,-0.7602960362153901,502.57000000000005,293.72,-0.3192428891284518,5.199999999999999,0.0,2564.2327832031733,725.4260435049214,328.37,-520.8160435049214,526242.9445952041,0.7078365896304952,397.0560435049214,720.7239896373056,749.1531794284679,795.0310485730132,818.2327169290438,760.2285460389674,757.8775191051594,725.4260435049214,520.8160435049214,520.8160435049214
2025-04-02 10:20:00,2025-04-02 11:20:00,2025-04-02 11:20:00,1270.7,74.8306948169732,2025,4,2,10,20,0.49999999999999994,-0.8660254037844387,0.8660254037844387,-0.4999999999999998,1,1,387.29999999999995,356.55999999999995,37.85600000000001,79.543,307.73,61.16954465508111,10,10.0,30.1,24.8,30.8,75.59,1010.3913781186263,0.2,2.1,269.2,0.0,341.9,2.1986727714538574,9.272892951965332,245.3952178955078,31.05599975585937,0,0,0,1,0,29.5,25.5,79.0,2.0,100.0,7.0,,,True,True,True,True,ok_all_sources,ok,ok,ok,ok,393.77000000000004,315.54,300.57000000000005,470.7700000000001,87.25,297.01000000000005,1.9047,29.93,74.24000000000001,1010.4282386694225,6.322410583496094,9.694589614868164,389.45666666666665,387.29999999999995,393.77000000000004,3.735456241656907,342.02,278.8,393.77000000000004,53.37488210759811,371.3366666666667,146.52999999999997,672.3199999999999,143.26722493709605,253.31555555555556,195.6239666666666,28.92333333333334,80.66722222222222,0.0857222222222222,0.0,6.095465323504279,9.354493365568274,-6.470000000000084,86.7299999999999,0.1700000000000017,1.3499999999999943,0.8760504820000663,0.8760504820000663,963.6555302000729,1061.6724991894357,0.4019071004756121,1.132787364726528,0.9206300025819778,0.09774335140717794,0.9206300025819778,2275.259,7.34741,-0.19998050480186086,-0.0027924360678290953,-4.123737812042236,-0.42169666290283203,-3.896792552050422,-0.08160041360294201,525.79,114.97000000000003,0.2885517516718232,6.0,0.0,2275.5235864692513,750.505404169155,387.29999999999995,520.1945958308451,563258.3616871067,0.7069085850317776,363.20540416915503,734.2438022922636,774.2325400927016,818.298966922427,840.8968211735177,784.402185545791,776.2713846073452,750.505404169155,-520.1945958308451,-520.1945958308451
2025-03-05 14:30:00,2025-03-05 15:30:00,2025-03-05 15:30:00,817.68,42.229742134748065,2025,3,5,14,30,-0.4999999999999997,-0.8660254037844388,1.0,6.123233995736766e-17,1,1,878.9,100.57000000000001,816.1,184.63,694.3800000000001,57.13504430986801,10,10.0,30.52,26.3,31.0,80.60000000000001,1006.6966239998533,0.089,2.6,239.2,0.2,919.0,8.683156967163086,8.707298278808594,247.38966369628903,39.34749221801758,0,0,0,1,0,30.5,26.7,80.0,8.0,240.0,6.0,,,True,True,True,True,ok_all_sources,ok,ok,ok,ok,896.4,936.9,989.9,1033.6,1090.8,82.41999999999999,816.04,29.84,83.84,1008.2586310487023,3.0255556106567383,4.66359281539917,898.3666666666667,878.9,919.8,20.520802453445395,926.9166666666665,878.9,974.6,35.89971680482546,979.6899999999999,875.5900000000001,1033.6,56.27492765302265,96.8363888888889,775.2467777777778,30.12222222222222,80.59611111111111,0.2081111111111111,3.600000000000001,3.8320099777645535,4.804014020495945,-17.5,-111.0,0.6799999999999997,-3.239999999999995,0.8399519339174568,0.8399519339174568,923.9471273092025,739.3155540319539,0.9512449078765008,0.9563656147986942,0.1144271248151098,0.9285470474456707,0.1144271248151098,2459.9120000000003,5.920879999999998,-0.07644743082682912,-0.0455718149734809,5.657601356506348,4.043705463409424,4.851146989398533,3.903284258312649,158.00999999999976,95.70000000000005,-0.11213253864026669,4.699999999999999,0.0,2154.095592897734,297.91837321309384,878.9,519.7616267869062,88755.35709793627,0.4029651095372701,-580.9816267869062,294.29408599999994,288.0910862782687,297.91837321309384,297.91837321309384,297.91837321309384,296.1062296065469,297.91837321309384,-519.7616267869062,-519.7616267869062
2025-06-17 12:30:00,2025-06-17 13:30:00,2025-06-17 13:30:00,885.9599999999998,56.0250220308107,2025,6,17,12,30,1.2246467991473532e-16,-1.0,1.2246467991473532e-16,-1.0,1,1,162.5,159.06,0.39299999999999996,27.352999999999998,135.15,62.171369160988135,10,10.0,25.52,25.4,28.2,100.0,1009.806127330554,3.617,7.1,246.8,1.2,140.9,18.42898178100586,3.829771280288696,279.2873840332031,20.42417335510254,0,0,0,0,1,25.7,24.7,94.0,9.0,260.0,5.0,,,True,True,True,True,ok_all_sources,ok,ok,ok,ok,160.62,171.21,388.13,338.15999999999997,77.36800000000001,379.37,2.4788,26.53,93.80000000000001,1010.4879509333025,21.19166755676269,3.433825254440308,236.63,160.62,386.77,130.0284518865006,258.2683333333334,160.62,386.77,105.4695697187898,295.2955555555555,160.62,408.33000000000004,79.89907031942546,282.98055555555555,8.48908888888889,26.62555555555555,95.73333333333333,2.8019444444444446,2.5999999999999996,19.994713502771713,3.4303313002866855,1.8799999999999955,-225.63,-1.0100000000000016,6.199999999999989,0.8843478102563388,0.8843478102563388,972.7825912819727,912.2098726817458,0.16704657490411176,1.1533002129169623,0.9788307692307693,0.002418461538461538,0.9788307692307693,2552.0,0.0,-3.324512522086183,-1.4248878869904698,-2.7626857757568324,0.3959460258483878,-1.5657317217658537,0.3994399800020103,247.71000000000004,226.14999999999998,-0.581325844433566,2.8000000000000007,0.0,1069.606802317321,367.87908783383443,162.5,518.0809121661654,135335.02326545407,0.4032833877935687,205.37908783383443,383.961880952381,377.4254673707379,315.1434448093296,297.5648971344947,341.511266321582,349.55266288085534,367.87908783383443,-518.0809121661654,-518.0809121661654
2025-05-07 12:20:00,2025-05-07 13:20:00,2025-05-07 13:20:00,177.2,61.984821145579325,2025,5,7,12,20,1.2246467991473532e-16,-1.0,0.49999999999999994,-0.8660254037844387,1,1,892.5,143.63000000000002,754.15,176.37,716.1199999999999,69.08472178988737,10,10.0,32.06,26.1,33.1,73.17,1006.7350750441485,1.642,4.1,223.3,0.0,929.0,6.2248077392578125,2.9480769634246826,285.17596435546875,29.5914306640625,0,0,0,1,0,31.9,26.8,74.0,8.0,250.0,5.0,,,True,True,True,True,ok_all_sources,ok,ok,ok,ok,900.3,901.6,747.75,647.86,621.71,212.0,555.845,31.0,79.48,1008.1142255976241,2.711860418319702,4.738465309143066,898.0666666666666,892.5,901.4,4.8521472909767285,898.4,892.5,901.6,4.112906514862685,788.2016666666665,591.2,928.3,116.96664628909237,184.8888888888889,655.2902611111111,31.785555555555547,72.35000000000001,1.0649444444444445,0.0,2.748777010861565,3.2263883562649,-7.7999999999999545,144.75,1.0600000000000023,-6.310000000000002,0.9341093151126078,0.9341093151126078,1027.5202466238686,971.1055079075969,0.8685960232243543,0.9607104413347686,0.16092997198879555,0.8449859943977591,0.16092997198879555,2345.8302000000003,8.601698,-1.1261137355067516,-1.1950028680731395,3.5129473209381104,-1.7903883457183838,3.4760307283962475,-0.2783113928402172,337.0999999999999,9.100000000000023,0.19358074222668004,7.0,0.0,840.7206910387758,695.0652968108723,892.5,-517.8652968108722,483115.76683078596,0.7157464262647447,-197.43470318912773,686.5027906976743,718.7924327344188,743.3007280428202,759.3792051201362,719.1830124268463,714.9017593702472,695.0652968108723,517.8652968108722,517.8652968108722
2025-09-27 09:20:00,2025-09-27 10:20:00,2025-09-27 10:20:00,307.55,65.59354586690564,2025,9,27,9,20,0.7071067811865476,-0.7071067811865475,-1.0,-1.8369701987210297e-16,1,1,616.55,593.8900000000001,6.032900000000001,131.033,485.5400000000001,50.658472398997525,10,10.0,30.75,26.4,31.3,76.24000000000001,1010.05,1.136,3.3,148.2,0.0,576.0,1.9644116163253784,3.853147268295288,278.7120666503906,19.06166648864746,0,0,1,0,0,30.7,25.9,76.0,4.0,110.0,5.0,,,True,True,True,True,ok_all_sources,ok,ok,ok,ok,469.05,532.3299999999999,445.68,207.42,37.272999999999996,440.64000000000004,3.4787,29.94,74.53,1009.755,1.575624942779541,6.030687808990479,542.7366666666667,469.05,616.55,73.75008158187575,520.5733333333334,466.45,616.55,56.57080295228861,329.8731111111111,58.340999999999994,616.55,177.0984656478154,325.8088333333333,3.163733333333333,28.517222222222227,79.85444444444445,0.7790000000000001,0.0,1.4344650542034822,6.7262718397028305,147.49999999999994,170.86999999999995,0.8099999999999987,1.710000000000008,0.7733809362518742,0.7733809362518742,850.7190298770616,1001.7008325712537,0.7247398710348566,1.0703993055555554,0.9632471008028548,0.009784932284486255,0.9632471008028548,2344.38,7.306199999999997,0.5986217836842258,-0.9654780992330771,0.3887866735458374,-2.1775405406951913,0.5299465621218962,-2.8731245714075424,558.209,150.09999999999997,0.3833916711541912,4.900000000000002,0.0,1073.918638254887,824.9830181333567,616.55,-517.4330181333567,680596.9802084224,0.8235822426299855,208.43301813335677,833.5869139465873,860.1945004824249,857.9031878061421,868.8765776970706,841.4431029697494,845.7450508763648,824.9830181333567,517.4330181333567,517.4330181333567
2025-09-25 14:10:00,2025-09-25 15:10:00,2025-09-25 15:10:00,723.28,41.89048566097753,2025,9,25,14,10,-0.4999999999999997,-0.8660254037844388,-1.0,-1.8369701987210297e-16,1,1,124.03999999999999,120.89000000000001,0.39299999999999996,21.605,102.42999999999999,56.82677748773657,10,10.0,29.07,24.7,30.4,81.47,1007.935,1.883,4.6,226.0,0.0,124.5,18.10316276550293,9.905817031860352,240.2939910888672,45.46947860717773,0,0,0,0,1,29.6,26.1,82.0,5.0,210.0,5.0,,,True,True,True,True,ok_all_sources,ok,ok,ok,ok,137.94,261.59,1036.7,805.1,796.46,365.98,483.15999999999997,29.84,79.99000000000001,1008.13,12.330768585205078,8.138138771057129,162.27999999999997,124.03999999999999,224.85999999999999,54.639681551048575,304.8083333333333,124.03999999999999,570.29,190.48322418697833,703.0433333333335,124.03999999999999,1036.7,316.0348439464156,432.6266666666666,223.1974888888889,29.593888888888884,80.14500000000001,2.5145,0.0,9.989808559417725,7.23586302333408,-13.900000000000006,-912.6600000000001,-0.7699999999999996,1.4799999999999898,0.8370201286552464,0.8370201286552464,920.7221415207711,734.4798433085755,0.1347203400529949,0.9963052208835341,0.9746049661399551,0.0031683327958722993,0.9746049661399551,2368.3329,5.386671,-1.3545168440376802,-1.308041711574292,5.772394180297852,1.7676782608032227,8.113354206085205,2.669954008526272,912.6600000000001,446.25,-0.8803511141120864,5.699999999999999,0.0,2380.3083095818,206.19873195122335,124.03999999999999,517.0812680487766,42517.917058292456,0.2807411719052357,82.15873195122336,208.16993103448274,196.37144501639816,206.19873195122335,206.19873195122335,206.19873195122335,207.18433149285306,206.19873195122335,-517.0812680487766,-517.0812680487766
2025-11-11 12:20:00,2025-11-11 13:20:00,2025-11-11 13:20:00,256.09000000000003,64.30416937355763,2025,11,11,12,20,1.2246467991473532e-16,-1.0,-0.5000000000000004,0.8660254037844384,1,1,511.78000000000003,465.88,41.376400000000004,101.76200000000001,410.0400000000001,74.79189314126305,10,10.0,30.83,26.4,31.4,68.19,1008.48,3.725,6.5,283.7,0.0,766.8,5.091009616851807,9.159565925598145,247.24615478515625,26.409122467041016,0,0,0,1,0,30.0,24.9,74.0,8.0,290.0,5.0,,,True,True,True,True,ok_all_sources,ok,ok,ok,ok,892.49,1054.0,787.3399999999999,839.53,607.04,596.0,194.99699999999999,30.63,69.14,1009.23,2.123557806015014,11.048768997192385,735.4466666666667,511.78000000000003,892.49,198.90708241119353,816.2849999999999,511.78000000000003,1054.0,200.52180078485236,772.9744444444445,471.89,1054.0,158.03057411638912,460.9244444444443,346.18690000000004,30.74055555555556,66.68944444444446,2.950277777777778,0.0,2.3303172518225277,11.194318266475902,-380.71,-275.5599999999999,0.1999999999999993,-0.9500000000000028,0.9649793873048036,0.9649793873048036,1061.477326035284,991.219433602999,0.4821393612914424,0.6674230568596766,0.9103130251279846,0.08084802063386612,0.9103130251279846,2102.2976999999996,9.807023000000001,-3.619020471991232,0.8822220940944298,2.9674518108367924,-1.88920307159424,2.760692365029279,-2.0347523408777572,582.11,542.22,-0.349988569106104,5.0,0.0,2264.667454605282,771.8507307824445,511.78000000000003,-515.7607307824445,595753.5506093936,0.7786880529337811,260.0707307824445,759.6671028037381,795.577866705991,791.125029627079,797.5497959086238,781.4878802047617,775.3960662154086,771.8507307824445,515.7607307824445,515.7607307824445
2025-02-24 14:00:00,2025-02-24 15:00:00,2025-02-24 15:00:00,712.4800000000001,49.85256764235915,2025,2,24,14,0,-0.4999999999999997,-0.8660254037844388,0.8660254037844386,0.5000000000000001,1,1,1117.7,350.61,748.7100000000002,234.70999999999998,882.8299999999999,64.47940547973882,10,10.0,30.03,25.2,30.3,79.41000000000001,1008.6,0.351,2.6,245.2,1.4,1151.0,13.446022987365724,13.05859088897705,217.6968231201172,30.55440330505371,0,0,0,0,1,29.3,25.4,80.0,6.0,280.0,6.0,,,True,True,True,True,ok_all_sources,ok,ok,ok,ok,1115.5,977.4,557.2900000000002,417.58000000000004,419.2,420.2200000000001,122.91,29.06,81.02000000000001,1010.2,5.44785737991333,11.419126510620115,1114.8333333333333,1111.3,1117.7,3.251666239535186,964.7999999999998,622.6399999999999,1117.7,199.65633834166147,619.19,398.17,1117.7,277.3877415969121,407.9933333333334,204.2649222222222,29.112222222222222,80.47500000000002,0.08233333333333333,25.199999999999992,6.16956893603007,11.669101927015516,2.2000000000000455,560.4099999999999,0.9700000000000024,-1.6099999999999994,0.9024304821968597,0.9024304821968597,992.6735304165456,840.8266906538902,1.1259492328066718,0.9710686359687228,0.3136888252661716,0.6698666905251858,0.3136888252661716,2384.6823000000004,6.183176999999997,-0.31862989496505095,-0.1472276809386081,7.998165607452394,1.6394643783569354,7.276454051335654,1.3894889619615345,719.53,495.0600000000002,1.0055985214161383,5.100000000000001,0.0,2842.813750955611,198.309479135921,1117.7,514.1705208640791,39326.64951516029,0.23585059958277563,-919.390520864079,197.873970619946,188.4821922010958,198.309479135921,198.309479135921,198.309479135921,198.0917248779335,198.309479135921,-514.1705208640791,-514.1705208640791
2025-03-01 11:20:00,2025-03-01 12:20:00,2025-03-01 12:20:00,338.6,85.92387200062322,2025,3,1,11,20,0.258819045102521,-0.9659258262890682,1.0,6.123233995736766e-17,1,1,796.5200000000001,249.56,516.389,161.631,634.8,74.74999266074953,10,10.0,32.72,25.0,33.1,63.769999999999996,1008.7801168679772,0.0,0.5,199.5,0.0,988.0,1.858181715011597,11.996545791625977,225.4413909912109,41.63833236694336,0,0,1,0,0,32.5,25.3,66.0,4.0,200.0,7.0,,,True,True,True,True,ok_all_sources,ok,ok,ok,ok,909.7,831.71,761.15,578.47,387.88,203.08999999999997,602.0699999999999,31.69,65.84,1009.8238968834406,0.8747057914733887,12.294764518737791,852.2266666666668,796.5200000000001,909.7,56.61067861572876,840.1833333333334,796.5200000000001,909.7,38.66928427921398,668.7872222222221,326.55000000000007,909.7,178.31335989027713,200.13666666666666,525.9249444444443,31.016111111111115,67.93277777777777,0.0015,0.0,1.2586042390150183,11.900706571691176,-113.17999999999995,35.37000000000012,1.0299999999999976,-2.0700000000000074,0.9647872901360622,0.9647872901360622,1061.2660191496684,1097.2175339499936,0.7505375519685497,0.8061943319838057,0.31331291116356147,0.6483063827650278,0.31331291116356147,2086.5544,11.854456,-0.0,-0.0,0.9834759235382082,-0.29821872711181463,0.5995774759965786,0.09583921993480082,583.15,113.17999999999995,0.046469158510149274,8.100000000000001,0.0,2704.5179703539175,852.6217012060301,796.5200000000001,-514.0217012060301,726963.765367465,0.7770762632060607,56.10170120603004,854.0791603053435,887.8331835550983,850.6178843169378,849.949945353907,851.619792761484,852.3485223111406,852.6217012060301,514.0217012060301,514.0217012060301
2025-02-18 11:50:00,2025-02-18 12:50:00,2025-02-18 12:50:00,1040.81,79.11706231523839,2025,2,18,11,50,0.258819045102521,-0.9659258262890682,0.8660254037844386,0.5000000000000001,1,1,421.8299999999999,409.75999999999993,2.7444,77.97999999999999,343.82000000000005,78.97039762134649,10,10.0,29.25,24.9,30.5,79.97,1009.5781417616732,0.05,0.6,243.8,0.0,390.3,15.53433322906494,6.874758720397949,261.5464172363281,39.94876480102539,0,0,0,0,1,29.9,24.9,75.0,7.0,270.0,7.0,,,True,True,True,True,ok_all_sources,ok,ok,ok,ok,415.15,924.01,1006.4,514.02,562.55,197.02,797.6199999999999,29.93,73.47,1010.0923801555396,7.963694095611572,5.690721035003662,607.9699999999999,415.15,986.93,328.20598227332783,702.7566666666667,415.15,986.93,245.13358738995086,694.6899999999999,415.15,1006.4,191.99956381690652,343.0866666666667,368.98788333333334,29.80611111111111,74.68055555555557,0.006055555555555555,0.0,6.777433332274942,6.410684192881865,6.67999999999995,-584.57,-0.6799999999999997,6.5,0.9815284692562257,0.9815284692562257,1079.6813161818484,1080.2164786201686,0.39069861974804426,1.080784012298232,0.9713865775312329,0.006505938411208308,0.9713865775312329,2339.1225,5.8587750000000005,-0.04486291848371642,-0.02207529263958727,7.570639133453367,1.184037685394287,8.756899896789998,0.46407452751608425,591.25,571.78,-0.5808525437201908,5.600000000000001,0.0,1798.0685126842873,526.9209030161436,421.8299999999999,513.8890969838563,277645.6380353482,0.4877919504516486,105.09090301614367,518.3182050359712,547.093158927076,584.213851354991,603.3115008012735,555.5673771855672,551.2660281954811,526.9209030161436,-513.8890969838563,-513.8890969838563
2025-05-10 09:00:00,2025-05-10 10:00:00,2025-05-10 10:00:00,84.5,53.06512806237365,2025,5,10,9,0,0.7071067811865476,-0.7071067811865475,0.49999999999999994,-0.8660254037844387,1,1,541.15,62.608000000000004,706.26,114.5,426.69000000000005,40.23908051434686,10,10.0,30.31,25.2,30.6,75.12,1008.5,0.218,1.5,93.2,0.0,577.6,3.670689821243286,4.667724609375,275.0248107910156,16.934614181518555,0,0,0,1,0,30.4,25.7,76.0,3.0,240.0,7.0,,,True,True,True,True,ok_all_sources,ok,ok,ok,ok,517.96,475.93,372.9899999999999,106.098,0.0,69.019,640.9499999999999,28.33,81.99000000000001,1008.3000000000001,3.661922931671143,8.525307655334473,515.3000000000001,486.78999999999996,541.15,27.277446728020593,479.70166666666665,410.48999999999995,541.15,47.40791343928424,258.1261666666666,4.664,541.15,189.61693134417706,60.1564,385.3352888888889,27.191111111111113,86.79055555555556,0.18772222222222223,6.0,3.977858296462468,7.132345301764352,23.18999999999994,168.16000000000008,1.9800000000000004,-6.8700000000000045,0.6459785103198982,0.6459785103198982,710.576361351888,879.2509842128512,0.7615648780807309,0.9368940443213296,0.11569435461517141,1.305109489051095,0.11569435461517141,2276.8872,7.541127999999999,0.21766008659167185,-0.012169088088509711,0.00876688957214311,-3.8575830459594727,-0.30716847521918167,-2.464620692389352,536.486,130.66000000000003,0.450843186144401,5.400000000000002,0.0,1283.7400775179267,598.2077929712068,541.15,-513.7077929712068,357852.5635714822,0.6803606748381997,57.05779297120682,606.8430991735536,618.3800488821392,559.0952656996283,546.0577566091021,578.6515293354175,582.9691824365909,598.2077929712068,513.7077929712068,513.7077929712068
2025-07-06 12:30:00,2025-07-06 13:30:00,2025-07-06 13:30:00,103.335,57.058535158684265,2025,7,6,12,30,1.2246467991473532e-16,-1.0,-0.4999999999999997,-0.8660254037844388,1,1,1019.0,215.37000000000003,770.6099999999999,194.04000000000002,825.2,62.929734241421045,10,10.0,28.64,24.0,29.5,80.15,1008.8680272443597,2.142,6.0,270.2,0.2,981.0,8.416206359863281,4.222759246826172,276.4519958496094,21.23405265808105,0,0,0,1,0,28.6,25.1,81.0,7.0,280.0,6.0,,,True,True,True,True,ok_all_sources,ok,ok,ok,ok,946.3299999999999,938.5,380.78000000000003,782.69,626.82,371.81,13.630799999999997,28.66,83.42,1009.3680008601957,10.032416343688965,3.8103082180023193,949.5799999999999,883.4100000000001,1019.0,67.85340006219286,946.4016666666666,883.4100000000001,1019.0,48.66025047887307,799.4355555555554,380.78000000000003,1019.0,148.94607868472252,184.26733333333334,631.9669333333334,28.63444444444444,80.47999999999999,1.732222222222222,1.7999999999999998,6.601235838497386,4.134520250208237,72.67000000000007,638.22,-0.019999999999999574,-3.269999999999996,0.8904490944978721,0.8904490944978721,979.4940039476594,923.149205475541,1.0403330657391667,1.0387359836901122,0.2113542688910697,0.7562414131501471,0.2113542688910697,2295.496,5.685039999999998,-2.141986950202987,0.007476975331408376,-1.6162099838256836,0.41245102882385254,1.814970521365895,0.08823899661793444,638.22,135.58999999999992,1.6760859288828194,5.5,0.0,1167.3902217774885,616.9459496042767,1019.0,-513.6109496042767,380622.30473312276,0.6683057797644639,-402.05405039572327,617.1308193430656,637.1182055152092,617.0770333197659,617.1207278915956,617.0114914620212,617.1039263314158,616.9459496042767,513.6109496042767,513.6109496042767
2025-12-07 09:20:00,2025-12-07 10:20:00,2025-12-07 10:20:00,994.8100000000001,59.8539681523293,2025,12,7,9,20,0.7071067811865476,-0.7071067811865475,-2.4492935982947064e-16,1.0,1,1,335.48,332.66999999999996,2.6978999999999997,66.37899999999999,269.11,47.516393519991055,10,10.0,28.46,25.8,28.9,81.61,1011.235,1.917,2.8,252.8,0.0,532.6,14.08067798614502,5.135932922363281,270.9742431640625,27.133634567260746,0,0,0,0,1,28.5,25.1,82.0,5.0,290.0,6.0,,,True,True,True,True,ok_all_sources,ok,ok,ok,ok,534.7299999999999,327.63,235.72999999999996,154.68,19.522000000000002,205.77999999999997,60.1928,28.37,77.16000000000001,1010.785,12.655351638793944,5.280104637145996,390.5666666666666,301.49,534.7299999999999,126.00051600423436,383.8633333333333,301.49,534.7299999999999,89.50636171058827,245.55183333333332,28.154000000000003,534.7299999999999,143.39356599285426,202.18888888888887,79.0738111111111,27.137222222222224,83.26111111111112,1.2368888888888891,0.0,11.479303864871754,5.975298769333783,-199.2499999999999,99.75000000000006,0.08999999999999986,4.449999999999989,0.7374706071069428,0.7374706071069428,811.2176678176371,951.223046414014,0.41355115070720627,0.6298911002628614,0.991623941814713,0.00804191009896268,0.991623941814713,2322.6206,5.2337940000000005,-1.8312686201885329,-0.5668723319344378,1.425326347351076,-0.14417171478271484,2.601374121273265,-0.8393658469705017,506.5759999999999,233.2399999999999,0.4231536079412891,3.099999999999998,0.0,1391.705536578782,481.2743665286488,335.48,513.5356334713513,231625.01587755218,0.5059532234242957,145.79436652864877,492.2732941176472,490.82074606555227,538.7424934264095,557.8985357256631,510.00842997752915,515.5078937720284,481.2743665286488,-513.5356334713513,-513.5356334713513
2025-03-02 12:30:00,2025-03-02 13:30:00,2025-03-02 13:30:00,831.2299999999999,71.9660686489661,2025,3,2,12,30,1.2246467991473532e-16,-1.0,1.0,6.123233995736766e-17,1,1,1061.9,180.47,783.5199999999999,213.78000000000003,848.1,85.41785119326269,10,10.0,31.53,25.1,32.5,73.81,1008.248883594739,0.182,1.9,217.6,0.0,170.0,12.872173309326172,7.755955696105957,253.5889587402344,33.39452362060547,0,0,0,0,1,31.8,26.8,75.0,5.0,240.0,8.0,,,True,True,True,True,ok_all_sources,ok,ok,ok,ok,1040.9,1021.7,1004.4,957.6,719.63,173.06,755.65,30.93,79.84,1009.5164119695422,3.4849119186401367,5.098052978515625,1045.0333333333333,1032.3,1061.9,15.226730881359186,1029.5,1006.2,1061.9,20.157083122317133,904.3433333333334,458.68,1061.9,151.6196269306459,206.89333333333332,665.0361777777778,31.182777777777776,74.92555555555556,0.07105555555555555,0.0,3.8150972969391765,5.893184297225055,21.0,57.500000000000114,0.6000000000000014,-6.030000000000001,0.9968038170218203,0.9968038170218203,1096.4841987240022,1045.9606799431997,0.9684590085618667,6.246470588235295,0.16995008946228457,0.7378472549204255,0.16995008946228457,2327.2293,8.257707,-0.11104641983003068,-0.14419671509064472,9.387261390686035,2.657902717590332,9.057076012386995,1.862771398880902,603.22,55.700000000000045,0.057248108323377254,7.399999999999999,0.0,1966.8247290108995,317.95499128792466,1061.9,513.2750087120753,101095.37648490425,0.3039836940191586,-743.9450087120754,320.77950199203184,327.5013708248282,298.2088938214522,291.62686133262804,308.08194255468845,309.494197906742,317.95499128792466,-513.2750087120753,-513.2750087120753
2025-07-25 12:30:00,2025-07-25 13:30:00,2025-07-25 13:30:00,273.79,59.651027210550374,2025,7,25,12,30,1.2246467991473532e-16,-1.0,-0.4999999999999997,-0.8660254037844388,1,1,586.0500000000001,511.0400000000001,55.745000000000005,117.64000000000001,468.4000000000001,65.92101622482447,10,10.0,30.12,26.0,30.7,79.80000000000001,1008.9871719828026,1.295,2.7,261.6,0.0,507.5,4.715675354003906,2.81470274925232,285.0597229003906,12.823808670043944,0,0,0,1,0,30.2,27.0,83.0,4.0,270.0,6.0,,,True,True,True,True,ok_all_sources,ok,ok,ok,ok,541.7,846.89,454.65,473.60999999999996,337.44,439.5,4.2103,29.92,81.81,1009.9722269840181,5.587394237518311,3.481781482696533,631.4166666666666,541.7,766.5,119.06872315319976,638.855,407.74999999999994,846.89,159.54221294065093,525.2561111111111,187.11999999999998,846.89,184.23559294424174,424.55277777777775,93.74618333333335,29.497777777777774,81.73777777777778,0.942111111111111,0.0,7.481667743009679,3.219196081161499,44.35000000000002,131.4000000000001,0.1999999999999993,-2.009999999999991,0.912983892381532,0.912983892381532,1004.2822816196851,949.26039685083,0.583551069978882,1.154778325123153,0.8720075078918181,0.09511987031823223,0.8720075078918181,2403.5760000000005,6.084239999999997,-1.28110767118707,-0.18917752198832297,-0.8717188835144052,-0.6670787334442134,-2.765992389005773,-0.40449333190917924,659.77,439.14000000000004,0.28901352688881576,4.699999999999999,0.0,802.3583857488339,787.059098889699,586.0500000000001,-513.2690988896991,619462.025145065,0.8291287632990552,201.00909888969898,781.6293779069765,810.7862348132455,819.3171114451874,830.0697822970169,803.1881051674432,800.473244676082,787.059098889699,513.2690988896991,513.2690988896991
2025-08-17 12:20:00,2025-08-17 13:20:00,2025-08-17 13:20:00,44.501,65.45041131544228,2025,8,17,12,20,1.2246467991473532e-16,-1.0,-0.8660254037844384,-0.5000000000000004,1,1,150.97,147.02000000000004,0.4422999999999999,27.195000000000004,123.78,72.30158656053963,10,10.0,29.77,24.9,32.5,75.53,1009.285198989732,1.77,3.9,248.8,0.0,164.1,5.969660758972168,5.915711402893066,266.9215393066406,24.996532440185547,0,0,0,1,0,31.0,26.1,75.0,7.0,240.0,6.0,,,True,True,True,True,ok_all_sources,ok,ok,ok,ok,192.95000000000002,330.31,671.74,707.3100000000001,595.0,334.03000000000003,367.4800000000001,31.78,63.68,1009.1352752484946,3.993777751922608,5.383566856384277,191.7266666666667,150.97,231.26000000000005,40.15897699560255,403.8266666666666,150.97,866.95,289.45819723522544,612.3666666666667,150.97,866.95,227.79681570877761,237.62500000000006,414.18977222222225,31.314999999999998,66.53833333333333,1.2932777777777777,0.0,3.3255817820044125,6.3658687367158775,-41.98000000000002,-520.77,-2.0100000000000016,11.850000000000001,0.9526698997782074,0.9526698997782074,1047.9368897560282,1000.5622208900447,0.14406401900323174,0.9199878123095674,0.9738358614294234,0.002929721136649665,0.9738358614294234,2248.5281,7.284719,-1.6502131281514563,-0.6400754890453038,1.97588300704956,0.5321445465087891,2.6440789769677555,-0.4501573338228111,715.98,715.98,-0.775255307112871,7.600000000000001,0.0,1579.0307937540638,557.0650086252069,150.97,-512.564008625207,310321.4238346019,0.5567519910252785,406.0950086252069,575.0529509981851,577.2372645361394,610.7295208122965,628.6176915413264,583.8972647187518,592.8912359052408,557.0650086252069,512.564008625207,512.564008625207
2025-09-12 10:50:00,2025-09-12 11:50:00,2025-09-12 11:50:00,371.64,81.03533126717264,2025,9,12,10,50,0.49999999999999994,-0.8660254037844387,-1.0,-1.8369701987210297e-16,1,1,764.78,587.4599999999999,165.23899999999998,144.33999999999997,620.4300000000001,69.99242587253802,10,10.0,29.87,24.9,30.9,62.75,1011.35,2.206,6.6,292.5,0.0,585.9,3.578991651535034,7.8713531494140625,254.9442901611328,19.494705200195312,0,0,0,1,0,29.0,22.8,69.0,6.0,90.0,7.0,,,True,True,True,True,ok_all_sources,ok,ok,ok,ok,579.57,1016.4,842.2800000000001,422.06000000000006,295.13,434.78999999999996,473.54200000000003,29.3,63.6,1011.575,1.89991307258606,9.264398574829102,652.11,579.57,764.78,98.91157010178328,733.9866666666667,579.57,1016.4,174.57249561905982,525.6538888888889,250.29999999999995,1016.4,222.52588894034963,395.1788888888889,146.52481666666665,28.262222222222224,68.44166666666666,2.3865555555555558,0.0,2.6885214412913605,9.002870699938606,185.20999999999992,-77.50000000000011,0.5700000000000003,-0.8500000000000014,0.9396473997485428,0.9396473997485428,1033.6121397233971,1086.5630794011672,0.7399100403413037,1.3053080730500086,0.768142472344988,0.2160608279505217,0.768142472344988,1874.3425,11.126575,-2.038078248719898,0.8441996517973885,1.6790785789489742,-1.393045425415039,0.8904702102436737,-1.1315175505245438,766.1,436.8299999999999,-0.09201215747732358,6.0,0.0,2006.7565412849654,883.1546479268534,764.78,-511.5146479268534,779962.1321548043,0.8127964815568578,118.37464792685341,889.7694039735098,918.3661302759216,914.1307017512113,924.4560530259972,898.6426748390323,901.9500528623605,883.1546479268534,511.5146479268534,511.5146479268534
2025-08-15 12:30:00,2025-08-15 13:30:00,2025-08-15 13:30:00,951.43,63.31896964224977,2025,8,15,12,30,1.2246467991473532e-16,-1.0,-0.8660254037844384,-0.5000000000000004,1,1,902.9,132.60999999999999,806.89,173.65,729.32,71.23592399205108,10,10.0,30.23,24.7,30.5,73.46000000000001,1009.1820070258859,2.337,4.2,250.6,0.0,974.0,9.973085403442385,7.260513782501221,257.88580322265625,39.73235321044922,0,0,0,1,0,30.5,25.4,74.0,6.0,240.0,6.0,,,True,True,True,True,ok_all_sources,ok,ok,ok,ok,944.4,928.3,788.97,399.9799999999999,438.3500000000001,203.17000000000002,625.9509999999999,29.75,75.06,1010.0462094052986,8.49516773223877,5.158865451812744,926.9,902.9,944.4,21.5,927.0666666666666,902.9,944.4,13.945991060755285,699.1616666666665,328.9,944.4,223.97037352003923,270.38166666666666,452.4581777777778,29.366666666666667,75.46777777777778,1.8665,0.0,7.140899994794061,5.4035069521735695,-41.5,113.92999999999995,0.4800000000000004,-1.5999999999999943,0.9468511320236206,0.9468511320236206,1041.5362452259826,982.8721112269092,0.8668925389188903,0.9270020533880903,0.14687119282312547,0.8936648576808063,0.14687119282312547,2220.6958000000004,8.023041999999998,-2.2043113516235433,-0.7762605652122156,1.477917671203615,2.1016483306884766,2.832185408648324,1.8570068303276512,615.5,41.5,0.14440346274256302,5.800000000000001,0.0,1872.3834286094934,440.347103954877,902.9,511.08289604512294,193905.57196144728,0.4480207535904099,-462.55289604512296,448.45809795918365,449.89348349178056,512.684943702818,536.7975569521317,476.51602382884755,480.57152083100084,440.347103954877,-511.08289604512294,-511.08289604512294
2025-09-23 13:10:00,2025-09-23 14:10:00,2025-09-23 14:10:00,96.85,56.91563345024258,2025,9,23,13,10,-0.2588190451025208,-0.9659258262890683,-1.0,-1.8369701987210297e-16,1,1,923.2,227.16000000000003,697.67,170.79,752.3100000000001,71.69617244717745,10,10.0,31.47,25.0,32.5,76.46000000000001,1008.095,2.781,5.8,231.2,0.0,965.0,6.566142559051514,3.9267425537109375,278.7781677246094,26.550369262695312,0,0,0,1,0,31.8,27.2,77.0,6.0,240.0,5.0,,,True,True,True,True,ok_all_sources,ok,ok,ok,ok,963.9,968.6,879.6199999999999,310.16999999999996,836.5,340.21999999999997,526.87,31.8,75.03,1008.975,4.702717304229736,3.2672829627990723,923.0200000000001,881.96,963.9,40.970296557384046,948.5266666666666,881.96,990.0,39.13074835301089,790.5233333333335,310.16999999999996,1041.8,233.65699244329718,276.2438888888889,492.5215222222222,31.415000000000003,75.80722222222224,2.5834444444444444,0.0,3.737963378429413,4.811887396706475,-40.69999999999993,43.580000000000155,-0.33000000000000185,1.4300000000000068,0.9494044997600878,0.9494044997600878,1044.3449497360966,921.6544614018512,0.8839991041593014,0.9566839378238342,0.24605719237435011,0.7557084055459271,0.24605719237435011,2406.1962000000003,7.408037999999997,-2.1673388804744285,-1.742585199404566,1.8634252548217773,0.6594595909118652,2.828179180622101,-0.8851448429955378,731.63,108.03999999999996,0.049544121325117846,7.5,0.0,1094.6900942497887,607.577453573249,923.2,-510.727453573249,369150.3620905536,0.6592247735112289,-315.622546426751,617.1308193430656,627.7497094841815,638.1111191593473,648.2890076880467,622.8442863662981,627.6209692512064,607.577453573249,510.727453573249,510.727453573249
2025-09-23 13:00:00,2025-09-23 14:00:00,2025-09-23 14:00:00,163.83999999999997,59.393359580007925,2025,9,23,13,0,-0.2588190451025208,-0.9659258262890683,-1.0,-1.8369701987210297e-16,1,1,963.9,221.17999999999998,738.25,178.16000000000003,785.59,74.12077168754841,10,10.0,31.41,25.0,32.5,75.44000000000001,1008.16,2.84,5.8,225.6,0.0,875.0,5.667606353759766,3.919379949569702,278.6065673828125,23.35879898071289,0,0,0,1,0,31.8,27.2,77.0,6.0,240.0,5.0,,,True,True,True,True,ok_all_sources,ok,ok,ok,ok,881.96,963.5,1041.8,424.39000000000004,822.0,339.21,681.05,31.54,76.46000000000001,1009.11,4.1919779777526855,4.187011241912842,938.1533333333333,881.96,968.6,48.721561277665664,941.2633333333333,879.6199999999999,990.0,47.84606552964067,785.7066666666668,310.16999999999996,1041.8,231.64605137503864,271.7833333333333,485.2787444444445,31.398333333333337,75.66333333333336,2.5644444444444443,0.0,3.445447325706482,4.845643546846178,81.93999999999994,-77.89999999999998,-0.129999999999999,-1.019999999999996,0.9618405659698932,0.9618405659698932,1058.0246225668825,946.7513272275002,0.9110373987908467,1.1016,0.22946363730677455,0.765898952173462,0.22946363730677455,2369.5704000000005,7.714295999999996,-2.0291024101571606,-1.9870438870579583,1.47562837600708,-0.26763129234313965,2.2221590280532837,-0.9262635972764759,731.63,110.38000000000011,-0.07477442887310422,7.5,0.0,1091.9649940186355,673.3937432443875,963.9,-509.5537432443875,453459.133440688,0.7112678101190282,-290.5062567556125,669.574519230769,697.1208791679339,713.6369122107417,727.0513018661931,693.5153277275646,691.6057157207554,673.3937432443875,509.5537432443875,509.5537432443875
2025-09-19 10:30:00,2025-09-19 11:30:00,2025-09-19 11:30:00,312.63,80.56840608006834,2025,9,19,10,30,0.49999999999999994,-0.8660254037844387,-1.0,-1.8369701987210297e-16,1,1,923.29,371.05,577.731,182.28,741.1000000000001,66.77423356178528,10,10.0,29.01,25.5,29.4,86.7,1011.1,2.086,3.4,265.5,0.0,585.0,6.184285640716553,3.3386967182159424,281.626953125,14.814374923706056,0,0,0,1,0,29.1,26.4,86.0,3.0,260.0,5.0,,,True,True,True,True,ok_all_sources,ok,ok,ok,ok,443.03999999999996,301.80999999999995,539.1800000000001,256.0,92.75,407.09000000000003,146.7616,28.58,87.5,1011.6,7.073610782623291,2.838435173034668,603.05,442.82,923.29,277.33599712262384,512.0533333333333,301.80999999999995,923.29,214.06225736141968,342.0805555555555,101.39999999999999,923.29,194.19454652402882,272.925,74.75459444444444,28.182777777777773,87.10222222222222,1.2883888888888888,0.0,6.734679769067204,3.8564229993259205,480.25,384.1099999999999,0.43000000000000327,-0.7999999999999972,0.9189580870245475,0.9189580870245475,1010.8538957270023,1085.1301458345577,0.913376308784934,1.578273504273504,0.4018780664796543,0.6257308104712496,0.4018780664796543,2515.1670000000004,3.858329999999999,-2.0795695581673046,-0.163665673688284,-0.8893251419067383,0.5002615451812744,-0.5503941283506508,-0.5177262811099781,821.89,621.48,0.7123966022478576,3.8999999999999986,0.0,940.2669841595925,822.1684023103805,923.29,-509.53840231038055,675960.8817576037,0.7576680138012966,-101.12159768961942,823.8028634361236,857.3798846594487,851.5713239612627,861.37229784489,836.8698631358216,837.6870936986932,822.1684023103805,509.53840231038055,509.53840231038055
2025-06-18 10:20:00,2025-06-18 11:20:00,2025-06-18 11:20:00,231.73000000000002,60.42631213887093,2025,6,18,10,20,0.49999999999999994,-0.8660254037844387,1.2246467991473532e-16,-1.0,1,1,564.12,501.75,65.59899999999999,108.81999999999998,455.28000000000003,52.283023207368785,10,10.0,28.32,26.3,28.5,79.11,1011.0496886683776,2.526,7.6,261.7,0.0,564.7,5.015726089477539,8.022026062011719,254.10025024414065,21.85428237915039,0,0,0,1,0,28.0,23.6,77.0,9.0,290.0,8.0,,,True,True,True,True,ok_all_sources,ok,ok,ok,ok,574.01,453.85,632.31,224.09000000000006,91.26200000000001,337.78000000000003,424.56000000000006,27.47,81.65,1011.410295250993,4.14183521270752,7.754266262054443,554.1433333333333,524.3,574.01,26.313901902479888,502.2133333333333,408.96000000000004,574.01,64.36007634136759,371.6288888888889,95.50999999999999,632.31,178.02305293181385,301.54055555555556,102.78202222222222,27.523333333333333,77.86388888888888,2.3838333333333335,0.0,7.095953871222103,8.27047970715691,-9.889999999999986,-68.18999999999994,0.8500000000000014,-2.5400000000000063,0.7910423022082992,0.7910423022082992,870.1465324291291,956.6938396859165,0.6483046004046978,0.9989729059677704,0.8894384173580089,0.11628554208324468,0.8894384173580089,2240.3952,5.916048000000001,-2.4995421431882168,-0.36464376372845847,0.8738908767700186,0.2677597999572754,-2.080227781744564,-0.24845364514519197,536.8,165.04999999999995,-0.10784267210703602,2.1999999999999993,0.0,2038.398829822196,739.1331671744063,564.12,-507.40316717440624,546317.8388172687,0.7725911221682628,175.01316717440625,722.1531092436974,762.8603030979527,786.0182847470091,801.6466572712102,762.5757259607077,754.0856969953533,739.1331671744063,507.40316717440624,507.40316717440624
2025-08-29 10:10:00,2025-08-29 11:10:00,2025-08-29 11:10:00,239.31,70.28236106555985,2025,8,29,10,10,0.49999999999999994,-0.8660254037844387,-0.8660254037844384,-0.5000000000000004,1,1,656.26,343.94,341.51219999999995,130.81900000000002,525.3900000000001,57.73020195984448,10,10.0,27.87,25.0,29.3,84.44000000000001,1010.5571683959959,1.693,3.4,258.4,0.0,512.6,8.960607528686523,2.582469701766968,285.0492248535156,17.895217895507812,0,0,0,1,0,28.4,25.2,83.0,4.0,270.0,5.0,,,True,True,True,True,ok_all_sources,ok,ok,ok,ok,407.67,845.4,225.99,493.88,160.54000000000002,224.32,1.318,28.68,82.17,1010.0526883723066,9.092499732971191,3.112541913986206,508.15333333333336,407.67,656.26,130.95889978666335,507.6816666666667,268.11,845.4,207.68337241259024,416.2588888888888,158.16000000000003,845.4,165.5277920822784,241.1672222222222,289.53087222222223,27.676111111111105,83.67888888888889,1.2294444444444441,0.0,10.466317289015826,3.6048169556786034,248.58999999999997,430.27,-0.8099999999999987,2.2700000000000102,0.8455433855322387,0.8455433855322387,930.0977240854626,1035.5033951916878,0.7055817716845624,1.2802575107296137,0.5240910614695395,0.5203916130801816,0.5240910614695395,2353.3428000000004,4.336571999999997,-1.6584208975716892,-0.3404249205001197,-0.13189220428466797,-0.5300722122192378,-1.505709760329303,-1.0223472539116352,687.24,577.29,1.9039338023806363,4.300000000000001,0.0,736.130986696364,746.5395374196798,656.26,-507.22953741967984,557321.2809307895,0.720943592156435,90.27953741967985,734.2438022922636,770.2666733432263,798.9339843207615,816.3987999544554,772.7367608702207,766.5888933065125,746.5395374196798,507.22953741967984,507.22953741967984
2025-02-05 11:50:00,2025-02-05 12:50:00,2025-02-05 12:50:00,324.51000000000005,75.65045405928252,2025,2,5,11,50,0.258819045102521,-0.9659258262890682,0.8660254037844386,0.5000000000000001,1,1,504.32000000000005,454.51000000000005,45.9219,94.71199999999999,409.62,75.64230589237977,10,10.0,29.37,23.4,30.1,72.33000000000001,1008.3696884747491,0.0,0.0,277.7,0.0,277.4,6.754132270812988,8.508190155029297,251.18121337890625,40.78989791870117,0,0,0,1,0,29.8,24.5,73.0,6.0,290.0,6.0,,,True,True,True,True,ok_all_sources,ok,ok,ok,ok,298.4800000000001,559.63,589.1,403.89,240.91000000000003,549.36,36.885000000000005,29.48,70.78,1008.8143819197144,6.468264102935791,9.234710693359377,429.60666666666674,298.4800000000001,504.32000000000005,113.9270579508368,521.5766666666667,298.4800000000001,690.33,131.17561216425358,441.46888888888896,228.02999999999997,690.33,135.33194626933346,422.4227777777778,13.65922777777778,28.71611111111111,74.74888888888887,0.0,0.0,7.9483272328096275,9.141571605906767,205.83999999999997,-84.77999999999997,-0.10999999999999943,1.5500000000000114,0.9687665239972376,0.9687665239972376,1065.6431763969613,1065.6819571801493,0.47325409777891403,1.8180245133381403,0.9012333439086294,0.09105706694162435,0.9012333439086294,2124.3321000000005,8.126678999999998,-0.0,0.0,0.28586816787719727,-0.7265205383300799,-1.1941949619966392,-0.6333814508774704,462.30000000000007,391.84999999999997,-0.1439144457647258,6.700000000000003,0.0,2137.0975267987233,831.0250705931455,504.32000000000005,-506.5150705931455,690602.6679543426,0.7798058933005507,326.7050705931455,833.5869139465873,866.2365529422137,917.2746568706061,946.024518963093,874.1498637318758,875.4307854085966,831.0250705931455,506.5150705931455,506.5150705931455
2025-08-17 12:30:00,2025-08-17 13:30:00,2025-08-17 13:30:00,142.859,63.65578339328931,2025,8,17,12,30,1.2246467991473532e-16,-1.0,-0.8660254037844384,-0.5000000000000004,1,1,357.1,305.40999999999997,44.190000000000005,69.422,287.67,71.814626970158,10,10.0,29.53,24.9,32.5,77.09,1009.1645904719142,1.863,3.9,255.0,0.0,170.2,6.418389797210693,5.979127407073975,266.6543273925781,26.27652740478516,0,0,0,1,0,31.0,26.1,75.0,7.0,240.0,6.0,,,True,True,True,True,ok_all_sources,ok,ok,ok,ok,150.97,231.26000000000005,866.95,734.4799999999999,668.1099999999999,340.7900000000001,560.6600000000001,31.77,67.19,1009.3789179904758,5.118965148925781,5.164448261260986,233.67333333333332,150.97,357.1,108.93202758295348,318.8516666666667,150.97,650.52,180.72404128025318,595.0883333333334,150.97,866.95,235.00108067961773,245.42055555555555,386.11810555555553,31.278888888888886,67.0161111111111,1.3539999999999999,0.0,3.6383027469410614,6.310237744275262,206.13000000000002,-509.85,-2.2399999999999984,9.900000000000006,0.9500517561708856,0.9500517561708856,1045.056931787974,985.7586576006985,0.34170387194986823,2.0981198589894245,0.855250630075609,0.12374684962195465,0.855250630075609,2276.4677,6.7653229999999995,-1.7995198143765343,-0.4821798810259959,1.299424648284912,0.8146791458129883,2.780087050269632,-0.33111033720128713,715.98,499.54999999999995,-0.5880961993194532,7.600000000000001,0.0,1594.3601971278404,647.5651260038442,357.1,-504.70612600384413,419340.5924163746,0.6569205565792287,290.46512600384415,650.7452674418605,667.7373819147766,708.4220426151744,728.7076814856177,677.9935843095093,679.5836550285175,647.5651260038442,504.70612600384413,504.70612600384413
2025-08-19 10:30:00,2025-08-19 11:30:00,2025-08-19 11:30:00,301.23999999999995,70.34747999661336,2025,8,19,10,30,0.49999999999999994,-0.8660254037844387,-0.8660254037844384,-0.5000000000000004,1,1,890.6,192.91000000000003,753.04,174.31000000000003,716.17,59.89294586902315,10,10.0,29.09,25.0,29.3,77.95,1010.6738194304146,3.304,5.3,142.5,0.2,644.9,1.0084614753723145,8.411558151245117,250.31365966796875,,0,0,1,0,0,28.6,24.7,79.0,8.0,160.0,8.0,,,True,True,True,True,ok_all_sources,ok,ok,ok,ok,548.6899999999999,467.87,432.59000000000003,150.64000000000001,102.35,393.37,40.426,27.38,85.03,1010.9647187883103,3.2190191745758057,8.032803535461426,673.7199999999999,548.6899999999999,890.6,188.55484321544225,563.61,435.49000000000007,890.6,169.93836353219365,369.3472222222223,150.64000000000001,890.6,192.16548269366405,282.595,96.0586111111111,27.18722222222222,84.83611111111112,2.6705000000000005,0.8,2.6609081871369304,9.032968408921185,341.9100000000001,458.01,1.7100000000000009,-7.079999999999998,0.8650896691085206,0.8650896691085206,951.5986360193726,1035.9245230216386,0.9358987773726372,1.3809893006667702,0.21660678194475635,0.8455423310128003,0.21660678194475635,2267.5655,6.414345,2.0113477614448136,-2.6212394363222407,-2.210557699203491,0.3787546157836914,-1.652446711764616,-0.6214102576760681,739.96,455.10999999999996,1.0587623384729188,4.300000000000001,0.0,2105.5279043480987,805.8381875378353,890.6,-504.5981875378354,649375.1844942635,0.7778927611321764,-84.7618124621647,803.6298055555553,841.0496698869035,806.31373874265,806.4722558109216,806.0759631402427,804.9717721491027,805.8381875378353,504.5981875378354,504.5981875378354
2025-10-03 11:00:00,2025-10-03 12:00:00,2025-10-03 12:00:00,1357.7,88.7464923635719,2025,10,3,11,0,0.258819045102521,-0.9659258262890682,-0.8660254037844386,0.5000000000000001,1,1,518.9100000000001,503.7200000000001,7.4199,103.2,415.68,76.24284939340214,10,10.0,29.14,24.5,30.1,72.96000000000001,1011.455,1.914,3.5,274.9,0.0,459.4,5.652963161468506,8.10667610168457,252.71278381347656,22.57312393188477,0,0,0,1,0,29.2,24.5,76.0,5.0,270.0,6.0,,,True,True,True,True,ok_all_sources,ok,ok,ok,ok,499.02,464.26000000000005,417.95,667.6099999999999,184.86999999999998,411.95,1.8095999999999997,28.89,72.31,1011.7,4.917206764221191,7.290829658508301,498.92666666666673,478.85,518.9100000000001,20.03016308803637,463.01833333333326,401.19,518.9100000000001,46.29675384588716,478.6494444444444,263.17999999999995,877.5,151.75881586843926,467.1904055555554,4.314594444444445,28.717777777777776,70.56722222222223,1.1563333333333334,0.0,3.61750292076784,7.994360783520867,19.8900000000001,100.9600000000001,0.25,0.6500000000000057,0.9713123986623264,0.9713123986623264,1068.4436385285592,1099.736758673766,0.4856690435394733,1.129538528515455,0.9707271010387157,0.014299011389258251,0.9707271010387157,2126.0544000000004,7.879455999999998,-1.9070048969093947,0.163487990884921,0.7357563972473145,0.8158464431762695,2.0354602407006657,0.1123153181637031,614.32,117.72000000000008,0.24155999521473884,5.600000000000001,0.0,2048.6606851308898,853.4755711851252,518.9100000000001,504.22442881487484,728420.5506097757,0.7760726050608503,334.5655711851251,854.0791603053435,888.6870535341934,931.6202123645852,957.6684260910719,892.5478917748552,892.8496863349644,853.4755711851252,-504.22442881487484,-504.22442881487484
2025-12-08 11:50:00,2025-12-08 12:50:00,2025-12-08 12:50:00,302.52,67.42810145541547,2025,12,8,11,50,0.258819045102521,-0.9659258262890682,-2.4492935982947064e-16,1.0,1,1,720.48,538.6899999999998,186.04500000000002,138.26,582.2500000000001,71.10978557796038,10,10.0,28.18,23.9,28.4,85.2,1010.585,1.637,2.4,264.5,0.0,688.8,5.101900577545166,8.60777759552002,250.7294158935547,33.67963409423828,0,0,0,1,0,27.7,25.6,88.0,3.0,270.0,6.0,,,True,True,True,True,ok_all_sources,ok,ok,ok,ok,667.85,395.9,448.5,634.74,326.72999999999996,436.82000000000005,1.5870000000000002,27.7,87.10000000000001,1011.54,11.721321105957031,7.612744331359863,626.5833333333334,491.4200000000001,720.48,119.97634864144405,504.06,363.3,720.48,154.54082683873537,506.9622222222222,316.21999999999997,720.48,128.0744606288056,461.1788888888889,44.62436111111112,27.67,87.4561111111111,1.0347222222222223,0.0,7.654353506424847,8.169053835027357,52.629999999999995,271.98,0.4800000000000004,-1.9000000000000057,0.9461406670644037,0.9461406670644037,1040.754733770844,1015.7384475383614,0.6922668488756901,1.0459930313588852,0.7476821008216742,0.2582236842105263,0.7476821008216742,2400.936,4.170639999999999,-1.6294635767270715,-0.15689949687560736,-6.619420528411865,0.9950332641601562,-2.5524529288796813,0.43872376049266215,404.26000000000005,357.18,0.6064214046822742,4.5,0.0,2158.223048666361,806.1228655514955,720.48,-503.6028655514955,649834.0743649545,0.7936323248422185,85.64286555149545,803.6298055555553,841.3343479005637,861.7817325462254,880.3346882111354,833.9522990488604,832.7057690508904,806.1228655514955,503.6028655514955,503.6028655514955
2025-09-07 09:50:00,2025-09-07 10:50:00,2025-09-07 10:50:00,306.24,68.74627670567611,2025,9,7,9,50,0.7071067811865476,-0.7071067811865475,-1.0,-1.8369701987210297e-16,1,1,796.75,70.75399999999999,861.4,150.34,646.4000000000001,54.87168966572019,10,10.0,28.3,23.4,28.6,76.29,1011.34,1.584,3.3,98.5,0.0,810.0,0.9688235521316528,7.596529483795166,254.09194946289065,,0,0,1,0,0,27.8,24.5,82.0,6.0,100.0,7.0,,,True,True,True,True,ok_all_sources,ok,ok,ok,ok,778.3299999999999,781.6600000000001,438.37999999999994,222.3,55.482000000000006,218.04000000000002,333.387,26.96,82.61,1011.705,1.2575000524520874,7.520906448364258,777.25,756.67,796.75,20.061814474269248,736.2333333333332,592.4300000000001,796.75,76.42487518253898,441.0722222222222,76.42999999999999,796.75,242.4703285560222,166.10294444444443,390.1402888888889,26.003333333333337,88.50555555555556,0.9023888888888888,37.4,2.2134052515029907,6.983558037701775,18.420000000000073,358.37000000000006,1.3399999999999999,-6.319999999999993,0.8178655025549637,0.8178655025549637,899.6520528104601,1025.1827462072733,0.8856201656084703,0.983641975308642,0.08880326325698147,1.0811421399435206,0.08880326325698147,2159.007,6.709929999999998,1.5666011275652763,-0.2341301072293033,-0.28867650032043457,0.0756230354309082,-1.244581699371338,0.6129714460933906,720.32,204.31999999999994,0.8174871116383049,5.200000000000003,0.0,1930.2169856898402,808.1592817013478,796.75,-501.9192817013478,653121.4246000384,0.7883075331604856,11.409281701347822,806.5521454545454,843.370764050416,790.3199223766119,784.3734692683665,799.2396020389799,798.4360339155787,808.1592817013478,501.9192817013478,501.9192817013478
2025-01-11 11:00:00,2025-01-11 12:00:00,2025-01-11 12:00:00,1222.3,71.63497154368693,2025,1,11,11,0,0.258819045102521,-0.9659258262890682,0.49999999999999994,0.8660254037844387,1,1,600.0600000000001,18.627299999999998,569.5800000000002,110.23999999999998,489.81000000000006,64.63871481144781,10,10.0,28.43,24.1,29.2,87.0,1010.7,0.0,0.0,247.9,11.4,514.6,4.40675163269043,7.615051746368408,257.9517822265625,15.927559852600098,0,0,0,1,0,28.4,25.9,86.0,5.0,270.0,4.0,,,True,True,True,True,ok_all_sources,ok,ok,ok,ok,546.2,480.2,477.07,270.71,35.505,24.9514,448.96000000000004,27.98,87.30000000000001,1010.7,3.967894554138184,8.064315795898438,557.0533333333334,524.9000000000001,600.0600000000001,38.737611352964606,509.56666666666666,445.87,600.0600000000001,58.52495661396657,364.26144444444446,43.536,600.0600000000001,180.5936604542403,14.601283333333331,346.7034444444445,26.668333333333337,92.68055555555557,0.0,199.80000000000007,15.727302831761977,7.608629310832304,53.860000000000014,122.99000000000007,0.4499999999999993,-0.30000000000001137,0.903624918490712,0.903624918490712,993.9874103397832,1043.975346849373,0.603689738680771,1.1660707345511077,0.03104239576042395,0.9492050794920509,0.03104239576042395,2473.41,3.6959,-0.0,-0.0,0.43885707855224565,-0.4492640495300293,-11.320551199071547,0.006422435536103777,556.5240000000001,154.19000000000005,0.2578028381579225,5.099999999999998,0.0,1964.316169723228,720.5969177581454,600.0600000000001,501.70308224185453,519259.9178825394,0.6902432322112245,120.53691775814536,720.7239896373056,744.324053681692,788.5164719723391,811.1563233770704,754.5566948652422,754.6202308048223,720.5969177581454,-501.70308224185453,-501.70308224185453
2025-10-14 12:30:00,2025-10-14 13:30:00,2025-10-14 13:30:00,211.27999999999997,65.32138916556245,2025,10,14,12,30,1.2246467991473532e-16,-1.0,-0.8660254037844386,0.5000000000000001,1,1,1023.2,324.59000000000003,720.73,195.2,828.05,79.75495456910906,10,10.0,32.0,27.1,32.8,70.32000000000001,1006.09,2.957,6.8,203.6,0.0,313.7,6.175769329071045,4.147654056549072,277.4226989746094,22.299373626708984,0,0,0,1,0,32.0,26.2,71.0,9.0,190.0,7.0,,,True,True,True,True,ok_all_sources,ok,ok,ok,ok,672.98,913.6,652.72,638.2499999999999,755.0699999999999,303.71,348.5614,32.15,69.96000000000001,1006.845,4.611470699310303,4.528353691101074,731.3233333333334,497.7900000000001,1023.2,267.51985988582857,684.2466666666668,406.97999999999996,1023.2,239.98755998315136,747.2772222222223,406.97999999999996,1023.2,169.60657398488092,250.72833333333335,534.7017277777777,31.55833333333333,71.7527777777778,2.3408888888888892,0.0,4.4349584088605996,3.2245318048140583,350.22,370.48,-0.14999999999999858,0.35999999999999943,0.9840560813761078,0.9840560813761078,1082.4616895137185,999.5305196190953,0.9452528527449863,3.2617150143449156,0.3172302580140735,0.7043881939014855,0.3172302580140735,2250.2400000000002,9.497599999999998,-1.1838320892707384,-2.7096845913155425,1.5642986297607422,-0.38069963455200195,1.7408109202104454,0.9231222517350139,616.22,616.22,0.567594067900478,5.699999999999996,0.0,1150.6533827808307,712.8442685291794,1023.2,-501.56426852917946,508146.95117490087,0.7131790921210016,-310.3557314708206,715.7043884297523,736.571404452726,713.9139488899923,714.2705090102633,713.3791087095858,714.8091686598723,712.8442685291794,501.56426852917946,501.56426852917946
2025-09-18 13:10:00,2025-09-18 14:10:00,2025-09-18 14:10:00,154.0,57.07406265037876,2025,9,18,13,10,-0.2588190451025208,-0.9659258262890683,-1.0,-1.8369701987210297e-16,1,1,984.6,123.3,849.2,184.98999999999998,799.56,71.60491633008931,10,10.0,32.56,25.3,32.8,62.29,1007.6,3.374,6.1,190.5,0.2,981.0,5.033871650695801,3.199097156524658,282.0361328125,21.04800033569336,0,0,0,1,0,32.6,26.1,69.0,6.0,200.0,7.0,,,True,True,True,True,ok_all_sources,ok,ok,ok,ok,986.6,765.65,787.9599999999999,714.1600000000001,844.3100000000001,329.7,437.5277,32.11,67.48,1008.3,1.626206874847412,4.151241779327393,984.6,982.6,986.6,2.0,927.5450000000001,765.65,991.5600000000001,95.34403132865741,873.3583333333332,681.23,1039.9,116.41239464279822,270.0966666666666,593.5655222222223,32.00111111111111,65.50166666666665,2.386388888888889,3.600000000000001,1.6052220662434895,5.72971859243181,-2.0,196.6400000000001,0.45000000000000284,-5.190000000000005,0.9489030927790404,0.9489030927790404,1043.7934020569444,923.3112764715864,0.9432901166645666,1.0036697247706423,0.12522851919561243,0.8624822262847858,0.12522851919561243,2028.1624000000002,12.278376000000002,-0.6148626630105056,-3.317502058120783,3.4076647758483887,-0.9521446228027344,3.4286495844523115,-2.530621435907152,358.6700000000001,225.91000000000008,0.2495558150159908,7.4999999999999964,0.0,902.2609905176796,654.5802155855421,984.6,-500.5802155855421,428475.25863601477,0.7089485770032029,-330.01978441445794,650.7452674418605,678.3073515090887,711.7465203371811,730.8019552543942,683.1633679613616,681.2458938895209,654.5802155855421,500.5802155855421,500.5802155855421
2025-11-08 12:30:00,2025-11-08 13:30:00,2025-11-08 13:30:00,280.0,62.47799013825378,2025,11,8,12,30,1.2246467991473532e-16,-1.0,-0.5000000000000004,0.8660254037844384,1,1,593.83,509.85999999999996,82.6,118.39000000000001,475.4599999999999,74.11557424019433,10,10.0,30.4,25.1,30.8,72.08000000000001,1009.21,2.646,5.2,293.7,0.0,505.7,5.052872180938721,10.80163860321045,234.96669006347656,51.50555038452149,0,0,0,1,0,30.4,25.0,73.0,8.0,300.0,7.0,,,True,True,True,True,ok_all_sources,ok,ok,ok,ok,631.83,750.99,545.95,525.89,434.53000000000003,484.03000000000003,60.11099999999999,30.26,68.76,1009.565,4.246881008148193,12.292281150817873,647.7966666666666,593.83,717.7299999999999,63.474430547530886,680.8783333333333,593.83,756.83,69.59519305718365,561.0388888888888,412.48999999999995,756.83,105.51767099784973,470.0994444444444,92.80127777777778,30.16333333333333,67.85388888888889,2.2487777777777773,0.0,3.6352010474485508,11.60110647538129,-38.0,47.879999999999995,0.13999999999999702,3.3200000000000074,0.9618157420978706,0.9618157420978706,1057.9973163076577,975.5167284720827,0.5612774161586992,1.174273284556061,0.8585958944479058,0.13909704797669364,0.8585958944479058,2191.2320000000004,8.487679999999996,-2.422843221976479,1.06355381703167,0.8059911727905273,-1.4906425476074237,1.41767113349017,-0.7994678721708404,344.3400000000001,163.0,0.08770033885886984,5.699999999999999,0.0,2538.0252698582335,780.3420826355168,593.83,-500.3420826355168,608933.7659319357,0.7999269103849598,186.51208263551678,780.4632158590308,804.0692185590633,801.2493385143738,808.2184238073261,790.7957105749454,790.8562771867023,780.3420826355168,500.3420826355168,500.3420826355168
2025-07-06 11:40:00,2025-07-06 12:40:00,2025-07-06 12:40:00,1062.5,62.40025850104894,2025,7,6,11,40,0.258819045102521,-0.9659258262890682,-0.4999999999999997,-0.8660254037844388,1,1,909.97,399.01000000000005,517.7499999999999,172.22999999999996,737.53,62.30964027404809,10,10.0,27.94,24.0,29.5,87.9,1009.7527965689446,2.112,4.8,282.7,0.2,564.4,10.75900650024414,4.498843193054199,274.7582702636719,24.770313262939453,0,0,0,0,1,29.0,25.8,83.0,8.0,270.0,5.0,,,True,True,True,True,ok_all_sources,ok,ok,ok,ok,380.78000000000003,837.7299999999999,737.92,654.72,153.82999999999998,227.26,525.41,28.79,81.04,1009.8375586223327,5.3674750328063965,3.488388538360596,707.6899999999999,380.78000000000003,909.97,285.7621243272103,762.8133333333334,380.78000000000003,909.97,190.9688927199052,680.576111111111,310.43,909.97,159.2536946524555,154.65,585.040488888889,28.401666666666667,81.76277777777779,0.9651111111111111,0.8,4.531221754410687,4.789517683141372,529.19,172.05000000000007,-0.8499999999999979,6.859999999999999,0.885471824998127,0.885471824998127,974.0190074979397,974.8262364195667,0.9342425486516236,1.6122785258681787,0.43848698308735456,0.5689748013670779,0.43848698308735456,2455.9260000000004,3.3807399999999985,-2.0603289568136494,0.4643151835931915,5.391531467437744,1.010454654693603,6.227784745833453,-0.2906744900871727,599.54,529.19,0.23315535559410244,5.5,0.0,1236.0943739110662,563.647995748394,909.97,498.852004251606,317699.0631111816,0.5782035553521961,-346.322004251606,575.0529509981851,583.8202516593265,635.6842430064427,659.6963254257921,599.6661193774183,605.3685970023139,563.647995748394,-498.852004251606,-498.852004251606
2025-03-05 09:20:00,2025-03-05 10:20:00,2025-03-05 10:20:00,146.32999999999998,60.41718216269403,2025,3,5,9,20,0.7071067811865476,-0.7071067811865475,1.0,6.123233995736766e-17,1,1,477.91999999999996,123.91999999999999,417.9440000000001,97.804,380.10999999999996,45.51846081319637,10,10.0,28.12,26.3,30.0,88.0,1010.7976476668919,0.0,1.3,268.4,0.2,396.9,8.467719078063965,4.27537727355957,276.7843017578125,16.77641487121582,0,0,0,1,0,28.0,25.4,86.0,5.0,270.0,7.0,,,True,True,True,True,ok_all_sources,ok,ok,ok,ok,242.77999999999997,132.27,520.37,205.25,11.118,183.85,542.49,29.88,75.77000000000001,1009.9877831393326,13.22178554534912,4.207047939300537,307.56666666666666,202.00000000000006,477.91999999999996,148.9326885990222,247.33833333333337,132.27,477.91999999999996,120.65062592737203,234.6865,25.037,520.37,146.62495889503458,105.66944444444444,231.74280555555555,27.92111111111111,86.28055555555555,0.011666666666666665,0.6000000000000001,17.694256401062013,4.673600530624389,235.14,-42.450000000000045,-1.759999999999998,12.22999999999999,0.7134762464753055,0.7134762464753055,784.8238711228361,956.6073179478449,0.6089519159454806,1.2041320231796422,0.2592902577837295,0.8745061935051894,0.2592902577837295,2474.56,3.3744,-0.0,-0.0,-4.7540664672851545,0.0683293342590332,-9.226537322998048,-0.398223257064819,495.333,345.65,-0.08157657051713213,3.6999999999999993,0.0,1183.3573134134058,643.4139386075799,477.91999999999996,-497.0839386075799,413981.4963945186,0.6725998500490872,165.49393860757993,632.7377536231885,663.5861945185123,665.3482708555755,672.6597149382408,654.3811047315777,649.043012239382,643.4139386075799,497.0839386075799,497.0839386075799
2025-11-11 12:10:00,2025-11-11 13:10:00,2025-11-11 13:10:00,329.24,66.36179986481389,2025,11,11,12,10,1.2246467991473532e-16,-1.0,-0.5000000000000004,0.8660254037844384,1,1,892.49,652.15,245.204,178.54,713.89,75.79329643127585,10,10.0,30.87,26.4,31.4,67.91,1008.455,3.402,6.5,287.4,0.0,664.5,3.1194567680358887,10.535282135009766,237.01617431640625,27.18962860107422,0,0,0,1,0,30.0,24.9,74.0,8.0,290.0,5.0,,,True,True,True,True,ok_all_sources,ok,ok,ok,ok,802.0699999999999,970.0,912.28,867.95,546.17,464.74000000000007,473.48999999999995,30.83,68.37,1009.41,2.1255340576171875,11.093623161315918,916.1866666666666,802.0699999999999,1054.0,127.62574283166127,862.2116666666666,667.37,1054.0,138.9272677938592,778.2666666666668,471.89,1054.0,150.16849849810868,458.8949999999999,356.7898777777778,30.723333333333333,66.33722222222224,2.9238888888888885,0.0,2.1719436435138477,11.317421296063591,90.42000000000007,-19.789999999999964,0.0400000000000027,-0.46000000000000796,0.9694166424562249,0.9694166424562249,1066.3583067018474,1007.7051665500603,0.8369513271391801,1.3431000752445448,0.7307084673217626,0.2747414536857556,0.7307084673217626,2096.3817,9.906183,-3.246325597612375,1.0173367752552056,0.9939227104187012,-0.5583410263061523,0.947513124522041,-0.7821391610538253,582.11,386.63,-0.021692901302231733,5.0,0.0,2497.032266983995,825.1785770890683,892.49,-495.9385770890683,680919.6840867394,0.8188690546403737,-67.3114229109317,833.5869139465873,860.3900594381365,846.6924287107853,853.8637125846909,835.9355028999269,840.1396713286863,825.1785770890683,495.9385770890683,495.9385770890683
2025-10-06 09:30:00,2025-10-06 10:30:00,2025-10-06 10:30:00,314.84000000000003,68.98822402238766,2025,10,6,9,30,0.7071067811865476,-0.7071067811865475,-0.8660254037844386,0.5000000000000001,1,1,561.66,433.84,166.99589999999998,114.311,447.34,54.039020193199654,10,10.0,31.72,26.9,32.1,66.71000000000001,1011.9,2.669,5.2,152.1,0.0,850.0,4.223426342010498,2.8741018772125244,283.8674011230469,10.723249435424805,0,0,0,1,0,30.8,25.7,74.0,2.0,160.0,5.0,,,True,True,True,True,ok_all_sources,ok,ok,ok,ok,811.17,674.24,530.03,179.01,39.83,160.58,594.74,30.09,69.65,1011.82,3.458051919937134,3.3418571949005127,748.7766666666666,561.66,873.5,165.01740039563506,698.96,561.66,873.5,119.60852695355796,399.6709444444444,65.042,873.5,268.20146503448444,217.13,284.19683333333336,29.060555555555553,75.45444444444445,1.425,0.0,4.857609046830071,5.284183065096538,-249.51,31.629999999999995,1.629999999999999,-2.9399999999999977,0.8094171066194442,0.8094171066194442,890.3588172813886,1026.8574267209647,0.6308243250906035,0.6607764705882353,0.772424598511555,0.2973256062386497,0.772424598511555,2116.0412,10.559587999999996,1.2489046742614704,-2.358770466706723,0.7653744220733643,-0.4677553176879883,-0.6341827048195734,-2.410081187884013,808.458,311.84000000000003,0.05967586740373186,5.200000000000003,0.0,815.8638304471897,810.625741326442,561.66,-495.785741326442,657114.0925010437,0.7894238481723707,248.96574132644207,806.5521454545454,845.8372236755102,827.806856135303,833.5338944049233,819.2162987308725,817.1795007949243,810.625741326442,495.785741326442,495.785741326442
2025-03-09 12:00:00,2025-03-09 13:00:00,2025-03-09 13:00:00,262.32000000000005,79.3562691729391,2025,3,9,12,0,1.2246467991473532e-16,-1.0,1.0,6.123233995736766e-17,1,1,685.9,548.12,97.39260000000002,139.76999999999998,546.08,85.54424081691104,10,10.0,26.58,25.2,28.7,86.30000000000001,1010.0,0.0,4.4,154.5,1.4,429.3,13.375205993652344,9.07833194732666,247.14031982421875,43.06649017333984,0,0,0,0,1,27.1,23.7,82.0,5.0,180.0,5.0,,,True,True,True,True,ok_all_sources,ok,ok,ok,ok,467.2200000000001,284.96999999999997,248.74,227.33,158.95999999999998,250.14000000000001,0.8655999999999999,25.63,91.4,1010.9,18.534048080444336,9.86507511138916,509.6833333333334,375.93,685.9,159.28810763309772,388.86666666666673,258.46,685.9,166.58774716847176,293.23833333333334,118.65,685.9,143.15399122253342,281.29222222222216,9.146772222222223,26.69388888888889,87.43555555555557,0.2636111111111111,25.199999999999992,17.52288032980526,9.459442447213565,218.6799999999999,437.15999999999997,0.9499999999999993,-5.099999999999994,0.9969776185673631,0.9969776185673631,1096.6753804240993,1081.074128815494,0.6254357599737063,1.5977172140694151,0.7991252369150023,0.14199241871993004,0.7991252369150023,2293.8540000000003,3.641459999999997,0.0,-0.0,-5.158842086791992,-0.7867431640625,-4.147674336152917,-0.3811104998869048,567.25,427.44,1.7574977888558332,3.5,0.0,2243.6218609327334,757.3841435136737,685.9,-495.0641435136737,573630.7408459411,0.7005848381031193,71.48414351367376,752.1957534246575,781.1112794372202,857.5768151193597,890.974372321255,807.4804793165167,804.8862842720087,757.3841435136737,495.0641435136737,495.0641435136737
2025-11-08 12:50:00,2025-11-08 13:50:00,2025-11-08 13:50:00,161.85999999999999,58.02952220239507,2025,11,8,12,50,1.2246467991473532e-16,-1.0,-0.5000000000000004,0.8660254037844384,1,1,569.6800000000001,507.35,60.565999999999995,113.2,456.48,70.69973149672182,10,10.0,30.27,25.1,30.8,74.03,1008.97,2.477,5.2,283.0,0.0,486.0,6.612526893615723,10.602055549621582,236.7452850341797,53.336875915527344,0,0,0,1,0,30.4,25.0,73.0,8.0,300.0,7.0,,,True,True,True,True,ok_all_sources,ok,ok,ok,ok,558.72,631.83,756.83,538.9399999999999,442.34,543.4,219.11999999999998,30.37,68.94,1009.47,4.115999698638916,11.808234214782717,574.0766666666667,558.72,593.83,17.963185500721597,637.13,558.72,750.99,80.07630136313735,573.9872222222222,412.48999999999995,756.83,97.18866750722572,482.6488888888888,92.13172222222224,30.238888888888887,68.64833333333333,2.3335,0.0,3.988509270879957,11.501485877566868,10.960000000000036,-187.14999999999998,-0.10000000000000142,5.090000000000003,0.9437994026944201,0.9437994026944201,1038.1793429638622,933.1531325329491,0.5487298546835274,1.172181069958848,0.8905876983569723,0.10631582642887233,0.8905876983569723,2240.8881,7.8611189999999995,-2.4135146504730276,0.5572037616097534,2.4965271949768066,-1.2061786651611346,2.6240176227357654,-0.8994303279452858,344.3400000000001,192.26999999999998,-0.24728142383362178,5.699999999999999,0.0,2509.986663043368,656.7185140188844,569.6800000000001,-494.8585140188844,431279.2066551717,0.7037628564095251,87.03851401888437,650.7452674418605,680.4456499424309,677.2822370783136,684.1368114314566,667.0003755485991,664.0137522600871,656.7185140188844,494.8585140188844,494.8585140188844
2025-02-24 13:30:00,2025-02-24 14:30:00,2025-02-24 14:30:00,947.5,57.19356742653431,2025,2,24,13,30,-0.2588190451025208,-0.9659258262890683,0.8660254037844386,0.5000000000000001,1,1,977.4,371.17999999999995,559.78,201.89,775.35,71.64100313804511,10,10.0,29.4,25.2,29.7,80.07000000000001,1007.9994032097684,0.377,2.6,252.2,1.4,882.0,8.408536911010742,11.968379020690918,225.4235382080078,33.743865966796875,0,0,0,1,0,28.9,25.3,81.0,7.0,290.0,7.0,,,True,True,True,True,ok_all_sources,ok,ok,ok,ok,844.26,557.2900000000002,460.71000000000004,398.17,370.04,441.73,22.276,28.8,81.61,1009.2858318171186,4.098536968231201,11.170062065124512,814.7666666666665,622.6399999999999,977.4,179.20953360056865,669.5683333333334,462.93,977.4,198.19154385761937,501.1188888888889,391.62999999999994,977.4,163.83658296100984,414.6700000000001,86.82098888888889,28.952777777777783,80.69222222222223,0.037500000000000006,25.199999999999992,5.055322143766615,11.425393104553223,133.14,516.6899999999999,0.5999999999999979,-1.539999999999992,0.9491016596482632,0.9491016596482632,1044.0118256130895,924.5563589258431,0.9361962920544773,1.1081632653061224,0.3797626355637405,0.5727235522815634,0.3797626355637405,2354.058,5.859419999999997,-0.35895278106378625,-0.11524712997109098,4.309999942779541,0.7983169555664062,3.3532147672441273,0.5429859161376953,585.77,514.47,1.1215081070521584,4.5,0.0,2697.9543454586383,452.7564550644938,977.4,494.7435449355062,204988.40760256702,0.48970130451594085,-524.6435449355062,459.5620679886685,462.3028346013973,451.00020422375616,450.41478727684364,451.87832964412496,455.28113610621233,452.7564550644938,-494.7435449355062,-494.7435449355062
2025-03-09 09:40:00,2025-03-09 10:40:00,2025-03-09 10:40:00,146.38,65.68151140080042,2025,3,9,9,40,0.7071067811865476,-0.7071067811865475,1.0,6.123233995736766e-17,1,1,334.99,326.94000000000005,2.5179,63.652,271.34,50.7328999970263,10,10.0,28.22,25.3,28.4,82.21000000000001,1010.615484511772,0.0,0.0,170.0,1.4,335.7,,,,,,0,0,0,0,26.8,24.3,86.0,2.0,30.0,5.0,,,True,True,False,True,warn_missing_source,ok,ok,,ok,388.22,244.09,115.55999999999999,95.99,11.520999999999999,114.95,0.39299999999999996,26.28,89.9,1010.3400411496159,13.342415809631348,7.074242115020752,385.0466666666666,334.99,431.92999999999995,48.54784684549183,280.91,127.27000000000001,431.92999999999995,124.16109487274989,149.45694444444442,15.344999999999999,431.92999999999995,121.50573550900782,144.58988888888888,3.098344444444444,26.233888888888885,92.43055555555559,0.0,44.59999999999998,10.984134912490845,8.07759752869606,-53.23000000000002,219.43,1.9399999999999977,-7.689999999999998,0.7742037778341823,0.7742037778341823,851.6241556176005,1002.397482770085,0.39335427229288045,0.997885016383676,0.9759694319233412,0.0075163437714558645,0.9759694319233412,2319.9662000000003,5.020337999999998,0.0,-0.0,,,,,416.5849999999999,304.65999999999997,1.8988404292142613,3.099999999999998,,,640.82629997235,334.99,-494.44629997234995,410658.34673625225,0.6392936045703669,305.83629997234993,632.7377536231885,660.9985558832824,717.869843667831,743.5510248996579,679.3480718200905,675.3037986455097,640.82629997235,494.44629997234995,494.44629997234995
2025-11-08 12:10:00,2025-11-08 13:10:00,2025-11-08 13:10:00,320.64,66.74272048352832,2025,11,8,12,10,1.2246467991473532e-16,-1.0,-0.5000000000000004,0.8660254037844384,1,1,717.7299999999999,536.05,186.16,142.17000000000002,575.5400000000001,76.56994883950738,10,10.0,30.69,25.1,30.8,70.64,1009.3,2.607,4.8,292.5,0.0,675.7,4.4104204177856445,11.265032768249512,231.39288330078125,46.69269561767578,0,0,0,1,0,30.4,25.0,73.0,8.0,300.0,7.0,,,True,True,True,True,ok_all_sources,ok,ok,ok,ok,750.99,634.0600000000001,572.0699999999999,422.13,352.77000000000004,490.45,81.102,30.2,66.83,1009.935,4.305066108703613,11.951013565063477,741.85,717.7299999999999,756.83,21.091638153543325,659.7533333333333,545.95,756.83,96.04734721306292,539.0422222222222,395.19,756.83,113.23894453533698,455.59222222222223,85.94516666666668,30.012222222222224,67.43611111111112,2.096333333333333,0.0,3.5147468763239242,11.60827143052045,-33.260000000000105,145.65999999999997,0.490000000000002,3.8100000000000023,0.9726541945631332,0.9726541945631332,1069.9196140194465,1010.6151549146005,0.6708260981436263,1.0622021607222139,0.7468685996126677,0.25937330193805475,0.7468685996126677,2167.9416,9.010584,-2.4085539412569243,0.9976557081757897,0.10535430908203125,-0.6859807968139648,0.8956735414617203,-0.343238662270938,361.64000000000004,210.88,0.2546191899592707,5.699999999999999,0.0,2606.648412723036,813.2000661314482,717.7299999999999,-492.56006613144825,661294.3475561918,0.804658491589873,95.47006613144833,806.5521454545454,848.4115484805164,826.0357873480953,830.3143610869776,819.6179267397717,816.2939664013204,813.2000661314482,492.56006613144825,492.56006613144825
2025-09-12 11:20:00,2025-09-12 12:20:00,2025-09-12 12:20:00,414.87,80.58163906229419,2025,9,12,11,20,0.258819045102521,-0.9659258262890682,-1.0,-1.8369701987210297e-16,1,1,622.4300000000001,585.5,27.691900000000004,118.01000000000002,504.41,76.43224809452886,10,10.0,29.46,24.9,30.9,66.02,1011.21,2.426,6.6,294.1,0.0,590.9,4.026865005493164,8.001585006713867,254.5943298339844,24.08276557922364,0,0,0,1,0,29.7,23.5,70.0,6.0,290.0,7.0,,,True,True,True,True,ok_all_sources,ok,ok,ok,ok,701.72,764.78,1016.4,442.2200000000001,250.29999999999995,476.75999999999993,578.03,29.76,60.01,1011.3,2.618598222732544,8.341794967651367,704.2633333333333,622.4300000000001,788.64,83.13418330225743,678.1866666666668,579.57,788.64,86.56735820542671,596.9194444444444,281.81000000000006,1016.4,198.72619405995664,454.87111111111113,151.87816111111113,28.86,66.28333333333335,2.2520555555555557,0.0,2.945391907411463,8.625414708081413,-79.28999999999996,-393.9699999999999,-0.3000000000000007,6.009999999999998,0.9720931929324922,0.9720931929324922,1069.3025122257413,1085.1717488763995,0.5820897200591243,1.0533592824504994,0.9406680269267226,0.04448998280931189,0.9406680269267226,1944.9492,10.010508000000002,-2.214535713967362,0.9906096968852405,1.4082667827606201,-0.3402099609375,1.081473098081701,-0.623829701367546,734.5899999999999,209.06999999999994,-0.38761314443132616,6.0,0.0,2037.1581723939746,906.9866866990486,622.4300000000001,-492.1166866990486,822624.8498493182,0.8358001280794068,284.55668669904856,906.7014333333333,932.2483518654246,953.2163246342709,968.6262039460116,930.1015056666597,929.9588789838022,906.9866866990486,492.1166866990486,492.1166866990486
2025-04-27 09:50:00,2025-04-27 10:50:00,2025-04-27 10:50:00,293.42999999999995,64.70733458459672,2025,4,27,9,50,0.7071067811865476,-0.7071067811865475,0.8660254037844387,-0.4999999999999998,1,1,815.77,184.39999999999998,760.63,165.71999999999997,650.0,52.49913511083967,10,10.0,31.28,25.8,31.6,71.36,1008.7968095964676,0.297,2.0,136.1,0.0,809.0,2.0949997901916504,4.806088924407959,272.90069580078125,36.34444046020508,0,0,0,1,0,30.7,25.6,74.0,3.0,150.0,6.0,,,True,True,True,True,ok_all_sources,ok,ok,ok,ok,744.36,607.76,540.95,347.01000000000005,88.113,152.81,591.9300000000001,30.64,71.06,1008.855882641913,3.416226625442505,5.402904987335205,767.35,741.92,815.77,41.95069367722062,669.76,548.0699999999999,815.77,111.93037853951894,432.08627777777775,64.16900000000001,815.77,240.42035230497373,126.13833333333335,468.7079833333333,29.07944444444444,80.81944444444446,0.16161111111111112,0.4,3.9063793841530297,5.373600987827077,71.40999999999997,274.81999999999994,0.6400000000000006,0.29999999999999716,0.7933441508475361,0.7933441508475361,872.6785659322896,994.5509744122876,0.9347886287644824,1.0083683559950556,0.22604410556897161,0.9324074187577381,0.22604410556897161,2232.1408,8.958592000000001,0.20594034299791644,-0.2140036801690581,-1.3212268352508545,-0.5968160629272461,-1.8113795939613793,-0.5675120634191178,751.601,267.70000000000005,0.5080321656345317,5.800000000000001,0.0,1311.5850115513604,785.2681013392928,815.77,-491.83810133929285,616645.9909810178,0.7895704911488656,-30.501898660707184,781.6293779069765,808.9952372628393,783.6767291733803,783.1462717847428,784.4724152563365,782.6530535401785,785.2681013392928,491.83810133929285,491.83810133929285
2025-10-11 13:00:00,2025-10-11 14:00:00,2025-10-11 14:00:00,128.89,58.205814763257685,2025,10,11,13,0,-0.2588190451025208,-0.9659258262890683,-0.8660254037844386,0.5000000000000001,1,1,998.1,190.85999999999999,843.7,193.44000000000003,804.6700000000001,73.02610449881097,10,10.0,30.43,25.3,30.9,77.15,1008.1,2.363,4.7,247.3,0.0,1006.0,8.703877449035645,3.9096736907958975,278.72979736328125,21.330001831054688,0,0,0,1,0,30.6,26.2,78.0,7.0,250.0,7.0,,,True,True,True,True,ok_all_sources,ok,ok,ok,ok,994.3,991.2,1014.1,983.3,857.5,173.31,858.0,30.27,77.55000000000001,1009.185,4.989850997924805,4.599925518035889,982.0666666666666,953.8,998.1,24.55327540947103,991.9500000000002,953.8,1008.8,19.833582631486454,929.4455555555555,390.19,1043.2,169.26832608134066,194.8988888888889,764.489511111111,29.92333333333333,79.11222222222223,2.5122222222222224,0.0,4.3887698782814875,3.835196852684021,3.800000000000068,-16.0,0.16000000000000014,-0.4000000000000057,0.9564378640162756,0.9564378640162756,1052.0816504179031,934.9407844133539,0.9486906264390594,0.9921471172962227,0.19122332431620076,0.8453060815549545,0.19122332431620076,2347.6745,6.953254999999998,-2.1799575053851106,-0.9118959780123639,3.71402645111084,-0.6902518272399911,4.315107570754157,0.07447683811187655,653.01,55.0,-0.015777536732077706,5.599999999999998,0.0,1089.7425555920925,620.2963441033042,998.1,-491.40634410330426,384767.5545079248,0.6634605682460637,-377.8036558966958,617.1308193430656,640.4686000142367,640.6714209774152,647.4631132687856,630.4838825403597,628.9011201602405,620.2963441033042,491.40634410330426,491.40634410330426
2025-03-19 13:00:00,2025-03-19 14:00:00,2025-03-19 14:00:00,334.76,63.52305446577915,2025,3,19,13,0,-0.2588190451025208,-0.9659258262890683,1.0,6.123233995736766e-17,1,1,768.73,636.93,90.452,153.68,615.0500000000001,78.28784972339716,10,10.0,30.42,25.0,31.5,72.97,1010.1,1.221,4.0,279.7,0.0,559.4,3.38336443901062,12.806756973266602,219.66831970214844,23.3254337310791,0,0,0,1,0,30.6,25.2,73.0,8.0,280.0,6.0,,,True,True,True,True,ok_all_sources,ok,ok,ok,ok,717.28,840.0199999999999,743.0899999999999,640.3,435.93999999999994,633.97,77.34800000000001,30.44,73.38000000000001,1010.5,2.64230751991272,11.946443557739258,796.0433333333334,717.28,902.1200000000001,95.39900436237974,809.25,717.28,902.1200000000001,63.190811990351904,716.433888888889,456.2499999999999,914.74,133.25204989655506,554.448888888889,133.91832222222223,30.689999999999998,70.58444444444446,1.1408333333333331,0.0,2.7347024811638727,12.642843458387587,51.450000000000045,25.6400000000001,-0.019999999999999574,-0.4100000000000108,0.9791797850573494,0.9791797850573494,1077.0977635630843,984.6252114490264,0.7137049449039883,1.3742045048266,0.828548384998634,0.11766419939380536,0.828548384998634,2219.7474,8.222526,-1.2035439357574902,0.20572553244886813,0.7410569190979,0.8603134155273438,0.6486619578467474,0.16391351487901495,458.4900000000001,184.84000000000015,0.03450456876017724,6.5,0.0,2813.2387851512467,825.1584666201444,768.73,-490.3984666201444,680886.495034908,0.8380432036732003,56.42846662014438,833.5869139465873,860.3699489692126,835.1907986251772,838.5349092935214,830.1746326226607,834.3888562858822,825.1584666201444,490.3984666201444,490.3984666201444
2025-09-25 12:40:00,2025-09-25 13:40:00,2025-09-25 13:40:00,261.59,64.2724868415402,2025,9,25,12,40,1.2246467991473532e-16,-1.0,-1.0,-1.8369701987210297e-16,1,1,930.43,462.35999999999996,419.43,174.34,756.0899999999999,78.96188330362536,10,10.0,29.77,24.7,30.2,80.71000000000001,1008.615,2.711,4.5,262.7,0.0,429.2,5.589999675750732,4.6650590896606445,274.1600036621094,28.6168155670166,0,0,0,1,0,30.0,26.1,80.0,6.0,280.0,6.0,,,True,True,True,True,ok_all_sources,ok,ok,ok,ok,980.6,805.1,857.9,974.3,651.2400000000001,676.5400000000001,151.27,29.62,79.11,1009.395,4.845964431762695,5.966639995574951,921.4966666666666,853.46,980.6,64.03903679267307,866.0433333333334,805.1,980.6,73.0871229880248,857.1927777777778,652.61,989.6,98.61271459637118,557.6933333333334,289.60122222222225,29.59500000000001,78.9527777777778,2.381166666666667,0.0,4.2664550468325615,6.141727894544601,-50.17000000000007,72.52999999999997,0.14999999999999858,1.6000000000000085,0.9815000282904397,0.9815000282904397,1079.6500311194836,990.9555440724848,0.8617885177433301,2.1678238583411,0.4969315262835463,0.45079156948937593,0.4969315262835463,2402.7367000000004,5.742632999999997,-2.68902583386157,-0.34447215391826175,0.7440352439880371,-1.3015809059143066,1.323544628918171,-1.476668804883957,336.99,175.5,0.08454365310642263,5.5,0.0,1278.972617105319,751.815214837521,930.43,-490.22521483752104,565226.1172611879,0.7586770358514977,-178.61478516247894,734.2438022922636,775.5423507610676,782.662681239086,792.9451700396078,767.2389480383035,758.4532417656749,751.815214837521,490.22521483752104,490.22521483752104
2025-06-28 11:00:00,2025-06-28 12:00:00,2025-06-28 12:00:00,226.63000000000002,62.70429799566152,2025,6,28,11,0,0.258819045102521,-0.9659258262890682,1.2246467991473532e-16,-1.0,1,1,409.9799999999999,358.96,42.6827,67.53999999999999,342.42999999999995,58.0022865295589,10,10.0,27.65,24.8,28.9,84.54,1010.0,0.548,4.5,281.1,1.2,320.4,2.993142604827881,8.80585765838623,247.3334045410156,23.88618850708008,0,0,0,1,0,28.4,25.4,84.0,6.0,290.0,4.0,,,True,True,True,True,ok_all_sources,ok,ok,ok,ok,399.65,981.6,181.24,94.656,59.001999999999995,178.83999999999997,0.5176999999999999,25.48,96.60000000000001,1010.5,16.395832061767578,6.057933330535889,453.76666666666665,399.65,551.6700000000001,84.94394759683202,575.49,399.65,981.6,223.83612657477798,275.8349999999999,78.098,981.6,251.80233682464694,206.54966666666664,76.82206111111113,26.272777777777776,93.79444444444445,0.3381388888888889,17.832423445548244,25.079421674504,5.215119235655841,10.329999999999927,228.7399999999999,2.169999999999998,-12.060000000000002,0.8480692432178578,0.8480692432178578,932.8761675396436,977.5167989102148,0.4394795518051193,1.2795880149812733,0.8755549051173229,0.10410922484023613,0.8755549051173229,2337.531,4.274689999999998,-0.5377483798677504,0.1055020376561974,-13.402689456939697,2.747924327850342,-22.08627906967612,3.5907384227303893,903.5020000000001,581.95,1.2620834252924293,4.099999999999998,0.0,2177.9827545522417,716.7681463437874,409.9799999999999,-490.1381463437874,513756.57561310905,0.7332540444756314,306.7881463437875,715.7043884297523,740.495282267334,727.701050037049,731.3453512681361,722.2345981904182,721.7027192334006,716.7681463437874,490.1381463437874,490.1381463437874
2025-08-08 12:00:00,2025-08-08 13:00:00,2025-08-08 13:00:00,244.26,66.5714834818096,2025,8,8,12,0,1.2246467991473532e-16,-1.0,-0.8660254037844384,-0.5000000000000004,1,1,729.95,274.42999999999995,471.59100000000007,142.105,587.9,69.53170093545141,10,10.0,29.23,25.8,29.4,84.28,1011.1,2.233,4.0,262.9,0.0,915.0,7.805635929107666,2.8490006923675537,284.6410827636719,22.5,0,0,0,1,0,29.7,26.1,81.0,6.0,280.0,5.0,,,True,True,True,True,ok_all_sources,ok,ok,ok,ok,887.9,866.1,818.0,547.3100000000001,402.14,217.54000000000002,666.65,28.8,86.60000000000001,1011.6,6.447580814361572,2.7460968494415283,832.5833333333334,729.95,887.9,88.97303430440782,842.6083333333332,729.95,887.9,57.834681780629374,670.7805555555556,359.2,887.9,173.2291362353622,247.88888888888889,488.2795222222222,28.766111111111115,85.77777777777777,1.4859444444444445,0.0,4.813836700776044,2.8270919603459976,-157.94999999999993,-88.04999999999995,0.4299999999999997,-2.3200000000000074,0.9368658106050392,0.9368658106050392,1030.5523916655432,1009.3125335527012,0.7083094521960985,0.7977595628415302,0.3759572573463935,0.6460593191314474,0.3759572573463935,2463.5044000000003,4.594956,-2.215877217298296,-0.2760020975615213,1.3580551147460938,0.10290384292602539,2.9917992283316224,0.021908732021556077,528.7,157.94999999999993,-0.10764058679706597,3.599999999999998,0.0,810.9426418699513,734.0658782316311,729.95,-489.80587823163114,538852.7135839759,0.7272929383406908,4.115878231631086,722.1531092436974,757.7930141551776,768.4696970801322,779.9376366962993,751.2677876558816,745.3114031619148,734.0658782316311,489.80587823163114,489.80587823163114
2025-03-08 14:00:00,2025-03-08 15:00:00,2025-03-08 15:00:00,72.729,49.53183605485932,2025,3,8,14,0,-0.4999999999999997,-0.8660254037844388,1.0,6.123233995736766e-17,1,1,473.35999999999996,418.15999999999997,28.147000000000002,92.65,380.74,64.47137676278655,10,10.0,30.12,24.6,30.8,74.24000000000001,1006.6,0.043,2.5,259.5,8.8,906.0,8.466337203979492,6.980752944946289,259.8782043457031,40.94547653198242,0,0,0,1,0,29.7,25.1,77.0,4.0,280.0,5.0,,,True,True,True,True,ok_all_sources,ok,ok,ok,ok,1035.65,826.9900000000001,605.7299999999999,625.7499999999999,675.34,330.74,232.49,29.36,77.35000000000001,1008.0,4.019801616668701,10.512890815734863,761.2266666666668,473.35999999999996,1035.65,281.38595102338246,857.695,473.35999999999996,1051.2,219.40388918613093,750.8916666666667,470.49000000000007,1051.2,195.54386182403894,430.95111111111106,279.0308388888889,29.727222222222217,76.21277777777779,0.0345,158.4,4.584598885642158,9.472490204705132,-562.2900000000002,-132.36999999999995,0.7600000000000016,-3.1099999999999994,0.9023701014165056,0.9023701014165056,992.6071115581562,836.8433811041464,0.4768855617575999,0.5224724061810154,0.8833868514449891,0.05946214297786041,0.8833868514449891,2236.1088000000004,7.758911999999998,-0.04227996102525004,-0.007836127596162354,4.446535587310791,-3.532137870788574,3.8817383183373346,-2.4917372597588425,580.71,577.8400000000001,-0.21852970795568977,6.199999999999999,0.0,1814.1455403136206,562.5328428192146,473.35999999999996,-489.8038428192146,316443.1992502672,0.6722080326153724,89.17284281921462,575.0529509981851,582.705098730147,562.5328428192146,562.5328428192146,562.5328428192146,568.7928969086998,562.5328428192146,489.8038428192146,489.8038428192146
2025-01-14 13:20:00,2025-01-14 14:20:00,2025-01-14 14:20:00,253.35,54.85254415631029,2025,1,14,13,20,-0.2588190451025208,-0.9659258262890683,0.49999999999999994,0.8660254037844387,1,1,967.6,805.87,99.38000000000001,182.22,785.3699999999999,66.30161104539799,10,10.0,30.93,24.5,31.4,73.18,1008.1427135009452,0.034,1.2,207.5,0.0,130.4,5.31879997253418,9.301180839538574,245.06480407714844,54.03227233886719,0,0,0,1,0,30.8,25.7,74.0,7.0,220.0,7.0,,,True,True,True,True,ok_all_sources,ok,ok,ok,ok,982.1,1008.8,990.7,939.3,806.26,779.5899999999999,116.71999999999998,30.06,76.49000000000001,1009.2168471756052,3.215892791748047,8.150839805603027,980.0,967.6,990.3,11.494781424629172,985.9500000000002,967.6,1008.8,13.583040896647535,954.6277777777777,840.9,1008.8,41.0326241158187,772.6988888888889,115.31722222222223,29.992222222222225,77.53777777777778,0.015000000000000001,0.0,2.8483743601375155,8.242076688342625,-14.5,-23.100000000000023,0.870000000000001,-3.3100000000000023,0.9156738949638993,0.9156738949638993,1007.2412844602892,899.4405008408924,0.9606437056623129,7.420245398773006,0.8328544853245142,0.10270773046713519,0.8328544853245142,2263.4574000000002,8.295425999999997,-0.015699452849991146,-0.030158368328059543,2.102907180786133,1.1503410339355469,2.470425612396664,1.0591041511959496,167.89999999999998,41.19999999999993,-0.023316846674068862,6.899999999999999,0.0,2279.3920601276477,741.788962152487,967.6,-488.43896215248697,550250.8643712638,0.8247226597634685,-225.81103784751303,726.7605878136202,765.5160980760336,739.5935419935495,738.8617352739036,740.6912520730182,733.1770649035848,741.788962152487,488.43896215248697,488.43896215248697
2025-07-06 11:30:00,2025-07-06 12:30:00,2025-07-06 12:30:00,1019.0,62.929734241421045,2025,7,6,11,30,0.258819045102521,-0.9659258262890682,-0.4999999999999997,-0.8660254037844388,1,1,380.78000000000003,371.81,13.630799999999997,68.949,311.79999999999995,61.552080744189745,10,10.0,28.66,24.0,29.5,83.42,1009.3680008601957,2.315,4.8,281.1,0.2,629.1,10.032416343688965,3.8103082180023193,278.8265075683594,25.80687522888184,0,0,0,0,1,29.0,25.8,83.0,8.0,270.0,5.0,,,True,True,True,True,ok_all_sources,ok,ok,ok,ok,832.3199999999999,797.88,782.69,626.82,170.21,92.26000000000002,714.95,28.78,79.64,1009.8219252709525,4.333555221557617,3.61804461479187,683.61,380.78000000000003,837.7299999999999,262.2724226829804,734.1383333333333,380.78000000000003,837.7299999999999,176.84832466457425,638.5683333333333,153.82999999999998,837.7299999999999,191.62244060682886,140.71500000000003,556.4006444444445,28.287777777777777,82.12944444444446,0.8506666666666667,0.6000000000000001,4.055445110096651,4.882862006916719,-451.5399999999999,-401.91,-0.120000000000001,3.780000000000001,0.8792504775337535,0.8792504775337535,967.1755252871288,979.4940039476594,0.39370309736379705,0.6052773803846766,0.9764430904984505,0.03579704816429433,0.9764430904984505,2390.8172,4.751828,-2.2716925171420472,0.4456883525074762,5.698861122131348,0.19226360321044922,5.976971233592314,-1.0725537889143997,683.8999999999999,456.9499999999999,-0.5134983198967663,5.5,0.0,1062.4149331846056,530.5652876693439,380.78000000000003,488.4347123306561,281499.5244796536,0.5416728285533184,149.78528766934386,520.1393023255814,550.7375435802763,596.7718345524212,618.840683513447,563.6685611108826,558.4555684390014,530.5652876693439,-488.4347123306561,-488.4347123306561
2025-09-27 10:10:00,2025-09-27 11:10:00,2025-09-27 11:10:00,270.56000000000006,77.94204454377905,2025,9,27,10,10,0.49999999999999994,-0.8660254037844387,-1.0,-1.8369701987210297e-16,1,1,234.47999999999996,230.02000000000004,0.6587999999999999,43.24799999999999,191.23,63.10825902609635,10,10.0,29.77,26.4,31.4,83.9,1010.0,1.595,3.3,264.5,0.0,214.6,3.8835294246673584,3.04260802268982,283.3984069824219,14.925384521484377,0,0,0,1,0,30.3,26.6,81.0,5.0,270.0,5.0,,,True,True,True,True,ok_all_sources,ok,ok,ok,ok,225.15,416.91999999999996,469.05,407.22999999999996,161.20000000000002,462.77,4.308200000000001,30.85,74.51,1010.065,1.575600028038025,4.26908016204834,262.03999999999996,225.15,326.49,56.00994643811043,346.9083333333333,225.15,616.55,150.14900005217038,381.42388888888877,207.42,616.55,124.4966286403389,375.6988888888889,3.180138888888889,29.757777777777775,77.53666666666668,1.034611111111111,0.0,2.104939579963684,5.325571018106797,9.329999999999956,-234.57000000000005,-1.0800000000000018,9.39,0.8918627375357202,0.8918627375357202,981.0490112892923,1075.7304743687966,0.239009465685967,1.092637465051258,0.9809791879904473,0.0028096212896622317,0.9809791879904473,2497.703,4.792969999999998,-1.58765693639565,-0.15287397526975793,2.3079293966293335,-1.22647213935852,1.7785898447036743,-2.2829629954169772,409.13,391.4,-0.5000959385992966,5.0,0.0,862.2702667022314,758.0478992361691,234.47999999999996,-487.487899236169,574636.6175363691,0.7046819973013841,523.5678992361691,752.1957534246575,781.7750351597156,832.4821532096414,857.2935712007987,795.2650262229052,792.3389533171494,758.0478992361691,487.487899236169,487.487899236169
2025-10-06 10:00:00,2025-10-06 11:00:00,2025-10-06 11:00:00,338.77,76.45636587299843,2025,10,6,10,0,0.49999999999999994,-0.8660254037844387,-0.8660254037844386,0.5000000000000001,1,1,502.7099999999999,427.28000000000003,80.649,99.31000000000002,403.4,61.51443226582385,10,10.0,31.39,26.9,32.1,67.14,1012.025,2.477,5.2,156.5,0.0,526.4,5.856751918792725,3.3962481021881104,280.79376220703125,11.129215240478516,0,0,0,1,0,31.8,26.4,73.0,6.0,170.0,5.0,,,True,True,True,True,ok_all_sources,ok,ok,ok,ok,589.9399999999999,561.66,674.24,289.36,97.35,395.31,400.8,30.82,70.58000000000001,1012.01,4.52307653427124,2.9484617710113525,605.8266666666667,502.7099999999999,724.83,111.90895063994365,677.3016666666666,502.7099999999999,873.5,148.43231796568654,486.7149999999999,113.79,873.5,234.9821935243805,276.02722222222224,317.80783333333335,29.883333333333333,72.11388888888891,1.6949444444444444,0.0,4.060324514613432,4.659447291318108,-87.23000000000002,-171.5300000000001,0.5700000000000003,-3.440000000000012,0.8789372765666961,0.8789372765666961,966.8310042233657,1069.4110415786456,0.5199564327209552,0.9549962006079026,0.8499532533667524,0.16042847765113089,0.8499532533667524,2107.5246,10.314754,0.9877014437278346,-2.271557804251952,1.3336753845214844,0.4477863311767578,1.7964274041792923,-1.263199189129998,759.71,370.7900000000001,-0.254404959658282,5.200000000000003,0.0,953.6452820018894,825.8348472653256,502.7099999999999,-487.0648472653256,682003.1949577436,0.772233327651305,323.1248472653257,833.5869139465873,861.0463296143938,882.6504808921676,901.5890254344483,854.2426640787467,858.1186974193774,825.8348472653256,487.0648472653256,487.0648472653256
2025-10-03 10:50:00,2025-10-03 11:50:00,2025-10-03 11:50:00,1308.8,88.68801883022134,2025,10,3,10,50,0.49999999999999994,-0.8660254037844387,-0.8660254037844386,0.5000000000000001,1,1,499.02,491.5799999999999,2.1573,100.18,398.85,73.74798082862651,10,10.0,29.09,24.5,30.1,71.47,1011.5,1.956,3.5,272.1,0.0,451.3,5.599632263183594,7.776871681213379,254.65460205078125,22.974760055541992,0,0,0,1,0,29.1,24.3,76.0,2.0,270.0,6.0,,,True,True,True,True,ok_all_sources,ok,ok,ok,ok,478.85,415.87999999999994,442.80999999999995,452.16999999999996,196.19,433.73,4.6716999999999995,29.27,70.21000000000001,1011.7,4.395678043365479,7.5456109046936035,480.71000000000004,464.26000000000005,499.02,17.454486529256545,446.19166666666666,401.19,499.02,39.81307092735586,460.09166666666664,184.86999999999998,877.5,166.2756320532443,449.30484999999993,4.1262944444444445,28.567777777777778,70.88666666666667,1.0587777777777778,0.0,3.400507358943715,7.994914363412296,20.16999999999996,56.210000000000036,-0.17999999999999972,1.259999999999991,0.9600399922827004,0.9600399922827004,1056.0439915109705,1099.7116276265128,0.4725371329332695,1.1057389762907157,0.9850907779247323,0.004323073223518096,0.9850907779247323,2079.0623,8.299377,-1.9546863382310515,0.07167509423002447,1.2039542198181143,0.2312607765197754,2.199124904239879,-0.21804268219891743,692.63,97.82999999999998,0.1269393193468983,5.600000000000001,0.0,1980.4161631793831,823.3538812550191,499.02,485.4461187449808,677911.6137777042,0.7486998050862192,324.33388125501915,823.8028634361236,858.5653636040873,910.6935879532616,939.8068235193424,867.0237346041404,867.2482256946926,823.3538812550191,-485.4461187449808,-485.4461187449808
2025-12-07 13:30:00,2025-12-07 14:30:00,2025-12-07 14:30:00,844.0,48.7442314096732,2025,12,7,13,30,-0.2588190451025208,-0.9659258262890683,-2.4492935982947064e-16,1.0,1,1,1002.2299999999999,413.82,681.05,206.43999999999997,795.72,60.91960904524232,10,10.0,28.65,25.8,28.9,85.13000000000001,1008.99,3.102,7.9,266.7,0.0,381.2,14.599458694458008,10.116053581237791,238.2216186523437,50.53510284423828,0,0,0,0,1,27.7,25.0,85.0,7.0,240.0,5.0,,,True,True,True,True,ok_all_sources,ok,ok,ok,ok,1124.0,669.1899999999999,433.59,613.2,708.92,396.16,32.894400000000005,27.95,87.9,1009.76,15.197417259216309,7.413066387176514,1091.31,1002.2299999999999,1147.7,78.05035105622525,785.3566666666666,337.63,1147.7,355.59873586202,765.3705555555556,337.63,1147.7,254.13638479396016,475.2005555555556,319.38034444444446,28.00888888888889,86.58944444444445,3.0577222222222225,0.0,14.022653420766195,7.301031245125665,-121.7700000000001,568.6399999999999,0.6999999999999993,-2.769999999999996,0.8739386164488967,0.8739386164488967,961.3324780937863,826.9507621563538,1.0425425363629748,2.62914480587618,0.4128992347066043,0.6795346377578001,0.4128992347066043,2438.9745000000003,4.260254999999997,-3.0968563151367157,-0.17856361162857817,-0.5979585647583008,2.7029871940612775,0.5768052736918126,2.8150223361121265,810.07,810.07,1.31146936045573,3.099999999999998,0.0,2409.862658496305,359.1723915404951,1002.2299999999999,484.8276084595049,129004.80684491871,0.43433346696956715,-643.0576084595048,346.737516576087,368.7187710773986,359.1723915404951,359.1723915404951,359.1723915404951,352.95495405829104,359.1723915404951,-484.8276084595049,-484.8276084595049
2025-09-20 11:00:00,2025-09-20 12:00:00,2025-09-20 12:00:00,408.09000000000003,84.67347923235664,2025,9,20,11,0,0.258819045102521,-0.9659258262890682,-1.0,-1.8369701987210297e-16,1,1,605.3599999999999,513.99,69.179,108.965,496.39000000000004,74.16120723261308,10,10.0,29.62,25.2,30.6,80.82000000000001,1010.11,1.837,4.1,279.4,0.2,467.2,5.5803728103637695,6.387346267700195,264.443115234375,20.25463485717773,0,0,0,1,0,29.1,26.2,84.0,7.0,290.0,5.0,,,True,True,True,True,ok_all_sources,ok,ok,ok,ok,534.8299999999999,772.9000000000001,492.5,714.5,162.52,456.2099999999999,21.0942,28.63,86.0,1011.1,17.104875564575195,6.01365327835083,702.9399999999999,534.8299999999999,968.6299999999999,232.78101791168453,677.4966666666666,512.1900000000002,968.6299999999999,171.33912940909514,477.7022222222223,211.60999999999999,968.6299999999999,223.61488100423,373.0516666666667,86.15428333333335,28.83888888888889,83.93166666666664,1.3726666666666665,0.6000000000000001,14.404616299797507,5.963665204889634,70.52999999999997,112.8599999999999,0.990000000000002,-5.179999999999993,0.962033422520025,0.962033422520025,1058.2367647720275,1095.250019059042,0.572045897621418,1.2957191780821915,0.8490650191621516,0.11427745473767678,0.8490650191621516,2393.8884000000003,5.6811159999999985,-1.812333060872003,0.30002979263785895,-11.524502754211426,0.37369298934936523,-8.824243489433737,0.4236810628105614,757.0199999999999,456.4399999999997,0.22915736040609117,5.400000000000002,0.0,1689.0897451112978,892.4368894397304,605.3599999999999,-484.3468894397304,796443.6016328615,0.8148248106915774,287.0768894397305,904.8356363636364,927.6483717887986,976.7151047292947,1004.8078431591495,934.5759970845126,940.7753705464655,892.4368894397304,484.3468894397304,484.3468894397304
2025-09-29 13:00:00,2025-09-29 14:00:00,2025-09-29 14:00:00,277.12,59.103208841979935,2025,9,29,13,0,-0.2588190451025208,-0.9659258262890683,-1.0,-1.8369701987210297e-16,1,1,649.0900000000001,596.8100000000001,32.4165,125.38,523.76,74.03650411805874,10,10.0,30.68,23.5,32.5,68.33,1008.4,2.103,5.2,238.8,0.0,545.6,4.2368268966674805,8.96303939819336,248.0637359619141,39.45919036865234,0,0,0,1,0,31.0,24.8,70.0,4.0,250.0,10.0,,,True,True,True,True,ok_all_sources,ok,ok,ok,ok,606.4300000000001,814.8399999999999,719.82,1052.1200000000001,540.45,649.53,31.676499999999997,32.24,55.449999999999996,1008.655,3.619191884994507,10.655546188354492,631.8833333333333,606.4300000000001,649.0900000000001,22.493877685568904,702.805,606.4300000000001,814.8399999999999,89.168071808243,723.2955555555556,508.68999999999994,1089.1,168.0962482774893,587.5983333333332,82.25685555555556,31.00333333333333,61.44388888888889,2.048833333333333,0.0,4.68313733736674,9.554381476508247,42.66000000000008,-70.7299999999999,-1.5600000000000023,12.880000000000003,0.961437114088857,0.961437114088857,1057.5808254977428,943.9030317009791,0.6137497809630867,1.1896810850439885,0.9194564698269885,0.049941456500639345,0.9194564698269885,2096.3644,9.716356000000001,-1.7988310391175455,-1.0894108007116932,0.6176350116729736,-1.6925067901611328,-0.44631044069925974,-0.5913420783148879,580.41,208.40999999999985,-0.09826067628018102,9.0,0.0,2223.405038689671,761.1601740633889,649.0900000000001,-484.0401740633889,579364.8105802085,0.8063965772964254,112.07017406338878,752.1957534246575,784.8873099869354,780.4330317085372,786.8573175902534,770.796602885963,766.3143925665973,761.1601740633889,484.0401740633889,484.0401740633889
2025-02-05 12:00:00,2025-02-05 13:00:00,2025-02-05 13:00:00,342.58000000000004,74.250543649409,2025,2,5,12,0,1.2246467991473532e-16,-1.0,0.8660254037844386,0.5000000000000001,1,1,539.26,524.47,13.0815,103.34,435.92999999999995,76.73360458168187,10,10.0,29.36,23.4,30.1,73.14,1007.8000000000001,0.051,0.7,258.7,0.0,490.1,7.042809963226318,8.59793472290039,250.5685272216797,38.15910339355469,0,0,0,1,0,29.4,24.4,74.0,7.0,290.0,6.0,,,True,True,True,True,ok_all_sources,ok,ok,ok,ok,504.32000000000005,486.02,690.33,500.58000000000004,228.02999999999997,615.76,71.11599999999999,29.73,70.25,1007.9,6.552727222442627,9.157951354980469,447.3533333333334,298.4800000000001,539.26,130.1063139641321,496.39833333333337,298.4800000000001,590.6800000000001,103.98704542714277,458.75944444444445,236.35,690.33,126.01963177930195,439.16722222222234,14.34155,28.827222222222222,74.42500000000001,0.002833333333333333,0.0,7.6391050394843605,9.124578924740062,34.93999999999994,-151.07000000000005,-0.370000000000001,2.8900000000000006,0.9733136319932131,0.9733136319932131,1070.6449951925345,1058.703593162022,0.5036776918786462,1.1003060599877574,0.9725735266847162,0.024258242777139043,0.9725735266847162,2147.3903999999998,7.886096,-0.05001134758587726,-0.009993253356368418,0.4900827407836914,-0.5600166320800781,-0.5962950762580421,-0.5266442018396713,453.98,292.2,-0.21883736763576847,6.700000000000003,0.0,2154.3718406652915,826.5209695280116,539.26,-483.9409695280116,683136.9130695243,0.7806915692610883,287.26096952801163,833.5869139465873,861.7324518770798,906.7351041305895,933.4731489981156,866.6280368293005,870.1610090385884,826.5209695280116,483.9409695280116,483.9409695280116
2025-05-07 12:30:00,2025-05-07 13:30:00,2025-05-07 13:30:00,123.78000000000002,60.243208630737286,2025,5,7,12,30,1.2246467991473532e-16,-1.0,0.49999999999999994,-0.8660254037844387,1,1,885.1,136.82999999999998,756.9100000000001,175.48000000000002,709.7099999999999,68.43989999883682,10,10.0,31.82,26.1,33.1,74.74000000000001,1006.5175907388384,1.769,4.1,235.8,0.0,924.0,7.824806690216064,3.764153957366944,280.14501953125,32.71444320678711,0,0,0,1,0,31.9,26.8,74.0,8.0,250.0,5.0,,,True,True,True,True,ok_all_sources,ok,ok,ok,ok,892.5,901.4,893.8,682.8,656.4799999999999,162.96,747.4599999999999,30.97,80.14,1008.1170905024226,2.7976744174957275,4.598209381103516,892.6333333333333,885.1,900.3,7.6008771423654,896.9500000000002,885.1,901.6,6.748259034743658,800.9027777777777,591.2,928.3,114.20191081153828,185.17166666666668,659.1335944444445,31.796111111111113,72.58444444444446,1.123611111111111,0.0,3.1635098878075096,3.2471493131974163,-7.399999999999977,-8.699999999999932,0.8500000000000014,-5.3999999999999915,0.9300326173321981,0.9300326173321981,1023.0358790654179,954.9539900753166,0.8651700474166873,0.9579004329004329,0.15459270138967346,0.8551689074680828,0.15459270138967346,2378.2268000000004,8.037731999999998,-1.4631055358917004,-0.9943254954204181,5.027132272720336,-0.8340554237365718,4.661296802408554,0.5170046441695275,337.0999999999999,16.5,-0.009733721190422838,7.0,0.0,1054.5089839051946,607.5673477500438,885.1,-483.7873477500438,369138.0820520227,0.636226827747089,-277.5326522499562,617.1308193430656,627.7396036609763,690.9224598620256,718.707497232686,649.2449038060347,654.0266396025456,607.5673477500438,483.7873477500438,483.7873477500438
2025-03-31 12:30:00,2025-03-31 13:30:00,2025-03-31 13:30:00,299.25999999999993,68.78113053016781,2025,3,31,12,30,1.2246467991473532e-16,-1.0,1.0,6.123233995736766e-17,1,1,808.97,593.65,185.75199999999998,165.4,643.53,80.90133649208215,10,10.0,30.55,24.5,30.9,74.59,1008.8091340175937,0.695,3.2,269.7,0.4,494.1,6.372905731201172,14.39523220062256,207.86160278320312,22.97425842285156,0,0,0,1,0,30.4,24.6,71.0,8.0,290.0,7.0,,,True,True,True,True,ok_all_sources,ok,ok,ok,ok,905.21,905.14,735.7900000000001,712.0600000000001,431.91,527.0699999999999,177.34499999999997,30.02,75.29,1009.6841296876721,5.0552473068237305,12.156249046325684,872.7400000000001,808.97,905.21,55.229538292475326,875.0933333333334,760.26,966.9399999999999,75.68688807624916,763.8544444444444,511.1,966.9399999999999,129.32714128597524,531.1444444444444,211.62548333333334,29.56888888888889,78.4972222222222,0.7234444444444446,7.200000000000002,5.433943355784697,12.450330565957461,-96.24000000000001,73.17999999999995,0.5300000000000011,-0.7000000000000028,0.9874174957069732,0.9874174957069732,1086.1592452776706,1025.425120780323,0.7447987056384088,1.6372596640356203,0.7338343819919156,0.22961543691360617,0.7338343819919156,2278.7245000000003,7.762754999999999,-0.6949904731119615,-0.0036389948628365093,1.3176584243774414,2.2389831542968768,0.9389623754164749,1.944901634665099,455.8399999999999,206.67999999999995,0.09945772570978124,6.399999999999999,0.0,2992.2160376577817,782.8758367122216,808.97,-483.61583671222166,612894.5757078611,0.7634646556312884,-26.09416328777843,780.4632158590308,806.6029726357681,781.4073979353108,780.9179183430072,782.1416173237662,780.9353068971708,782.8758367122216,483.61583671222166,483.61583671222166
2025-06-13 10:30:00,2025-06-13 11:30:00,2025-06-13 11:30:00,244.83,61.57339253772663,2025,6,13,10,30,0.49999999999999994,-0.8660254037844387,1.2246467991473532e-16,-1.0,1,1,745.8199999999999,96.52000000000001,782.44,143.71999999999997,602.0899999999999,54.25499456351345,10,10.0,31.98,26.2,32.1,66.14,1009.4024830940182,1.187,3.2,133.4,0.0,769.6,0.7873468995094299,9.037939071655272,245.457763671875,,0,0,1,0,0,31.5,25.8,72.0,3.0,30.0,6.0,,,True,True,True,True,ok_all_sources,ok,ok,ok,ok,714.95,666.6,593.31,402.21,191.82,78.553,737.2900000000001,30.79,72.46000000000001,1009.565670557941,0.6480000019073486,2.4850668907165527,715.8433333333332,686.76,745.8199999999999,29.540132588282855,678.7516666666666,621.4899999999999,745.8199999999999,47.01398660682435,502.2638888888889,229.13000000000002,745.8199999999999,162.0630283395172,76.48055555555555,678.5211111111113,30.137777777777778,74.85000000000001,0.8648333333333333,0.0,0.625164154697867,4.785162799498615,30.86999999999989,152.51,1.1900000000000013,-6.320000000000007,0.8116249088467247,0.8116249088467247,892.7873997313972,967.3703643264316,0.8353836537392736,0.9691008316008315,0.12941460405996089,1.0491003191118502,0.12941460405996089,2115.1572,10.828427999999999,0.8624441344425485,-0.81557287532485,0.1393468976020813,6.552872180938719,0.16218274481156292,4.252776272156657,516.6899999999999,124.33000000000004,0.2570494345283242,5.900000000000002,0.0,2218.432312731165,726.9990248990497,745.8199999999999,-482.16902489904965,528527.582204169,0.7515208773273206,-18.82097510095025,720.7239896373056,750.7261608225963,688.4632043033587,675.6179307714616,707.7311146012041,704.5935969703321,726.9990248990497,482.16902489904965,482.16902489904965
2025-09-18 13:20:00,2025-09-18 14:20:00,2025-09-18 14:20:00,140.92,54.614525636730676,2025,9,18,13,20,-0.2588190451025208,-0.9659258262890683,-1.0,-1.8369701987210297e-16,1,1,963.3,114.04,847.0,181.82,781.6299999999999,69.22902112270155,10,10.0,32.29,25.3,32.8,65.11,1007.5,3.081,6.1,197.2,0.2,997.0,4.9073333740234375,3.72320008277893,279.1993408203125,22.782001495361328,0,0,0,1,0,32.6,26.1,69.0,6.0,200.0,7.0,,,True,True,True,True,ok_all_sources,ok,ok,ok,ok,984.6,982.6,991.5600000000001,1039.9,687.8,241.46000000000004,714.8299999999999,32.09,67.29,1008.14,2.157500028610229,3.310875177383423,978.1666666666666,963.3,986.6,12.91368782855362,922.835,765.65,986.6,92.19524581018264,888.6638888888888,681.23,1039.9,108.4170334532838,263.12388888888887,613.7399666666668,32.028333333333336,65.64277777777778,2.4414444444444445,3.600000000000001,1.8285721838474274,5.575225353240967,-21.300000000000068,-28.260000000000105,0.19999999999999574,-2.180000000000007,0.9350054231694978,0.9350054231694978,1028.5059654864476,896.8020919032075,0.9366012763420313,0.966198595787362,0.1183847191944358,0.8792691788643207,0.1183847191944358,2102.4019,11.265981,-0.9110765021857073,-2.943212633698941,2.7498333454132085,0.41232490539550737,3.07876119017601,-1.8520252704620366,358.6700000000001,220.95000000000005,-0.028500544596393666,7.4999999999999964,0.0,1039.5150088540101,622.680253259828,963.3,-481.760253259828,387730.6977997235,0.6943340775871365,-340.619746740172,617.1308193430656,642.8525091707604,688.017161212183,709.7961305296348,655.3487072360056,652.5739902776243,622.680253259828,481.760253259828,481.760253259828
2025-03-11 10:10:00,2025-03-11 11:10:00,2025-03-11 11:10:00,373.78000000000003,73.29474571661116,2025,3,11,10,10,0.49999999999999994,-0.8660254037844387,1.0,6.123233995736766e-17,1,1,805.3199999999999,304.87,529.59,167.14,638.0899999999999,58.32989520560808,10,10.0,31.29,25.8,32.0,66.96000000000001,1009.9289252623818,0.0,0.0,34.85,0.2,776.7,1.2311110496520996,9.170703887939451,245.16604614257807,,0,0,1,0,0,31.1,25.5,72.0,6.0,270.0,4.0,,,True,True,True,True,ok_all_sources,ok,ok,ok,ok,708.65,737.2800000000001,599.1600000000001,343.04,165.93,111.48999999999998,583.28,30.33,72.2,1010.014940527255,0.5830768942832947,9.789308547973633,740.0633333333332,706.22,805.3199999999999,56.52699030846532,719.6033333333334,661.1499999999999,805.3199999999999,48.58022258766078,483.4405555555556,167.43,805.3199999999999,219.44073632417644,152.60277777777776,404.23633333333345,29.51611111111111,76.5888888888889,0.0,0.2,1.2921894876395954,9.851646703832289,96.66999999999996,206.15999999999985,0.9600000000000009,-5.239999999999995,0.851085168819327,0.851085168819327,936.1936857012597,1053.5757524073385,0.8602066135457554,1.0368482039397449,0.3785700094372424,0.6576143644762331,0.3785700094372424,2095.1784000000002,10.338215999999997,0.0,0.0,0.6480341553688049,-0.6186046600341815,-0.06107843798749579,-0.6809428158928377,637.8899999999999,144.17000000000007,0.34408171440015994,6.199999999999999,0.0,2248.3452125504837,855.3493945218677,805.3199999999999,-481.56939452186765,731622.5867089257,0.8118537205962276,50.029394521867744,854.0791603053435,890.5608768709359,841.654946018537,837.0901298507601,848.5021702702023,847.8670531619402,855.3493945218677,481.56939452186765,481.56939452186765
2025-03-15 10:10:00,2025-03-15 11:10:00,2025-03-15 11:10:00,403.31,73.49078769346842,2025,3,15,10,10,0.49999999999999994,-0.8660254037844387,1.0,6.123233995736766e-17,1,1,576.75,529.5300000000001,45.6,115.41,461.34,58.54207891206678,10,10.0,30.37,25.1,30.8,71.5,1009.6838340056922,0.194,1.1,232.6,0.0,588.7,3.093861818313598,8.764208793640137,249.7558135986328,5.493333339691162,0,0,0,1,0,30.4,25.3,74.0,4.0,260.0,6.0,,,True,True,True,True,ok_all_sources,ok,ok,ok,ok,605.3,657.44,417.37,256.98,97.2,287.29,168.591,29.19,73.95,1010.0089336822065,0.7928301095962524,11.76286792755127,646.13,576.75,756.34,96.50626249109432,678.83,576.75,756.34,77.14947932423141,414.0283333333334,133.28000000000003,756.34,214.34972674552765,260.4344444444444,210.71433333333331,28.57555555555555,80.03500000000001,0.03811111111111111,0.0,1.4369748795733732,11.989659533781165,-28.549999999999955,159.38,1.1799999999999997,-2.450000000000003,0.8530236654536013,0.8530236654536013,938.3260319989614,1054.6514627491142,0.6146584239715929,0.9797010361814166,0.9181274382314696,0.07906371911573472,0.9181274382314696,2171.455,8.65545,-0.15411643638387107,-0.11783091290631768,2.3010317087173457,-2.998659133911133,1.656886938740225,-3.225450740141028,623.06,179.59000000000003,0.38186740781560724,5.699999999999999,0.0,2188.9120978038845,884.5019048551093,576.75,-481.19190485510927,782343.6196923167,0.8386674992603874,307.7519048551093,889.7694039735098,919.7133872041775,910.9263348256945,919.734478149223,897.714119840402,900.3478693996021,884.5019048551093,481.19190485510927,481.19190485510927
2025-04-12 13:30:00,2025-04-12 14:30:00,2025-04-12 14:30:00,973.9,52.35240878331094,2025,4,12,13,30,-0.2588190451025208,-0.9659258262890683,0.8660254037844387,-0.4999999999999998,1,1,899.8,116.59,773.83,181.69,718.02,65.99570968824318,10,10.0,30.17,24.6,30.7,79.06,1008.0438721026575,2.419,4.8,260.9,0.0,926.0,6.189531326293945,9.835187911987305,240.05328369140625,30.739999771118164,0,0,0,1,0,30.3,25.1,74.0,7.0,280.0,6.0,,,True,True,True,True,ok_all_sources,ok,ok,ok,ok,939.1,992.9,975.4,935.8,839.1,139.14000000000001,759.76,30.31,74.76,1009.3252145241207,2.021272659301758,9.177000045776367,924.6,899.8,939.1,21.579851714041084,959.6500000000001,899.8,1000.6,40.883382932433584,935.8000000000001,854.3,1007.9,50.792669688820745,165.00333333333333,724.7966666666666,30.13055555555555,74.40944444444445,1.6687777777777777,0.0,2.5125988059573703,10.058771848678589,-39.30000000000007,-75.60000000000002,-0.13999999999999702,4.299999999999997,0.9135149986147775,0.9135149986147775,1004.8664984762552,870.9608261559084,0.8954423312593519,0.9717062634989201,0.1295732384974439,0.8600022227161592,0.1295732384974439,2385.2402,6.317597999999999,-2.3885539985304547,-0.38258436468859586,4.1682586669921875,0.6581878662109375,3.676932520336575,-0.22358393669128418,153.60000000000002,100.80000000000007,-0.07750666393274556,6.099999999999998,0.0,2360.969153994578,493.1344650844239,899.8,480.7655349155761,243181.60065410088,0.5661959186625337,-406.6655349155761,502.29349999999994,502.6808446213274,484.7369194664876,481.9377375938422,488.9356922754557,493.51520973324375,493.1344650844239,-480.7655349155761,-480.7655349155761
2025-08-01 13:00:00,2025-08-01 14:00:00,2025-08-01 14:00:00,933.1700000000001,55.57015609550829,2025,8,1,13,0,-0.2588190451025208,-0.9659258262890683,-0.8660254037844384,-0.5000000000000004,1,1,803.4300000000001,349.87,465.77,159.49,643.8599999999999,65.03325880416742,10,10.0,30.08,25.0,30.8,80.38000000000001,1008.0,2.492,5.6,261.8,0.0,912.0,13.57750129699707,4.120960235595703,278.1134033203125,20.516450881958008,0,0,0,0,1,30.2,26.1,79.0,8.0,270.0,5.0,,,True,True,True,True,ok_all_sources,ok,ok,ok,ok,788.01,901.0800000000002,966.2,491.18999999999994,291.44,290.11,694.97,30.3,77.87,1008.7,7.790811061859131,3.651513814926148,805.0266666666666,788.01,823.6400000000001,17.868582297802345,757.7033333333335,595.81,901.0800000000002,117.78294573777092,734.0388888888888,317.74,966.2,187.4689672166598,359.41555555555556,390.5169111111111,29.930555555555557,78.5188888888889,2.0736666666666665,0.0,9.090744018554688,3.455847395790948,15.420000000000073,-162.76999999999998,-0.22000000000000242,2.510000000000005,0.9065529539368953,0.9065529539368953,997.2082493305847,907.3010204661209,0.8056792556011586,0.8809539473684211,0.4354704205717984,0.5797269208269543,0.4354704205717984,2417.8304000000003,5.901695999999998,-2.46652236742221,-0.35543130279413543,5.7866902351379395,0.4694464206695552,4.486757278442383,0.6651128398047552,648.46,305.2700000000002,-0.1684640861105361,5.800000000000001,0.0,1146.0942760691978,452.84466815280774,803.4300000000001,480.32533184719233,205068.29347442658,0.49911182500396756,-350.5853318471923,459.5620679886685,462.3910476897113,471.0913434610963,477.17356856385913,461.968005806952,465.3267057248824,452.84466815280774,-480.32533184719233,-480.32533184719233
2025-06-18 09:50:00,2025-06-18 10:50:00,2025-06-18 10:50:00,224.91,56.90613470437821,2025,6,18,9,50,0.7071067811865476,-0.7071067811865475,1.2246467991473532e-16,-1.0,1,1,453.85,438.5400000000001,14.711699999999999,85.37500000000001,368.46,46.91281566862084,10,10.0,27.89,26.3,28.0,78.0,1011.2958733838781,1.863,7.6,272.3,0.0,414.4,3.5012147426605225,8.443626403808594,251.34767150878903,23.044389724731445,0,0,0,1,0,27.5,24.4,83.0,12.0,280.0,8.0,,,True,True,True,True,ok_all_sources,ok,ok,ok,ok,408.96000000000004,632.31,487.0400000000001,134.95000000000002,27.852999999999998,300.99999999999994,306.791,27.81,77.98,1011.0077793726335,6.37186861038208,6.928234100341797,450.2833333333333,408.96000000000004,488.03999999999996,39.660464361040084,497.3583333333333,408.96000000000004,632.31,79.76130826827418,289.47355555555555,35.62500000000001,632.31,188.89959153420858,230.6928333333333,90.52237777777776,27.192777777777778,77.7238888888889,2.1873888888888886,8.8,7.620509428136489,8.472634876475615,44.889999999999986,-33.190000000000055,0.08000000000000185,0.01999999999999602,0.7303150900345489,0.7303150900345489,803.3465990380038,921.5549017255515,0.5649491770345191,1.0951978764478765,0.9662663875729868,0.03241533546325878,0.9662663875729868,2175.42,6.135800000000001,-1.8614991580982128,0.07476552948815875,-2.8706538677215576,1.5153923034667969,-4.119294685475967,-0.029008472667021223,596.685,223.3499999999999,-0.06814635348226028,1.6999999999999993,0.0,2122.28583568742,704.1819664779404,453.85,-479.2719664779404,495872.2419127391,0.7641237273649193,250.33196647794034,704.531570881226,727.909102401487,743.9384401080121,757.1905979847027,724.0602032929762,724.235005494619,704.1819664779404,479.2719664779404,479.2719664779404
2025-03-31 12:40:00,2025-03-31 13:40:00,2025-03-31 13:40:00,274.59,66.43684075383877,2025,3,31,12,40,1.2246467991473532e-16,-1.0,1.0,6.123233995736766e-17,1,1,613.9999999999999,556.6400000000001,44.136,125.68999999999998,488.2999999999999,79.3809815789343,10,10.0,30.55,24.5,30.9,72.63000000000001,1008.5188011820767,1.487,3.2,274.5,0.4,534.3,7.909569263458252,14.65419101715088,206.1592254638672,22.127519607543945,0,0,0,1,0,30.4,24.6,71.0,8.0,290.0,7.0,,,True,True,True,True,ok_all_sources,ok,ok,ok,ok,808.97,904.04,760.26,758.52,511.1,525.95,201.2037,30.03,77.22,1009.5506610387633,4.83653450012207,12.149496078491213,776.06,613.9999999999999,905.21,148.3681808879519,850.7166666666667,613.9999999999999,966.9399999999999,126.5387119685777,769.5711111111109,540.53,966.9399999999999,119.38986097895905,536.6433333333332,211.19015000000002,29.747222222222224,77.64333333333333,0.7417222222222224,7.200000000000002,5.5714781284332275,12.57276725769043,-194.97000000000014,-146.2600000000001,0.5199999999999996,-4.589999999999989,0.9828742352808789,0.9828742352808789,1081.1616588089669,1008.2819576730878,0.5679076713434296,1.1491671345685943,0.9065798045602609,0.07188273615635181,0.9065798045602609,2218.8465000000006,8.361534999999998,-1.4824160752611615,0.11666867534730584,3.0730347633361816,2.504694938659668,2.3380911350250244,2.081423759460451,426.40999999999997,352.94000000000005,-0.1923815536790047,6.399999999999999,0.0,3021.0966698953857,753.8324639685451,613.9999999999999,-479.2424639685451,568263.3837328878,0.7476405366890021,139.8324639685452,734.2438022922636,777.5595998920917,755.6612511788021,756.2708469155544,754.7468575736737,744.9525267355328,753.8324639685451,479.2424639685451,479.2424639685451
2025-12-28 09:20:00,2025-12-28 10:20:00,2025-12-28 10:20:00,230.35999999999999,57.60432025962162,2025,12,28,9,20,0.7071067811865476,-0.7071067811865475,-2.4492935982947064e-16,1.0,1,1,459.2799999999999,402.4,72.95530000000001,87.51299999999999,371.76,45.19688751762465,10,10.0,28.14,24.5,29.1,80.2,1011.2,1.148,2.2,271.7,0.0,356.3,4.842148303985596,10.787595748901367,234.1979217529297,15.174117088317873,0,0,0,1,0,29.1,24.1,74.0,2.0,60.0,6.0,,,True,True,True,True,ok_all_sources,ok,ok,ok,ok,362.7299999999999,412.64000000000004,480.23999999999995,106.08,15.811000000000002,329.68,287.83,26.63,90.10000000000001,1010.69,3.230618476867676,12.285919189453123,383.8399999999999,329.51,459.2799999999999,67.4113291665429,416.59499999999997,329.51,471.28000000000003,59.28391375406992,251.603,27.978999999999996,480.23999999999995,168.87194914072685,212.89638888888894,68.59797222222223,26.07222222222222,92.93777777777778,0.6401111111111111,69.6,4.830916404724121,12.116768479347229,96.55000000000001,-20.960000000000036,1.5100000000000016,-9.900000000000006,0.7095324575993269,0.7095324575993269,780.4857033592597,928.8051585100671,0.5884540844543722,1.2890261015997753,0.8761539801428324,0.15884710851767989,0.8761539801428324,2256.828,5.571719999999999,-1.1474947194170528,0.03405684820970686,1.61152982711792,-1.498323440551756,0.01123189926147461,-1.3291727304458618,452.26099999999997,141.77000000000004,-0.04364484424454448,4.600000000000001,0.0,2526.4325051034393,707.8372044129774,459.2799999999999,-477.47720441297736,501033.5079511791,0.7620943939937272,248.55720441297746,704.531570881226,731.5643403365239,718.0008425585069,721.3887219403501,712.9190234857422,711.2662067198664,707.8372044129774,477.47720441297736,477.47720441297736
2025-11-22 10:50:00,2025-11-22 11:50:00,2025-11-22 11:50:00,1288.1,73.85633002130396,2025,11,22,10,50,0.49999999999999994,-0.8660254037844387,-0.5000000000000004,0.8660254037844384,1,1,863.3299999999999,388.99,502.33000000000004,161.1,702.2700000000001,67.79857719347137,10,10.0,32.46335133804176,27.358000757569567,32.483502397577865,51.679804941239084,1008.0987062790189,2.0569452795445398,4.1270274226347246,213.1650185687471,1.6994513955046537,,3.78652572631836,8.325491905212402,252.2838134765625,41.81507110595703,0,0,0,1,0,28.8,23.3,72.0,6.0,280.0,6.0,,,True,True,True,True,ok_all_sources,ok,ok,ok,ok,1022.1,797.92,733.8,810.6800000000001,425.36,331.83000000000004,505.918,32.11883336096533,52.13953462480643,1008.3523379645053,3.0411300659179688,8.986434936523438,963.3433333333332,863.3299999999999,1022.1,87.05494031548896,888.535,797.92,1022.1,99.86457985692425,706.6644444444446,456.4,1022.1,174.06595329567477,349.1372222222223,479.37388888888887,31.252776816805497,56.416136920679364,1.521731642832675,21.031650261526696,3.2356927394866943,9.243702327503877,-158.7700000000001,129.52999999999997,0.3445179770764284,-0.4597296835673461,0.9258612017332788,0.9258612017332788,1018.4473219066067,1056.6242610688435,0.847692346408044,,0.45056930721740246,0.5818516673809553,0.45056930721740246,1677.699664888911,15.686354689152651,-1.1252565277122883,-1.7218657409570146,0.7453956604003911,-0.6609430313110352,0.5508329868316655,-0.9182104222914749,565.7,224.18000000000006,0.17651948759880073,5.125501640008299,0.0,2100.3868469152367,811.2165646594841,863.3299999999999,476.8834353405158,658072.3147779349,0.7677436479064813,-52.11343534051582,806.5521454545454,846.4280470085523,822.2325498300229,825.9045448868692,816.7245572447534,814.3923476422842,811.2165646594841,-476.8834353405158,-476.8834353405158
2025-12-11 10:40:00,2025-12-11 11:40:00,2025-12-11 11:40:00,391.71999999999997,70.34521974722938,2025,12,11,10,40,0.49999999999999994,-0.8660254037844387,-2.4492935982947064e-16,1.0,1,1,576.05,541.6800000000001,32.597899999999996,113.75,462.31000000000006,62.91822231032853,10,10.0,29.3,24.1,29.6,74.78,1009.725,2.009,4.3,115.4,0.0,638.7,3.014132261276245,9.938379287719728,240.6649475097656,27.08563995361328,0,0,0,1,0,27.9,23.9,79.0,5.0,30.0,5.0,,,True,True,True,True,ok_all_sources,ok,ok,ok,ok,717.1,759.7299999999999,814.12,287.15999999999997,155.69,525.3599999999999,366.576,27.33,83.09,1011.015,,,658.8566666666667,576.05,717.1,73.66338054510763,669.515,576.05,759.7299999999999,69.67154792309412,463.0822222222222,163.11999999999998,814.12,226.76649593166132,389.58055555555563,88.33017777777778,26.937777777777782,83.52,1.0602777777777779,0.0,4.074851849499871,10.438435442307416,-141.05000000000007,-238.07000000000005,1.9700000000000024,-8.310000000000002,0.8903576407757486,0.8903576407757486,979.3934048533235,1035.909928274053,0.5881701848771084,0.9019101299514638,0.94033504036108,0.056588664178456725,0.94033504036108,2191.054,7.389460000000001,1.8148006033623714,-0.8617306830069198,,,-1.060719588223626,-0.5000561545876874,651.0,183.67999999999995,-0.2924261779590233,5.5,0.0,2391.81952961121,868.4343804425836,576.05,-476.7143804425836,754178.273134694,0.838330009916496,292.3843804425836,874.8643564356437,903.6458627916518,902.5187926266417,913.8802633546611,885.4765865346126,888.6915745311427,868.4343804425836,476.7143804425836,476.7143804425836
2025-06-27 10:00:00,2025-06-27 11:00:00,2025-06-27 11:00:00,194.96999999999997,57.99824846528028,2025,6,27,10,0,0.49999999999999994,-0.8660254037844387,1.2246467991473532e-16,-1.0,1,1,596.55,244.91,443.17800000000005,111.80699999999999,484.75,48.42473265633316,10,10.0,30.79,24.7,31.0,70.39,1010.5,0.568,2.8,164.4,0.0,493.5,0.8874509930610657,4.361843109130859,275.2327575683594,,0,0,1,0,0,31.0,26.4,76.0,2.0,150.0,5.0,,,True,True,True,True,ok_all_sources,ok,ok,ok,ok,498.74000000000007,570.1499999999999,476.35999999999996,284.66999999999996,62.376,105.82000000000001,597.17,30.17,71.22,1010.6,0.3714285492897033,2.932857275009156,576.4733333333334,498.74000000000007,634.13,69.89218435085091,560.0616666666666,498.74000000000007,634.13,51.728737628775185,391.74499999999995,109.97,634.13,153.86480583138373,127.89255555555555,466.7047222222222,28.930555555555557,75.23333333333335,0.24583333333333332,0.0,0.5888966760214638,6.166992524090936,97.80999999999989,120.19,0.6199999999999974,-0.8299999999999983,0.7480846153811076,0.7480846153811076,822.8930769192184,932.8350857132084,0.7249423001994243,1.2088145896656535,0.4105439611097142,0.7429016846869501,0.4105439611097142,2167.3080999999997,9.116919,0.15274645810947093,-0.5470763379410698,0.5160224437713623,1.4289858341217032,0.2985543170396019,-1.8051494149600762,524.16,135.38999999999993,0.252309177932656,6.300000000000001,0.0,1200.5221070066327,670.8285230545282,596.55,-475.85852305452823,450010.9073435197,0.7191287434709207,74.27852305452825,663.7539705882352,694.5556589780747,697.9299144227151,706.9637115454441,684.3792187386216,680.8419425054751,670.8285230545282,475.85852305452823,475.85852305452823
2025-10-09 10:20:00,2025-10-09 11:20:00,2025-10-09 11:20:00,964.1,81.4392994953588,2025,10,9,10,20,0.49999999999999994,-0.8660254037844387,-0.8660254037844386,0.5000000000000001,1,1,250.76,245.44,2.3830999999999998,48.903999999999996,201.83999999999997,66.65953950211431,10,10.0,28.56,26.4,29.1,80.44000000000001,1012.7,0.875,1.8,257.2,0.0,239.6,18.223142623901367,4.178735733032227,276.4102783203125,11.714868545532228,0,0,0,0,1,28.4,25.4,84.0,2.0,320.0,5.0,,,True,True,True,True,ok_all_sources,ok,ok,ok,ok,226.55,232.9,124.28999999999999,254.86999999999998,236.07999999999998,122.49000000000001,0.27190000000000003,28.33,79.25,1012.3,17.24644660949707,3.6468348503112793,226.09,200.95999999999998,250.76,24.90318654309123,203.4533333333333,124.77000000000001,250.76,45.13193976184346,215.9111111111111,124.28999999999999,290.56,48.12867579714746,210.15166666666667,2.416711111111111,28.441111111111113,79.06166666666667,0.3923888888888889,0.0,16.314243288601148,3.8104248607859894,24.20999999999998,126.47,0.23000000000000043,1.190000000000012,0.9181668304289438,0.9181668304289438,1009.9835134718381,1087.74458713617,0.2482812804914088,1.046577629382304,0.9787844951347903,0.009503509331631839,0.9787844951347903,2297.3664000000003,5.586335999999997,-0.8532556850173678,-0.1938549354170343,0.9766960144042969,0.5319008827209473,1.9088993353002195,0.36831087224623715,166.27,125.98999999999998,1.0175396250703999,2.700000000000003,0.0,1155.0455069944728,488.3138354115253,250.76,475.7861645884747,238450.40185431423,0.44892325016956897,237.5538354115253,493.0589215686276,497.86021494842885,455.2882422312865,444.27971117120694,471.8010388214059,474.17358189995707,488.3138354115253,-475.7861645884747,-475.7861645884747
2025-06-04 12:40:00,2025-06-04 13:40:00,2025-06-04 13:40:00,206.40000000000003,54.84302463128739,2025,6,4,12,40,1.2246467991473532e-16,-1.0,1.2246467991473532e-16,-1.0,1,1,825.4,124.40000000000002,731.51,155.15,670.2,62.35397341192801,10,10.0,30.68,25.0,31.5,74.45,1008.293430462668,1.955,3.7,264.0,0.0,866.0,1.8046666383743288,5.609466552734375,266.7933349609375,35.06500244140625,0,0,1,0,0,31.0,25.4,72.0,6.0,270.0,6.0,,,True,True,True,True,ok_all_sources,ok,ok,ok,ok,825.2,829.9,822.7,799.45,669.72,118.1,739.5099999999999,30.7,73.89,1008.9407471223548,0.8185713887214661,6.326179027557373,826.9666666666667,825.2,830.3,2.8884828774519646,828.4666666666666,825.2,831.1,2.5539511872129474,750.6711111111111,520.77,831.1,111.72676428464374,179.59,616.4734444444446,30.74611111111111,72.70222222222225,1.630111111111111,0.0,1.2871934274832408,5.773787246810065,0.1999999999999318,2.699999999999932,-0.019999999999999574,0.5600000000000023,0.885831120442109,0.885831120442109,974.4142324863199,899.3352756439859,0.8470730131823974,0.9531177829099307,0.15071480494305795,0.8862490913496487,0.15071480494305795,2284.126,7.838739999999999,-1.9442903054449745,-0.20435314568826232,0.9860952496528628,-0.716712474822998,0.517473210891088,-0.16432069407569028,310.33000000000004,5.899999999999977,0.0032818767472954074,6.5,0.0,1496.5682889558375,682.0844490193026,825.4,-475.6844490193026,465239.19559396565,0.7584317745469099,-143.31555098069737,675.7742631578948,705.8115849428491,686.7467667905244,688.3008727142649,684.4156079049135,681.2605149742096,682.0844490193026,475.6844490193026,475.6844490193026
2025-07-06 12:40:00,2025-07-06 13:40:00,2025-07-06 13:40:00,82.06099999999999,55.56842969706688,2025,7,6,12,40,1.2246467991473532e-16,-1.0,-0.4999999999999997,-0.8660254037844388,1,1,1062.5,315.7,727.74,206.58,855.9200000000001,62.40025850104894,10,10.0,28.7,24.0,29.5,79.13000000000001,1008.7922609588944,3.128,6.0,259.1,0.2,1052.0,10.416610717773438,4.041754245758057,277.5943298339844,22.19795227050781,0,0,0,0,1,28.6,25.1,81.0,7.0,280.0,6.0,,,True,True,True,True,ok_all_sources,ok,ok,ok,ok,1019.0,883.4100000000001,909.97,737.92,654.72,399.01000000000005,517.7499999999999,27.94,87.9,1009.7527965689446,10.75900650024414,4.498843193054199,1009.2766666666666,946.3299999999999,1062.5,58.69220249175642,971.8233333333334,883.4100000000001,1062.5,63.42411171365876,822.0899999999999,380.78000000000003,1062.5,156.46201655203546,198.1622222222222,633.7430444444444,28.62833333333333,80.65055555555556,1.9018333333333335,1.9999999999999998,6.813201109568278,4.129366583294338,43.5,152.52999999999997,0.759999999999998,-8.769999999999996,0.8862056694723334,0.8862056694723334,974.8262364195667,907.2822802796557,1.089937837437008,1.0099809885931559,0.29712941176470586,0.6849317647058824,0.29712941176470586,2271.0310000000004,5.989689999999997,-3.0715668533144758,-0.5914905456723797,-0.3423957824707031,-0.4570889472961426,3.603409608205159,-0.08761233753628161,681.72,179.08999999999992,0.16762091057946962,5.5,0.0,1121.9680612048687,557.4398147695414,1062.5,-475.3788147695414,310739.1470903006,0.614406152182008,-505.0601852304586,575.0529509981851,577.6120706804738,574.7810897515287,580.5615147455245,566.1104522605351,574.917020374857,557.4398147695414,475.3788147695414,475.3788147695414
2025-05-10 10:00:00,2025-05-10 11:00:00,2025-05-10 11:00:00,881.4,63.738122029862964,2025,5,10,10,0,0.49999999999999994,-0.8660254037844387,0.49999999999999994,-0.8660254037844387,1,1,84.5,83.78,0.4783999999999999,10.968,73.529,53.06512806237365,10,10.0,29.22,25.2,30.9,81.43,1008.4,0.766,2.2,280.3,0.0,102.0,1.918375015258789,3.1476378440856934,283.708251953125,17.687498092651367,0,0,1,0,0,29.7,25.7,79.0,7.0,300.0,7.0,,,True,True,True,True,ok_all_sources,ok,ok,ok,ok,135.35,459.34,541.15,372.9899999999999,106.098,62.608000000000004,706.26,30.31,75.12,1008.5,3.670689821243286,4.667724609375,134.76666666666665,84.5,184.45,49.97755329478757,357.3566666666666,84.5,665.1800000000001,255.08246593340493,361.21444444444444,84.5,665.1800000000001,177.06866252861687,89.6773888888889,480.8359222222223,28.942222222222224,79.95055555555557,0.26333333333333336,0.0,2.9367761261322918,6.1563480461345,-50.849999999999994,-456.65,-1.0899999999999999,6.310000000000002,0.7993190765571375,0.7993190765571375,879.2509842128512,986.4591346837395,0.09610452705452308,0.8284313725490197,0.9914792899408285,0.00566153846153846,0.9914792899408285,2379.3846000000003,5.426153999999998,-0.7536559390570928,0.13696249677912392,-1.752314805984497,-1.5200867652893066,-1.0184011108735027,-3.008710202048807,580.6800000000001,580.6800000000001,-0.8438510579321815,5.699999999999999,0.0,893.0108305270551,406.4582644116822,84.5,474.9417355883178,165208.32070855694,0.412037610196588,321.9582644116822,425.6358393442623,416.0046439485857,451.5149579257213,466.5338557637344,428.98661116870176,438.5753986349918,406.4582644116822,-474.9417355883178,-474.9417355883178
2025-07-20 11:40:00,2025-07-20 12:40:00,2025-07-20 12:40:00,242.77000000000004,64.40632476432086,2025,7,20,11,40,0.258819045102521,-0.9659258262890682,-0.4999999999999997,-0.8660254037844388,1,1,845.7099999999998,372.32000000000005,452.88370000000003,156.0,689.58,64.04551263319638,10,10.0,26.76,24.2,30.5,93.80000000000001,1010.2788475522441,0.465,3.0,261.7,2.0,657.8,9.934236526489258,3.480754375457764,281.510498046875,18.368358612060547,0,0,0,1,0,28.9,25.4,82.0,6.0,270.0,5.0,,,True,True,True,True,ok_all_sources,ok,ok,ok,ok,444.7900000000001,80.343,317.62,667.0600000000001,269.3,225.92999999999998,108.63489999999999,29.44,74.33000000000001,1010.1670899370415,8.724143981933594,2.675532341003418,489.3966666666666,177.69,845.7099999999998,336.2365181436027,364.28883333333334,80.343,845.7099999999998,286.1331510331626,479.9573888888888,80.343,845.7099999999998,221.65358856004502,204.44005555555557,363.13220000000007,28.67666666666667,77.98111111111112,0.7096666666666668,4.0,7.414696917814367,3.130915136898265,400.91999999999973,528.0899999999998,-2.6799999999999997,19.47,0.899141980760365,0.899141980760365,989.0561788364015,992.0682397730653,0.8550677080799953,1.2856643356643354,0.44024547421693033,0.5355070887183552,0.44024547421693033,2510.0880000000006,1.659119999999997,-0.4601294919170708,-0.06712563346545257,1.210092544555664,0.8052220344543461,2.519539608674891,0.34983923855949906,765.3669999999998,765.3669999999998,1.6626471884642018,6.300000000000001,0.0,979.8688978139545,716.4579555547386,845.7099999999998,-473.6879555547386,513312.00207767583,0.7221861630391754,-129.25204444526116,715.7043884297523,740.1850914782851,710.7989461311837,708.9126096566654,713.6284508429612,713.2516672804679,716.4579555547386,473.6879555547386,473.6879555547386
2025-10-17 12:00:00,2025-10-17 13:00:00,2025-10-17 13:00:00,319.05,72.21872056454212,2025,10,17,12,0,1.2246467991473532e-16,-1.0,-0.8660254037844386,0.5000000000000001,1,1,809.58,447.71000000000004,357.78999999999996,156.03000000000003,653.5600000000001,84.43906355292539,10,10.0,32.43,27.5,32.6,66.71000000000001,1006.5,3.101,4.9,189.5,0.0,391.3,3.459148406982422,9.907532691955566,240.6587371826172,46.11333084106445,0,0,0,1,0,32.5,26.1,69.0,9.0,210.0,6.0,,,True,True,True,True,ok_all_sources,ok,ok,ok,ok,767.8699999999999,348.96,1016.03,756.65,562.5,455.85,569.477,30.37,81.24000000000001,1007.62,1.9564998149871824,10.26946258544922,758.7366666666667,698.76,809.58,55.97170207643621,710.1466666666666,348.96,1036.75,229.27566270031076,690.6722222222222,348.96,1036.75,186.47949442721597,387.55944444444447,327.2347111111111,30.727222222222217,76.63166666666667,1.9532777777777781,0.0,1.9394905847661636,11.051905295428108,41.71000000000015,-206.44999999999993,2.0599999999999987,-14.530000000000001,0.9952936994813398,0.9952936994813398,1094.823069429474,1047.4521457647957,0.7394619483327862,2.0689496549961666,0.5530151436547346,0.44194520615627847,0.5530151436547346,2163.4053000000004,10.795946999999996,-0.5118126257739607,-3.0584716503669545,1.5026485919952395,-0.3619298934936541,1.5196578222162582,-1.1443726034725419,687.79,687.79,-0.2031928191096719,5.100000000000001,0.0,2384.3343062415224,792.2966351529867,809.58,-473.2466351529867,627733.9580747449,0.7564036584931453,-17.28336484701333,787.1226262626265,816.0237710765332,792.883839683957,793.0795745276138,792.5902374184718,790.0032329732917,792.2966351529867,473.2466351529867,473.2466351529867
2025-10-10 11:50:00,2025-10-10 12:50:00,2025-10-10 12:50:00,302.71999999999997,75.60356624108314,2025,10,10,11,50,0.258819045102521,-0.9659258262890682,-0.8660254037844386,0.5000000000000001,1,1,649.38,517.0400000000001,123.074,128.82999999999998,520.55,87.32918701708539,10,10.0,29.52,24.7,30.1,77.0,1010.365,2.448,4.5,223.4,0.0,419.0,6.579822540283203,10.482257843017578,235.3984832763672,39.30230331420898,0,0,0,1,0,30.1,25.6,77.0,8.0,250.0,6.0,,,True,True,True,True,ok_all_sources,ok,ok,ok,ok,513.76,427.9,612.69,470.4200000000001,614.3500000000001,571.77,34.414,29.78,74.99000000000001,1011.245,4.362478256225586,6.411325454711914,544.7533333333333,471.12,649.38,93.08381671017435,506.55,427.9,649.38,81.69399047665624,556.9722222222223,397.96999999999997,942.47,148.86082791953322,471.36555555555555,70.62826111111112,29.491666666666667,75.49333333333333,1.646277777777778,0.0,3.88543579157661,7.978913587682388,135.62,36.68999999999994,-0.26000000000000156,2.009999999999991,0.9989137418316449,0.9989137418316449,1098.8051160148095,1065.4585022066879,0.590987419457235,1.549832935560859,0.79620561150636,0.18952539345221595,0.79620561150636,2273.04,6.7896,-1.681990226449228,-1.7786547945369486,2.217344284057617,4.070932388305664,2.6943867487065933,2.5033442553351906,544.5,221.48000000000002,0.059883464721147625,5.400000000000002,0.0,2467.507597558142,775.7192402131872,649.38,-472.9992402131872,601740.3396369243,0.7280614295222037,126.33924021318717,779.9642771084335,799.4463761367338,842.8735011045836,865.258254735049,809.2963706588854,811.4188891065086,775.7192402131872,472.9992402131872,472.9992402131872
2025-12-11 10:30:00,2025-12-11 11:30:00,2025-12-11 11:30:00,403.68,69.6293380758111,2025,12,11,10,30,0.49999999999999994,-0.8660254037844387,-2.4492935982947064e-16,1.0,1,1,717.1,601.64,125.256,143.37,573.7,61.15355437774588,10,10.0,29.24,24.1,29.3,74.33000000000001,1009.815,2.323,4.3,142.8,0.0,722.1,2.8276517391204834,10.294791221618652,237.8314666748047,23.30806541442871,0,0,0,1,0,27.9,23.9,79.0,5.0,30.0,5.0,,,True,True,True,True,ok_all_sources,ok,ok,ok,ok,683.42,680.6600000000001,621.47,223.91000000000003,165.29000000000002,512.86,141.32049999999998,26.87,83.39,1011.185,4.423109531402588,9.737250328063965,720.0833333333334,683.42,759.7299999999999,38.24237483908826,709.1933333333333,600.13,814.12,73.48374232894419,439.7288888888889,155.69,814.12,235.9091543467001,367.9416666666667,86.54707222222221,26.700555555555557,84.57111111111111,1.036388888888889,0.0,4.19237738497117,10.524142433615292,33.680000000000064,95.63,2.3699999999999974,-9.059999999999988,0.8759158686533327,0.8759158686533327,963.507455518666,1031.2063866937651,0.7442599389269673,0.993075751280986,0.8389903779110305,0.17467019941430761,0.8389903779110305,2173.4092,7.505907999999996,1.4044837438252962,-1.8503389995702084,-1.5954577922821045,0.5575408935546875,-1.3647256458506867,-0.2293512119966401,658.4300000000001,213.99,0.15387709784864917,5.199999999999999,0.0,2448.4252953484684,876.4547828259787,717.1,-472.77478282597866,768172.9863385335,0.8499314920227092,159.35478282597865,889.7694039735098,911.6662651750469,884.9630813777397,887.7991808949934,880.7089321018592,887.3662426756248,876.4547828259787,472.77478282597866,472.77478282597866
2025-07-20 10:20:00,2025-07-20 11:20:00,2025-07-20 11:20:00,177.69,62.14399188908882,2025,7,20,10,20,0.49999999999999994,-0.8660254037844387,-0.4999999999999997,-0.8660254037844388,1,1,807.1299999999999,213.22999999999996,717.8299999999999,162.40000000000003,644.74,52.970946201412616,10,10.0,29.8,24.2,30.0,71.11,1010.2490282944613,0.182,3.0,154.7,0.0,789.9,6.995420455932617,2.5632338523864746,285.69879150390625,16.35509490966797,0,0,0,1,0,29.9,25.5,77.0,2.0,50.0,6.0,,,True,True,True,True,ok_all_sources,ok,ok,ok,ok,620.28,702.3399999999999,553.8,342.30999999999995,60.13499999999999,234.54000000000002,473.884,28.91,77.03,1010.4625853568548,5.216696739196777,3.427464723587036,587.6866666666666,335.65,807.1299999999999,237.4238649195428,625.3433333333332,335.65,807.1299999999999,157.92150564969504,414.7292777777777,67.253,807.1299999999999,224.03760556914008,166.99244444444446,381.21085,27.364999999999995,84.58944444444442,0.6916111111111112,0.0,6.757120469037225,3.882322171155144,186.8499999999999,253.32999999999993,0.8900000000000006,-5.920000000000002,0.7983302363446028,0.7983302363446028,878.163259979063,972.5371123748084,0.9191115556567959,1.0218128877073045,0.2641829692862364,0.8893610694683632,0.2641829692862364,2119.078,8.60922,0.07777913113646905,-0.16454302403826165,1.7787237167358398,-0.8642308712005615,0.23829998689539256,-1.3190883187686695,739.8769999999998,471.4799999999999,0.4574395088479595,5.800000000000001,0.0,732.3128139687178,650.3412632150411,807.1299999999999,-472.65126321504107,422943.75864013535,0.6687058570207082,-156.78873678495881,650.7452674418605,674.0683991385877,613.3959750318666,601.0808789708084,631.8686191234538,632.0706212368635,650.3412632150411,472.65126321504107,472.65126321504107
2025-10-03 10:40:00,2025-10-03 11:40:00,2025-10-03 11:40:00,1281.5,86.21857404545159,2025,10,3,10,40,0.49999999999999994,-0.8660254037844387,-0.8660254037844386,0.5000000000000001,1,1,478.85,471.57000000000005,2.1968,96.03,382.84,71.25306359041043,10,10.0,29.04,24.5,30.1,71.84,1011.535,1.748,2.686,273.0,0.0,448.1,5.60045862197876,7.661367416381836,255.41632080078125,22.809675216674805,0,0,0,1,0,29.1,24.3,76.0,2.0,270.0,6.0,,,True,True,True,True,ok_all_sources,ok,ok,ok,ok,464.26000000000005,401.19,419.5799999999999,350.64,202.19,414.51999999999987,3.3509,29.51,69.10000000000001,1011.62,,,452.99666666666667,415.87999999999994,478.85,32.96137487019219,436.8233333333333,401.19,478.85,30.395433648274665,443.26777777777784,184.86999999999998,877.5,177.07473581897412,432.5042944444444,4.22943888888889,28.424444444444447,71.24166666666666,0.9597222222222221,0.0,3.177621098125682,8.055589535657097,14.589999999999975,59.270000000000095,-0.4700000000000024,2.739999999999995,0.9469473154259599,0.9469473154259599,1041.6420469685559,1097.6051904602236,0.45970686513046943,1.0686230752064272,0.9847969092617731,0.00458765793045839,0.9847969092617731,2086.2336,8.177663999999998,-1.7456044267509951,0.09148325151266602,,,2.4228375238530777,-0.39422211927526085,692.63,77.66000000000003,0.14126030792697486,5.600000000000001,0.0,1956.8382777952356,808.9743395496589,478.85,472.5256604503411,654439.4820498069,0.7370358181437331,330.1243395496589,806.5521454545454,844.1858218987271,883.4190311866046,908.2339283989198,846.1966853681317,844.9855883205751,808.9743395496589,-472.5256604503411,-472.5256604503411
2025-09-24 12:40:00,2025-09-24 13:40:00,2025-09-24 13:40:00,871.85,64.30704437905614,2025,9,24,12,40,1.2246467991473532e-16,-1.0,-1.0,-1.8369701987210297e-16,1,1,1066.6,289.76,752.8900000000001,198.42000000000002,868.4,78.9227010014696,10,10.0,29.54,25.3,29.9,81.02000000000001,1008.385,3.41,5.3,261.4,0.2,259.5,11.970596313476562,4.460463047027588,275.3943176269531,23.38549995422364,0,0,0,0,1,29.5,26.0,82.0,7.0,270.0,5.0,,,True,True,True,True,ok_all_sources,ok,ok,ok,ok,1027.4,1008.4,981.4,736.85,777.24,230.53000000000003,719.6599999999999,29.18,85.09,1009.305,6.276756286621094,3.6760270595550537,1031.0666666666666,999.2,1066.6,33.84927374897917,1011.7833333333334,980.3,1066.6,31.4260030335814,870.7166666666666,559.49,1066.6,152.0080418925262,265.35611111111115,549.5701833333333,29.395555555555557,82.68222222222224,2.801055555555555,3.2000000000000006,7.288277573055691,2.9350646999147205,39.19999999999982,85.19999999999993,0.35999999999999943,-4.069999999999993,0.981368865561492,0.981368865561492,1079.5057521176414,991.2433650447109,0.9880447583606438,4.110211946050096,0.27166697918619914,0.7058784924057755,0.27166697918619914,2393.3308,5.606691999999997,-3.37165925937029,-0.5099155211430516,5.693840026855469,0.7844359874725342,4.682318740420872,1.5253983471128674,507.1099999999999,86.29999999999995,0.08681475443244338,4.599999999999998,0.0,1228.3861771364027,399.76117095058123,1066.6,472.0888290494188,159808.99379977983,0.4032926575327439,-666.8388290494187,389.7735810810811,409.3075504874847,404.1015834815149,405.54838765849286,401.9313772160481,396.937582281298,399.76117095058123,-472.0888290494188,-472.0888290494188
2025-04-28 11:00:00,2025-04-28 12:00:00,2025-04-28 12:00:00,240.94,72.20213593042077,2025,4,28,11,0,0.258819045102521,-0.9659258262890682,0.8660254037844387,-0.4999999999999998,1,1,898.9200000000001,504.02,418.4799999999999,184.79999999999998,714.15,66.23486622131529,10,10.0,30.3,25.5,30.9,75.64,1009.7,0.06,2.5,233.1,0.0,947.0,6.825390815734863,8.377652168273926,252.36849975585932,44.90268325805664,0,0,0,1,0,30.8,26.2,76.0,3.0,240.0,5.0,,,True,True,True,True,ok_all_sources,ok,ok,ok,ok,927.0,606.1600000000001,588.96,330.26,90.67,423.13,189.48000000000002,29.58,78.73,1010.4,6.655416965484619,7.726025581359863,863.0033333333334,763.0899999999999,927.0,87.65915373384199,641.785,300.03000000000003,927.0,269.14676433128454,505.0372222222222,155.01000000000002,927.0,216.18286417387088,370.2211111111111,156.03637777777777,28.557222222222222,83.2488888888889,0.2745555555555555,0.0,6.622700354632209,7.883851415970746,-28.079999999999927,309.96000000000004,0.7200000000000024,-3.0900000000000034,0.91520506799002,0.91520506799002,1006.725574789022,1047.354866911591,0.8929146358364696,0.9492291446673707,0.5606950562897699,0.4655364214835579,0.5606950562897699,2291.8920000000003,7.38108,-0.04798107950922543,-0.03602521351955305,0.16997385025024414,0.6516265869140625,0.20269046110265432,0.49380075230318,771.99,626.97,0.5262836185819071,5.399999999999999,0.0,2114.2555091837125,712.9242831231513,898.9200000000001,-471.98428312315133,508261.03346665925,0.6806902852568025,-185.99571687684875,715.7043884297523,736.6514190466978,699.5413446626163,695.0803651757714,706.2328138928838,707.6228665461842,712.9242831231513,471.98428312315133,471.98428312315133
2025-11-08 12:20:00,2025-11-08 13:20:00,2025-11-08 13:20:00,337.57,64.63929848347014,2025,11,8,12,20,1.2246467991473532e-16,-1.0,-0.5000000000000004,0.8660254037844384,1,1,631.83,511.28000000000003,121.14000000000001,125.72999999999998,506.09,75.49784356049426,10,10.0,30.54,25.1,30.8,72.38000000000001,1009.3,2.912,5.1,294.5,0.0,578.8,4.529399871826172,11.316181182861328,231.04640197753903,49.40512466430664,0,0,0,1,0,30.4,25.0,73.0,8.0,300.0,7.0,,,True,True,True,True,ok_all_sources,ok,ok,ok,ok,717.7299999999999,756.83,552.9599999999999,482.41999999999996,395.19,486.57,64.879,30.27,68.51,1009.735,4.549090385437012,12.02253246307373,700.1833333333333,631.83,750.99,61.487320102061084,672.8983333333333,545.95,756.83,83.02242454100372,552.1888888888889,412.48999999999995,756.83,109.2210597495303,463.3594444444444,91.2043888888889,30.102777777777774,67.61111111111113,2.1751666666666662,0.0,3.541152771781473,11.617799646714154,-85.89999999999986,78.87000000000012,0.2699999999999996,3.8700000000000045,0.9681382161478246,0.9681382161478246,1064.952037762607,993.9922099650626,0.593294324622762,1.0916205943331032,0.8092050076761154,0.1917287878068468,0.8092050076761154,2210.4852,8.435147999999996,-2.649807220792494,1.2075867226149677,-0.019690513610839844,-0.7063512802124023,0.9882471000446991,-0.30161846385282587,344.3400000000001,210.88,0.14263237847222246,5.699999999999999,0.0,2614.5629464260414,809.308334350479,631.83,-471.73833435047897,654979.9800491467,0.8141998762534819,177.47833435047892,806.5521454545454,844.5198166995472,832.6516906159321,840.4328093710832,820.9800124832055,819.6019180352388,809.308334350479,471.73833435047897,471.73833435047897
2025-02-25 14:20:00,2025-02-25 15:20:00,2025-02-25 15:20:00,762.9100000000001,44.93679996432434,2025,2,25,14,20,-0.4999999999999997,-0.8660254037844388,0.8660254037844386,0.5000000000000001,1,1,866.5,205.5,672.2099999999999,183.4,682.99,59.655385560365985,10,10.0,30.37,24.6,31.5,71.59,1007.3174971319578,0.354,2.3,249.5,0.0,891.0,9.669353485107422,12.110936164855955,224.43576049804688,43.23772811889648,0,0,0,1,0,30.2,24.2,70.0,7.0,260.0,8.0,,,True,True,True,True,ok_all_sources,ok,ok,ok,ok,872.1,744.7199999999999,911.2,784.83,810.3399999999999,373.94,470.58000000000004,30.39,68.56,1008.1227779183412,1.4347058534622192,11.895793914794922,845.12,796.76,872.1,41.97448272462685,808.2366666666667,720.74,872.1,64.6901654555518,861.4622222222222,720.74,949.2,67.96459446398246,353.2333333333333,455.73611111111103,30.38111111111111,69.13388888888888,0.1857777777777778,0.0,2.5927297671635947,11.710841019948324,-5.600000000000023,-44.700000000000045,-0.019999999999999574,3.030000000000001,0.8630024289447716,0.8630024289447716,949.3026718392488,776.9590157425449,0.9127752672613669,0.9725028058361391,0.2371609924985574,0.7757761107905365,0.2371609924985574,2174.1883000000003,8.628117,-0.3315819549939327,-0.12397341296585153,8.234647631645203,0.21514225006103338,7.076623717943827,0.4000951449076311,228.46000000000004,151.36,-0.049056189640035164,6.899999999999999,0.0,2718.1271685027455,292.836540574367,866.5,470.0734594256331,85753.2394955629,0.3769008849128305,-573.6634594256329,294.29408599999994,283.00925363954184,292.836540574367,292.836540574367,292.836540574367,293.56531328718347,292.836540574367,-470.0734594256331,-470.0734594256331
2025-09-30 13:20:00,2025-09-30 14:20:00,2025-09-30 14:20:00,943.2700000000001,54.05455246509414,2025,9,30,13,20,-0.2588190451025208,-0.9659258262890683,-1.0,-1.8369701987210297e-16,1,1,670.3799999999999,580.33,58.576,129.14,541.23,69.01361888710426,10,10.0,31.86,25.8,33.0,65.62,1007.37,2.456,5.4,199.6,0.0,578.0,9.23629665374756,9.986852645874023,239.06686401367188,38.46332931518555,0,0,0,1,0,32.6,25.4,66.0,9.0,180.0,6.0,,,True,True,True,True,ok_all_sources,ok,ok,ok,ok,628.4599999999999,835.1200000000001,986.9,985.3,929.9900000000001,562.8700000000001,399.79,32.67,61.36,1008.4,3.2775237560272217,7.693333148956299,732.1333333333332,628.4599999999999,897.5600000000001,144.78883980933531,802.6433333333333,628.4599999999999,986.4,135.4148915986225,879.131111111111,628.4599999999999,1062.6,121.56553501949129,556.3039444444444,268.11977777777776,32.126111111111115,63.47666666666666,2.5295555555555556,0.0,3.1228647099600897,8.147598610983955,41.91999999999996,-316.5200000000001,-0.8100000000000023,4.260000000000005,0.9336655821854554,0.9336655821854554,1027.032140404001,890.5338967377795,0.6527351712053473,1.159826989619377,0.8656732002744714,0.08737730839225516,0.8656732002744714,2090.6532,10.953467999999997,-0.823869055306626,-2.313693104045601,5.958772897720339,2.2935194969177246,6.113431943787471,1.8392540348900681,434.14,357.94000000000005,-0.32072145100820765,7.199999999999999,0.0,2387.5255434157443,473.66630160967804,670.3799999999999,469.60369839032205,224359.76528059048,0.5318902552107464,-196.71369839032184,484.0293167420815,483.21268114658153,520.5603339232732,536.1916780278049,497.11331776647563,502.29482533267736,473.66630160967804,-469.60369839032205,-469.60369839032205
2025-04-02 13:30:00,2025-04-02 14:30:00,2025-04-02 14:30:00,930.8,54.07494551376401,2025,4,2,13,30,-0.2588190451025208,-0.9659258262890683,0.8660254037844387,-0.4999999999999998,1,1,908.6,398.25999999999993,477.63,182.79000000000002,725.87,68.34482874133919,10,10.0,29.23,24.8,31.4,87.4,1007.4089678423578,4.529,7.1,255.3,0.0,901.0,7.984204292297363,6.870886325836182,261.1531982421875,39.11689758300781,0,0,0,1,0,30.2,25.5,76.0,9.0,280.0,7.0,,,True,True,True,True,ok_all_sources,ok,ok,ok,ok,1044.0,603.58,641.97,1176.6,557.5600000000001,603.78,11.551599999999999,30.32,76.80000000000001,1008.2595694196149,4.149174213409424,5.628642082214356,929.7666666666668,836.7,1044.0,105.25845967585373,808.7116666666667,603.58,1044.0,166.9749766182546,837.6266666666666,576.62,1270.7,215.2500332718427,530.1711111111111,277.0940444444444,30.27944444444445,77.18111111111112,1.788888888888889,0.0,4.026235375139448,6.523756159676446,-135.39999999999998,266.63,-1.0899999999999999,10.599999999999994,0.9294215803546312,0.9294215803546312,1022.3637383900943,890.7636673995594,0.8887247912673067,1.0084350721420643,0.43832269425489756,0.5256768655073739,0.43832269425489756,2554.702,3.6829799999999984,-4.3807556523219455,-1.1492697310245856,3.8350300788879395,1.2422442436218253,3.957968917157915,0.3471301661597357,694.08,440.41999999999996,0.4153309344673427,6.599999999999998,0.0,1794.3539387506316,461.2355171378082,908.6,469.56448286219177,212738.20226938135,0.5177978559501767,-447.36448286219184,484.0293167420815,470.7818966747117,522.420418229721,542.8153852603587,491.8279676837646,503.22486748590126,461.2355171378082,-469.56448286219177,-469.56448286219177
2025-09-07 10:00:00,2025-09-07 11:00:00,2025-09-07 11:00:00,338.15,70.89542621208285,2025,9,7,10,0,0.49999999999999994,-0.8660254037844387,-1.0,-1.8369701987210297e-16,1,1,824.4,69.612,870.4,155.32,669.2199999999999,57.251692362233314,10,10.0,28.87,23.4,29.5,76.09,1011.3,0.829,3.3,105.0,0.0,836.0,1.233589768409729,6.42017936706543,261.7774353027344,42.14999771118164,0,0,1,0,0,28.7,24.8,79.0,6.0,110.0,8.0,,,True,True,True,True,ok_all_sources,ok,ok,ok,ok,796.75,756.67,592.4300000000001,232.92,76.42999999999999,160.34,614.3,27.09,82.25,1011.73,1.07962965965271,7.724648952484131,799.8266666666667,778.3299999999999,824.4,23.188588429081555,774.895,711.56,824.4,38.286873337999275,482.626111111111,159.9,824.4,240.386551036619,165.73511111111108,438.47395555555556,26.308333333333337,87.17722222222224,0.9045,0.0,1.8893027165356804,7.006239077624152,27.649999999999977,231.9699999999999,1.7800000000000011,-6.159999999999997,0.8410549915190317,0.8410549915190317,925.1604906709349,1039.4150669188666,0.8910886363101579,0.9861244019138756,0.0844395924308588,1.0557981562348375,0.0844395924308588,2196.7183,6.902816999999999,0.8007525099936376,-0.21456098838998977,0.15396010875701904,-1.3044695854187012,-0.6557129481259514,-0.5860597105587226,664.5,112.84000000000003,0.39155680839930435,6.100000000000001,0.0,1680.6580888939206,807.6703789958709,824.4,-469.52037899587094,652331.4411073338,0.7770431704343527,-16.729621004129058,806.5521454545454,842.8818613449391,801.0022355430608,798.7795210587908,804.3363072694658,803.7771904988031,807.6703789958709,469.52037899587094,469.52037899587094
2025-10-06 10:10:00,2025-10-06 11:10:00,2025-10-06 11:10:00,279.12,78.94229474645853,2025,10,6,10,10,0.49999999999999994,-0.8660254037844387,-0.8660254037844386,0.5000000000000001,1,1,900.04,415.4599999999999,559.359,186.81,713.1600000000001,64.00598506467277,10,10.0,31.23,26.9,32.1,67.88,1012.075,1.966,5.2,135.7,0.0,536.8,6.820089817047119,3.3532707691192627,281.19305419921875,12.58137321472168,0,0,0,1,0,31.8,26.4,73.0,6.0,170.0,5.0,,,True,True,True,True,ok_all_sources,ok,ok,ok,ok,502.7099999999999,724.83,873.5,530.51,113.79,381.88,686.81,31.14,69.66,1012.0,4.133447170257568,3.0036206245422363,664.2299999999999,502.7099999999999,900.04,208.82297598683917,681.725,502.7099999999999,900.04,155.66756177829728,530.3955555555555,147.56,900.04,234.65912634944536,292.8322222222222,348.85762777777785,30.116666666666667,71.22611111111114,1.7749444444444444,0.0,4.0446856863358445,4.412792318007526,397.33000000000004,26.539999999999964,0.08999999999999986,-1.7800000000000011,0.8988398332440561,0.8988398332440561,988.7238165684618,1079.5779642800567,0.9103047634917358,1.6766766020864383,0.4616017065908181,0.6214823785609529,0.4616017065908181,2119.8923999999997,10.031076000000002,1.373084451157358,-1.407051914461544,2.686642646789551,0.34965014457702637,2.7754041307112747,-1.059521548888263,752.48,397.33000000000004,0.030383514596451017,5.200000000000003,0.0,942.9164491256088,748.4774246546589,900.04,-469.35742465465887,560218.4552176705,0.6933055781235768,-151.5625753453411,734.2438022922636,772.2045605782055,750.9913783727555,751.8293629454544,749.7344015137072,742.6175903325095,748.4774246546589,469.35742465465887,469.35742465465887
2025-04-30 10:10:00,2025-04-30 11:10:00,2025-04-30 11:10:00,298.11,67.34899516670946,2025,4,30,10,10,0.49999999999999994,-0.8660254037844387,0.8660254037844387,-0.4999999999999998,1,1,410.3299999999999,322.29,98.047,81.91600000000001,328.41999999999996,56.43055669849838,10,10.0,30.92,26.0,31.2,71.26,1008.7405408345287,0.155,2.3,242.7,0.0,549.8,2.00435209274292,11.395389556884766,229.66778564453125,31.712448120117188,0,0,0,1,0,30.6,25.8,76.0,2.0,230.0,8.0,,,True,True,True,True,ok_all_sources,ok,ok,ok,ok,578.1000000000001,590.4999999999999,523.98,303.18,64.01700000000001,310.98999999999995,298.83,29.87,74.7,1009.2089248714697,1.975250005722046,12.602337837219238,536.84,410.3299999999999,622.09,111.74687959849264,522.6066666666667,410.3299999999999,622.09,85.74432451577577,370.85661111111114,87.229,622.09,161.3620769016572,245.4615,191.58236666666667,29.07611111111111,79.69388888888888,0.15094444444444444,0.0,1.9131490483003504,11.732105199028464,-167.7700000000002,-113.65000000000009,1.0500000000000007,-3.4399999999999977,0.8332162542569576,0.8332162542569576,916.5378796826533,1015.1545258623162,0.4476956262212258,0.7463259367042561,0.7854409865230426,0.23894670143543006,0.7854409865230426,2203.3592000000003,8.886408,-0.13773567106151707,-0.0710906809450688,0.029102087020874023,-1.2069482803344727,0.09120304444256955,-0.3367156421436981,534.861,211.7600000000001,-0.21689759151112656,5.199999999999999,0.0,2617.1538860865403,766.2441371207071,410.3299999999999,-468.1341371207071,587130.0776718571,0.7548054188792847,355.9141371207072,752.1957534246575,789.9712730442536,815.8639445956783,832.4038804206687,791.0540408581927,784.0298490101679,766.2441371207071,468.1341371207071,468.1341371207071
2025-09-12 10:40:00,2025-09-12 11:40:00,2025-09-12 11:40:00,437.01000000000005,79.87864044459704,2025,9,12,10,40,0.49999999999999994,-0.8660254037844387,-1.0,-1.8369701987210297e-16,1,1,579.57,528.4200000000001,44.189499999999995,109.13,470.43999999999994,67.69841647700073,10,10.0,29.93,24.9,30.9,60.96,1011.4,1.852,6.6,288.8,0.0,588.0,3.507913112640381,7.934434413909912,254.525390625,19.686248779296875,0,0,0,1,0,29.0,22.8,69.0,6.0,90.0,7.0,,,True,True,True,True,ok_all_sources,ok,ok,ok,ok,611.98,588.58,559.4100000000001,329.3,226.38000000000002,465.88,99.904,28.87,64.9,1011.56,,,735.9833333333335,579.57,1016.4,243.38802812244757,746.9033333333333,579.57,1016.4,180.0866214538622,499.56222222222215,250.29999999999995,1016.4,220.3617515534682,374.0755555555556,147.00765,28.02888888888889,69.61388888888888,2.411833333333333,0.0,2.6165627872242645,9.140162832596722,-32.40999999999997,20.159999999999968,1.0599999999999987,-3.940000000000005,0.9251992307406759,0.9251992307406759,1017.7191538147434,1082.8815093820983,0.5694793085377067,0.9856632653061226,0.9117449143330401,0.0762453198060631,0.9117449143330401,1824.5328,11.684672,-1.7531944297342699,0.5968360675669062,,,0.8913503254161164,-1.2057284186868102,766.1,436.8299999999999,0.0360379685740333,6.0,0.0,2019.5150185888633,905.1099037679104,579.57,-468.09990376791035,819223.937898756,0.8358346651282041,325.53990376791035,906.7014333333333,930.3715689342864,947.4255195489914,961.5307248093517,926.2677116584509,927.0634764411623,905.1099037679104,468.09990376791035,468.09990376791035
2025-03-19 12:40:00,2025-03-19 13:40:00,2025-03-19 13:40:00,377.99999999999994,68.47907358325983,2025,3,19,12,40,1.2246467991473532e-16,-1.0,1.0,6.123233995736766e-17,1,1,902.1200000000001,632.1500000000001,217.06000000000003,181.17000000000002,720.8900000000001,82.99127060423693,10,10.0,30.48,25.0,31.5,71.63000000000001,1008.5253945247549,1.774,4.0,279.9,0.0,578.1,3.4651882648468018,12.707499504089355,220.6293487548828,22.383865356445312,0,0,0,1,0,30.4,25.0,73.0,8.0,280.0,6.0,,,True,True,True,True,ok_all_sources,ok,ok,ok,ok,840.0199999999999,802.4,651.5300000000001,639.16,507.91,587.0400000000001,41.467,30.13,72.86,1009.294928035657,2.4115052223205566,12.875213623046877,855.6966666666667,824.95,902.1200000000001,40.90379729723567,815.2916666666666,743.0899999999999,902.1200000000001,54.64061471713761,693.6272222222223,435.93999999999994,914.74,148.39209027618682,540.0327777777779,131.58412777777778,30.72222222222222,70.17666666666668,1.0236666666666667,0.0,2.66096740298801,12.44287241829766,62.10000000000025,250.59000000000003,0.3500000000000014,-1.2299999999999898,0.9925275725109024,0.9925275725109024,1091.7803297619926,1023.3120115887492,0.8262834339547606,1.5604912644871132,0.7007382609852348,0.2406110051877799,0.7007382609852348,2183.2824000000005,8.647175999999996,-1.747583944598569,0.30500222389567205,1.0536830425262451,-0.1677141189575213,0.8042208618587918,0.2646270857916946,478.80000000000007,159.0300000000002,0.38461774592113945,6.5,0.0,2803.647339890231,845.6117684541117,902.1200000000001,-467.61176845411177,715059.2629480902,0.8263479357984395,-56.50823154588841,854.0791603053435,880.8232508031799,842.5726309412642,841.5595851036483,844.0921996976879,848.3258956233038,845.6117684541117,467.61176845411177,467.61176845411177
2025-06-23 10:50:00,2025-06-23 11:50:00,2025-06-23 11:50:00,859.0200000000001,62.323443228411044,2025,6,23,10,50,0.49999999999999994,-0.8660254037844387,1.2246467991473532e-16,-1.0,1,1,116.33,113.07000000000001,0.2097,18.679000000000002,97.66,56.71174792186612,10,10.0,28.81,25.2,29.6,77.77000000000001,1009.8133108828723,0.103,2.9,291.0,0.0,129.4,10.774333000183104,4.031641960144043,277.80084228515625,12.68021011352539,0,0,0,0,1,29.1,25.8,82.0,2.0,290.0,5.0,,,True,True,True,True,ok_all_sources,ok,ok,ok,ok,148.84,124.58,176.51000000000002,351.02000000000004,162.96,173.45999999999998,0.39299999999999996,29.09,75.27000000000001,1009.8788530405857,13.44966983795166,3.598958969116211,138.91333333333333,116.33,151.57,19.60531645583241,136.36833333333334,116.33,151.57,14.274690072525802,241.02944444444444,116.33,440.12000000000006,105.91686054038817,210.97777777777782,58.61907777777781,28.90611111111111,75.89055555555554,0.4126111111111111,0.0,10.164781205794391,4.381899679408354,-32.510000000000005,-60.18000000000002,-0.28000000000000114,2.5,0.8359199153911798,0.8359199153911798,919.5119069302978,974.1421218267825,0.1265127717468679,0.8989953632148376,0.9719762743918164,0.0018026304478638356,0.9719762743918164,2240.5537000000004,6.404462999999997,-0.09615878392921177,0.036911898803165935,-2.6753368377685565,0.43268299102783203,0.6095517943887128,-0.35025771926431126,323.7900000000001,35.239999999999995,-0.3409438558721886,4.400000000000002,0.0,1119.9935323201935,391.6768977635389,116.33,467.3431022364612,153410.7922416697,0.4020736697321308,275.3468977635389,388.495023255814,401.2232773004424,410.9854815966686,417.42167620771187,401.33118968010376,399.7402524262413,391.6768977635389,-467.3431022364612,-467.3431022364612
2025-07-06 12:20:00,2025-07-06 13:20:00,2025-07-06 13:20:00,180.26,58.43029026222657,2025,7,6,12,20,1.2246467991473532e-16,-1.0,-0.4999999999999997,-0.8660254037844388,1,1,946.3299999999999,206.09,714.58,178.95999999999998,767.3799999999999,63.24620399396148,10,10.0,28.21,24.0,29.5,80.81,1009.1452185306474,2.899,6.0,277.1,0.2,925.0,7.591753959655762,4.273298740386963,276.2510681152344,22.857608795166016,0,0,0,1,0,28.6,25.1,81.0,7.0,280.0,6.0,,,True,True,True,True,ok_all_sources,ok,ok,ok,ok,883.4100000000001,981.2,832.3199999999999,765.05,599.67,347.53000000000003,486.724,28.48,83.02000000000001,1009.5456474274877,9.644417762756348,4.024508476257324,922.7466666666666,883.4100000000001,946.3299999999999,34.29077475551301,840.0316666666666,380.78000000000003,981.2,227.42426883836882,777.6477777777777,380.78000000000003,981.2,143.52428327251417,175.88338888888887,626.9797111111111,28.62111111111111,80.41944444444442,1.6360000000000001,1.5999999999999999,6.195779477848726,4.24998878030216,62.919999999999845,114.00999999999999,-0.2699999999999996,-2.210000000000008,0.8929491211676189,0.8929491211676189,982.2440332843809,937.2042108164925,0.9634367508812517,1.0230594594594593,0.21777815349825116,0.7551065695898894,0.21777815349825116,2279.6501000000003,5.413498999999999,-2.876770287930032,0.35832068107068865,-2.052663803100586,0.24879026412963867,1.3959744818070359,0.023309960084803016,600.4200000000001,600.4200000000001,0.13697856593617838,5.5,0.0,1180.5033414073841,647.194479053637,946.3299999999999,-466.934479053637,418860.6937175086,0.6905586547565776,-299.13552094636293,650.7452674418605,667.3667349645694,652.1509343483366,653.8030861132365,649.6727067009867,651.4481008950986,647.194479053637,466.934479053637,466.934479053637
2025-06-23 10:40:00,2025-06-23 11:40:00,2025-06-23 11:40:00,898.9,61.83387650892759,2025,6,23,10,40,0.49999999999999994,-0.8660254037844387,1.2246467991473532e-16,-1.0,1,1,148.84,146.49,0.39299999999999996,24.358000000000004,124.47,55.26299985341607,10,10.0,29.33,25.2,29.6,74.06,1009.6943711136001,0.367,2.9,153.1,0.0,161.4,10.656695365905762,3.8237111568450928,278.9105529785156,12.540411949157717,0,0,0,0,1,29.1,25.8,82.0,2.0,290.0,5.0,,,True,True,True,True,ok_all_sources,ok,ok,ok,ok,151.57,132.0,157.66000000000003,256.97,102.91,155.36,0.39299999999999996,29.17,74.19000000000001,1009.7479714248748,,,141.66333333333333,124.58,151.57,14.857436970532081,146.39833333333334,124.58,176.51000000000002,18.028017546770545,243.62,124.58,440.12000000000006,103.22350735461491,213.4394444444445,59.1759277777778,28.773333333333337,76.50333333333333,0.411,0.0,9.901087788974538,4.4972399964052086,-2.7299999999999898,-8.820000000000022,0.1599999999999966,-0.13000000000000966,0.8217762434969629,0.8217762434969629,903.9538678466591,969.7409664488756,0.16465442020239052,0.922180916976456,0.9842112335393711,0.0026404192421392095,0.9842112335393711,2172.1798,7.608201999999999,0.16604353831742433,-0.32728969336511354,,,0.755607576931224,-0.6735288395601158,315.5400000000001,51.93000000000002,-0.055943168844348724,4.400000000000002,0.0,1066.4733931857845,432.0833486405008,148.84,466.8166513594992,186696.02017238855,0.4455657372326552,283.2433486405008,446.5571428571429,441.62972817740433,446.0594001077212,450.71808393012805,439.071374374111,446.308271482432,432.0833486405008,-466.8166513594992,-466.8166513594992
2025-09-25 14:20:00,2025-09-25 15:20:00,2025-09-25 15:20:00,656.3499999999999,39.39824434672303,2025,9,25,14,20,-0.4999999999999997,-0.8660254037844388,-1.0,-1.8369701987210297e-16,1,1,124.25999999999999,121.78,0.39299999999999996,21.941000000000003,102.32000000000001,54.34035677994581,10,10.0,29.0,24.7,30.4,82.11,1007.845,1.516,4.6,209.5,0.0,112.6,17.745580673217773,10.007463455200195,239.7816619873047,44.86152267456055,0,0,0,0,1,29.6,26.1,82.0,5.0,210.0,5.0,,,True,True,True,True,ok_all_sources,ok,ok,ok,ok,124.03999999999999,224.85999999999999,570.29,853.46,958.8,378.72999999999996,115.59899999999998,30.08,78.39,1008.17,16.31499671936035,9.41071319580078,128.74666666666667,124.03999999999999,137.94,7.96242006762602,230.47,124.03999999999999,510.12999999999994,148.57950868137902,656.6800000000002,124.03999999999999,1036.7,336.83762908069804,403.0811111111111,207.28043333333335,29.571111111111108,80.34499999999998,2.4508888888888887,0.0,10.70403724246555,7.4664765463935,0.21999999999999886,-446.03,-1.0799999999999983,3.719999999999999,0.8124943477325178,0.8124943477325178,893.7437825057696,698.1775183416669,0.1390331350352055,1.1035523978685613,0.9800418477386127,0.0031627233220666343,0.9800418477386127,2381.19,5.1881,-0.7465141171168559,-1.3194592350448882,1.4305839538574219,0.5967502593994158,7.041543430752224,2.540986908806695,912.6600000000001,386.0899999999999,-0.7821108558803416,5.699999999999999,0.0,2399.6062195651175,190.0169184018041,124.25999999999999,466.3330815981958,36106.42927891788,0.2721613248921825,65.75691840180411,189.28110714285717,180.1896314669789,190.0169184018041,190.0169184018041,190.0169184018041,189.64901277233065,190.0169184018041,-466.3330815981958,-466.3330815981958
2025-09-24 12:50:00,2025-09-24 13:50:00,2025-09-24 13:50:00,811.25,61.832605331710475,2025,9,24,12,50,1.2246467991473532e-16,-1.0,-1.0,-1.8369701987210297e-16,1,1,1079.3200000000002,377.94999999999993,680.6899999999999,201.03000000000003,878.51,76.54445922972802,10,10.0,29.62,25.3,29.9,81.41000000000001,1008.12,3.324,5.3,272.9,0.2,898.0,11.271429061889648,5.166467666625977,270.98101806640625,32.16511535644531,0,0,0,0,1,29.5,26.0,82.0,7.0,270.0,5.0,,,True,True,True,True,ok_all_sources,ok,ok,ok,ok,1066.6,999.2,988.8,559.49,799.33,212.38000000000002,744.87,29.61,83.08000000000001,1009.11,7.956418991088867,3.270238876342773,1057.7733333333333,1027.4,1079.3200000000002,27.062042297900106,1026.87,980.3,1079.3200000000002,39.00074614670864,886.2716666666665,559.49,1079.3200000000002,158.46202210624477,274.00333333333333,564.0896277777779,29.403888888888886,82.7238888888889,2.876055555555556,3.400000000000001,7.600712537765503,3.1201388239860535,12.720000000000255,90.52000000000021,0.010000000000001563,-1.6700000000000017,0.9725507718917412,0.9725507718917412,1069.8058490809153,969.7294463982026,1.0088933435232743,1.2019153674832963,0.350174183745321,0.6306656042693546,0.350174183745321,2411.3642000000004,5.506357999999997,-3.319743143280235,0.16817093281499282,3.3150100708007812,1.8962287902832036,3.6707165241241455,2.046328842639923,519.8300000000002,99.02000000000021,0.0915453074433659,4.599999999999998,0.0,1400.0146681094775,345.0510065095511,1079.3200000000002,466.1989934904489,119060.19709325426,0.35582193341776885,-734.268993490449,346.737516576087,354.59738604645463,362.55601090313553,368.3910123676637,353.80350870634334,354.6467637396113,345.0510065095511,-466.1989934904489,-466.1989934904489
2025-09-23 10:20:00,2025-09-23 11:20:00,2025-09-23 11:20:00,385.66999999999996,79.50426175750282,2025,9,23,10,20,0.49999999999999994,-0.8660254037844387,-1.0,-1.8369701987210297e-16,1,1,858.9,166.93,589.01,159.74,698.99,65.01362239641531,10,10.0,31.29,25.0,31.4,73.02000000000001,1010.465,2.344,5.8,167.4,0.0,880.0,1.1728572845458984,4.781583309173584,273.177001953125,17.09000015258789,0,0,1,0,0,31.0,26.5,77.0,7.0,170.0,5.0,,,True,True,True,True,ok_all_sources,ok,ok,ok,ok,836.5,807.54,705.8,256.9,111.6,455.65,196.78000000000003,29.48,81.05000000000001,1011.2,2.2299106121063232,5.820241451263428,839.1333333333333,822.0,858.9,18.590409713971688,823.23,796.5600000000001,858.9,22.07279864448546,500.11500000000007,157.32999999999998,858.9,277.1596678546395,253.9134444444445,189.3412,28.856111111111115,82.03277777777777,1.8434444444444442,0.0,4.200936590923982,6.8218551243052765,22.399999999999977,153.10000000000002,1.8099999999999987,-8.030000000000001,0.9064082413076754,0.9064082413076754,997.0490654384429,1081.5953058154146,0.8614420591451102,0.9760227272727272,0.1943532425195017,0.6857724997089301,0.1943532425195017,2284.7958000000003,8.442041999999997,0.5113277578334952,-2.287548889984424,-1.0570533275604248,-1.0386581420898438,-3.0280793063780838,-2.0402718151316925,701.5699999999999,62.33999999999992,0.21691697364692553,6.399999999999999,0.0,1306.218592989142,851.8676732884496,858.9,-466.19767328844966,725678.5327938767,0.7876029682342479,-7.032326711550354,854.0791603053435,887.0791556375178,896.0777643519118,910.8144613730659,873.9727188201807,875.0784623286277,851.8676732884496,466.19767328844966,466.19767328844966
2025-09-28 13:30:00,2025-09-28 14:30:00,2025-09-28 14:30:00,58.037,51.68388641172784,2025,9,28,13,30,-0.2588190451025208,-0.9659258262890683,-1.0,-1.8369701987210297e-16,1,1,811.1600000000001,471.77,205.28000000000003,158.65,652.63,66.62778907934367,10,10.0,29.2,25.9,30.6,84.92,1008.18,2.457,5.7,233.3,0.0,575.8,9.47311019897461,7.573611259460449,257.24090576171875,57.5386848449707,0,0,0,1,0,29.6,26.1,82.0,6.0,270.0,8.0,,,True,True,True,True,ok_all_sources,ok,ok,ok,ok,519.47,458.23,1051.8,1068.3,700.7299999999999,547.58,477.37,29.89,82.17,1009.1,5.729374408721924,7.366661071777344,608.2266666666667,494.05,811.1600000000001,176.20441944892684,693.8783333333334,458.23,1061.8,241.0587590955091,922.7899999999996,458.23,1175.2,238.47656007642001,453.84388888888884,402.14494444444443,29.464999999999993,83.85000000000001,2.761611111111111,0.0,4.796914670202467,7.36443018913269,291.69000000000005,-240.63999999999987,-0.6900000000000013,2.75,0.9179471388001905,0.9179471388001905,1009.7418526802096,863.0622394228747,0.8033340381473705,1.4087530392497398,0.5815991912816213,0.25306967799201147,0.5815991912816213,2479.664,4.403359999999999,-1.969962757906903,-1.468364986118856,3.7437357902526855,0.20695018768310547,4.676195528772142,0.2091810703277588,716.97,603.5699999999999,-0.22878874310705447,4.700000000000003,0.0,1948.2426202707575,523.9022681462791,811.1600000000001,-465.8652681462791,274473.5865688157,0.6070272156694168,-287.257731853721,518.3182050359712,544.0745240572115,574.4537952163483,591.3043042397047,549.1780316813138,546.3860001261598,523.9022681462791,465.8652681462791,465.8652681462791
2025-04-23 12:20:00,2025-04-23 13:20:00,2025-04-23 13:20:00,293.75000000000006,65.26217911432992,2025,4,23,12,20,1.2246467991473532e-16,-1.0,0.8660254037844387,-0.4999999999999998,1,1,771.73,384.45,385.57,152.15,619.53,73.4059753532262,10,10.0,29.73,24.3,30.2,72.82000000000001,1008.167421037574,0.977,3.3,222.8,0.0,910.0,5.946863651275635,5.987805366516113,266.83502197265625,12.778596878051758,0,0,0,1,0,29.8,24.9,75.0,6.0,180.0,6.0,,,True,True,True,True,ok_all_sources,ok,ok,ok,ok,859.8399999999999,976.8599999999999,790.65,433.17999999999995,351.82,343.09000000000003,452.0473,29.08,77.62,1008.7622864169242,3.7726314067840576,6.022159099578857,849.62,771.73,917.2900000000002,73.31619670986765,811.2216666666667,649.26,976.8599999999999,128.81920468884542,638.4888888888889,380.31000000000006,976.8599999999999,195.5424905198172,405.67333333333335,234.60708888888888,28.799999999999997,76.48888888888888,0.4970000000000001,0.0,5.501025255988626,6.200058740728042,-88.1099999999999,-18.91999999999996,0.6500000000000021,-4.799999999999997,0.958352363575635,0.958352363575635,1054.1875999331985,999.0553605832034,0.7320613523142397,0.848054945054945,0.49816645718062014,0.4996177419563837,0.49816645718062014,2164.9386000000004,8.080613999999999,-0.6638141542635017,-0.7168540776193102,2.174232244491577,-0.03435373306274414,0.44583839528700864,-0.21225337421192858,596.5499999999998,327.5999999999999,-0.023929678112944993,5.899999999999999,0.0,1597.756176542316,759.4230665011273,771.73,-465.67306650112727,576723.3939339756,0.7601411257708586,-12.306933498872695,752.1957534246575,783.1502024246738,810.2839837591279,827.237622845128,784.8535251301275,781.2398685918927,759.4230665011273,465.67306650112727,465.67306650112727
2025-10-01 09:20:00,2025-10-01 10:20:00,2025-10-01 10:20:00,1079.1,66.06877259373371,2025,10,1,9,20,0.7071067811865476,-0.7071067811865475,-0.8660254037844386,0.5000000000000001,1,1,379.71000000000004,374.69,1.095,71.507,308.17999999999995,51.10096524194905,10,10.0,28.66,25.2,28.8,82.24000000000001,1009.79,0.656,2.0,258.8,0.0,324.1,8.028416633605957,6.48619270324707,263.5204162597656,13.71552848815918,0,0,0,1,0,27.7,25.6,88.0,2.0,250.0,8.0,,,True,True,True,True,ok_all_sources,ok,ok,ok,ok,343.65,274.28999999999996,321.05,124.22,21.593,317.18,1.0097,28.04,84.33000000000001,1009.09,10.024083137512209,6.65446662902832,341.0133333333333,299.67999999999995,379.71000000000004,40.08009772110513,304.86833333333334,260.0,379.71000000000004,47.262339094321895,214.48355555555554,36.922000000000004,379.71000000000004,116.44083245364031,211.69666666666666,0.8838333333333336,26.763888888888893,91.20166666666667,0.5216666666666667,59.2,11.04243486067828,6.950011814341826,36.06000000000006,58.660000000000025,0.620000000000001,-2.0900000000000034,0.7782537274894852,0.7782537274894852,856.0791002384337,1005.4363096371302,0.4435454619721984,1.1715828448009873,0.9867793842669405,0.002883779726633483,0.9867793842669405,2356.9984000000004,5.090015999999998,-0.6435065819090697,-0.12741773440030132,-1.9956665039062518,-0.16827392578125,-3.0140182270723237,-0.4638191110947556,342.788,119.71000000000004,0.18271297305715628,3.6000000000000014,0.0,1709.2442011007224,613.9960676167939,379.71000000000004,465.10393238320603,376991.17104888655,0.6106762424746625,234.28606761679384,617.1308193430656,634.1683235277263,660.98461813779,676.6474683114553,637.4903428772919,639.0577187404278,613.9960676167939,-465.10393238320603,-465.10393238320603
2025-07-24 12:00:00,2025-07-24 13:00:00,2025-07-24 13:00:00,287.09,63.42610986866991,2025,7,24,12,0,1.2246467991473532e-16,-1.0,-0.4999999999999997,-0.8660254037844388,1,1,826.29,280.90999999999997,563.78,164.73999999999998,661.52,65.87711848676217,10,10.0,30.07,25.0,31.1,77.4,1007.2,1.715,3.4,250.4,0.0,857.0,3.803285360336304,2.50704312324524,286.19970703125,14.086190223693848,0,0,0,1,0,30.8,26.3,77.0,2.0,270.0,5.0,,,True,True,True,True,ok_all_sources,ok,ok,ok,ok,850.3,640.08,644.3299999999999,659.14,290.23,293.41999999999996,378.65199999999993,29.62,77.92,1007.9,3.0949997901916504,2.967522144317627,834.6533333333333,826.29,850.3,13.56116637068257,805.8966666666666,640.08,852.3399999999999,81.97149374426859,676.9649999999999,263.06000000000006,852.3399999999999,171.0402340094283,259.08000000000004,479.7513666666666,29.739999999999995,75.07111111111114,0.9602777777777778,0.0,4.037908497978659,2.866127140381757,-24.00999999999999,181.96000000000004,0.4499999999999993,-0.519999999999996,0.9126710345135667,0.9126710345135667,1003.9381379649234,983.7940081508847,0.8230487205864767,0.9641656942823803,0.3399653874547677,0.682302823463917,0.3399653874547677,2327.418,6.795819999999999,-1.615628531530214,-0.5752994421216877,0.7082855701446538,-0.4604790210723868,-0.23462313764235487,-0.35908401713651683,589.2799999999999,212.25999999999988,0.2824018748157001,6.100000000000001,0.0,717.5150073874977,751.9238415853298,826.29,-464.8338415853298,565389.4635444401,0.7643102472220049,-74.36615841467017,734.2438022922636,775.6509775088764,772.206173880184,778.9669513118022,762.0650077327568,753.2249880862238,751.9238415853298,464.8338415853298,464.8338415853298
2025-09-12 11:30:00,2025-09-12 12:30:00,2025-09-12 12:30:00,434.39000000000004,79.21247484984946,2025,9,12,11,30,0.258819045102521,-0.9659258262890682,-1.0,-1.8369701987210297e-16,1,1,645.8700000000001,550.67,81.66999999999999,123.25,522.65,78.29486344141017,10,10.0,29.26,24.9,30.9,67.54,1011.115,2.469,6.6,286.5,0.0,533.0,4.535867691040039,7.692281246185303,256.8232116699219,25.23905372619629,0,0,0,1,0,29.7,23.5,70.0,6.0,290.0,7.0,,,True,True,True,True,ok_all_sources,ok,ok,ok,ok,622.4300000000001,788.64,611.98,423.53999999999996,281.81000000000006,531.25,74.42,30.43,59.809999999999995,1011.33,3.053245306015014,8.317719459533691,656.6733333333334,622.4300000000001,701.72,40.73401567895475,683.835,579.57,788.64,82.38829983680932,617.145,329.3,1016.4,182.6447182292957,469.7361111111111,156.32267777777778,29.026666666666667,65.73722222222221,2.2615,0.0,3.0351537816664753,8.524946942048913,23.440000000000055,33.8900000000001,-1.1699999999999982,7.730000000000011,0.9792046268341754,0.9792046268341754,1077.1250895175929,1080.5608280007878,0.5996239492381177,1.2117636022514073,0.8526019167944011,0.1264495951197609,0.8526019167944011,1976.2204000000004,9.497796,-2.3673259253895687,0.7012338860739842,1.4826223850250249,-0.6254382133483887,1.5007139093735637,-0.8326656958636107,687.0999999999999,209.06999999999994,0.055377626719827606,6.0,0.0,1975.5563747136184,899.2132406140732,645.8700000000001,-464.8232406140732,808584.4520956632,0.832172717456141,253.34324061407312,906.7014333333333,934.4247229631414,930.7336385404075,941.2404378491856,914.9734395772404,918.7175359368704,899.2132406140732,464.8232406140732,464.8232406140732
2025-11-22 11:00:00,2025-11-22 12:00:00,2025-11-22 12:00:00,1229.1,73.77025564852715,2025,11,22,11,0,0.258819045102521,-0.9659258262890682,-0.5000000000000004,0.8660254037844384,1,1,978.03,348.91,670.2,182.36,795.55,69.39585942650066,10,10.0,28.6,26.086050928190605,28.813897038888474,81.0,1008.099134648905,1.5061028964841123,3.5680064210841334,250.4978053303161,1.8489812418418237,,4.206101417541504,8.395763397216797,252.25955200195312,46.16521453857422,0,0,0,1,0,28.6,25.1,81.0,8.0,280.0,6.0,,,True,True,True,True,ok_all_sources,ok,ok,ok,ok,863.3299999999999,1004.6,841.0600000000001,668.48,472.0,255.43,716.53,28.8,72.0,1008.2333464676841,2.733504295349121,9.32439422607422,954.4866666666667,863.3299999999999,1022.1,81.9615436246374,911.3633333333332,797.92,1022.1,102.4630217525653,734.7772222222225,456.4,1022.1,174.7987427537757,350.64722222222224,499.93777777777785,31.4027768168055,56.19391469845714,1.526197270310179,21.72896105588072,3.2914741179522347,9.127868147457347,114.70000000000005,136.9699999999999,-0.1999999999999993,9.0,0.9360341068808126,0.9360341068808126,1029.6375175688938,1056.1635938850318,0.9498779748325937,,0.35674774802408926,0.6852550535259655,0.35674774802408926,2316.6,5.434,-1.4196958216925737,-0.50280185825679,1.4725971221923828,-0.9286308288574237,0.9146272995892692,-0.7321047502405502,565.7,224.18000000000006,0.16285401754928294,2.727846110697868,0.0,2117.911513296305,764.5292844382125,978.03,464.57071556178744,584505.0267636052,0.723873923381452,-213.5007155617875,752.1957534246575,788.256420361759,767.5690921190492,768.5823613459947,766.0491882786308,759.8824227718533,764.5292844382125,-464.57071556178744,-464.57071556178744
2025-08-17 10:50:00,2025-08-17 11:50:00,2025-08-17 11:50:00,330.31,71.70849145087293,2025,8,17,10,50,0.49999999999999994,-0.8660254037844387,-0.8660254037844384,-0.5000000000000004,1,1,827.96,280.58,642.59,169.68,658.28,63.363824801741984,10,10.0,32.09,24.9,32.4,63.24,1008.7240340332517,1.779,3.9,69.97,0.0,902.0,2.1174023151397705,5.755312919616699,266.8667297363281,12.71888828277588,0,0,0,1,0,30.7,25.8,75.0,2.0,160.0,7.0,,,True,True,True,True,ok_all_sources,ok,ok,ok,ok,826.5,707.3100000000001,686.08,478.23999999999995,291.7,145.74,589.4199999999998,30.87,65.65,1010.5105826307223,1.6148314476013184,7.12565279006958,796.3133333333334,734.4799999999999,827.96,53.5542130306602,759.44,707.3100000000001,827.96,53.873928017177235,589.6005555555554,334.85,827.96,160.30600236357603,169.83944444444444,485.9822222222222,30.279999999999998,68.455,0.9421111111111112,0.0,1.3227045080241036,7.456764052895939,1.4600000000000364,141.88,1.2200000000000024,-2.4100000000000037,0.893871354153242,0.893871354153242,983.2584895685662,1044.419202290842,0.8420573112603299,0.9179157427937916,0.338881105367409,0.7761123725783854,0.338881105367409,2029.3716000000002,11.796284,1.6713943575548624,0.6093290585010436,0.5025708675384521,-1.3703398704528809,0.794697807115667,-1.7014511332792397,493.11,120.64999999999998,0.2067980410447761,7.5,0.0,1535.9015374673472,794.3354509907846,827.96,-464.0254509907846,630968.8087007331,0.760552323481299,-33.62454900921546,787.1226262626265,818.0625869143312,813.5632044973557,819.9724556662128,803.9493277440702,800.3429153799912,794.3354509907846,464.0254509907846,464.0254509907846
2025-07-31 12:10:00,2025-07-31 13:10:00,2025-07-31 13:10:00,198.77,63.59611566956619,2025,7,31,12,10,1.2246467991473532e-16,-1.0,-0.4999999999999997,-0.8660254037844388,1,1,594.49,529.69,44.571000000000005,112.17,482.32000000000005,67.64668206974392,10,10.0,31.31,24.3,31.5,64.99000000000001,1008.7389785883615,0.882,2.7,225.6,0.0,806.0,11.04504108428955,6.346900463104248,265.6881103515625,17.98325538635254,0,0,0,0,1,30.8,25.2,72.0,6.0,290.0,5.0,,,True,True,True,True,ok_all_sources,ok,ok,ok,ok,858.9100000000001,597.07,409.81000000000006,341.20000000000005,345.84999999999997,368.18999999999994,29.154500000000002,29.81,73.76,1009.7157904534973,7.064660549163818,6.406270980834961,786.9466666666667,594.49,907.4400000000002,168.42941142607302,649.5816666666666,376.42999999999995,907.4400000000002,199.08998170843932,533.0461111111111,322.59999999999997,907.4400000000002,177.81492583214947,407.37111111111113,125.77371666666666,29.281666666666663,76.53777777777778,0.5065,0.0,5.679833903032191,8.105337507584515,-264.4200000000001,184.67999999999995,1.5,-8.769999999999996,0.9248562060151059,0.9248562060151059,1017.3418266166165,985.2497758683119,0.5843561961637822,0.7375806451612903,0.8909990075526923,0.07497350670322463,0.8909990075526923,2034.8369000000002,10.961630999999997,-0.6301649034361324,-0.6171030663327886,3.9803805351257324,-0.05937051773071289,5.36520718125736,-1.7584370444802673,584.8400000000001,531.0100000000002,0.4506478612039724,7.199999999999999,0.0,1686.2959906316246,662.7003022644166,594.49,-463.9303022644166,439171.6906213491,0.6726216219439088,68.21030226441655,650.7452674418605,686.4274381879632,705.1683548352233,719.3243723588256,683.93432854982,677.956811138542,662.7003022644166,463.9303022644166,463.9303022644166
2025-10-01 11:20:00,2025-10-01 12:20:00,2025-10-01 12:20:00,447.15999999999997,83.87267903927508,2025,10,1,11,20,0.258819045102521,-0.9659258262890682,-0.8660254037844386,0.5000000000000001,1,1,696.3,537.4599999999999,114.571,127.28999999999999,568.99,81.01071647914483,10,10.0,31.82,25.2,32.2,68.46000000000001,1008.53,1.155,4.4,206.4,0.0,485.6,4.740476608276367,6.310457229614258,264.778564453125,15.759230613708496,0,0,0,1,0,31.3,26.0,73.0,5.0,60.0,8.0,,,True,True,True,True,ok_all_sources,ok,ok,ok,ok,998.64,779.0200000000001,1079.1,379.71000000000004,321.05,988.9655,98.27000000000001,31.37,65.42,1009.275,6.998103141784668,6.430845260620117,828.2633333333333,696.3,998.64,154.78713458596403,819.1283333333334,696.3,998.64,102.34376335012635,588.185,260.0,1079.1,273.89244821859637,515.7529833333333,53.339266666666674,29.986666666666665,73.88111111111112,0.8237777777777777,0.0,7.15554458954755,6.573093386257396,-302.34000000000003,-382.79999999999995,0.4499999999999993,3.0400000000000063,0.9877175824840113,0.9877175824840113,1086.4893407324125,1093.7158760594807,0.6408714507319673,1.4338962108731466,0.7718799368088467,0.16454258222030735,0.7718799368088467,2178.3972000000003,10.036027999999998,-0.5135536319585914,-1.0345470830765218,-2.257626533508301,-0.12038803100585938,-2.415067981271183,-0.2626361566431381,819.0999999999999,302.34000000000003,-0.3547400611620795,7.0000000000000036,0.0,1670.8738063001074,910.759868190332,696.3,-463.599868190332,829483.5375060709,0.8327207167108921,214.45986819033203,906.7014333333333,936.021533356708,946.8133053700543,958.8311177632951,928.7865867801931,926.7573693516938,910.759868190332,463.599868190332,463.599868190332
2025-11-08 13:00:00,2025-11-08 14:00:00,2025-11-08 14:00:00,94.47699999999999,55.75900213064974,2025,11,8,13,0,-0.2588190451025208,-0.9659258262890683,-0.5000000000000004,0.8660254037844384,1,1,475.01000000000005,440.62,31.295599999999997,94.093,380.91999999999996,68.77084763875682,10,10.0,30.25,25.1,30.8,75.4,1008.885,2.578,5.2,289.6,0.0,491.6,6.937850475311279,10.629254341125488,236.49131774902344,54.5328369140625,0,0,0,1,0,30.3,25.9,77.0,8.0,290.0,7.0,,,True,True,True,True,ok_all_sources,ok,ok,ok,ok,569.6800000000001,593.83,750.99,562.8799999999999,412.48999999999995,540.7199999999999,215.41,30.55,69.9,1009.4,4.222580432891846,11.58494758605957,534.47,475.01000000000005,569.6800000000001,51.784641545539344,591.1333333333333,475.01000000000005,717.7299999999999,80.85258800228137,577.4605555555555,422.13,756.83,92.05938476441506,486.4094444444444,91.53514444444446,30.262222222222224,69.1077777777778,2.386055555555556,0.0,4.248619940545824,11.461120075649685,-94.67000000000002,-275.97999999999996,-0.3000000000000007,5.5,0.932139684265723,0.932139684265723,1025.3536526922953,909.3459815490713,0.4632645514576898,0.966253051261188,0.9276015241784382,0.06588408665080733,0.9276015241784382,2280.8500000000004,7.441499999999999,-2.4286241132856503,0.8647941468161592,2.7152700424194336,-0.955693244934082,2.6892305347654553,-0.8318657345241967,334.70000000000005,242.71999999999986,-0.3674882488448581,5.699999999999999,0.0,2513.7263658222946,557.8429138022263,475.01000000000005,-463.3659138022264,311188.71647935815,0.6134550821370989,82.8329138022263,575.0529509981851,578.0151697131588,586.7075717568256,596.3291244083587,572.275242779526,580.8802613775053,557.8429138022263,463.3659138022264,463.3659138022264
2025-02-05 10:40:00,2025-02-05 11:40:00,2025-02-05 11:40:00,298.4800000000001,74.24072549528103,2025,2,5,10,40,0.49999999999999994,-0.8660254037844387,0.8660254037844386,0.5000000000000001,1,1,488.33000000000004,480.93999999999994,2.8294,97.33000000000001,391.01000000000005,62.52384257536014,10,10.0,29.38,23.4,29.5,72.97,1008.8966156921349,0.0,0.0,285.9,0.0,463.0,6.559333324432373,9.322566986083984,245.38040161132807,27.07396697998047,0,0,0,1,0,27.6,23.6,79.0,2.0,310.0,5.0,,,True,True,True,True,ok_all_sources,ok,ok,ok,ok,507.08000000000004,495.91999999999996,337.86,268.02000000000004,190.55,326.67,1.1538,27.57,79.37,1010.856123360953,,,487.37999999999994,466.7299999999999,507.08000000000004,20.191768124659188,477.0883333333333,403.89,507.08000000000004,38.464675439507715,324.4622222222222,179.35,507.08000000000004,118.71619437353924,313.3822222222222,8.038938888888886,27.478888888888886,79.89555555555557,0.0,0.0,8.788715671090518,9.24101582695456,-18.75,150.47000000000003,1.8099999999999987,-6.400000000000006,0.887202904489249,0.887202904489249,975.9231949381739,1058.6524141647071,0.5003774913157346,1.054708423326134,0.9848667908995964,0.005794032723772859,0.9848667908995964,2143.8586,7.941414,-0.0,0.0,,,-2.229382346658145,0.08155115912942357,327.73,103.19000000000005,0.445361984253833,6.100000000000001,0.0,2287.5752310937964,761.8453813932456,488.33000000000004,-463.3653813932455,580408.3851502198,0.7196369376764263,273.51538139324555,752.1957534246575,785.5725173167921,836.8276927770797,861.8217965716912,799.3365370851627,794.5117231008686,761.8453813932456,463.3653813932455,463.3653813932455
2025-11-11 11:50:00,2025-11-11 12:50:00,2025-11-11 12:50:00,385.98,70.20760071564162,2025,11,11,11,50,0.258819045102521,-0.9659258262890682,-0.5000000000000004,0.8660254037844384,1,1,1054.0,328.72999999999996,762.65,209.05,844.9799999999999,76.62412326276225,10,10.0,30.89,26.4,31.4,69.62,1008.715,3.35,6.5,288.4,0.0,901.0,1.9272221326828003,11.32524585723877,230.783203125,31.64153861999512,0,0,1,0,0,30.4,24.3,70.0,12.0,290.0,5.0,,,True,True,True,True,ok_all_sources,ok,ok,ok,ok,970.0,787.3399999999999,770.71,729.7800000000001,594.0699999999999,605.8199999999999,171.972,30.41,68.71000000000001,1009.585,2.143663167953491,11.449941635131836,897.1233333333333,667.37,1054.0,203.35669557045165,883.585,667.37,1054.0,137.1639514960108,751.9950000000002,471.89,1054.0,157.5086362618216,426.59999999999997,374.9330444444444,30.64333333333333,65.88000000000001,2.7459999999999996,0.0,2.1121974061517155,11.42336228314568,84.0,283.28999999999996,0.4800000000000004,0.9099999999999966,0.9728733648897866,0.9728733648897866,1070.1607013787652,1035.0182664860374,0.9848988087883024,1.169811320754717,0.3118880455407969,0.7235768500948766,0.3118880455407969,2150.5618000000004,9.384381999999999,-3.1787346390090643,1.0574242737727915,-0.21644103527069092,-0.1246957778930664,-0.18497527346891518,-0.09811642590691072,582.11,386.63,0.3675701625773637,5.0,0.0,2613.6765151116997,849.0552524346907,1054.0,-463.0752524346907,720894.8216869364,0.8203287612664995,-204.94474756530929,854.0791603053435,884.2667347837589,820.0929569734221,810.4388584863326,834.5741047040565,837.0860586393828,849.0552524346907,463.0752524346907,463.0752524346907
2025-08-24 12:00:00,2025-08-24 13:00:00,2025-08-24 13:00:00,1095.3,70.18021822777675,2025,8,24,12,0,1.2246467991473532e-16,-1.0,-0.8660254037844384,-0.5000000000000004,1,1,964.1,100.31,877.6,180.93,782.8900000000001,74.58002219199462,10,10.0,28.63,23.9,28.9,79.12,1011.0,2.132,6.2,256.5,14.0,985.0,8.57406234741211,5.224688053131104,269.66217041015625,18.29217529296875,0,0,0,1,0,29.0,25.0,79.0,5.0,250.0,8.0,,,True,True,True,True,ok_all_sources,ok,ok,ok,ok,956.2,754.8900000000001,874.1700000000001,792.21,557.11,150.81,760.23,28.42,81.18,1011.5,3.038541555404663,4.876541614532471,952.1,936.0,964.1,14.49172177486169,846.9116666666667,731.99,964.1,115.8338633417131,722.9066666666668,326.33000000000004,964.1,198.68287276313418,243.69111111111113,495.6364555555555,27.831666666666663,83.63944444444448,1.4119444444444444,252.0,3.179795510628644,5.020582802155438,7.899999999999977,89.92999999999995,0.2099999999999973,-2.0600000000000023,0.9640027519143228,0.9640027519143228,1060.4030271057552,1034.8401373435536,0.9091826176990433,0.9787817258883249,0.10404522352453065,0.9102790166995125,0.10404522352453065,2265.2056000000002,5.977943999999999,-2.073092670287847,-0.4977055157407898,5.535520792007446,0.3481464385986337,5.394266836783466,0.20410525097566623,637.77,232.11,0.10287472688378684,5.0,0.0,1408.9007201233474,633.11488410316,964.1,462.18511589684,400834.4564729577,0.6117996985779592,-330.98511589684006,627.8430706018518,653.2871400140924,725.9126250977469,756.8452054292759,679.5137546004535,676.8778478497993,633.11488410316,-462.18511589684,-462.18511589684
2025-09-29 13:10:00,2025-09-29 14:10:00,2025-09-29 14:10:00,266.33000000000004,56.61026921049002,2025,9,29,13,10,-0.2588190451025208,-0.9659258262890683,-1.0,-1.8369701987210297e-16,1,1,719.42,640.49,51.762,140.04999999999998,579.38,71.55298632142532,10,10.0,30.61,23.5,32.5,68.21000000000001,1008.345,2.235,5.2,237.2,0.0,642.0,4.864352226257324,8.696324348449707,250.2089080810547,33.70425033569336,0,0,0,1,0,31.0,24.8,70.0,4.0,250.0,10.0,,,True,True,True,True,ok_all_sources,ok,ok,ok,ok,649.0900000000001,640.13,698.27,1089.1,557.3,634.99,22.092399999999998,31.67,59.629999999999995,1008.595,3.5971579551696777,10.955957412719728,658.3133333333334,606.4300000000001,719.42,57.056878930882,706.33,606.4300000000001,814.8399999999999,89.37075964766098,732.3022222222221,508.68999999999994,1089.1,162.9431987482161,593.5311111111109,84.83033333333334,31.040000000000003,61.760555555555555,2.0631666666666666,0.0,4.512240436342028,9.571504645877415,70.32999999999981,21.149999999999977,-1.0600000000000023,8.580000000000013,0.9486166884777618,0.9486166884777618,1043.478357325538,918.4411646975466,0.6894441029365401,1.1205919003115263,0.8902866197770427,0.07194962608768175,0.8902866197770427,2087.9081,9.730918999999998,-1.8786663588128543,-1.2107178499819238,1.2671942710876465,-2.2596330642700213,0.35211178991529657,-0.8751802974277076,580.41,208.40999999999985,0.030289143168115453,9.0,0.0,2175.8978195442905,727.6222160265293,719.42,-461.2922160265292,529434.0892553572,0.792236066929931,8.2022160265293,720.7239896373056,751.3493519500757,751.3452624181239,759.2529445486554,739.4837392223266,736.0346260277147,727.6222160265293,461.2922160265292,461.2922160265292
2025-10-03 09:10:00,2025-10-03 10:10:00,2025-10-03 10:10:00,401.19,63.76828974079583,2025,10,3,9,10,0.7071067811865476,-0.7071067811865475,-0.8660254037844386,0.5000000000000001,1,1,877.5,854.6551999999999,5.787,175.55,701.91,48.799828746075754,10,10.0,29.38,24.5,29.8,65.44,1011.8,0.081,1.7,168.5,0.0,768.8,2.2055556774139404,8.068324089050293,252.3789825439453,14.506874084472656,0,0,0,1,0,28.1,23.0,74.0,2.0,90.0,6.0,,,True,True,True,True,ok_all_sources,ok,ok,ok,ok,667.6099999999999,350.64,263.17999999999995,143.29,12.198599999999999,257.56,2.7643999999999997,27.02,76.13000000000001,1011.6,1.7025926113128662,8.20820426940918,665.7599999999999,452.16999999999996,877.5,212.67103493423835,508.5166666666667,317.99000000000007,877.5,219.5765265839376,262.35,27.649,877.5,222.78389824090019,256.0924,2.8038888888888884,26.099999999999994,80.72833333333334,0.5087222222222223,3.0,2.569011092185974,8.478655934333801,209.8900000000001,614.32,2.3599999999999994,-10.690000000000012,0.7524129401059036,0.7524129401059036,827.654234116494,986.7152697032473,1.0602253499454581,1.1413891779396463,0.9739660398860398,0.006594871794871795,0.9739660398860398,1922.6272,10.153728,0.01614880268779298,-0.0793739010742872,0.5029630661010742,-0.13988018035888672,-0.3634554147720337,-0.4103318452835083,849.851,559.51,2.3342199255262566,5.300000000000001,0.0,2036.2754244293174,862.2714325380991,877.5,-461.08143253809914,743512.0233713057,0.873880701975379,-15.228567461900866,854.0791603053435,897.4829148871673,851.7968190889305,848.3052812725409,857.0341258135148,852.937989697137,862.2714325380991,461.08143253809914,461.08143253809914
2025-07-20 10:00:00,2025-07-20 11:00:00,2025-07-20 11:00:00,158.14000000000001,59.564250989282584,2025,7,20,10,0,0.49999999999999994,-0.8660254037844387,-0.4999999999999997,-0.8660254037844388,1,1,335.65,274.1,78.90499999999999,61.50699999999999,274.15,49.18952369370969,10,10.0,29.89,24.2,30.0,72.09,1009.4,0.424,3.0,156.9,0.0,647.1,5.86545467376709,2.578232526779175,285.6746520996094,15.800599098205566,0,0,0,1,0,29.9,25.5,77.0,2.0,50.0,6.0,,,True,True,True,True,ok_all_sources,ok,ok,ok,ok,702.3399999999999,619.5999999999999,496.52,313.37,30.671,136.51,592.389,27.28,84.28,1009.8000000000001,7.858260631561279,3.4735827445983887,568.35,335.65,702.3399999999999,202.2946788721839,583.5766666666666,335.65,702.3399999999999,131.36296779026677,340.99927777777776,40.135000000000005,702.3399999999999,220.32822366343126,150.34805555555556,311.10235,26.767777777777773,87.77166666666665,0.7514444444444446,0.0,7.843192240771125,4.2269039995530076,-366.68999999999994,-160.87,2.6099999999999994,-12.189999999999998,0.7568755676295114,0.7568755676295114,832.5631243924624,948.4175444425517,0.40315261409749603,0.5186988100757224,0.8166244600029794,0.2350811857589751,0.8166244600029794,2154.7701,8.342298999999999,0.16635093743991003,-0.3900043148644168,-1.9928059577941895,-0.8953502178192139,-1.9777375670040351,-1.6486714727738327,662.2049999999999,366.68999999999994,-0.3239950052364457,5.800000000000001,0.0,736.5356801195376,618.41018823336,335.65,-460.27018823336005,382431.1609108198,0.6520442307895526,282.76018823336005,617.1308193430656,638.5824441442925,696.7556255204847,722.8707712828597,657.5829068769224,656.9432224317752,618.41018823336,460.27018823336005,460.27018823336005
2025-12-08 12:00:00,2025-12-08 13:00:00,2025-12-08 13:00:00,332.3,66.00255067464482,2025,12,8,12,0,1.2246467991473532e-16,-1.0,-2.4492935982947064e-16,1.0,1,1,742.2700000000001,579.1099999999999,158.07999999999998,141.55,600.74,71.210738243144,10,10.0,28.31,23.9,28.4,84.93,1010.425,2.02,2.824,261.2,0.0,628.1,5.228346824645996,8.779356002807617,249.33786010742188,33.9849967956543,0,0,0,1,0,28.4,25.7,85.0,5.0,300.0,6.0,,,True,True,True,True,ok_all_sources,ok,ok,ok,ok,720.48,491.4200000000001,385.40999999999997,614.3900000000001,316.21999999999997,375.13,1.0031999999999999,27.63,88.60000000000001,1011.42,10.901900291442873,7.688578605651855,710.1999999999999,667.85,742.2700000000001,38.26019994720368,563.5366666666667,363.3,742.2700000000001,167.84258943029525,530.6316666666667,334.84999999999997,742.2700000000001,130.10288576851062,476.13611111111106,53.34226111111111,27.736666666666665,87.15222222222224,1.1469444444444445,0.0,7.644479919882381,8.128080115598792,21.790000000000077,356.8600000000001,0.6799999999999997,-3.6700000000000017,0.9467096417846125,0.9467096417846125,1041.3806059630738,1004.919920075819,0.7127749410250878,1.1817704187231333,0.7801878022821882,0.21296832688913733,0.7801878022821882,2404.3683,4.266316999999998,-1.9962213305220367,-0.3090313892937577,-5.673553466796877,1.0907773971557626,-2.4161330952363853,0.6512758872088256,407.42000000000013,378.9700000000001,0.9259230429931765,4.5,0.0,2189.0258388613,792.4529452252841,742.2700000000001,-460.1529452252841,627981.6703962272,0.7885732279697424,50.182945225284016,787.1226262626265,816.1800811488306,848.8164051517705,867.604225127266,820.6346751885274,817.9695157071985,792.4529452252841,460.1529452252841,460.1529452252841
2025-03-10 13:50:00,2025-03-10 14:50:00,2025-03-10 14:50:00,70.55600000000001,51.897467174893244,2025,3,10,13,50,-0.2588190451025208,-0.9659258262890683,1.0,6.123233995736766e-17,1,1,989.7,177.49,782.48,205.17999999999998,784.49,66.85631975899915,10,10.0,30.85,25.9,32.1,73.81,1007.3414711557465,0.239,2.4,242.0,0.0,1034.0,5.045949459075928,9.53499984741211,244.48629760742188,54.17296600341797,0,0,0,1,0,30.6,25.4,74.0,7.0,270.0,7.0,,,True,True,True,True,ok_all_sources,ok,ok,ok,ok,1003.7,928.1200000000001,1026.5,990.4,894.1,117.65,816.4,30.75,74.25,1008.5988087344142,3.233406782150269,6.648461818695068,978.7666666666668,942.9,1003.7,31.840435507909408,978.07,928.1200000000001,1019.2,35.38659350658097,974.5066666666667,873.2,1031.8,38.74873326202759,177.2833333333333,730.4972222222223,30.682222222222226,73.80055555555556,0.10300000000000001,0.0,3.3278658853636847,8.302848021189371,-14.0,-36.799999999999955,0.10000000000000142,-0.4399999999999977,0.9195221263483067,0.9195221263483067,1011.4743389831373,865.5985188616767,0.9784726728658014,0.95715667311412,0.17933717288067091,0.7906234212387592,0.17933717288067091,2277.0385,8.079615,-0.21102447469328353,-0.11220370350582788,1.8125426769256587,2.886538028717041,1.718083573712243,1.2321518262227382,158.5999999999999,91.07999999999993,-0.035849975645396936,6.200000000000003,0.0,2331.176810381119,530.4859381362836,989.7,-459.92993813628357,281415.3305603329,0.6128544892081264,-459.21406186371644,520.1393023255814,550.658194047216,500.26226601671607,490.1877086435269,515.3741020764999,510.2007841711487,530.4859381362836,459.92993813628357,459.92993813628357
2025-12-28 09:30:00,2025-12-28 10:30:00,2025-12-28 10:30:00,251.75,59.49905570088978,2025,12,28,9,30,0.7071067811865476,-0.7071067811865475,-2.4492935982947064e-16,1.0,1,1,545.0600000000001,456.46000000000004,114.516,104.72,440.35,47.35171153960793,10,10.0,28.31,24.5,29.1,78.58000000000001,1011.245,1.23,2.2,283.3,0.0,457.0,5.374214172363281,10.617828369140623,235.6097412109375,17.935508728027344,0,0,0,1,0,29.1,24.1,74.0,2.0,60.0,6.0,,,True,True,True,True,ok_all_sources,ok,ok,ok,ok,459.2799999999999,329.51,464.13,124.76999999999998,27.978999999999996,348.74,206.54000000000002,27.48,86.9,1010.82,3.3995323181152344,12.244467735290527,455.6899999999999,362.7299999999999,545.0600000000001,91.21799877217225,430.0833333333333,329.51,545.0600000000001,78.39002657651464,280.32972222222224,43.81,545.0600000000001,172.53418650697657,236.7126111111112,74.95997222222223,26.305000000000003,91.74777777777778,0.6653333333333333,52.199999999999996,4.86287509693819,12.028595531688017,85.78000000000014,80.93000000000006,0.8299999999999983,-8.319999999999993,0.73552635968763,0.73552635968763,809.078995656393,947.7828750714249,0.673679582495899,1.1926914660831511,0.837449088173779,0.21009797086559276,0.837449088173779,2224.5998000000004,6.064001999999996,-1.1970100135158184,0.282961176741369,1.9746818542480469,-1.6266393661499041,0.5113390754250915,-1.410767162547394,501.25000000000006,215.55000000000007,0.17436924999461373,4.600000000000001,0.0,2501.6637942753728,711.0597611104189,545.0600000000001,-459.3097611104189,505605.983870406,0.7502348689902563,165.99976111041883,715.7043884297523,734.7868970339655,728.5575108411474,734.3900940847236,719.8086359757831,722.1309496354498,711.0597611104189,459.3097611104189,459.3097611104189
2025-08-08 12:10:00,2025-08-08 13:10:00,2025-08-08 13:10:00,203.45000000000002,65.23510753265865,2025,8,8,12,10,1.2246467991473532e-16,-1.0,-0.8660254037844384,-0.5000000000000004,1,1,735.15,325.49999999999994,420.59400000000005,145.34600000000003,589.7800000000001,69.74937059273736,10,10.0,29.48,25.8,29.7,84.43,1009.549568084489,1.498,4.0,264.1,0.0,745.5,9.806490898132324,2.9138073921203613,284.2824401855469,23.72718811035156,0,0,0,1,0,29.7,26.1,81.0,6.0,280.0,5.0,,,True,True,True,True,ok_all_sources,ok,ok,ok,ok,729.95,879.9,843.0,514.36,359.2,216.25,685.67,28.7,86.9,1010.3211713536044,7.7426981925964355,3.145571708679199,784.3333333333334,729.95,887.9,89.72904119254436,824.6333333333333,729.95,887.9,72.57105253933328,691.6666666666666,366.69,887.9,155.17552134125222,249.3211111111111,506.84188888888883,28.81666666666667,85.82555555555555,1.5535,0.0,5.146128556307624,2.807852254194372,5.199999999999932,-107.85000000000002,0.7800000000000011,-2.469999999999999,0.9381875336907193,0.9381875336907193,1032.0062870597912,998.8377564291652,0.712350311444767,0.9861167002012072,0.44276678228932864,0.5721199755152011,0.44276678228932864,2488.9964000000004,4.590035999999998,-1.490064820041527,-0.1539832201072957,2.0637927055358887,-0.2317643165588379,4.6603623418247,0.10595513792598954,521.21,157.94999999999993,-0.12793594306049824,3.8999999999999986,0.0,828.344275662661,662.7162435742771,735.15,-459.26624357427704,439192.81949720054,0.6634873775131217,-72.43375642572289,650.7452674418605,686.4433794978236,700.6647677468991,713.3142758044398,681.6905056605881,675.7050175943798,662.7162435742771,459.26624357427704,459.26624357427704
2025-10-12 13:10:00,2025-10-12 14:10:00,2025-10-12 14:10:00,143.1,55.64244483463525,2025,10,12,13,10,-0.2588190451025208,-0.9659258262890683,-0.8660254037844386,0.5000000000000001,1,1,953.5,367.19,619.76,191.36,762.2500000000001,70.45306587022517,10,10.0,29.99,26.1,30.3,79.33000000000001,1007.785,2.197,5.3,254.5,0.0,920.0,,,,,,0,0,0,0,30.2,26.2,79.0,5.0,280.0,5.0,,,True,True,False,True,warn_missing_source,ok,ok,,ok,919.7,794.6,974.6,901.5,943.0,500.48999999999995,480.33000000000004,29.45,83.02000000000001,1008.605,,,921.9666666666667,892.7,953.5,30.463311266724304,911.7049999999999,794.6,1023.7,76.27266712263314,886.123888888889,751.95,1023.7,72.56463059506808,451.3266666666666,449.5490555555555,29.57333333333333,80.90000000000002,2.581,0.0,,,33.799999999999955,-21.100000000000023,0.5399999999999991,-3.6899999999999977,0.9423677352695885,0.9423677352695885,1036.6045087965474,908.0849806433708,0.9198300720368001,1.0364130434782608,0.38509701101206084,0.6499842684845306,0.38509701101206084,2379.1067000000003,6.198932999999996,-2.1170961056993445,-0.5871227122439308,,,,,271.75,229.10000000000002,-0.02164990765442235,4.199999999999999,,,602.2661677883415,953.5,-459.16616778834145,362724.53686245467,0.6632266589869604,-351.2338322116585,606.8430991735536,622.4384236992739,630.9815220624976,640.5533068205496,616.6238449254195,618.9123106180256,602.2661677883415,459.16616778834145,459.16616778834145
2025-11-11 11:40:00,2025-11-11 12:40:00,2025-11-11 12:40:00,394.66999999999996,71.93790664258403,2025,11,11,11,40,0.258819045102521,-0.9659258262890682,-0.5000000000000004,0.8660254037844384,1,1,970.0,469.15,529.1099999999999,190.63,779.3299999999999,76.38243106746502,10,10.0,30.74,26.4,31.4,69.97,1008.91,2.33,6.5,283.3,0.0,684.0,2.0456998348236084,11.368579864501951,230.4458923339844,29.114999771118164,0,0,0,1,0,30.4,24.3,70.0,12.0,290.0,5.0,,,True,True,True,True,ok_all_sources,ok,ok,ok,ok,667.37,912.28,576.89,625.3500000000001,422.98,546.09,26.095400000000005,30.51,67.13,1009.67,2.1267008781433105,11.530960083007812,808.2366666666667,667.37,970.0,152.3933470770077,836.37,667.37,970.0,113.48453991623707,726.4433333333334,471.89,970.0,142.19576522196027,423.31444444444446,359.6158222222222,30.56944444444444,65.67944444444446,2.674388888888888,0.0,2.105068185750176,11.460868218365837,302.63,393.11,0.22999999999999687,2.8400000000000034,0.971888851914264,0.971888851914264,1069.0777371056904,1045.7931723632848,0.9073241040694354,1.4181286549707601,0.48365979381443297,0.5454742268041236,0.48365979381443297,2150.8777999999998,9.231222,-2.2675067735706156,0.5360158876482843,-0.08100104331970215,-0.16238021850586115,-0.05936835092656745,-0.09228835386388567,498.11,302.63,0.6814297353048242,5.0,0.0,2619.8425314453198,853.1159695658088,970.0,-458.4459695658088,727806.8575282099,0.8157597430454974,-116.88403043419123,854.0791603053435,888.327451914877,843.2420552824115,839.950750521279,848.1790124241102,848.6606077938775,853.1159695658088,458.4459695658088,458.4459695658088
2025-10-22 10:00:00,2025-10-22 11:00:00,2025-10-22 11:00:00,306.74999999999994,75.685118659879,2025,10,22,10,0,0.49999999999999994,-0.8660254037844387,-0.8660254037844386,0.5000000000000001,1,1,450.05,432.73,2.0686,72.104,377.95000000000005,61.742456174613906,10,10.0,28.27,23.7,28.4,76.14,1009.88,1.165,3.4,117.1,0.0,407.2,4.212148189544678,12.088637351989746,223.8689117431641,16.64727210998535,0,0,0,1,0,27.8,24.0,80.0,5.0,130.0,5.0,,,True,True,True,True,ok_all_sources,ok,ok,ok,ok,451.36,362.21999999999997,352.25,190.89,101.1,343.18,3.5907999999999993,26.79,82.93,1010.3,5.988842487335205,10.817248344421388,435.7366666666667,405.80000000000007,451.36,25.934186575509397,392.11000000000007,340.8,451.36,51.0866965070164,281.705,125.53000000000002,451.36,107.58902126638587,273.79499999999996,1.6275277777777777,25.96611111111111,86.82055555555557,1.5231111111111109,0.0,8.296728190253763,10.880090433008531,-1.3100000000000023,97.80000000000001,1.4800000000000004,-6.790000000000006,0.8808284111297178,0.8808284111297178,968.9112522426896,1065.8467006761987,0.4644904256796401,1.1052308447937131,0.9615153871792024,0.0045963781802021994,0.9615153871792024,2152.4778,6.745222,1.0370979173719626,-0.5307098169270454,-1.7766942977905273,1.2713890075683576,-4.084580000709085,1.2085469189812148,325.83,110.56,0.2776437189496097,4.699999999999999,0.0,2706.2700884477094,764.5305464013948,450.05,-457.7805464013948,584506.9563808152,0.7172987878241386,314.48054640139475,752.1957534246575,788.2576823249412,821.5300145199508,840.5298372261361,793.0302804606728,786.8628839723042,764.5305464013948,457.7805464013948,457.7805464013948
2025-07-10 11:10:00,2025-07-10 12:10:00,2025-07-10 12:10:00,190.48999999999998,63.77429492036023,2025,7,10,11,10,0.258819045102521,-0.9659258262890682,-0.4999999999999997,-0.8660254037844388,1,1,535.51,425.0,115.24090000000001,100.408,435.1,59.7921534822867,10,10.0,25.91,24.6,29.4,91.60000000000001,1009.4739929139292,0.794,6.8,239.9,0.0,291.3,22.00699806213379,5.347975254058838,270.2453308105469,31.791046142578125,0,0,0,0,1,26.6,24.7,89.0,2.0,270.0,5.0,,,True,True,True,True,ok_all_sources,ok,ok,ok,ok,288.4,153.58,328.48,640.8000000000001,332.19,318.3,9.143400000000002,28.11,83.78,1009.5467717978519,33.41008377075195,4.225492000579834,341.11999999999995,199.45,535.51,174.12245604746104,299.3916666666667,147.63,535.51,167.25513677213826,418.00833333333327,147.63,684.6499999999999,152.36829214111447,247.1933333333333,277.2906111111111,27.683333333333334,85.26944444444445,1.1810555555555555,0.0,23.090863199794995,4.5756055467269,247.11,207.02999999999997,-2.1999999999999993,7.820000000000007,0.8642059064905343,0.8642059064905343,950.6264971395877,986.766223254576,0.563323241684654,1.8383453484380363,0.793635973184441,0.21519840899329615,0.793635973184441,2373.356,2.1764399999999977,-0.6869302279323453,-0.39819952530460945,-11.403085708618164,1.122483253479004,-1.0838651376612063,0.7723697073319382,537.0199999999999,387.88,0.6302666829030685,4.799999999999997,0.0,1445.2653416997491,647.5992471320178,535.51,-457.1092471320178,419384.78488595627,0.656284367938832,112.08924713201782,650.7452674418605,667.7715030429503,671.5801503278707,679.5737847264883,659.5896987299443,661.1627088848657,647.5992471320178,457.1092471320178,457.1092471320178
2025-10-10 12:30:00,2025-10-10 13:30:00,2025-10-10 13:30:00,927.6,65.73132112243724,2025,10,10,12,30,1.2246467991473532e-16,-1.0,-0.8660254037844386,0.5000000000000001,1,1,683.7300000000001,483.5299999999999,193.95,135.44,548.29,80.47062872021957,10,10.0,30.29,24.7,30.5,72.68,1009.615,2.594,4.9,221.6,0.0,415.6,9.700339317321776,10.577040672302246,234.8936309814453,46.76733016967773,0,0,0,1,0,30.5,25.6,75.0,7.0,210.0,6.0,,,True,True,True,True,ok_all_sources,ok,ok,ok,ok,673.25,722.23,471.12,825.8299999999999,406.75,456.66,7.0291,29.37,76.54,1010.78,4.6182050704956055,10.358512878417969,714.6033333333334,673.25,786.8299999999999,62.76922919180483,671.53,513.76,786.8299999999999,90.99271817019209,613.173888888889,415.26000000000005,942.47,149.2220474223836,488.7344444444444,112.91711666666666,29.641666666666666,75.38500000000002,2.010277777777778,0.0,5.440052004421458,8.465215402490953,10.480000000000132,212.61000000000013,0.9199999999999982,-3.8599999999999994,0.9862008643327383,0.9862008643327383,1084.8209507660122,1002.7909072846462,0.6302699072295808,1.6451636188642929,0.7071943603469203,0.28366460444912456,0.7071943603469203,2201.4772000000003,8.275227999999997,-1.7222245956199147,-1.9397882467531915,5.08213424682617,0.21852779388427734,4.260287312900317,2.111825269811293,527.21,273.06999999999994,0.45128629648497226,5.800000000000001,0.0,2484.479488555502,470.5434574954429,683.7300000000001,457.0565425045571,221411.1453917657,0.46923386927149036,-213.18654250455722,484.0293167420815,480.0898370323464,465.0174742998075,463.17547990126235,467.78046589762516,474.5233955209445,470.5434574954429,-457.0565425045571,-457.0565425045571
2025-10-12 13:40:00,2025-10-12 14:40:00,2025-10-12 14:40:00,121.5,48.20825042358558,2025,10,12,13,40,-0.2588190451025208,-0.9659258262890683,-0.8660254037844386,0.5000000000000001,1,1,759.3199999999999,523.0500000000001,255.618,155.60999999999996,603.7699999999999,63.06325000943515,10,10.0,30.03,26.1,30.5,78.2,1007.52,2.779,5.3,255.8,0.0,815.0,,,,,,0,0,0,0,30.2,26.2,79.0,5.0,280.0,5.0,,,True,True,False,True,warn_missing_source,ok,ok,,ok,960.6,953.5,794.6,956.7,823.43,397.0,403.85,29.63,81.31,1008.275,,,879.04,759.3199999999999,960.6,105.92709190759471,900.5033333333334,759.3199999999999,960.6,73.5678901876809,891.8638888888892,751.95,1023.7,78.81943475914831,455.79722222222216,450.61005555555556,29.64611111111111,80.96222222222224,2.630944444444445,0.0,,,-201.2800000000001,-35.280000000000086,0.40000000000000213,-3.1099999999999994,0.8915071507864998,0.8915071507864998,980.6578658651498,820.1291677341004,0.774296547685484,0.9316809815950919,0.6888400147500396,0.33664067850181745,0.6888400147500396,2348.346,6.5465399999999985,-2.6940886273585907,-0.6817092253571919,,,,,271.75,201.2800000000001,-0.044399697961238466,4.399999999999999,,,577.7448414363324,759.3199999999999,-456.2448414363324,333789.1018062929,0.7044559127589118,-181.57515856366751,575.0529509981851,597.9170973472649,577.7448414363324,577.7448414363324,577.7448414363324,576.3988962172588,577.7448414363324,456.2448414363324,456.2448414363324
2025-10-18 13:20:00,2025-10-18 14:20:00,2025-10-18 14:20:00,691.85,52.67027020767905,2025,10,18,13,20,-0.2588190451025208,-0.9659258262890683,-0.8660254037844386,0.5000000000000001,1,1,848.1700000000001,438.33000000000004,440.7900000000001,167.35,680.74,67.29341516350117,10,10.0,30.18,26.2,30.3,79.09,1005.425,2.934,5.0,256.4,0.0,853.0,13.702837944030762,7.799662590026855,255.1470184326172,45.5443115234375,0,0,0,0,1,30.2,26.1,79.0,6.0,260.0,6.0,,,True,True,True,True,ok_all_sources,ok,ok,ok,ok,875.0899999999999,756.74,844.1,651.49,476.58000000000004,464.38,385.41999999999996,29.69,78.04,1006.485,7.172455310821533,6.90973711013794,808.2566666666667,701.51,875.0899999999999,93.42007136227916,792.3133333333334,701.51,875.0899999999999,64.4508503176387,694.6822222222222,517.3999999999999,875.0899999999999,122.2747864710299,472.65333333333336,228.8165555555555,29.714444444444446,79.28444444444445,2.548666666666667,0.0,6.951849937438965,7.626459730996026,-26.919999999999845,4.07000000000005,0.48999999999999844,1.0499999999999972,0.9224937323101184,0.9224937323101184,1014.7431055411303,874.6748305325889,0.8358470191799904,0.9943376318874562,0.5167949821380148,0.5196953440937548,0.5167949821380148,2386.9362,6.310637999999999,-2.8517335756974544,-0.6899069598430005,6.5303826332092285,0.8899254798889142,6.750988006591797,0.17320285903082855,357.69000000000005,173.57999999999993,0.004821703589622142,4.100000000000001,0.0,1990.0606546257766,235.6551248383597,848.1700000000001,456.1948751616403,55533.3378625829,0.2694202652371619,-612.5148751616404,233.7835,225.82783790353452,261.3901186853346,269.9684499676595,248.52262176184715,247.5868093426673,235.6551248383597,-456.1948751616403,-456.1948751616403
2025-02-28 11:20:00,2025-02-28 12:20:00,2025-02-28 12:20:00,1193.7,85.5530383155435,2025,2,28,11,20,0.258819045102521,-0.9659258262890682,0.8660254037844386,0.5000000000000001,1,1,701.04,632.05,60.009,138.04000000000002,563.02,74.61106838897219,10,10.0,29.63,24.4,30.0,78.92,1010.0954888818738,0.046,0.5,262.7,0.0,819.0,8.662881851196289,9.434151649475098,245.04425048828125,38.857948303222656,0,0,0,1,0,29.6,25.0,76.0,2.0,270.0,6.0,,,True,True,True,True,ok_all_sources,ok,ok,ok,ok,943.1,618.49,522.7,579.4,249.26999999999998,492.44000000000005,21.8505,29.63,72.34,1010.5622370514297,7.6140336990356445,8.787915229797363,794.79,701.04,943.1,129.9263487518987,697.695,539.63,943.1,138.72247528789273,565.4061111111112,376.98999999999995,943.1,132.8058436497293,480.7755555555555,87.3678888888889,29.137777777777778,74.61666666666669,0.0025555555555555557,0.0,6.517490386962891,8.993542390711168,-242.06000000000006,178.33999999999992,0.0,6.579999999999998,0.9641466863302722,0.9641466863302722,1060.5613549632994,1096.6884892081762,0.6610084336179299,0.855970695970696,0.901589067670889,0.08559996576514893,0.901589067670889,2338.3996,6.246003999999999,-0.04562714435914136,-0.005844971995662133,1.0488481521606445,0.6462364196777344,2.1453914642333984,0.44060925876392965,566.1100000000001,403.47,0.341189975129137,5.600000000000001,0.0,2311.7846199384076,737.8484711181547,701.04,455.8515288818453,544420.3663313985,0.6727967680693825,36.808471118154785,722.1531092436974,761.5756070417012,785.1961252852122,800.9786766742315,761.5222982016835,753.6746172644548,737.8484711181547,-455.8515288818453,-455.8515288818453
2025-09-06 12:10:00,2025-09-06 13:10:00,2025-09-06 13:10:00,341.97999999999996,70.60282374490376,2025,9,6,12,10,1.2246467991473532e-16,-1.0,-1.0,-1.8369701987210297e-16,1,1,477.71999999999997,476.43,1.6423999999999999,87.499,390.24,79.29689791460575,10,10.0,28.83,23.8,29.0,79.17,1011.35,1.246,3.5,226.5,5.2,513.2,4.385042190551758,8.779075622558594,248.6986389160156,38.59150314331055,0,0,0,1,0,28.4,25.3,83.0,3.0,260.0,5.0,,,True,True,True,True,ok_all_sources,ok,ok,ok,ok,581.4399999999999,503.78000000000003,602.4100000000001,306.59000000000003,261.81,537.31,53.39,28.18,81.95,1012.19,4.502782821655273,9.934053421020508,540.7866666666666,477.71999999999997,581.4399999999999,55.373529175349944,572.61,477.71999999999997,730.8399999999999,88.29697140899,469.4094444444444,230.6,730.8399999999999,145.3802396343595,441.83500000000004,22.57409444444444,27.53944444444444,86.27666666666669,0.5175555555555555,93.60000000000002,4.381359268637264,9.394294009489172,-103.71999999999997,-124.69000000000011,0.6499999999999986,-2.780000000000001,0.9826027428151166,0.9826027428151166,1080.8630170966283,1037.5629296050508,0.44198015145640995,0.9308651597817613,0.9972996734488823,0.003437997153144101,0.9972996734488823,2282.4710999999998,6.005288999999999,-0.9038164662813104,-0.8576898013144174,-0.11774063110351562,-1.154977798461914,0.0036829219144935976,-0.6152183869305787,500.2399999999999,253.11999999999995,-0.20698527580883466,5.199999999999999,0.0,2183.3441582710943,797.4499323570645,477.71999999999997,-455.4699323570646,635926.3946162869,0.7685798225854257,319.72993235706457,803.6298055555553,821.1770682806111,887.3738392435583,917.3484748723896,842.4118858003114,845.5018223995569,797.4499323570645,455.4699323570646,455.4699323570646
2025-11-22 12:00:00,2025-11-22 13:00:00,2025-11-22 13:00:00,1001.85,66.997118888424,2025,11,22,12,0,1.2246467991473532e-16,-1.0,-0.5000000000000004,0.8660254037844384,1,1,1229.1,637.3199999999999,597.84,239.14000000000001,989.9,73.77025564852715,10,10.0,29.7,26.583425612539262,29.945198263280062,80.0,1007.5265372653632,1.7465002708817696,3.9587605076291843,248.50225329139715,1.57073729465955,,8.05865478515625,6.535638809204102,264.2913818359375,46.48081588745117,0,0,0,1,0,29.7,25.8,80.0,7.0,270.0,6.0,,,True,True,True,True,ok_all_sources,ok,ok,ok,ok,1288.1,1169.3,978.03,841.0600000000001,668.48,348.91,670.2,28.6,81.0,1008.099134648905,4.206101417541504,8.395763397216797,1219.6,1141.6,1288.1,73.71058268661292,1138.8383333333334,928.43,1288.1,126.11065623755452,901.1022222222223,456.4,1288.1,238.29131024010857,390.65166666666664,565.1222222222223,31.80260009069563,56.527644425736106,1.9093191336172128,22.664680955963203,4.34599897440742,8.382044932421516,-59.0,251.06999999999994,1.0999999999999979,-1.0,0.9601487217136653,0.9601487217136653,1056.1635938850318,1012.5337248614957,1.16374016972014,,0.5185257505491823,0.4864046863558702,0.5185257505491823,2376.0,5.94,-1.6249997064797292,-0.6400305853089278,3.852553367614746,-1.8601245880126953,3.7126558107488297,-1.846406123217415,831.6999999999999,359.66999999999996,0.25670991687371547,3.3617726507408,0.0,1727.313012065133,547.4982657798839,1229.1,454.3517342201161,299754.3510319804,0.5407210173219427,-681.601734220116,567.0089999999999,567.6705216908164,621.4684555135232,646.1251854247362,584.4833606467035,594.2387277567616,547.4982657798839,-454.3517342201161,-454.3517342201161
2025-09-29 12:50:00,2025-09-29 13:50:00,2025-09-29 13:50:00,335.79999999999995,61.59552511182191,2025,9,29,12,50,1.2246467991473532e-16,-1.0,-1.0,-1.8369701987210297e-16,1,1,606.4300000000001,580.6899999999999,8.888300000000001,117.07000000000001,489.34,76.51502843841226,10,10.0,30.79,23.5,32.5,67.64,1008.435,2.165,5.2,244.8,0.0,573.1,3.980818033218384,9.338391304016112,245.1699981689453,37.42897415161133,0,0,0,1,0,32.0,23.7,62.0,3.0,220.0,8.0,,,True,True,True,True,ok_all_sources,ok,ok,ok,ok,640.13,808.0699999999999,715.84,684.0,492.68,640.86,37.180899999999994,32.2,55.22,1008.765,4.09119987487793,10.29526138305664,687.1333333333332,606.4300000000001,814.8399999999999,111.87344203756899,714.5933333333334,606.4300000000001,814.8399999999999,85.23513985831582,717.2599999999999,508.68999999999994,1089.1,172.8018684539507,583.5166666666665,80.62788888888889,30.939999999999998,61.288888888888906,2.010444444444444,0.0,4.892808569802178,9.53439818488227,-33.69999999999993,-109.40999999999997,-1.4100000000000037,12.420000000000002,0.9724311186704417,0.9724311186704417,1069.674230537486,967.5725655246569,0.5669296152860328,1.0581573896353167,0.957554870306548,0.01465676170374157,0.957554870306548,2082.6356,9.963643999999999,-1.9589505685889328,-0.9218121662383812,-0.1103818416595459,-0.9568700790405291,-0.9119905365837946,-0.19600688086615925,580.41,208.40999999999985,-0.1528414170764416,9.0,0.0,2289.493378906525,789.9032725551008,606.4300000000001,-454.10327255510083,623947.1799932579,0.8163762602413013,183.47327255510072,781.6293779069765,813.6304084786473,811.4199639412931,818.5921944033572,800.6616182481969,796.5246709241349,789.9032725551008,454.10327255510083,454.10327255510083
2025-03-02 13:50:00,2025-03-02 14:50:00,2025-03-02 14:50:00,54.572,52.26466146788764,2025,3,2,13,50,-0.2588190451025208,-0.9659258262890683,1.0,6.123233995736766e-17,1,1,623.78,377.03999999999996,226.53999999999996,127.21,496.56000000000006,67.07156516728898,10,10.0,30.84,25.1,32.5,76.5,1007.3201309060711,0.466,3.1,223.2,0.0,494.8,11.65272617340088,11.791728973388672,226.53955078125,43.399200439453125,0,0,0,0,1,32.0,26.7,74.0,6.0,260.0,8.0,,,True,True,True,True,ok_all_sources,ok,ok,ok,ok,465.25,924.1,1101.5,1014.0,458.68,225.88999999999996,779.75,31.63,73.34,1007.9563205640167,15.908055305480955,9.13620948791504,640.0866666666667,465.25,831.2299999999999,183.5341129962856,782.6883333333334,465.25,1079.6,217.54984710789083,939.8705555555557,465.25,1101.5,169.6817822545631,239.7022222222222,630.8411111111111,31.290000000000003,76.09944444444444,0.19166666666666665,0.0,9.461635311444601,7.96338603231642,158.52999999999997,-477.72,-0.7899999999999991,3.1599999999999966,0.9209921771324453,0.9209921771324453,1013.0913948456898,869.9308295460451,0.615719374553578,1.260670978172999,0.6044438744429126,0.36317291352720504,0.6044438744429126,2359.2599999999998,7.2474,-0.3189989513627688,-0.33969938037837794,-4.255329132080075,2.655519485473631,2.1910908619562797,3.8283429410722523,636.25,614.3499999999999,-0.4336995006808897,7.399999999999999,0.0,2671.29298456572,508.27846491602554,623.78,-453.70646491602554,258346.9978973914,0.5842745740845394,-115.50153508397443,513.1805485148511,528.450720826958,536.6284230134607,546.0784090459391,522.4534439647432,524.9044857641559,508.27846491602554,453.70646491602554,453.70646491602554
2025-07-24 11:40:00,2025-07-24 12:40:00,2025-07-24 12:40:00,346.85,65.16985448754285,2025,7,24,11,40,0.258819045102521,-0.9659258262890682,-0.4999999999999997,-0.8660254037844388,1,1,827.3700000000001,329.59000000000003,514.1800000000001,165.2,662.22,64.7627632355076,10,10.0,29.83,25.0,31.1,76.9,1009.6272943919938,1.444,3.0,253.5,0.0,648.7,3.429053783416748,2.815986633300781,284.7678527832031,10.29523754119873,0,0,0,1,0,30.4,26.2,78.0,3.0,270.0,5.0,,,True,True,True,True,ok_all_sources,ok,ok,ok,ok,640.08,839.0,656.9399999999998,629.58,205.26000000000005,259.58000000000004,443.58899999999994,29.87,75.5,1010.245484713819,2.941413640975952,2.510880470275879,773.2633333333333,640.08,852.3399999999999,116.01390189685601,769.42,640.08,852.3399999999999,99.38399207115802,620.8544444444445,263.06000000000006,852.3399999999999,192.2373203107592,257.15055555555557,427.1386944444444,29.521666666666665,75.41000000000003,0.781,0.0,4.639572606367223,2.949133830911973,187.29000000000008,170.4300000000003,-0.0400000000000027,1.4000000000000057,0.9045501456714947,0.9045501456714947,995.0051602386442,998.3123293325323,0.8315233257700512,1.2754277786341917,0.3983586545318298,0.6214631905918755,0.3983586545318298,2293.927,6.890729999999998,-1.3845356971496707,-0.4101181577524643,0.4876401424407959,0.3051061630249019,-1.2105188229504753,-0.13314719761119198,589.2799999999999,212.25999999999988,0.2594300849392644,6.100000000000001,0.0,801.9024670312646,799.7212787102324,827.3700000000001,-452.87127871023233,639554.1236219291,0.8010732264970852,-27.648721289767764,803.6298055555553,823.4484146337788,830.7953756918843,841.1534080191016,815.2583272010584,817.2125906237197,799.7212787102324,452.87127871023233,452.87127871023233
2025-10-22 10:10:00,2025-10-22 11:10:00,2025-10-22 11:10:00,323.03,77.79413433027527,2025,10,22,10,10,0.49999999999999994,-0.8660254037844387,-0.8660254037844386,0.5000000000000001,1,1,474.75,456.8999999999999,2.7574,76.056,398.69999999999993,64.13737829267097,10,10.0,28.61,23.7,28.8,76.5,1009.75,1.149,3.4,104.4,0.0,418.9,4.702644348144531,11.995074272155762,224.59852600097656,18.79933357238769,0,0,0,1,0,27.8,24.0,80.0,5.0,130.0,5.0,,,True,True,True,True,ok_all_sources,ok,ok,ok,ok,450.05,405.80000000000007,342.43,233.45,125.53000000000002,334.39,1.6985,27.03,82.03,1010.3,6.142148494720459,10.987446784973145,458.72,450.05,474.75,13.897830765986445,414.1633333333334,340.8,474.75,53.8375759731683,301.1061111111111,135.89,474.75,109.24399103888769,292.3644444444444,1.738983333333333,26.233888888888885,85.75944444444445,1.488833333333333,0.0,7.925498233121984,10.9525546466603,24.69999999999999,132.32,1.5799999999999983,-5.530000000000001,0.8998425457629798,0.8998425457629798,989.8268003392778,1075.1336802089038,0.47962936529630473,1.133325375984722,0.9624012638230646,0.00580810953133228,0.9624012638230646,2188.665,6.72335,1.1129020521367972,-0.28574468035241823,-1.4395041465759277,1.0076274871826172,-3.222853884977453,1.042519625495462,338.86,133.95,0.38641474169903334,5.100000000000001,0.0,2694.076000798421,775.7444231708924,474.75,-452.7144231708925,601779.4100807407,0.7215329939437498,300.99442317089245,779.9642771084335,799.471559094439,848.9061008478825,873.2933267402125,812.3252620093874,814.4351889781581,775.7444231708924,452.7144231708925,452.7144231708925
2025-07-31 11:30:00,2025-07-31 12:30:00,2025-07-31 12:30:00,287.05999999999995,67.26241383378425,2025,7,31,11,30,0.258819045102521,-0.9659258262890682,-0.4999999999999997,-0.8660254037844388,1,1,563.1499999999999,452.4700000000001,98.88320000000002,108.43000000000002,454.7099999999999,65.2916751296514,10,10.0,29.51,24.3,30.3,75.92,1009.5907723704224,0.419,1.9,233.7,0.0,414.4,7.923529148101807,5.828571796417236,268.7879943847656,15.214682579040527,0,0,0,1,0,29.4,25.1,78.0,3.0,240.0,5.0,,,True,True,True,True,ok_all_sources,ok,ok,ok,ok,376.42999999999995,510.3999999999999,480.43999999999994,405.64,104.35,406.51000000000005,71.1498,28.51,82.16000000000001,1010.1289332756677,2.543130397796631,9.374095916748049,449.7966666666666,376.42999999999995,563.1499999999999,99.57554786860737,560.445,376.42999999999995,771.73,163.0004851219775,423.4188888888889,143.2,771.73,157.13780867868772,336.1177777777778,90.12870555555554,28.297777777777778,81.14055555555555,0.3233333333333333,0.0,5.218096045886769,9.174122417674345,186.7199999999999,82.70999999999992,1.0,-6.240000000000009,0.9084474533567488,0.9084474533567488,999.2921986924237,1014.5132092702768,0.5635488806345962,1.3589527027027024,0.8034626653644681,0.17558945218858216,0.8034626653644681,2240.3992000000003,7.106007999999999,-0.33768395026212816,-0.24805352191687294,5.380398750305176,-3.5455241203308123,2.7054331022150375,-3.345550621257109,628.53,395.30000000000007,0.1721546915327615,6.0,0.0,1566.6501232865994,739.2470479079034,563.1499999999999,-452.18704790790343,546486.19784055,0.7286716832791482,176.09704790790352,722.1531092436974,762.9741838314499,795.2937499599542,813.9759839773045,767.2703989339288,758.7234296018257,739.2470479079034,452.18704790790343,452.18704790790343
2025-09-20 12:40:00,2025-09-20 13:40:00,2025-09-20 13:40:00,279.35,64.39452042041715,2025,9,20,12,40,1.2246467991473532e-16,-1.0,-1.0,-1.8369701987210297e-16,1,1,863.0,363.01,480.2119999999999,162.701,700.2900000000001,78.63452368463886,10,10.0,29.2,25.2,30.6,80.77000000000001,1008.455,2.933,4.5,267.5,0.2,377.2,5.5903801918029785,5.965400218963623,266.45294189453125,18.366798400878903,0,0,0,1,0,29.0,25.9,84.0,6.0,270.0,5.0,,,True,True,True,True,ok_all_sources,ok,ok,ok,ok,956.21,676.3799999999999,1099.6299999999999,968.6299999999999,222.76000000000005,402.25,671.6400000000001,28.79,84.53,1009.5,3.361588716506958,6.787224769592285,953.4533333333334,863.0,1041.15,89.10698644513427,812.34,408.09000000000003,1041.15,232.88658595977574,716.7466666666666,331.36,1099.6299999999999,223.26015526602987,445.1666666666667,246.37252777777772,29.087222222222223,82.7,2.0591666666666666,2.6,7.740097072389391,5.953837209277683,-93.21000000000004,-236.62999999999988,0.41000000000000014,-3.759999999999991,0.9803900954807566,0.9803900954807566,1078.4291050288323,991.9703189258316,0.8002380462245845,2.287910922587487,0.4206373117033604,0.5564449594438006,0.4206373117033604,2358.4840000000004,5.615159999999998,-2.9302084338995886,-0.12793566314253088,2.2287914752960205,-0.8218245506286621,-2.1497168805864124,0.011563009685939818,768.2699999999999,633.0600000000001,-0.21519056409883316,5.400000000000002,0.0,1589.4984379211382,730.7429726727898,863.0,-451.3929726727898,533985.2921106657,0.7366581022949201,-132.25702732721015,720.7239896373056,754.4701085963363,739.7654320334847,742.7729184870497,735.2542023531373,730.2447108353952,730.7429726727898,451.3929726727898,451.3929726727898
2025-05-06 11:10:00,2025-05-06 12:10:00,2025-05-06 12:10:00,370.09000000000003,69.73357746171837,2025,5,6,11,10,0.258819045102521,-0.9659258262890682,0.49999999999999994,-0.8660254037844387,1,1,621.7099999999999,292.68,342.2559,121.75800000000001,500.02,65.98934702459103,10,10.0,32.01,27.0,32.4,71.45,1008.0015992161341,0.947,3.6,207.6,0.0,718.6,1.5144444704055786,4.19017505645752,277.78668212890625,18.372499465942383,0,0,1,0,0,32.0,26.5,73.0,5.0,220.0,7.0,,,True,True,True,True,ok_all_sources,ok,ok,ok,ok,848.5,366.91,621.79,574.15,361.18,250.05,424.6094,31.19,73.11,1008.762554973521,1.678909182548523,1.8273271322250368,686.7766666666666,590.12,848.5,140.94434871016767,582.3016666666666,249.25,848.5,238.75774143819226,529.4522222222222,236.23999999999995,848.5,174.83953882330994,173.33494444444443,470.93308333333323,31.090555555555554,73.90166666666667,0.5848888888888888,0.0,1.561692244866315,2.986613498014562,-226.79000000000008,-0.08000000000004093,0.8199999999999967,-1.6599999999999966,0.9134698175134448,0.9134698175134448,1004.8167992647893,1031.9012998418048,0.6187297032204244,0.8651683829668799,0.47076611281787334,0.5505073104823793,0.47076611281787334,2287.1145,9.138855,-0.4387413452585087,-0.8392347895319604,-0.16446471214294434,2.362847924232484,-0.04724777446073647,1.2035615584429582,612.26,599.25,-0.00012866080187851355,5.399999999999999,0.0,1163.974826472637,821.3937229689025,621.7099999999999,-451.30372296890243,674687.6481327141,0.7960002793821714,199.68372296890254,823.8028634361236,856.6052053179707,860.3708682408924,873.3632499982223,840.8822956048974,842.086865838508,821.3937229689025,451.30372296890243,451.30372296890243
2025-10-03 09:20:00,2025-10-03 10:20:00,2025-10-03 10:20:00,415.87999999999994,66.26319996988936,2025,10,3,9,20,0.7071067811865476,-0.7071067811865475,-0.8660254037844386,0.5000000000000001,1,1,757.9200000000001,734.0861,7.618,150.24,607.6699999999998,51.2944076952932,10,10.0,29.79,24.5,30.1,65.24000000000001,1011.735,1.465,2.5,262.9,0.0,894.0,2.813928365707397,7.634830474853516,255.3966064453125,16.733488082885742,0,0,0,1,0,28.1,23.0,74.0,2.0,90.0,6.0,,,True,True,True,True,ok_all_sources,ok,ok,ok,ok,877.5,452.16999999999996,385.18999999999994,156.26999999999998,27.649,376.92999999999995,3.5281,27.26,74.62,1011.6,1.4803882837295532,8.481805801391602,767.6766666666666,667.6099999999999,877.5,105.28460207140141,570.6383333333333,317.99000000000007,877.5,230.1769763826666,302.9206111111111,45.154,877.5,243.096789621684,295.3684055555555,3.2065,26.447777777777773,79.29166666666669,0.5461666666666667,2.4,2.5834179906284107,8.429019142599667,-119.57999999999993,372.73000000000013,2.5299999999999976,-9.379999999999995,0.7803693773555624,0.7803693773555624,858.4063150911187,1006.944664871993,0.8829385183630061,0.8477852348993289,0.9685535412708464,0.010051192738019844,0.9685535412708464,1943.4996000000003,10.355003999999997,-1.453766289002241,-0.1810761634248225,1.3335400819778438,-0.8469753265380859,0.2305103750789863,-0.7941886677461518,832.346,559.51,0.9676523274228308,5.600000000000001,0.0,1949.9097940628417,867.003215589614,757.9200000000001,-451.12321558961406,751694.5758427307,0.8610236945838836,109.08321558961393,874.8643564356437,902.2146979386822,863.0492180609374,861.7312188847118,865.0262168252757,868.9567872482905,867.003215589614,451.12321558961406,451.12321558961406
2025-10-22 09:50:00,2025-10-22 10:50:00,2025-10-22 10:50:00,321.16999999999996,73.47294528274502,2025,10,22,9,50,0.7071067811865476,-0.7071067811865475,-0.8660254037844386,0.5000000000000001,1,1,451.36,438.05,1.072,72.037,379.30999999999995,59.33462442442747,10,10.0,28.14,23.7,28.4,78.09,1009.995,0.843,3.4,117.8,0.0,385.1,4.005455017089844,11.926215171813965,225.19842529296875,19.809999465942383,0,0,0,1,0,26.8,23.5,82.0,4.0,130.0,5.0,,,True,True,True,True,ok_all_sources,ok,ok,ok,ok,405.80000000000007,340.8,337.38,171.22000000000003,74.14399999999999,328.23,2.9352000000000005,26.45,84.94000000000001,1010.3,5.689917087554932,10.822388648986816,406.46000000000004,362.21999999999997,451.36,44.57366487063863,375.81,340.8,451.36,44.015653579152946,262.31888888888886,101.1,451.36,106.9070792180205,255.23055555555553,1.552522222222222,25.703888888888887,88.085,1.5214999999999996,75.4,8.635746086345,10.798785153557272,45.559999999999945,113.98000000000002,1.6900000000000013,-6.8500000000000085,0.8601606408698668,0.8601606408698668,946.1767049568534,1054.5540694357987,0.4770356294288417,1.1720592054011945,0.9705113434952145,0.0023750443105281815,0.9705113434952145,2197.4526,6.165474,0.7457017621063158,-0.3931639378065282,-1.684462070465088,1.1038265228271484,-4.630291069255156,1.1274300182566925,350.26,110.56,0.33783863892346916,4.699999999999999,0.0,2685.7648763976176,772.286371458928,451.36,-451.11637145892803,596426.2395411973,0.7323345420041971,320.926371458928,759.6671028037381,796.0135073824745,828.3335682668547,847.0159672028303,800.3099698628914,794.0003355352965,772.286371458928,451.11637145892803,451.11637145892803
2025-01-18 10:40:00,2025-01-18 11:40:00,2025-01-18 11:40:00,963.7,71.01409826182253,2025,1,18,10,40,0.49999999999999994,-0.8660254037844387,0.49999999999999994,0.8660254037844387,1,1,342.39,1.0130000000000001,333.28000000000003,61.698,280.7,61.22536918776656,10,10.0,29.18,24.7,29.3,76.07000000000001,1009.2951642188785,0.0,0.0,253.8,0.0,369.8,8.54099178314209,8.653619766235352,251.0279998779297,31.54702377319336,0,0,0,1,0,28.4,24.0,77.0,2.0,170.0,8.0,,,True,True,True,True,ok_all_sources,ok,ok,ok,ok,411.82,403.03000000000003,321.18,300.54999999999995,141.20999999999998,1.4491,318.9,28.59,78.30000000000001,1009.4398363988815,,,404.68,342.39,459.83000000000004,59.044670377604824,388.86000000000007,342.39,459.83000000000004,45.03902130375394,318.19055555555553,144.66,459.83000000000004,81.68816996014725,3.580783333333334,312.3533333333333,27.849444444444444,81.0361111111111,0.0,0.0,6.230768456178553,9.460138769710765,-69.43,21.20999999999998,0.5899999999999999,-2.230000000000004,0.876519903031722,0.876519903031722,964.1718933348942,1040.1585222918716,0.35511302742474227,0.9258788534342888,0.0029586144455153486,0.9733929145126903,0.0029586144455153486,2219.7226,6.982773999999998,-0.0,-0.0,,,2.310223326963537,-0.8065190034754135,315.1700000000001,117.44000000000005,0.06603773584905653,4.600000000000001,0.0,2172.3008616221778,512.9171625184719,342.39,450.7828374815282,263084.0156060005,0.4931144162413984,170.52716251847187,513.1805485148511,533.0894184294043,501.87716098248154,498.19716047048473,507.3971617504767,507.52885474866633,512.9171625184719,-450.7828374815282,-450.7828374815282
2025-05-02 14:30:00,2025-05-02 15:30:00,2025-05-02 15:30:00,685.0699999999999,35.36608152451717,2025,5,2,14,30,-0.4999999999999997,-0.8660254037844388,0.49999999999999994,-0.8660254037844387,1,1,736.67,178.57,657.05,155.50000000000003,581.16,48.955106695417896,10,10.0,30.53,25.0,30.8,78.31,1005.7621773268703,0.966,3.9,256.6,0.0,785.2,19.836620330810547,8.395702362060547,251.33865356445312,38.45341110229492,0,0,0,0,1,30.6,26.5,79.0,6.0,260.0,8.0,,,True,True,True,True,ok_all_sources,ok,ok,ok,ok,762.84,800.4300000000001,860.5,956.2,878.5400000000002,159.7,714.9000000000001,29.97,82.67,1006.7071061192053,7.632432460784912,6.066595077514648,760.6033333333334,736.67,782.3,22.897079144146982,789.39,736.67,838.6,36.76902718321493,886.2527777777779,736.67,1011.6600000000001,88.03006096218797,226.51666666666662,668.8916666666668,30.07,79.92833333333334,1.289388888888889,0.0,8.482907480663723,5.846325371000502,-26.170000000000073,-123.83000000000004,0.5600000000000023,-4.359999999999999,0.7541953027541853,0.7541953027541853,829.6148330296039,636.6783765283453,0.8879662834737584,0.9381940906775342,0.24240161809222582,0.8919190410903118,0.24240161809222582,2390.8043000000002,6.621957,-0.939701498350277,-0.22386847477535582,12.204187870025635,2.3291072845458984,11.353712850146824,2.5493769910600452,274.9900000000001,101.93000000000006,-0.14390470656595009,5.800000000000001,0.0,2110.1645274081966,234.51676813527232,736.67,450.55323186472765,54998.11453661307,0.36834416996229097,-502.1532318647277,231.70200000000003,224.68948120044712,234.51676813527232,234.51676813527232,234.51676813527232,233.10938406763617,234.51676813527232,-450.55323186472765,-450.55323186472765
2025-02-23 11:40:00,2025-02-23 12:40:00,2025-02-23 12:40:00,1104.5,82.00895942283579,2025,2,23,11,40,0.258819045102521,-0.9659258262890682,0.8660254037844386,0.5000000000000001,1,1,438.43,431.96999999999997,1.5245000000000002,86.58000000000001,351.82,78.26385509642765,10,10.0,29.18,24.4,29.5,75.99000000000001,1009.8825316439878,0.0,0.0,271.7,0.2,397.0,8.696084022521973,7.915250778198242,255.91075134277344,25.01930809020996,0,0,0,1,0,28.9,24.7,78.0,3.0,290.0,8.0,,,True,True,True,True,ok_all_sources,ok,ok,ok,ok,439.48,522.3399999999999,503.25,474.5799999999999,255.18999999999997,467.09000000000003,34.209,29.01,74.53,1010.6745055172411,4.7899169921875,9.65861988067627,449.7766666666667,438.43,471.4200000000001,18.751027527400588,491.8533333333333,438.43,551.76,48.614919383525304,469.405,294.21,551.76,73.35652890065708,429.6627777777778,41.07366666666667,28.685555555555556,77.2527777777778,0.0,3.600000000000001,5.039431796354406,9.862712411319508,-1.0500000000000114,-64.82,0.16999999999999815,1.460000000000008,0.9790946879067135,0.9790946879067135,1077.0041566973848,1089.318801264021,0.40708292282217207,1.1043576826196473,0.9852656068243505,0.003477179937504277,0.9852656068243505,2217.3882000000003,7.006117999999997,-0.0,0.0,3.9061670303344727,-1.7433691024780273,3.6566522261675667,-1.9474616331212662,257.55,113.32999999999998,-0.128802781917536,5.100000000000001,0.0,2025.5977737151843,654.5280028990068,438.43,449.97199710099324,428406.9065789622,0.6008599155173924,216.09800289900676,650.7452674418605,678.2551388225534,696.1719782141569,710.053303319207,675.3499905565818,673.4586228280086,654.5280028990068,-449.97199710099324,-449.97199710099324
2025-10-22 10:20:00,2025-10-22 11:20:00,2025-10-22 11:20:00,345.4799999999999,79.7357270428233,2025,10,22,10,20,0.49999999999999994,-0.8660254037844387,-0.8660254037844386,0.5000000000000001,1,1,500.16,482.10999999999996,7.754300000000001,82.43199999999999,417.71999999999997,66.51533919294873,10,10.0,28.62,23.7,28.8,75.31,1009.56,1.35,3.4,50.94,0.0,444.0,5.556528568267822,11.863290786743164,225.6291656494141,18.89016532897949,0,0,0,1,0,27.8,24.0,80.0,5.0,130.0,5.0,,,True,True,True,True,ok_all_sources,ok,ok,ok,ok,474.75,451.36,340.8,274.35,135.89,332.37,1.0885,27.34,81.06,1010.29,5.756941795349121,11.179149627685549,474.9866666666667,450.05,500.16,25.05583830833314,440.72333333333336,362.21999999999997,500.16,49.54405985248556,321.3433333333333,146.95,500.16,110.56978557613712,311.7727777777777,2.1138277777777774,26.48722222222222,84.71555555555557,1.4690555555555556,0.0,7.595843343173756,11.02193826787612,25.410000000000025,159.36,1.2800000000000011,-5.75,0.9171667943893878,0.9171667943893878,1008.8834738283265,1082.3959735382066,0.49575596486092127,1.1264864864864865,0.9639115483045424,0.015503638835572616,0.9639115483045424,2155.3722000000002,7.066278,1.048256792127556,0.8506807261002484,-0.20041322708129883,0.6841411590576154,-2.039314774905934,0.8413525188670441,353.21000000000004,137.94000000000005,0.46760563380281694,5.100000000000001,0.0,2676.7044020692415,795.1523606604318,500.16,-449.6723606604319,632267.2766638574,0.7346224303303586,294.99236066043176,787.1226262626265,818.8794965839784,863.5795396652962,886.3885993335844,829.365950162864,825.3510829639613,795.1523606604318,449.6723606604319,449.6723606604319
2025-10-12 13:00:00,2025-10-12 14:00:00,2025-10-12 14:00:00,162.93,58.11807504385264,2025,10,12,13,0,-0.2588190451025208,-0.9659258262890683,-0.8660254037844386,0.5000000000000001,1,1,919.7,360.23999999999995,583.37,183.99,735.5899999999999,72.90211855485526,10,10.0,29.75,26.1,30.2,79.63000000000001,1008.04,2.474,5.3,265.5,0.0,864.0,,,,,,0,0,0,0,30.2,26.2,79.0,5.0,280.0,5.0,,,True,True,False,True,warn_missing_source,ok,ok,,ok,892.7,886.03,904.5,773.31,883.1,473.55,437.65,29.73,82.46000000000001,1008.755,,,869.0,794.6,919.7,65.83137549831383,915.2216666666667,794.6,1023.7,79.02196667172156,885.5405555555558,751.95,1023.7,72.03139107134614,453.8088888888889,448.45127777777776,29.560555555555553,80.73277777777778,2.6012222222222223,0.0,,,27.0,15.200000000000045,0.019999999999999574,-2.8299999999999983,0.9558038865087373,0.9558038865087373,1051.384275159611,934.0521864397725,0.8747515268481452,1.0644675925925926,0.39169294335109267,0.6343046645645319,0.39169294335109267,2368.9925000000003,6.060074999999997,-2.466373483655759,-0.19410780283068776,,,,,271.75,229.10000000000002,0.016804864566058647,4.099999999999998,,,612.5219505521233,919.7,-449.59195055212325,375183.1399081777,0.6557684457512037,-307.1780494478768,617.1308193430656,632.6942064630557,670.7930618888998,690.2167656678255,641.6575062205116,643.9619406159827,612.5219505521233,449.59195055212325,449.59195055212325
2025-08-18 12:00:00,2025-08-18 13:00:00,2025-08-18 13:00:00,258.37,68.85048524392785,2025,8,18,12,0,1.2246467991473532e-16,-1.0,-0.8660254037844384,-0.5000000000000004,1,1,581.6999999999999,491.51000000000005,82.815,111.80999999999999,469.87,72.56937233869294,10,10.0,30.03,24.5,30.4,73.71000000000001,1010.5,2.43,3.9,271.7,0.2,606.7,7.302231311798096,12.384760856628418,220.4052124023437,25.955602645874023,0,0,0,1,0,30.2,25.4,75.0,7.0,280.0,6.0,,,True,True,True,True,ok_all_sources,ok,ok,ok,ok,667.9,717.96,700.97,711.2700000000001,399.85,452.78000000000003,247.85999999999999,29.28,78.34,1011.2,3.529406785964966,11.676177024841309,655.7933333333332,581.6999999999999,717.78,68.84308340954328,692.5516666666667,581.6999999999999,766.8000000000001,62.9339540841561,654.5,554.8199999999999,766.8000000000001,60.7364985723044,450.0277777777777,206.55616666666668,29.296111111111113,77.6688888888889,1.9152222222222224,2.1999999999999997,3.701228345141691,11.94102034849279,-86.20000000000005,-119.2700000000001,0.75,-4.6299999999999955,0.9540803388762984,0.9540803388762984,1049.4883727639283,1025.9062867395528,0.5542700758732917,0.958793472886105,0.8449544438714116,0.1423671995874162,0.8449544438714116,2213.5113,7.894886999999998,-2.428930460090103,0.07208897312681853,3.77282452583313,0.7085838317871094,3.6010029666564045,0.4437405081356278,211.98000000000013,185.10000000000014,-0.1701499350899469,5.899999999999999,0.0,2729.6658471574183,707.951113238901,581.6999999999999,-449.581113238901,501194.77873619925,0.6900738619010226,126.2511132389011,704.531570881226,731.6782491624476,716.6731100248634,719.5804422868508,712.3121116318822,710.6023404530447,707.951113238901,449.581113238901,449.581113238901
2025-03-10 13:40:00,2025-03-10 14:40:00,2025-03-10 14:40:00,161.06,54.39055303410815,2025,3,10,13,40,-0.2588190451025208,-0.9659258262890683,1.0,6.123233995736766e-17,1,1,1003.7,176.24000000000004,783.9300000000001,207.66,795.92,69.34934258698492,10,10.0,30.78,25.9,32.1,75.06,1007.5694107561303,0.096,2.4,246.5,0.0,964.0,3.991926670074463,8.586441040039062,250.12420654296875,59.81216049194336,0,0,0,1,0,30.6,25.4,74.0,7.0,270.0,7.0,,,True,True,True,True,ok_all_sources,ok,ok,ok,ok,942.9,984.8,1031.8,986.1,865.47,134.76999999999998,803.0899999999999,30.55,74.45,1008.8280549792082,3.919999599456787,6.368812561035156,958.2400000000001,928.1200000000001,1003.7,40.05709425307834,984.2033333333333,928.1200000000001,1026.5,40.609250998592216,969.1955555555555,873.2,1031.8,42.875706850249045,177.35944444444442,725.2466666666667,30.65888888888889,73.9311111111111,0.08972222222222222,0.0,3.1095303032133312,8.272572782304552,60.80000000000007,-28.09999999999991,0.23000000000000043,0.6099999999999994,0.9357480931209088,0.9357480931209088,1029.3229024329996,894.3052460937272,0.9751070316492182,1.041182572614108,0.17559031583142376,0.7810401514396732,0.17559031583142376,2310.3468000000003,7.676532,-0.08803776714097189,-0.038279910616823676,0.07192707061767578,2.2176284790039062,0.8823963668611317,0.31386825773451044,158.5999999999999,98.37999999999988,-0.027233960069780877,6.200000000000003,0.0,2147.676752167754,609.9339317477207,1003.7,-448.87393174772075,372019.4010972333,0.6820198521834422,-393.7660682522793,617.1308193430656,630.1061876586532,596.8488262983799,592.4871244819329,603.3913790230504,606.9898228207228,609.9339317477207,448.87393174772075,448.87393174772075
2025-10-11 13:10:00,2025-10-11 14:10:00,2025-10-11 14:10:00,151.66,55.7266656595972,2025,10,11,13,10,-0.2588190451025208,-0.9659258262890683,-0.8660254037844386,0.5000000000000001,1,1,968.9,164.9,849.3,188.55,780.26,70.56785997510806,10,10.0,30.53,25.3,30.9,77.89,1008.005,2.955,6.1,255.0,0.0,1001.0,8.001399993896484,3.995959997177124,278.3694152832031,23.039087295532227,0,0,0,1,0,30.6,26.2,78.0,7.0,250.0,7.0,,,True,True,True,True,ok_all_sources,ok,ok,ok,ok,998.1,953.8,1008.8,986.7,874.9,163.53000000000003,860.4,30.1,78.02000000000001,1008.94,5.451408386230469,4.434986114501953,987.1,968.9,998.1,15.875767697972947,985.3000000000001,953.8,1005.5,19.742846805868727,934.6677777777778,390.19,1043.2,168.93621704674626,194.95444444444445,767.1222888888888,29.985555555555557,78.90722222222225,2.543277777777778,0.0,4.715653207567003,3.9251992570029364,-29.200000000000045,-39.89999999999998,0.4299999999999997,-0.13000000000000966,0.9430361840184226,0.9430361840184226,1037.339802420265,908.9965192521411,0.9340237381612226,0.9679320679320679,0.170193002373826,0.8765610486118278,0.170193002373826,2377.9817000000003,6.750183,-2.854310816684197,-0.7648102782779485,2.5499916076660156,-0.4390261173248291,3.285746786329481,0.07076074017418765,653.01,51.700000000000045,-0.039551942902458344,5.599999999999998,0.0,1112.353047909266,600.3634646054863,968.9,-448.7034646054864,360436.28963310306,0.6604683867210224,-368.53653539451363,606.8430991735536,620.5357205164188,636.0729562879372,647.9761201820876,618.2182104467117,621.4580277307455,600.3634646054863,448.7034646054864,448.7034646054864
2025-09-13 12:50:00,2025-09-13 13:50:00,2025-09-13 13:50:00,157.0,61.954133236008644,2025,9,13,12,50,1.2246467991473532e-16,-1.0,-1.0,-1.8369701987210297e-16,1,1,934.3,105.27000000000001,858.6,183.55,750.8300000000002,75.6742075460871,10,10.0,30.61,25.1,31.2,70.18,1010.49,2.094,4.3,264.0,0.0,933.0,11.16670036315918,4.7506103515625,273.0077819824219,18.00185203552246,0,0,0,0,1,30.8,24.1,68.0,2.0,260.0,6.0,,,True,True,True,True,ok_all_sources,ok,ok,ok,ok,954.9,987.7,1081.8,773.3599999999999,668.46,227.93,828.99,30.76,67.41,1011.365,5.89589262008667,4.754589557647705,951.8666666666667,934.3,966.4,16.263558446211402,961.7133333333335,880.9799999999999,1046.0,54.98599336800849,975.2461111111111,773.3599999999999,1178.5,111.90879212365381,216.51444444444442,767.4527777777779,30.55277777777778,67.99222222222222,1.846611111111111,0.0,5.1463353633880615,4.937620997428894,-20.600000000000023,-147.5,-0.15000000000000213,2.7700000000000102,0.9689044433500151,0.9689044433500151,1065.7948876850166,970.8286343458245,0.8766227074229704,1.0013933547695606,0.11267258910414216,0.9189767740554426,0.11267258910414216,2148.2098,9.127901999999999,-2.0825288489011644,-0.21888260208246613,5.27080774307251,-0.003979206085205078,6.020364999771118,-0.18701064586639404,405.1400000000001,165.0200000000001,-0.1363468293584766,6.099999999999998,0.0,1296.9535951428115,605.5404646258733,934.3,-448.54046462587326,366679.2542993185,0.6237356864055682,-328.7595353741267,606.8430991735536,625.7127205368057,661.4328237708372,680.0636101524918,633.4866441983552,634.1379614721955,605.5404646258733,448.54046462587326,448.54046462587326
2025-07-25 12:40:00,2025-07-25 13:40:00,2025-07-25 13:40:00,302.27,58.06006526610556,2025,7,25,12,40,1.2246467991473532e-16,-1.0,-0.4999999999999997,-0.8660254037844388,1,1,590.9200000000001,504.41999999999996,71.18199999999999,118.65,472.27,65.37254447180162,10,10.0,30.33,26.0,30.7,79.49000000000001,1008.9799699952075,0.728,2.7,240.4,0.0,552.9,5.234020233154297,2.7737648487091064,285.2718811035156,12.928048133850098,0,0,0,1,0,30.2,27.0,83.0,4.0,270.0,6.0,,,True,True,True,True,ok_all_sources,ok,ok,ok,ok,586.0500000000001,766.5,407.74999999999994,555.28,266.21999999999997,390.84000000000003,4.0031,29.8,80.59,1009.8055419711334,4.591578483581543,3.326552629470825,572.89,541.7,590.9200000000001,27.120864661732366,669.3833333333333,541.7,846.89,118.79811188174101,543.295,187.11999999999998,846.89,172.93004795377269,438.2161111111111,97.60148333333335,29.534444444444446,81.92777777777778,0.9653333333333332,0.0,7.356798436906603,3.1944499015808105,4.8700000000000045,183.17000000000013,0.5299999999999976,-1.0999999999999943,0.909036527335716,0.909036527335716,999.9401800692876,933.4634802234364,0.5909553509081455,1.068764695243263,0.8536180870507004,0.12045962228389626,0.8536180870507004,2410.9317,6.220682999999997,-0.6329923086797994,-0.35958967887332016,0.6424417495727539,-0.5527877807617188,-2.122778203752306,-0.4206850528717041,659.77,305.18999999999994,0.4492213366033112,4.699999999999999,0.0,791.2771161300552,750.5533209172933,590.9200000000001,-448.2833209172933,563330.2875399775,0.8040521528894079,159.6333209172932,734.2438022922636,774.2804568408399,768.9043375233114,775.0213430586507,759.7288292203023,751.5740699077875,750.5533209172933,448.2833209172933,448.2833209172933
2025-04-07 10:50:00,2025-04-07 11:50:00,2025-04-07 11:50:00,1268.7,78.57766639323148,2025,4,7,10,50,0.49999999999999994,-0.8660254037844387,0.8660254037844387,-0.4999999999999998,1,1,530.9199999999998,505.2,24.0738,105.83,425.07,67.76235040530585,10,10.0,29.27,24.7,30.3,83.24000000000001,1010.9491830070397,0.275,2.4,236.0,0.0,495.3,7.200504302978516,6.809060573577881,262.3087463378906,14.67115306854248,0,0,0,1,0,29.1,25.2,80.0,2.0,220.0,6.0,,,True,True,True,True,ok_all_sources,ok,ok,ok,ok,523.26,383.92,479.82,551.95,133.35999999999999,382.55,107.34720000000002,30.06,74.7,1010.9705857381689,2.388510465621948,6.6006598472595215,544.8199999999999,523.26,580.2800000000001,30.94717434597225,449.2533333333334,271.38,580.2800000000001,115.85633839659643,471.79555555555555,156.15,764.4300000000001,185.8850031675885,256.1722222222222,271.5724333333333,28.082222222222224,85.67111111111109,0.315888888888889,0.0,2.846223582239712,8.233294094310088,7.6599999999998545,51.09999999999985,-0.7899999999999991,8.540000000000006,0.9256221022070297,0.9256221022070297,1018.1843124277326,1078.21345974646,0.5214380083445675,1.0719160104986873,0.9515557899495218,0.04534355458449485,0.9515557899495218,2436.4348000000005,4.905651999999997,-0.22798533245263652,-0.1537780484544553,4.811993837356567,0.20840072631835938,4.354280720738803,-1.4242335207322068,608.2800000000001,308.9000000000001,0.10649827018465227,5.600000000000001,0.0,1786.0761427939724,820.4267479169027,530.9199999999998,448.2732520830973,673100.048697505,0.7609131016689632,289.5067479169029,823.8028634361236,855.638230265971,908.0560089454648,937.2657626216521,864.2413784311838,865.9294361907941,820.4267479169027,-448.2732520830973,-448.2732520830973
2025-10-16 13:10:00,2025-10-16 14:10:00,2025-10-16 14:10:00,211.21999999999997,55.297621807189145,2025,10,16,13,10,-0.2588190451025208,-0.9659258262890683,-0.8660254037844386,0.5000000000000001,1,1,769.7700000000001,412.62,363.36,151.96999999999997,617.78,69.95844862635195,10,10.0,33.0,27.2,34.7,65.67,1004.2,3.559,6.5,177.9,0.0,775.2,3.209024667739868,10.004708290100098,241.3319549560547,32.11017608642578,0,0,0,1,0,33.6,25.9,64.0,9.0,200.0,8.0,,,True,True,True,True,ok_all_sources,ok,ok,ok,ok,784.11,915.2,906.6,857.1200000000001,882.6,440.66,467.23600000000005,33.58,59.589999999999996,1005.085,4.1563639640808105,10.1361722946167,775.4966666666668,769.7700000000001,784.11,7.593321627149261,782.815,637.76,915.2,89.48924287309622,854.1355555555558,637.76,1058.9,118.31479322862391,412.14444444444445,454.3418277777778,33.40833333333333,60.235,3.0738888888888884,0.0,3.6772578491104975,9.817641152275932,-14.339999999999918,-136.82999999999993,-0.5799999999999983,6.080000000000005,0.9394443378632926,0.9394443378632926,1033.388771649622,904.3324521764785,0.7448987458719905,0.9929953560371517,0.5360302427997973,0.4720371019915039,0.5360302427997973,2167.11,11.328899999999999,0.13041495928663402,-3.5566097534582375,-0.9473392963409424,-0.13146400451660156,-0.4682331813706293,0.18706713782416529,421.1400000000001,277.44000000000005,-0.15092653871608197,7.5000000000000036,0.0,2414.4558104149037,659.052351825018,769.7700000000001,-447.83235182501807,434350.00244608737,0.7287722012395563,-110.71764817498206,650.7452674418605,682.7794877485646,676.6712568267995,682.5442251607268,667.8618043259088,663.70826213433,659.052351825018,447.83235182501807,447.83235182501807
2025-12-06 12:40:00,2025-12-06 13:40:00,2025-12-06 13:40:00,966.7,59.014340567400026,2025,12,6,12,40,1.2246467991473532e-16,-1.0,-2.4492935982947064e-16,1.0,1,1,949.2,84.56,951.6,193.48999999999998,755.7299999999999,68.78073444626389,10,10.0,31.38,26.0,31.6,68.39,1008.57,2.691,5.0,221.1,0.0,574.3,7.092352390289307,5.740382671356201,267.5767822265625,46.33111190795898,0,0,0,1,0,30.9,25.3,72.0,7.0,250.0,7.0,,,True,True,True,True,ok_all_sources,ok,ok,ok,ok,958.5,942.8,965.1,907.5,764.08,82.38,953.2,30.53,69.42,1009.235,2.7488462924957275,4.472000598907471,956.5,949.2,961.8,6.53375848956781,944.8000000000001,904.6,961.8,20.815859338494754,917.2005555555554,795.81,967.3,51.6024920137211,82.28938888888888,935.3444444444444,30.553333333333335,69.26555555555557,2.492666666666667,0.0,2.7034797221422195,5.440890073776245,-9.299999999999955,-15.899999999999977,0.8499999999999979,-1.0300000000000011,0.9322021532109319,0.9322021532109319,1025.422368532025,943.0258010717384,0.9256673436516276,1.6527947065993385,0.08908554572271386,1.002528445006321,0.08908554572271386,2146.0782,9.919217999999999,-1.7689967864319107,-2.027839088683708,4.343506097793579,1.2683820724487305,4.388872668147087,0.29949259757995605,171.49,57.19999999999993,-0.016474976686353723,5.600000000000001,0.0,1535.9931239506113,519.0722244374177,949.2,447.6277755625823,269435.97418240894,0.550432685773282,-430.1277755625823,518.3182050359712,539.2444803483502,555.8734685881736,568.1405499717589,537.4728465127957,537.0958368120724,519.0722244374177,-447.6277755625823,-447.6277755625823
2025-03-09 12:10:00,2025-03-09 13:10:00,2025-03-09 13:10:00,275.10999999999996,76.87074639671769,2025,3,9,12,10,1.2246467991473532e-16,-1.0,1.0,6.123233995736766e-17,1,1,810.67,568.51,182.69,166.35999999999999,644.2500000000001,87.89168747458335,10,10.0,26.84,25.2,28.7,82.18,1009.5887747418091,0.011,4.4,165.9,1.4,479.2,14.21033000946045,9.40185260772705,244.8752899169922,41.60850524902344,0,0,0,0,1,27.1,23.7,82.0,5.0,180.0,5.0,,,True,True,True,True,ok_all_sources,ok,ok,ok,ok,685.9,375.93,258.46,121.36999999999998,244.09,259.34000000000003,0.8459,25.48,90.9,1010.7388949391137,17.125165939331055,9.393900871276855,654.5966666666667,467.2200000000001,810.67,173.8516598521087,480.9016666666667,260.72,810.67,223.09051682370242,324.715,118.65,810.67,187.21928471086267,299.6144444444444,19.264722222222222,26.684444444444445,87.17333333333333,0.2642222222222222,25.199999999999992,17.63124370574951,9.573470340055579,124.76999999999998,552.21,1.3599999999999994,-8.719999999999999,0.9993230669578848,0.9993230669578848,1099.2553736536731,1071.2461304512885,0.7374719464008791,1.6917153589315526,0.7012841230093626,0.22535680363156402,0.7012841230093626,2205.7112,4.782887999999998,0.0026797651296462466,-0.010668592168132214,-2.9148359298706055,0.007951736450195312,-3.4209136962890625,-0.17161773232852795,692.02,549.9499999999999,2.136539503211329,3.5,0.0,2302.2813830739906,722.4769619513132,810.67,-447.3669619513133,521972.9605503993,0.6744266713448498,-88.19303804868673,720.7239896373056,746.2040978748598,762.40158329988,775.7097904160689,742.4392726255967,741.5627864685928,722.4769619513132,447.3669619513133,447.3669619513133
2025-10-10 11:40:00,2025-10-10 12:40:00,2025-10-10 12:40:00,363.64,78.0488625055619,2025,10,10,11,40,0.258819045102521,-0.9659258262890682,-0.8660254037844386,0.5000000000000001,1,1,513.76,475.12,31.0721,101.39000000000001,412.37,85.89603532355214,10,10.0,29.34,24.7,30.1,77.31,1010.565,2.223,3.6,239.3,0.0,434.0,5.352688312530518,10.533286094665527,235.1230926513672,35.90034484863281,0,0,0,1,0,30.1,25.6,77.0,8.0,250.0,6.0,,,True,True,True,True,ok_all_sources,ok,ok,ok,ok,471.12,439.43,690.08,415.26000000000005,472.2,583.9200000000001,105.125,29.84,73.27000000000001,1011.335,4.44572639465332,5.9252142906188965,470.9266666666667,427.9,513.76,42.930326499263124,500.43499999999995,427.9,612.69,69.29714532359904,555.0261111111112,397.96999999999997,942.47,147.8069335370773,470.565,67.3762611111111,29.491666666666667,75.27944444444444,1.5255555555555556,0.0,3.6002226857578052,7.8433637619018555,42.639999999999986,-176.32000000000005,-0.5,4.039999999999992,0.9974358331587977,0.9974358331587977,1097.1794164746775,1076.1570099690332,0.4682552299885015,1.183778801843318,0.9247897851136718,0.060479796013702895,0.9247897851136718,2268.2754,6.657245999999999,-1.91145159975985,-1.1349369065174988,0.9069619178771973,4.608071804046631,1.7524656267727123,2.689922332763672,544.5,184.79000000000008,-0.25550660792951546,5.400000000000002,0.0,2476.6188023594004,810.6075836915463,513.76,-446.96758369154634,657084.6547382473,0.753242859715119,296.84758369154633,806.5521454545454,845.8190660406145,915.6037790103995,950.6025107833506,863.1056813509729,861.0779622324725,810.6075836915463,446.96758369154634,446.96758369154634
2025-12-07 09:10:00,2025-12-07 10:10:00,2025-12-07 10:10:00,993.3,57.92098906134976,2025,12,7,9,10,0.7071067811865476,-0.7071067811865475,-2.4492935982947064e-16,1.0,1,1,534.7299999999999,367.14,240.39319999999998,109.36300000000001,425.37,45.3372704649786,10,10.0,28.26,25.8,28.9,81.64,1011.06,1.46,2.8,257.7,0.0,306.6,14.966439247131348,5.241593837738037,270.3961181640625,27.0943546295166,0,0,0,0,1,28.5,25.1,82.0,5.0,290.0,6.0,,,True,True,True,True,ok_all_sources,ok,ok,ok,ok,301.49,448.59,273.06000000000006,114.81000000000002,12.125,236.23000000000002,70.7445,28.37,75.68,1010.57,12.44499969482422,5.2917327880859375,387.95,301.49,534.7299999999999,127.78537161975929,367.2383333333333,235.72999999999996,534.7299999999999,107.70435244996675,227.99861111111107,19.522000000000002,534.7299999999999,150.88084127164677,184.78177777777776,78.92411111111112,26.93166666666667,84.04944444444445,1.1848333333333334,0.0,11.316717982292175,6.02775913476944,233.2399999999999,261.66999999999985,-0.10999999999999943,5.959999999999994,0.7112568763142604,0.7112568763142604,782.3825639456865,932.0481839208629,0.6834635952305312,1.7440639269406388,0.6865894937632077,0.4495599648420699,0.6865894937632077,2307.1464,5.188536,-1.4264865386754848,-0.311024363961466,2.521439552307127,-0.05013895034790039,3.6497212648391724,-0.7861652970314026,515.2079999999999,298.99999999999994,0.9582875558485306,3.099999999999998,0.0,1417.3066267170361,546.8728520912764,534.7299999999999,446.42714790872355,299069.9163544471,0.5867431121326122,12.142852091276495,565.1105173913046,567.0451080022088,586.5384599982339,599.760329300553,566.7056560447552,575.8244886947692,546.8728520912764,-446.42714790872355,-446.42714790872355
2025-07-25 12:20:00,2025-07-25 13:20:00,2025-07-25 13:20:00,339.03,61.12057566898358,2025,7,25,12,20,1.2246467991473532e-16,-1.0,-0.4999999999999997,-0.8660254037844388,1,1,541.7,503.27,22.537,107.07000000000001,434.63,66.22718464829299,10,10.0,30.58,26.0,30.7,77.25,1009.1631027013084,0.779,2.7,239.2,0.0,628.0,4.606666088104248,2.854685544967652,284.86236572265625,13.297499656677246,0,0,0,1,0,30.2,27.0,83.0,4.0,270.0,6.0,,,True,True,True,True,ok_all_sources,ok,ok,ok,ok,766.5,684.24,726.01,482.36,413.7,515.9100000000001,210.74900000000002,29.26,83.7,1010.0357921515111,6.444538593292236,3.3539586067199707,718.3633333333333,541.7,846.89,158.18687693147405,616.9549999999999,407.74999999999994,846.89,176.37122358820335,511.44444444444446,187.11999999999998,846.89,188.67527180542146,414.13666666666666,91.31004444444446,29.487777777777776,81.57333333333334,0.8724444444444442,0.0,7.748647072735955,3.24232273943284,-224.79999999999995,-184.30999999999995,1.3199999999999967,-6.450000000000003,0.9151510316121365,0.9151510316121365,1006.6661347733501,963.2018259751663,0.5381128671046069,0.862579617834395,0.9290566734354808,0.04160420897175558,0.9290566734354808,2362.305,6.956949999999999,-0.6691297597089875,-0.3988813917341755,-1.8378725051879883,-0.4992730617523189,-3.141980984631707,-0.3876371944651882,659.77,439.14000000000004,-0.25386702662497757,4.699999999999999,0.0,813.1924777337555,785.4426322650913,541.7,-446.41263226509136,616920.1285795155,0.8154496919375046,243.7426322650913,781.6293779069765,809.1697681886378,835.9804074984678,852.8263325762599,810.7115198817796,808.8048927027221,785.4426322650913,446.41263226509136,446.41263226509136
2025-10-06 09:40:00,2025-10-06 10:40:00,2025-10-06 10:40:00,318.27,71.47860916927692,2025,10,6,9,40,0.7071067811865476,-0.7071067811865475,-0.8660254037844386,0.5000000000000001,1,1,724.83,431.30999999999995,363.63800000000003,148.91000000000003,575.88,56.53089513061777,10,10.0,31.27,26.9,32.1,67.49000000000001,1012.025,2.724,5.2,141.5,0.0,464.6,,,,,,0,0,0,0,30.8,25.7,74.0,2.0,160.0,5.0,,,True,True,False,True,warn_missing_source,ok,ok,,ok,561.66,873.5,611.7499999999999,215.3,65.042,194.35999999999999,657.8599999999999,30.27,70.96000000000001,1011.995,4.226944446563721,2.932652950286865,699.2199999999999,561.66,811.17,126.71114434018817,717.8066666666667,561.66,873.5,111.77073886606757,436.32583333333326,88.295,873.5,264.84311277261526,237.5145555555555,304.37705555555556,29.348888888888887,74.22055555555556,1.5139999999999998,0.0,4.503424293854657,5.157278607873356,163.17000000000007,113.08000000000015,1.0,-3.469999999999999,0.8341833172506633,0.8341833172506633,917.6016489757296,1043.0256391095984,0.7899179353144031,1.5601162290142059,0.595049873763503,0.5016872921926521,0.595049873763503,2110.4123000000004,10.165876999999996,1.695729870200876,-2.1318246192659758,,,,,785.205,311.84000000000003,0.18484675112382537,5.200000000000003,,,764.0095938216899,724.83,-445.73959382168994,583710.6594515836,0.7324935890108161,39.17959382168988,752.1957534246575,787.7367297452365,756.82736604096,754.43329011405,760.418479931325,754.5115597328088,764.0095938216899,445.73959382168994,445.73959382168994
2025-07-31 11:40:00,2025-07-31 12:40:00,2025-07-31 12:40:00,268.91999999999996,66.67945628678244,2025,7,31,11,40,0.258819045102521,-0.9659258262890682,-0.4999999999999997,-0.8660254037844388,1,1,597.07,546.5600000000001,33.584199999999996,115.52000000000001,481.56000000000006,66.23857262822773,10,10.0,29.97,24.3,30.3,73.62,1009.4813750095708,0.875,2.5,203.6,0.0,522.4,8.92500114440918,5.83233118057251,268.824462890625,15.334124565124512,0,0,0,1,0,29.4,25.1,78.0,3.0,240.0,5.0,,,True,True,True,True,ok_all_sources,ok,ok,ok,ok,563.1499999999999,409.81000000000006,771.73,445.8300000000001,143.2,357.05,459.179,28.88,79.44000000000001,1009.999987465439,2.6621668338775635,8.57313346862793,512.2166666666666,376.42999999999995,597.07,118.8114293043112,531.3349999999999,376.42999999999995,731.1500000000001,129.97036396809855,448.6338888888888,208.74,771.73,145.51262250236692,358.7144444444445,91.9487888888889,28.533333333333335,80.09722222222223,0.3638333333333333,0.0,5.092537080540376,8.869816134957706,33.920000000000186,-174.65999999999997,1.0899999999999999,-5.820000000000007,0.9152311349959714,0.9152311349959714,1006.7542484955685,1010.1349470489788,0.5930642963684779,1.142936447166922,0.9154035540221415,0.056248346090073176,0.9154035540221415,2206.3914,7.906085999999998,-0.3503054034872831,-0.8018173883669597,6.262834310531616,-2.74080228805542,3.8324640638688034,-3.037484954385196,562.99,354.72000000000014,-0.22632267762041125,6.0,0.0,1567.8732970176497,714.3767845904204,597.07,-445.4567845904204,510334.19036174787,0.7072092562260219,117.3067845904203,715.7043884297523,738.1039205139668,771.860949104337,791.0223372756426,743.1188668473787,743.7826687670447,714.3767845904204,445.4567845904204,445.4567845904204
2025-07-02 09:40:00,2025-07-02 10:40:00,2025-07-02 10:40:00,132.8,54.52884872010687,2025,7,2,9,40,0.7071067811865476,-0.7071067811865475,-0.4999999999999997,-0.8660254037844388,1,1,667.7,112.6,748.3,128.0,,43.683466316728655,1,1.0,30.38,24.6,30.6,68.84,1009.7148212024765,0.727,2.2,119.0,0.0,687.9,,,,,,0,0,0,0,30.0,26.0,79.0,2.0,150.0,6.0,,,True,True,False,True,warn_missing_source,warn_partial_asrs_qc,ok,,ok,624.4,551.3,439.4777777777778,230.21999999999997,20.207,53.76888888888889,684.9777777777776,29.41,73.84,1010.0722283497226,0.3344827890396118,8.173999786376953,624.7333333333333,582.1,667.7,42.80097350917774,553.3166666666667,420.6,667.7,92.63427911236023,344.1259320987654,27.221000000000004,667.7,193.19215783503952,59.62071604938272,552.1712654320987,27.938888888888897,80.67,0.12483333333333335,0.4,0.891009799670428,6.523659884929657,43.30000000000007,228.22222222222223,0.9699999999999989,-5.0,0.6906737577018807,0.6906737577018807,759.7411334720688,895.8485822847466,0.8788519807379199,0.9706352667538888,0.16863861015426088,1.12071289501273,0.16863861015426088,2091.3592,9.466408,0.6358485270903408,-0.352456593919087,,,,,640.479,247.10000000000002,0.5193032134098551,6.0,,,577.5845194181239,667.7,-444.7845194181239,333603.8770714652,0.6447345353218832,-90.11548058187611,575.0529509981851,597.7567753290564,500.04367255618104,474.1967236022001,538.8140959871525,537.548311777183,577.5845194181239,444.7845194181239,444.7845194181239
2025-10-10 10:10:00,2025-10-10 11:10:00,2025-10-10 11:10:00,439.43,78.99796889744428,2025,10,10,10,10,0.49999999999999994,-0.8660254037844387,-0.8660254037844386,0.5000000000000001,1,1,641.77,494.18999999999994,109.44299999999998,126.7,515.08,64.21995908514884,10,10.0,29.62,24.7,29.9,74.88000000000001,1011.3,1.49,2.6,232.5,0.0,531.4,4.581949710845947,6.320940971374512,263.278564453125,15.570327758789062,0,0,0,1,0,29.4,25.4,79.0,5.0,250.0,6.0,,,True,True,True,True,ok_all_sources,ok,ok,ok,ok,533.2700000000001,415.26000000000005,397.96999999999997,541.9300000000001,166.39,365.96,21.794999999999998,29.58,74.86,1011.285,1.5778125524520874,8.787020683288574,548.4866666666667,470.4200000000001,641.77,86.6825578379718,494.75000000000006,406.75,641.77,86.93988520811376,429.55055555555555,149.76000000000002,641.77,140.1145441278092,365.87555555555554,33.54853888888889,28.33,77.8627777777778,1.1373333333333333,0.0,2.710158951142255,7.557912854587331,108.49999999999989,243.8,0.0400000000000027,0.020000000000010232,0.9004703302885503,0.9004703302885503,990.5173633174053,1079.7824606374497,0.6479139324227562,1.2076966503575461,0.770042226966047,0.1705330570141951,0.770042226966047,2217.9456000000005,7.440543999999997,-1.1820964770339402,-0.9070545292229941,3.00413715839386,-2.4660797119140625,1.8717907597036922,-1.236971883212819,492.01,235.01999999999998,0.6126089906274343,5.199999999999999,0.0,1664.168264936423,884.0604657905429,641.77,-444.6304657905429,781562.9071737918,0.818739420224179,242.29046579054295,889.7694039735098,919.2719481396111,942.6472385388015,962.1761627882211,913.3538521646722,916.2083212561556,884.0604657905429,444.6304657905429,444.6304657905429
2025-10-11 09:30:00,2025-10-11 10:30:00,2025-10-11 10:30:00,390.19,69.19503790966202,2025,10,11,9,30,0.7071067811865476,-0.7071067811865475,-0.8660254037844386,0.5000000000000001,1,1,767.64,214.20999999999998,700.09,150.01,617.71,54.343232042287426,10,10.0,30.18,25.3,30.5,78.95,1010.9,1.775,2.8,253.9,0.0,774.3,1.3616130352020264,2.772096633911133,284.0857849121094,13.5,0,0,1,0,0,29.8,25.0,75.0,2.0,170.0,7.0,,,True,True,True,True,ok_all_sources,ok,ok,ok,ok,734.15,619.89,545.76,346.28000000000003,79.41099999999999,118.63,700.31,29.09,78.14,1011.08,0.4235293865203857,7.978705883026123,731.9966666666666,694.2,767.64,36.76732290136628,666.6666666666666,571.2900000000001,767.64,77.0595231406649,442.8026111111111,89.832,767.64,207.58077574854872,129.03577777777778,550.2101555555555,27.99555555555556,83.17277777777778,0.6877222222222222,7.199999999999999,1.8051867948638067,7.234208477867974,33.49000000000001,221.88,1.0899999999999999,0.8100000000000023,0.8125236017265438,0.8125236017265438,893.7759618991981,1028.2744108095574,0.8588729533168805,0.9913986826811314,0.2790500755562503,0.9120030222500131,0.2790500755562503,2382.7110000000002,6.352889999999999,-1.7053829986297295,-0.4922335096117198,0.9380836486816406,-5.20660924911499,-0.44357375966178036,-4.4621118439568415,677.808,196.3499999999999,0.4065523306948109,5.199999999999999,0.0,787.5132480968605,834.8131744860914,767.64,-444.6231744860914,696913.0362955453,0.8118583577596232,67.1731744860914,833.5869139465873,870.0246568351596,872.653879424926,885.267447737871,853.7335269555088,853.1203966857566,834.8131744860914,444.6231744860914,444.6231744860914
2025-09-13 12:40:00,2025-09-13 13:40:00,2025-09-13 13:40:00,178.92000000000002,64.3396660088212,2025,9,13,12,40,1.2246467991473532e-16,-1.0,-1.0,-1.8369701987210297e-16,1,1,954.9,108.38,869.0,187.81,767.04,77.66806180985905,10,10.0,30.61,25.1,31.2,70.07000000000001,1010.655,2.451,4.3,257.0,0.0,132.4,10.71714210510254,4.178769111633301,276.269775390625,18.73017883300781,0,0,0,0,1,30.8,24.1,68.0,2.0,260.0,6.0,,,True,True,True,True,ok_all_sources,ok,ok,ok,ok,966.4,880.9799999999999,1093.4,778.75,457.12,201.51,868.3,30.63,67.88,1011.555,5.28336238861084,5.127965450286865,969.6666666666666,954.9,987.7,16.64221539739626,986.2966666666666,880.9799999999999,1081.8,70.93739822312827,960.4772222222223,668.46,1178.5,133.15532600978167,231.45944444444442,738.2249999999999,30.515,67.80388888888889,1.7748333333333333,0.0,4.6748149792353315,5.0800213946236505,-11.5,-138.5000000000001,-0.019999999999999574,2.190000000000012,0.976926673846863,0.976926673846863,1074.6193412315492,991.5147314728987,0.8885937218528498,7.212235649546828,0.11349879568541209,0.9100429364331344,0.11349879568541209,2144.8427,9.161572999999997,-2.3881810287886114,-0.5513550341968138,5.433779716491701,-0.9491963386535645,6.042327125867209,-0.9012522829903498,510.03999999999996,200.82000000000005,-0.12666910554234506,6.099999999999998,0.0,1154.4676038802136,622.9663786406862,954.9,-444.0463786406862,388087.10891669086,0.6282976529408367,-331.93362135931375,617.1308193430656,643.1386345516187,676.2833656219407,694.0556946156921,649.6248721313134,646.7070924825032,622.9663786406862,444.0463786406862,444.0463786406862
2025-11-04 13:40:00,2025-11-04 14:40:00,2025-11-04 14:40:00,744.8599999999999,46.664255426687944,2025,11,4,13,40,-0.2588190451025208,-0.9659258262890683,-0.5000000000000004,0.8660254037844384,1,1,887.8,169.62,807.6899999999999,174.89000000000001,712.86,60.64831450527731,10,10.0,30.53,26.3,31.3,76.82000000000001,1007.22,5.671,9.3,284.9,0.0,905.0,10.397199630737305,7.280240535736084,256.1376037597656,37.59459686279297,0,0,0,0,1,30.7,25.5,74.0,10.0,290.0,6.0,,,True,True,True,True,ok_all_sources,ok,ok,ok,ok,911.1,925.9,990.8,1012.2,955.1,173.43,847.2,30.69,77.15,1008.725,5.199508190155029,2.8174428939819336,908.0666666666666,887.8,925.3,18.933127933158207,927.6333333333333,887.8,970.2,28.2829748553201,944.3083333333333,611.51,1013.3,90.40201535038788,189.26277777777779,791.1307222222223,30.49388888888889,76.98055555555555,4.392833333333334,0.0,4.951537410418193,3.5739386214150324,-23.300000000000068,-103.0,-0.16000000000000014,-0.3299999999999983,0.8716274545385088,0.8716274545385088,958.7901999923596,800.0792371915536,0.9259585673769659,0.9809944751381215,0.19105654426672675,0.909765712998423,0.19105654426672675,2345.3146,7.076853999999998,-5.480318745831259,1.4582000699802802,5.197691440582275,4.46279764175415,5.445662220319112,3.7063019143210516,401.78999999999996,82.40000000000009,-0.10395639886960033,5.0,0.0,1864.743365618153,301.00781209825175,887.8,443.85218790174815,90605.70294417643,0.37622250160478166,-586.7921879017482,294.29408599999994,310.55419163515523,301.00781209825175,301.00781209825175,301.00781209825175,297.65094904912587,301.00781209825175,-443.85218790174815,-443.85218790174815
2025-11-26 10:40:00,2025-11-26 11:40:00,2025-11-26 11:40:00,1069.0,72.7151736815642,2025,11,26,10,40,0.49999999999999994,-0.8660254037844387,-0.5000000000000004,0.8660254037844384,1,1,1067.29,526.3399999999999,605.62,205.01999999999998,862.46,65.31673344111245,10,10.0,26.38,25.0,29.1,96.4,1008.95,0.764,4.7,299.5,0.4,769.9,11.55916690826416,6.970992088317871,261.54058837890625,51.35796356201172,0,0,0,0,1,28.3,24.4,79.0,9.0,300.0,6.0,,,True,True,True,True,ok_all_sources,ok,ok,ok,ok,607.6899999999999,333.88,358.99999999999994,264.62,422.23,351.82,7.337100000000001,28.63,78.17,1008.8,,,683.4499999999999,375.37000000000006,1067.29,352.1264045765384,489.8633333333333,243.28999999999996,1067.29,308.9657065544114,405.1138888888888,243.28999999999996,1067.29,197.49500512340254,306.18944444444446,167.4286722222222,28.131666666666668,80.15055555555556,1.7950555555555556,2.4,12.8946112464456,6.15404401105993,459.6,708.29,-2.25,18.230000000000004,0.9086301783802612,0.9086301783802612,999.4931962182873,1050.3234720193589,1.067831180880701,1.3862709442784777,0.4931555622183286,0.5674371539131821,0.4931555622183286,2543.032,0.9496799999999985,-0.6649517516980835,0.3762115999190487,,,-1.3354443381814392,0.8169480772579414,824.0,824.0,1.9729526462395546,4.100000000000001,0.0,1823.1973723633564,625.4503060679076,1067.29,443.5496939320924,391188.0853604393,0.5954835083951925,-441.83969393209236,617.1308193430656,645.62256197884,669.2456519384847,683.8441005620103,647.3479790031961,643.1882356407751,625.4503060679076,-443.5496939320924,-443.5496939320924
2025-09-05 12:50:00,2025-09-05 13:50:00,2025-09-05 13:50:00,958.2,61.65885142114088,2025,9,5,12,50,1.2246467991473532e-16,-1.0,-1.0,-1.8369701987210297e-16,1,1,972.2,66.64099999999999,887.1,182.53,789.7099999999999,74.34416450776042,10,10.0,29.54,25.1,29.8,78.62,1009.515,3.926,5.6,269.5,0.2,997.0,12.79054069519043,3.656932830810547,280.10260009765625,15.502768516540527,0,0,0,0,1,29.2,25.3,80.0,6.0,250.0,7.0,,,True,True,True,True,ok_all_sources,ok,ok,ok,ok,978.6,970.6,973.2,907.0,773.3100000000001,82.295,869.7,29.01,80.5,1010.375,7.202930927276611,5.152878761291504,973.6333333333333,970.1,978.6,4.427565169857273,974.4499999999999,970.1,983.3,5.307636008620023,927.5444444444444,801.3,983.3,56.22179002133084,65.16305555555556,875.34,28.991666666666667,79.8988888888889,2.6130000000000004,3.400000000000001,6.327130178610484,3.854099975691901,-6.399999999999977,-1.0,0.5299999999999976,-1.8799999999999955,0.9629000435837198,0.9629000435837198,1059.1900479420917,968.1503113296683,0.9178711619212196,0.9751253761283852,0.06854659535075086,0.9124665706644723,0.06854659535075086,2322.4348,6.315651999999999,-3.9258505099499366,-0.034260378366614656,5.587609767913818,-1.495945930480957,6.463410516579946,-0.19716714488135434,182.0,13.199999999999932,-0.0010275380189066995,4.699999999999999,0.0,1024.3163942925166,514.9099531972521,972.2,443.29004680274795,265132.25990159635,0.5318491841314074,-457.29004680274795,513.1805485148511,535.0822091081845,559.0773196347649,573.7997751139358,536.9936364160085,536.1289340748081,514.9099531972521,-443.29004680274795,-443.29004680274795
2025-11-23 11:10:00,2025-11-23 12:10:00,2025-11-23 12:10:00,264.27,73.13372862359536,2025,11,23,11,10,0.258819045102521,-0.9659258262890682,-0.5000000000000004,0.8660254037844384,1,1,1161.5,499.39,693.86,222.13000000000002,939.25,70.6012783074965,10,10.0,28.2,24.1,28.4,85.74000000000001,1009.465,2.977,5.6,285.1,0.0,989.0,5.401440620422363,7.234449863433838,260.67694091796875,43.46264266967773,0,0,0,1,0,27.9,25.2,85.0,7.0,290.0,5.0,,,True,True,True,True,ok_all_sources,ok,ok,ok,ok,1008.0,960.7700000000001,858.0600000000001,305.20000000000005,419.38,529.39,369.46000000000004,27.7,86.5,1010.045,5.445454120635986,7.560916900634766,1080.8999999999999,1008.0,1161.5,77.0391458935002,976.1016666666668,690.8500000000001,1161.5,159.13042919777052,673.8877777777778,283.0,1161.5,304.15148784689046,432.0761111111112,264.6019166666667,27.294999999999998,89.0688888888889,2.4555555555555553,0.0,9.56748373368207,7.137974178089815,153.5,303.43999999999994,0.5,-0.7599999999999909,0.9432300684517986,0.9432300684517986,1037.5530752969785,1052.683002283216,1.1194608041304723,1.1744186046511629,0.4299526474386569,0.5973826947912183,0.4299526474386569,2417.8680000000004,4.021319999999998,-2.8742120221274527,0.7755219222291649,-0.04401350021362305,-0.32646703720092773,-4.1660431132597076,0.09647568534402318,878.5,470.64999999999986,0.3536349439433139,4.299999999999997,0.0,1885.8542596243497,707.2560298304843,1161.5,-442.9860298304843,500211.09173157887,0.6718604065008003,-454.2439701695157,704.531570881226,730.9831657540308,758.5059666474002,775.5892789197055,732.8809982389423,731.5187687643131,707.2560298304843,442.9860298304843,442.9860298304843
2025-09-22 14:30:00,2025-09-22 15:30:00,2025-09-22 15:30:00,678.9399999999999,37.08078715506291,2025,9,22,14,30,-0.4999999999999997,-0.8660254037844388,-1.0,-1.8369701987210297e-16,1,1,784.02,156.97,658.9399999999999,155.32,628.62,51.997612388813266,10,10.0,32.29,25.1,33.2,70.26,1006.06,4.37,6.8,171.5,0.2,832.0,11.061829566955566,7.2003173828125,257.27850341796875,27.73370361328125,0,0,0,0,1,33.0,27.0,71.0,7.0,190.0,7.0,,,True,True,True,True,ok_all_sources,ok,ok,ok,ok,816.0,806.58,914.0,1023.9,1003.8,114.92,824.1,33.04,67.77,1007.155,5.253428936004639,4.228256702423096,803.2033333333333,784.02,816.0,16.91958135809904,831.8816666666665,784.02,895.5,44.73117678607017,885.4050000000001,689.6700000000001,1023.9,92.01746363982153,156.8888888888889,738.4107777777778,32.493333333333325,68.84055555555557,3.012388888888888,3.600000000000001,4.895830273628235,4.091047273741828,-31.980000000000018,-129.98000000000002,-0.75,2.490000000000009,0.7879850972767155,0.7879850972767155,866.783607004387,663.2345522981253,0.9045164140904569,0.9423317307692307,0.2002117292926201,0.8404632534884313,0.2002117292926201,2268.6954,9.603045999999999,0.6459271266363993,-4.3219993228915765,5.808400630950928,2.9720606803894043,6.1659992933273315,3.109270109070672,334.2299999999999,111.48000000000002,-0.14221006564551425,8.100000000000001,0.0,1852.4868803843856,236.06309343676958,784.02,442.87690656323036,55725.784082937,0.3559270134808337,-547.9569065632304,238.7035941558442,226.23580650194438,236.06309343676958,236.06309343676958,236.06309343676958,237.3833437963069,236.06309343676958,-442.87690656323036,-442.87690656323036
2025-09-06 12:20:00,2025-09-06 13:20:00,2025-09-06 13:20:00,339.2,68.47060182231552,2025,9,6,12,20,1.2246467991473532e-16,-1.0,-1.0,-1.8369701987210297e-16,1,1,443.4,442.0200000000001,1.131,80.11,363.28,78.72948528909959,10,10.0,29.0,23.8,29.2,79.43,1011.135,1.031,3.5,258.9,5.2,419.0,4.3685712814331055,8.501327514648438,250.2830810546875,36.87068939208984,0,0,0,1,0,28.4,25.3,83.0,3.0,260.0,5.0,,,True,True,True,True,ok_all_sources,ok,ok,ok,ok,477.71999999999997,563.2,578.68,462.87999999999994,312.28,560.5200000000001,10.7243,28.38,80.03,1012.065,4.731216907501221,9.833722114562988,500.8533333333333,443.4,581.4399999999999,71.86879526841484,550.0633333333333,443.4,730.8399999999999,102.55734194423458,476.69388888888886,230.6,730.8399999999999,140.237976695032,449.2727777777778,22.571372222222223,27.75611111111111,85.13388888888892,0.5748333333333334,93.60000000000002,4.361423492431641,9.379031966714297,-34.31999999999999,-135.27999999999997,0.620000000000001,-0.5999999999999943,0.9807153655932073,0.9807153655932073,1078.786902152528,1023.2523351285685,0.41101722602978763,1.0582338902147972,0.9968876860622465,0.0025507442489851153,0.9968876860622465,2303.4700000000003,5.965299999999997,-1.0117127365760046,-0.19849014748821114,-0.36264562606811523,-1.3323945999145508,0.007147789001464844,-0.8777044520658599,500.2399999999999,287.43999999999994,-0.23377341535909307,5.399999999999999,0.0,2127.7384434212,782.0224696790743,443.4,-442.82246967907435,611559.1430829588,0.7642518300051724,338.62246967907436,780.4632158590308,805.7496056026209,864.693706488007,892.2507854243179,823.3580880835407,822.5784611735189,782.0224696790743,442.82246967907435,442.82246967907435
2025-12-26 12:40:00,2025-12-26 13:40:00,2025-12-26 13:40:00,343.73,60.148785061579744,2025,12,26,12,40,1.2246467991473532e-16,-1.0,-2.4492935982947064e-16,1.0,1,1,652.89,610.9200000000001,36.644000000000005,131.42,521.46,68.8644006810526,10,10.0,29.31,24.9,30.0,79.89,1007.91,3.553,5.9,283.2,0.0,718.0,3.88574481010437,13.14799976348877,215.962646484375,22.0002384185791,0,0,0,1,0,29.4,23.9,73.0,5.0,280.0,6.0,,,True,True,True,True,ok_all_sources,ok,ok,ok,ok,799.26,672.28,401.07,438.78000000000003,506.05999999999995,396.0,1.4557,29.21,81.26,1008.695,6.438643932342529,10.900288581848145,720.62,652.89,799.26,73.79237968787834,669.6833333333333,487.68999999999994,799.26,102.47870952869513,540.5166666666667,371.75,799.26,121.13952602146784,498.58000000000004,36.56451111111111,28.936111111111106,82.67833333333334,2.2216666666666662,0.0,7.005296442243788,11.019508414798313,-146.37,251.82,0.09999999999999787,-1.3700000000000045,0.9327296796242269,0.9327296796242269,1026.0026475866496,954.0529646860549,0.6363433871595942,0.909317548746518,0.9357165831916557,0.05612584049380448,0.9357165831916557,2341.5759,5.894240999999999,-3.4591258419083384,0.8113306415031588,-2.552899122238159,2.247711181640625,-3.1195516321394177,2.1284913486904564,427.51,311.57000000000005,0.6278704465554641,5.100000000000001,0.0,2839.4768248989712,786.5133663377044,652.89,-442.78336633770436,618603.275427868,0.8243917218961928,133.6233663377044,781.6293779069765,810.2405022612509,810.8137116526935,818.91382675769,798.6635389951989,796.2215447798351,786.5133663377044,442.78336633770436,442.78336633770436
2025-07-10 09:40:00,2025-07-10 10:40:00,2025-07-10 10:40:00,153.58,55.56234612154236,2025,7,10,9,40,0.7071067811865476,-0.7071067811865475,-0.4999999999999997,-0.8660254037844388,1,1,684.6499999999999,190.76000000000002,666.73,128.644,556.0,44.675686375886094,10,10.0,28.53,24.6,29.4,82.52000000000001,1009.4398887993464,0.554,2.8,271.1,0.0,454.8,,,,,,0,0,0,0,28.8,25.7,84.0,3.0,40.0,5.0,,,True,True,False,True,warn_missing_source,ok,ok,,ok,387.88000000000005,640.8000000000001,500.37000000000006,85.31,27.129999999999995,130.32999999999998,678.48,27.77,85.9,1009.3233208211814,7.220234870910644,4.070482730865479,500.47666666666663,387.88000000000005,684.6499999999999,160.812072411661,532.8116666666666,387.88000000000005,684.6499999999999,115.90555731571574,316.31161111111106,44.133,684.6499999999999,213.7586301952684,140.18983333333333,321.48592222222226,26.659444444444446,91.55888888888889,0.5732777777777778,22.8,12.531699538230896,4.5902732610702515,296.7699999999998,184.2799999999998,0.7600000000000016,-3.3799999999999955,0.7030930097449273,0.7030930097449273,773.40231071942,907.2162360388548,0.8852443165874917,1.5053869832893576,0.2786241145110641,0.9738260425034692,0.2786241145110641,2354.2956000000004,4.987043999999997,-0.5538979045153909,0.010635383089428296,,,,,640.5169999999998,296.7699999999998,0.36828746727421663,4.799999999999997,,,595.9331349949716,684.6499999999999,-442.3531349949716,355136.3013849351,0.6568810293750613,-88.71686500502824,583.8789683377307,616.1053909059041,583.5014397580768,579.3575413457786,589.7172873765242,583.6902040479038,595.9331349949716,442.3531349949716,442.3531349949716
2025-08-23 10:30:00,2025-08-23 11:30:00,2025-08-23 11:30:00,398.84,71.59469256212506,2025,8,23,10,30,0.49999999999999994,-0.8660254037844387,-0.8660254037844384,-0.5000000000000004,1,1,617.08,385.82,248.10399999999998,118.49099999999999,498.6,60.79060591309523,10,10.0,29.9,25.6,30.1,71.78,1009.8770152003624,1.403,2.7,284.3,0.0,600.3,2.775848865509033,2.8236324787139893,283.4765930175781,12.817036628723145,0,0,0,1,0,29.7,25.6,78.0,3.0,260.0,7.0,,,True,True,True,True,ok_all_sources,ok,ok,ok,ok,660.66,442.57000000000005,458.7299999999999,489.75,138.6,421.95,36.0607,29.36,70.56,1010.0053204685059,4.437807083129883,3.499535322189331,622.3566666666666,589.3299999999999,660.66,35.956565927982275,585.1366666666667,442.57000000000005,660.66,77.9966921520821,461.1316666666666,144.88000000000002,660.66,140.33481687190314,339.8711111111111,146.46684444444446,29.243333333333332,72.54222222222221,0.9798888888888888,0.0,4.072895092122695,3.7002537531011246,-43.57999999999993,158.35000000000014,0.5399999999999991,1.2199999999999989,0.8728420771667386,0.8728420771667386,960.1262848834124,1043.7314451168359,0.6427071206314613,1.0279526903215062,0.6252349776366111,0.4020613210604783,0.6252349776366111,2146.2219999999998,8.437779999999998,-1.359529071163838,0.34653961485000867,-1.6619582176208496,-0.6759028434753418,-1.297046226613662,-0.8766212743871353,515.78,218.08999999999992,0.345192160966146,4.5,0.0,800.4337149996209,840.3378124760006,617.08,-441.49781247600066,706167.63907695,0.8051283847081303,223.2578124760006,843.1683458646615,875.5492948250688,881.2042056893828,894.8263367605102,860.7710090826918,862.1862757770222,840.3378124760006,441.49781247600066,441.49781247600066
2025-12-01 09:00:00,2025-12-01 10:00:00,2025-12-01 10:00:00,253.8,56.79770926291335,2025,12,1,9,0,0.7071067811865476,-0.7071067811865475,-2.4492935982947064e-16,1.0,1,1,693.99,175.51000000000002,789.7,141.79000000000002,552.2099999999999,43.8889548146384,10,10.0,30.32,26.8,31.0,74.62,1011.615,1.18,2.2,251.2,0.0,753.4,2.1548938751220703,5.273819446563721,270.057861328125,17.360553741455078,0,0,0,1,0,30.1,26.0,79.0,2.0,240.0,6.0,,,True,True,True,True,ok_all_sources,ok,ok,ok,ok,662.9799999999999,538.7,339.21,143.64000000000001,9.8506,92.39,524.45,29.46,77.14,1011.5,1.3416666984558103,6.633569717407227,641.33,567.02,693.99,66.19582388640535,532.81,332.78999999999996,693.99,142.4149450022714,309.05433333333326,21.988,693.99,215.89889514280136,114.27127777777781,397.3023444444445,28.006666666666664,85.18777777777781,0.5337777777777778,117.6,2.4639520049095154,6.655405640602112,31.010000000000105,354.78000000000003,0.8599999999999994,-2.519999999999996,0.6932629112592941,0.6932629112592941,762.5892023852235,920.4166627889981,0.9100443565544081,0.9211441465357049,0.2528998976930504,1.137912650038185,0.2528998976930504,2262.4784,7.695215999999999,-1.1170461269365215,-0.38027352037200324,0.81322717666626,-1.3597502708435059,-0.30905812978744507,-1.3815861940383911,672.002,361.20000000000005,1.0459007694348634,4.199999999999999,0.0,1424.2364007696742,694.6361400345228,693.99,-440.83614003452277,482519.3670420611,0.7546974844302285,0.646140034522773,686.5027906976743,718.3632759580694,627.542042813468,605.177343739783,661.0890914239953,657.0224167555712,694.6361400345228,440.83614003452277,440.83614003452277
2025-10-14 12:50:00,2025-10-14 13:50:00,2025-10-14 13:50:00,101.47999999999999,60.40379879587135,2025,10,14,12,50,1.2246467991473532e-16,-1.0,-0.8660254037844386,0.5000000000000001,1,1,887.99,392.75000000000006,506.86,170.799,717.12,75.04949990888828,10,10.0,32.27,27.1,32.9,68.89,1005.785,2.715,6.8,216.0,0.0,364.0,7.3484086990356445,6.381261825561523,262.6368408203125,35.057498931884766,0,0,0,1,0,32.0,26.2,71.0,9.0,190.0,7.0,,,True,True,True,True,ok_all_sources,ok,ok,ok,ok,559.8700000000001,672.98,406.97999999999996,867.26,869.61,275.15,130.11990000000003,31.85,68.63,1006.595,6.963637351989746,3.8396108150482178,823.6866666666668,559.8700000000001,1023.2,238.26426763854732,759.2383333333332,497.7900000000001,1023.2,212.42586503687977,738.1700000000002,406.97999999999996,1023.2,176.14598634621896,265.3666666666666,496.8940499999999,31.696666666666665,71.41111111111111,2.486,0.0,4.919258442189959,3.5597972604963513,328.1199999999999,481.01000000000005,0.4200000000000017,0.2600000000000051,0.9661490689758464,0.9661490689758464,1062.763975873431,956.4804443464283,0.835547704061202,2.439532967032967,0.4422910167907297,0.5707947161567135,0.4422910167907297,2223.0803,10.039197,-1.5958369599740643,-2.1964811397279824,0.38477134704589844,2.5416510105133057,2.429150256845686,2.821464565065172,616.22,525.41,1.181900830507642,5.799999999999997,0.0,1675.9544463127386,542.1822366806091,887.99,-440.7022366806091,293961.577771988,0.5668513558069523,-345.8077633193909,565.1105173913046,562.3544925915415,597.1321785686865,615.4488258647123,569.6572076246478,581.1213479799956,542.1822366806091,440.7022366806091,440.7022366806091
2025-10-18 13:50:00,2025-10-18 14:50:00,2025-10-18 14:50:00,702.22,45.296471378440394,2025,10,18,13,50,-0.2588190451025208,-0.9659258262890683,-0.8660254037844386,0.5000000000000001,1,1,839.51,439.91999999999996,459.686,170.43,668.95,60.013541457951774,10,10.0,29.87,26.2,30.6,82.01,1004.83,2.987,5.2,262.2,0.0,692.6,16.755237579345703,8.303604125976562,250.91616821289065,35.22356414794922,0,0,0,0,1,30.2,26.1,79.0,6.0,260.0,6.0,,,True,True,True,True,ok_all_sources,ok,ok,ok,ok,619.02,848.1700000000001,756.74,616.5999999999999,844.9,475.64,287.89,29.98,79.09,1005.955,7.18743371963501,6.797371864318848,757.15,619.02,839.51,120.3606235444134,782.7033333333334,619.02,875.0899999999999,100.34522004892246,700.5244444444445,517.3999999999999,875.0899999999999,119.54639700931388,456.49888888888887,255.41027777777774,29.845555555555563,79.69055555555556,2.6423333333333328,0.0,8.83084119690789,7.617394844690959,220.49,82.76999999999998,-0.10999999999999943,2.9200000000000017,0.8661435511094931,0.8661435511094931,952.7579062204425,781.8317685350353,0.8811367447270073,1.2121137741842332,0.5240199640266345,0.5475646508082095,0.5240199640266345,2449.6387000000004,5.373612999999999,-2.9593637994882016,-0.405382414861269,9.567803859710693,1.5062322616577148,7.924396382437813,0.6862092812856035,357.69000000000005,256.06999999999994,0.10937706477786291,4.400000000000002,0.0,2083.5085296467882,261.83809256880994,839.51,440.3819074311901,68559.18672007268,0.3349033680985253,-577.67190743119,255.00189502074696,252.01080563398475,261.83809256880994,261.83809256880994,261.83809256880994,258.41999379477846,261.83809256880994,-440.3819074311901,-440.3819074311901
2025-10-23 12:30:00,2025-10-23 13:30:00,2025-10-23 13:30:00,372.7099999999999,64.2942549150288,2025,10,23,12,30,1.2246467991473532e-16,-1.0,-0.8660254037844386,0.5000000000000001,1,1,723.46,633.81,59.14459999999999,132.95999999999998,590.5799999999999,77.79552191187295,10,10.0,31.03,24.7,31.7,49.72,1008.965,2.033,3.6,283.6,0.2,602.1,6.373222827911377,9.775099754333496,242.74717712402344,21.789220809936523,0,0,0,1,0,30.8,22.5,61.0,8.0,280.0,6.0,,,True,True,True,True,ok_all_sources,ok,ok,ok,ok,782.3799999999999,903.53,951.75,457.41,400.91,585.3,362.95000000000005,30.94,48.78,1009.55,5.41099214553833,11.078083038330078,776.4233333333333,723.46,823.4300000000001,50.250488886510674,834.0566666666667,723.46,914.8,73.31519642384286,621.5211111111112,353.95,951.75,207.9353250946606,525.7922222222222,79.84740555555555,30.414444444444445,52.526111111111106,0.7949999999999998,1.2,5.864770160001867,10.30859588174259,-58.919999999999845,-228.28999999999996,0.08999999999999986,0.9399999999999977,0.9773993747079578,0.9773993747079578,1075.1393121787535,991.1368868661654,0.6728988437172103,1.2015612024580635,0.8760816078290437,0.08175241202001492,0.8760816078290437,1542.8116,15.601884,-1.9759967141761843,0.47804391593756573,0.9622306823730469,-1.302983283996582,0.50845266790951,-0.5334961274090944,597.8,191.33999999999992,-0.23986340950879953,7.0,0.0,2372.877871470191,812.5758811951955,723.46,-439.8658811951956,660279.5627001484,0.8198422356819405,89.11588119519547,806.5521454545454,847.7873635442637,817.8505370522597,819.6087556712811,815.2132091237277,812.2013412534026,812.5758811951955,439.8658811951956,439.8658811951956
2025-10-02 10:10:00,2025-10-02 11:10:00,2025-10-02 11:10:00,1028.21,78.63939586736,2025,10,2,10,10,0.49999999999999994,-0.8660254037844387,-0.8660254037844386,0.5000000000000001,1,1,377.10999999999996,373.15,1.1309,65.04400000000001,312.06000000000006,63.674902059598864,10,10.0,27.42,24.2,27.6,81.68,1011.3,0.534,3.3,269.2,0.6,305.2,11.1797513961792,7.273009300231934,258.8771667480469,20.642417907714844,0,0,0,0,1,26.4,23.6,85.0,2.0,60.0,6.0,,,True,True,True,True,ok_all_sources,ok,ok,ok,ok,329.89,313.56000000000006,160.93,151.58999999999997,35.811,159.95999999999998,0.39299999999999996,26.41,86.2,1011.4,19.478347778320312,7.082108020782471,342.99333333333334,321.98,377.10999999999996,29.80943195254366,298.79,191.82,377.10999999999996,64.70349356874017,214.08844444444446,48.028999999999996,377.10999999999996,89.5449061008742,212.90016666666668,0.6589277777777779,25.71666666666667,91.83388888888891,0.592888888888889,9.399999999999997,29.7691307628856,7.276811739977668,47.21999999999997,216.17999999999995,1.0100000000000016,-4.519999999999996,0.8962922607248622,0.8962922607248622,985.9214867973485,1078.447534584263,0.38249496034922414,1.235615989515072,0.9894990851475697,0.002998859749144812,0.9894990851475697,2239.6656000000003,5.023343999999998,-0.5339479478209684,-0.007455804301103684,-8.298596382141113,0.1909012794494629,-18.5893793667064,-0.003802439745734354,329.08099999999996,185.28999999999996,1.3433169701112282,3.400000000000002,0.0,1882.816041376238,588.5955398225711,377.10999999999996,439.6144601774289,346444.7094990239,0.5457804120712022,211.48553982257118,583.8789683377307,608.7677957335036,628.9669465103385,642.4240820729277,608.7812431664548,606.4229574240346,588.5955398225711,-439.6144601774289,-439.6144601774289
2025-08-01 13:10:00,2025-08-01 14:10:00,2025-08-01 14:10:00,789.24,53.64682498900887,2025,8,1,13,10,-0.2588190451025208,-0.9659258262890683,-0.8660254037844384,-0.5000000000000004,1,1,842.45,300.66,566.5799999999999,169.64000000000001,672.85,63.79555114838712,10,10.0,29.92,25.0,30.8,79.61,1008.1659491260183,3.029,5.6,260.1,0.0,698.6,13.146185874938965,4.780989646911621,274.43524169921875,26.384695053100582,0,0,0,0,1,30.2,26.1,79.0,8.0,270.0,5.0,,,True,True,True,True,ok_all_sources,ok,ok,ok,ok,803.4300000000001,823.6400000000001,595.81,800.36,317.74,315.91999999999996,278.59900000000005,30.32,78.68,1008.8324271158964,8.056544303894043,3.604400157928467,811.2966666666667,788.01,842.45,28.05961035604974,798.8100000000001,634.25,901.0800000000002,89.66393857064283,763.1894444444445,491.18999999999994,966.2,157.29534761723295,360.3722222222222,420.07411111111105,29.959999999999997,78.58166666666666,2.197166666666666,0.0,9.325507481892904,3.5625153250164456,39.01999999999998,246.6400000000001,-0.3999999999999986,0.9299999999999926,0.8972240853166552,0.8972240853166552,986.9464938483208,885.916350253329,0.8535923732958438,1.2059118236472945,0.35688764911864207,0.6725384295803905,0.35688764911864207,2381.9312,6.100688,-2.9838961489228097,-0.5207732447463318,5.089641571044922,1.1765894889831543,3.8206783930460606,1.2184743218951755,475.0100000000001,266.83000000000015,0.41395746966314784,5.800000000000001,0.0,1312.0720493116532,349.6772431064485,842.45,439.5627568935515,122274.17434652627,0.3947068399928027,-492.77275689355156,346.737516576087,359.223622643352,355.25916141264025,357.1198008480375,352.46820225954434,350.9983389943636,349.6772431064485,-439.5627568935515,-439.5627568935515
2025-08-29 10:00:00,2025-08-29 11:00:00,2025-08-29 11:00:00,268.7,68.40136487566659,2025,8,29,10,0,0.49999999999999994,-0.8660254037844387,-0.8660254037844384,-0.5000000000000004,1,1,407.67,312.78999999999996,100.8573,77.071,330.63,55.45227241011567,10,10.0,28.08,25.0,29.3,83.06,1013.1,2.427,3.4,263.9,0.0,287.5,8.439495086669922,2.499067544937134,285.43267822265625,16.47811508178711,0,0,0,1,0,28.4,25.2,83.0,4.0,270.0,5.0,,,True,True,True,True,ok_all_sources,ok,ok,ok,ok,460.5299999999999,408.12,539.01,386.25999999999993,112.87,285.68,376.1373,28.84,76.22,1013.1,13.695666313171388,3.123699903488159,571.1999999999999,407.67,845.4,238.9304813120335,435.96999999999997,225.99,845.4,220.03691099449657,388.71888888888884,158.16000000000003,845.4,164.4831722445612,228.98166666666668,278.7069166666667,27.52222222222222,84.25444444444446,1.202222222222222,0.0,10.495041847229004,3.825249756083769,-52.8599999999999,-131.33999999999997,-0.7600000000000016,6.840000000000003,0.8236540843207325,0.8236540843207325,906.0194927528057,1022.7637804238923,0.4499572065070645,1.4179826086956522,0.7672627370176858,0.24739936713518285,0.7672627370176858,2332.3248,4.756751999999999,-2.4132581904112875,-0.2579029011330396,-5.256171226501467,-0.6246323585510254,-2.055546760559082,-1.326182211146635,687.24,619.41,-0.24366894862804026,4.300000000000001,0.0,713.3155424107244,707.8648305696445,407.67,-439.1648305696445,501072.6183573915,0.6921097951633216,300.19483056964447,704.531570881226,731.591966493191,764.7588206049904,783.7234839501057,736.3118255873175,734.6451957431082,707.8648305696445,439.1648305696445,439.1648305696445
2025-10-11 13:50:00,2025-10-11 14:50:00,2025-10-11 14:50:00,733.2,45.80147095660173,2025,10,11,13,50,-0.2588190451025208,-0.9659258262890683,-0.8660254037844386,0.5000000000000001,1,1,127.8,124.02000000000001,0.18350000000000002,21.192999999999998,106.60999999999999,60.683542542172475,10,10.0,29.88,25.3,31.8,76.86,1007.555,2.187,6.1,221.4,0.0,131.2,10.274606704711914,6.980658054351807,258.3598937988281,28.693199157714844,0,0,0,0,1,30.6,26.2,78.0,7.0,250.0,7.0,,,True,True,True,True,ok_all_sources,ok,ok,ok,ok,133.62,955.1,994.3,1043.2,1024.8,173.64,847.5,30.05,78.06,1008.215,7.180169105529785,3.71898365020752,400.79,127.8,940.95,467.80133315329493,687.4116666666667,127.8,998.1,431.6369029828969,896.8427777777778,127.8,1043.2,279.98311314215226,176.39222222222222,746.0042444444442,30.275000000000002,77.45222222222223,2.5264444444444445,0.0,6.021475328339471,4.738250599967109,-5.820000000000007,-866.5,-0.1700000000000017,-1.2000000000000028,0.8719286677970749,0.8719286677970749,959.1215345767824,788.6213563347934,0.13324693002163948,0.9740853658536586,0.9704225352112678,0.0014358372456964009,0.9704225352112678,2296.5768,6.914231999999999,-1.4462890494628269,-1.6404929092818146,3.094437599182129,3.2616744041442867,4.253131376372443,2.242407454384698,915.4000000000001,870.3000000000001,-0.8714673639746556,6.5,0.0,1803.522073568267,294.31763413489176,127.8,438.8823658651083,86622.86976276,0.3732052546773094,166.51763413489175,294.29408599999994,284.4903472000666,294.31763413489176,294.31763413489176,294.31763413489176,294.30586006744585,294.31763413489176,-438.8823658651083,-438.8823658651083
2025-03-03 12:00:00,2025-03-03 13:00:00,2025-03-03 13:00:00,1268.5,79.24309179435072,2025,3,3,12,0,1.2246467991473532e-16,-1.0,1.0,6.123233995736766e-17,1,1,994.1,359.21,572.5600000000001,201.66000000000003,792.49,84.29117572389427,10,10.0,30.41,25.8,30.8,79.16000000000001,1007.6,0.269,1.5,267.6,0.0,369.3,4.013908863067627,8.894391059875488,248.47299194335932,25.205625534057617,0,0,0,1,0,30.5,25.8,76.0,7.0,290.0,6.0,,,True,True,True,True,ok_all_sources,ok,ok,ok,ok,1105.5,1088.0,738.8799999999999,421.83000000000004,281.49,449.77,273.14,30.51,69.81,1008.3000000000001,4.181517601013184,9.74696445465088,1078.0333333333333,994.1,1134.5,74.12053246795607,1049.3,931.1,1134.5,76.12928477268129,634.4677777777778,290.9,1134.5,320.3263090617506,380.8288888888889,232.83345555555556,29.912777777777777,76.02111111111111,0.059222222222222225,0.0,5.028292207156911,9.839731609120088,-111.39999999999998,255.22000000000014,-0.10000000000000142,9.350000000000009,0.9950402616599207,0.9950402616599207,1094.5442878259128,1080.6706913279413,0.908231865130442,2.6918494448957486,0.3613419173121416,0.5759581531033096,0.3613419173121416,2407.2556000000004,6.337443999999997,-0.2687640412965929,-0.011264550853154528,-0.16760873794555664,-0.8525733947753924,-1.0143833440892838,-0.9453405492445999,843.6,203.39999999999998,0.34541468168038136,5.0,0.0,2210.0159581615294,829.640438957484,994.1,438.859561042516,688303.2579535667,0.7677088363875324,-164.45956104251604,833.5869139465873,864.8519213065522,851.214203006078,858.4054576889428,840.427320981781,842.4005584763327,829.640438957484,-438.859561042516,-438.859561042516
2025-07-31 11:50:00,2025-07-31 12:50:00,2025-07-31 12:50:00,217.93,65.85824041896747,2025,7,31,11,50,0.258819045102521,-0.9659258262890682,-0.4999999999999997,-0.8660254037844388,1,1,907.4400000000002,550.36,351.182,179.59,727.87,66.96011974749013,10,10.0,30.28,24.3,30.7,70.01,1009.5497219443146,0.911,2.5,184.7,0.0,690.5,9.666471481323242,5.992076396942139,267.93280029296875,16.132875442504883,0,0,0,1,0,29.4,25.1,78.0,3.0,240.0,5.0,,,True,True,True,True,ok_all_sources,ok,ok,ok,ok,597.07,376.42999999999995,731.1500000000001,452.08000000000004,208.74,348.68,405.716,29.48,74.7,1009.9339625243639,3.7734999656677246,7.310166835784912,689.2199999999999,563.1499999999999,907.4400000000002,189.74355825692754,560.7166666666666,376.42999999999995,907.4400000000002,190.1634666981718,487.45055555555547,286.83000000000004,907.4400000000002,169.04393109736205,378.1416666666667,111.1789388888889,28.770555555555557,78.93666666666667,0.4131111111111111,0.0,5.140905085731955,8.592162356657141,310.3700000000001,176.29000000000008,0.8000000000000007,-4.689999999999998,0.9202326653301174,0.9202326653301174,1012.2559318631291,1003.7899589755583,0.896453131501825,1.3141781317885592,0.6064973992770871,0.3870029974433571,0.6064973992770871,2119.9028000000003,9.080972,-0.07464598136196697,-0.9079366593912314,5.892971515655518,-1.3180904388427734,4.525566395591287,-2.6000859597150026,620.6100000000001,531.0100000000002,0.24111331464131855,6.399999999999999,0.0,1605.4738086021098,656.7720572701475,907.4400000000002,-438.84205727014745,431349.5352108618,0.6542923162335991,-250.6679427298527,650.7452674418605,680.499193193694,729.357657330247,753.5528573502802,693.0648573001972,690.0514623860538,656.7720572701475,438.84205727014745,438.84205727014745
2025-04-07 09:10:00,2025-04-07 10:10:00,2025-04-07 10:10:00,271.38,58.58913687083087,2025,4,7,9,10,0.7071067811865476,-0.7071067811865475,0.8660254037844387,-0.4999999999999998,1,1,659.1400000000001,137.58,704.81,134.62,524.52,44.18753326215088,10,10.0,28.19,24.7,28.6,82.61,1011.3533835260383,0.552,1.7,104.9,0.0,635.3,1.090000033378601,8.223612785339355,251.6329803466797,14.833332061767578,0,0,1,0,0,27.9,24.5,82.0,6.0,110.0,6.0,,,True,True,True,True,ok_all_sources,ok,ok,ok,ok,598.51,431.93,183.2,60.14500000000002,0.8035,164.91,20.856,25.68,97.7,1011.0012550539161,1.855412840843201,10.168083190917969,603.2,551.95,659.1400000000001,53.74868463506808,466.77666666666664,232.45999999999998,659.1400000000001,165.74696880084014,207.9269666666667,6.0294,659.1400000000001,213.740533821451,100.5123611111111,140.40277777777777,25.625,96.20222222222223,0.2313333333333333,35.0,2.815423039595286,10.642510795593262,60.63000000000011,475.9400000000001,2.5100000000000016,-15.090000000000003,0.6970090969118696,0.6970090969118696,766.7100066030566,938.7971998658603,0.8596992269872017,1.0375255784668662,0.20872652243832873,1.069287253087356,0.20872652243832873,2328.7759,4.902241,0.5334395957853739,-0.1419373018213923,-0.7654128074645998,-1.9444704055786133,-1.725423006216685,-2.4188980102539066,653.1106000000001,426.6800000000001,2.5979257641921407,3.900000000000002,0.0,2069.332194392002,710.0811865916328,659.1400000000001,-438.7011865916328,504215.29155138123,0.7563733537904592,50.941186591632686,715.7043884297523,733.8083225151793,711.6163327465969,712.1280481315848,710.8487596691148,713.6603605881746,710.0811865916328,438.7011865916328,438.7011865916328
2025-10-07 09:00:00,2025-10-07 10:00:00,2025-10-07 10:00:00,74.16999999999999,61.581328692190894,2025,10,7,9,0,0.7071067811865476,-0.7071067811865475,-0.8660254037844386,0.5000000000000001,1,1,402.07000000000005,379.97999999999996,3.4759,78.311,323.78,46.64009940253696,10,10.0,27.13,24.9,27.4,86.2,1014.195,2.526,4.6,299.3,0.0,362.6,15.673883438110352,6.386033535003662,263.2152099609375,17.328136444091797,0,0,0,0,1,27.3,24.9,87.0,5.0,310.0,6.0,,,True,True,True,True,ok_all_sources,ok,ok,ok,ok,332.07000000000005,309.53000000000003,167.47999999999996,57.934000000000005,7.398999999999998,163.77000000000004,0.394,25.99,91.4,1013.52,13.515629768371582,6.816588878631592,315.8933333333334,213.54000000000002,402.07000000000005,95.30033385740752,297.18666666666667,195.45999999999998,402.07000000000005,78.51273442357405,151.3666111111111,10.530999999999999,402.07000000000005,126.34196069078877,146.73955555555557,0.8642333333333334,25.523333333333333,91.31666666666666,1.2723888888888886,18.0,22.928658040364585,6.768467203776042,70.0,234.5900000000001,1.1400000000000006,-5.200000000000003,0.7270553625904782,0.7270553625904782,799.760898849526,967.4428849184421,0.5027377564699484,1.1088527302813018,0.9450593180291987,0.008645012062576167,0.9450593180291987,2338.6059999999998,3.743939999999999,-2.2028469821635364,1.2361800731175854,2.1582536697387695,-0.4305553436279297,-7.254774602254233,-0.3824336687723795,391.53900000000004,206.61000000000007,1.400704561738716,2.5,0.0,1680.9011577335768,512.1874871710605,402.07000000000005,-438.01748717106057,262336.0220146053,0.5294240054432146,110.11748717106047,513.1805485148511,532.359743081993,567.6439203465368,586.1293980716956,539.9157037587986,540.412234430694,512.1874871710605,438.01748717106057,438.01748717106057
2025-01-19 13:00:00,2025-01-19 14:00:00,2025-01-19 14:00:00,992.2,59.77460900054764,2025,1,19,13,0,-0.2588190451025208,-0.9659258262890683,0.49999999999999994,0.8660254037844387,1,1,1058.0,593.4699999999999,384.63,201.06,857.14,70.24105652901635,10,10.0,30.27,24.6,31.3,76.10000000000001,1006.5,0.042,2.3,257.4,1.2,446.6,7.527933597564697,10.592992782592772,235.73272705078125,44.30588912963867,0,0,0,1,0,30.5,26.0,77.0,7.0,280.0,6.0,,,True,True,True,True,ok_all_sources,ok,ok,ok,ok,957.5,1009.5,860.28,626.94,777.37,229.11999999999998,583.5400000000001,29.68,78.84,1006.6,3.836470127105713,11.158638954162598,1008.9333333333334,957.5,1058.0,50.29178196617549,947.6666666666666,779.05,1058.0,104.40866662622727,831.7866666666665,593.34,1058.0,144.66715676703825,296.34547222222216,502.9261111111109,30.125555555555554,76.05833333333334,0.011166666666666665,21.599999999999994,3.604260709550646,11.132528516981337,100.5,197.72000000000003,0.5899999999999999,-2.739999999999995,0.9411232573512874,0.9411232573512874,1035.2355830864162,950.4569805665151,1.021989600517512,2.3690103000447826,0.5609357277882797,0.3635444234404537,0.5609357277882797,2303.547,7.234529999999998,-0.04098850400142739,-0.009162016138654817,3.6914634704589844,-0.565646171569826,3.9236728880140515,-0.539535734388565,464.65999999999997,278.95000000000005,0.22983214767285073,6.699999999999999,0.0,2497.1150762698376,554.3270860137638,1058.0,437.8729139862362,307278.51828851074,0.5832216474262307,-503.67291398623615,569.0053833333334,574.4993419246963,615.57416408617,635.989856776972,584.9506250499669,592.2897737097517,554.3270860137638,-437.8729139862362,-437.8729139862362
2025-01-11 11:50:00,2025-01-11 12:50:00,2025-01-11 12:50:00,329.89,69.8691186367922,2025,1,11,11,50,0.258819045102521,-0.9659258262890682,0.49999999999999994,0.8660254037844387,1,1,923.4200000000001,279.02799999999996,616.5199999999999,172.64999999999998,750.81,71.05528732479121,10,10.0,28.37,24.1,29.2,86.2,1009.0855298174596,0.0,0.7,235.5,11.4,542.8,4.5796427726745605,7.858151912689209,255.8549041748047,22.0363826751709,0,0,0,1,0,28.4,25.9,86.0,5.0,270.0,4.0,,,True,True,True,True,ok_all_sources,ok,ok,ok,ok,562.3100000000001,584.4100000000001,546.2,497.0799999999999,208.31,13.9963,522.02,28.91,84.71000000000001,1010.6544912844209,4.914454460144043,7.602445602416992,670.7233333333334,526.4399999999999,923.4200000000001,219.57542720744812,668.5566666666667,526.4399999999999,923.4200000000001,160.9789728712004,522.9694444444444,270.71,923.4200000000001,151.81353653789836,44.77882777777778,472.29944444444453,27.676111111111116,89.43055555555557,0.005611111111111111,205.20000000000007,6.0868140108445115,7.757828123429242,361.11,377.22,-0.5399999999999991,1.4899999999999949,0.9458322909949951,0.9458322909949951,1040.4155200944947,1032.799778443342,0.8875492360169054,1.7012159174649966,0.30216802754976063,0.6676485239652594,0.30216802754976063,2445.494,3.915059999999999,-0.0,-0.0,-0.3348116874694824,0.2557063102722168,-1.507171238169951,0.1003237892599671,652.71,396.98000000000013,0.6906261442694983,5.099999999999998,0.0,2010.5467046121557,767.4502735767956,923.4200000000001,-437.56027357679557,588979.9224130984,0.7430774963309086,-155.96972642320452,759.6671028037381,791.177409500342,836.2543869476789,859.18909140464,801.8523302622373,797.9607448757085,767.4502735767956,437.56027357679557,437.56027357679557
2025-09-20 07:50:00,2025-09-20 08:50:00,2025-09-20 08:50:00,713.36,42.28663207667141,2025,9,20,7,50,0.9659258262890683,-0.25881904510252063,-1.0,-1.8369701987210297e-16,1,1,114.41999999999999,114.28,0.39300000000000007,20.113,94.33,27.362613979076702,10,10.0,26.33,25.2,26.4,96.9,1010.655,0.016,1.0,118.5,0.0,101.2,16.8902587890625,7.549190044403076,255.9392242431641,16.400001525878906,0,0,0,0,1,25.0,24.5,97.0,2.0,210.0,4.0,51.5,997.0,True,True,True,True,ok_all_sources,ok,ok,ok,ok,107.05999999999999,110.8,55.221000000000004,0.0,0.0,54.318,3.0237,24.98,100.0,1009.6,4.034602642059326,11.05073070526123,107.61,101.35000000000001,114.41999999999999,6.552335461497667,100.95616666666668,76.667,114.41999999999999,13.681954983359157,43.81184444444444,0.0,114.41999999999999,45.5154324126408,43.244305555555556,0.8822777777777779,25.15,99.76666666666668,0.3032777777777778,663.0,10.53585809469223,9.466903388500214,7.359999999999999,59.198999999999984,1.3499999999999979,-3.0999999999999943,0.45962037918514936,0.45962037918514936,505.5824171036643,740.1239215698099,0.22631325008389164,1.1306324110671935,0.9987764376857194,0.0034347142108023085,0.9987764376857194,2551.377,0.8162299999999985,0.014061073802591447,-0.007634540164153735,12.855656147003174,-3.5015406608581543,6.35440069437027,-1.9177133440971375,114.41999999999999,37.752999999999986,1.0720378117020695,1.1999999999999993,0.0,1932.1338436287408,276.0546033827527,114.41999999999999,437.3053966172473,76206.1440488089,0.37298430078741174,161.63460338275272,273.24824864864866,266.2273164479275,276.0546033827527,276.0546033827527,276.0546033827527,274.6514260157007,276.0546033827527,-437.3053966172473,-437.3053966172473
2025-02-05 12:10:00,2025-02-05 13:10:00,2025-02-05 13:10:00,362.07,72.61456849975528,2025,2,5,12,10,1.2246467991473532e-16,-1.0,0.8660254037844386,0.5000000000000001,1,1,557.3100000000002,546.6,8.8193,105.60999999999999,451.71000000000004,77.43400045651381,10,10.0,29.67,23.4,30.1,71.02000000000001,1008.4022826336826,0.047,0.9,265.5,0.0,461.8,7.30842924118042,8.406472206115723,251.97869873046875,38.33879470825195,0,0,0,1,0,29.4,24.4,74.0,7.0,290.0,6.0,,,True,True,True,True,ok_all_sources,ok,ok,ok,ok,539.26,298.4800000000001,590.6800000000001,495.91999999999996,236.35,564.39,25.924300000000006,29.87,70.86,1008.6068493959486,6.68305778503418,9.096826553344728,533.63,504.32000000000005,557.3100000000002,26.93989049717919,490.83666666666676,298.4800000000001,559.63,98.69360033288211,476.5905555555556,265.78999999999996,690.33,114.91666717143713,456.60333333333347,14.790905555555554,28.954444444444448,73.99444444444445,0.0054444444444444445,0.0,7.266139535342946,9.093022290398093,18.050000000000182,-33.36999999999989,-0.1999999999999993,0.1600000000000108,0.9760460406413872,0.9760460406413872,1073.650644705526,1049.7479676846174,0.5190794629037414,1.2068211346903426,0.9807826882704417,0.015824765390895546,0.9807826882704417,2107.1634000000004,8.598365999999997,-0.046855114685457014,-0.0036875774992087,0.6253714561462402,-0.6903543472290057,0.042289705837474045,-0.68655008428237,424.5400000000001,261.1499999999999,-0.05649421006297807,6.700000000000003,0.0,2118.2519274108927,799.266074532243,557.3100000000002,-437.196074532243,638826.2578981811,0.7613885419517875,241.95607453224284,803.6298055555553,822.9932104557895,868.6183964108166,891.7358370370076,833.9422354715298,836.1241009831859,799.266074532243,437.196074532243,437.196074532243
2025-09-23 13:20:00,2025-09-23 14:20:00,2025-09-23 14:20:00,149.35000000000002,54.434988042984585,2025,9,23,13,20,-0.2588190451025208,-0.9659258262890683,-1.0,-1.8369701987210297e-16,1,1,935.8,227.67999999999998,719.54,174.13,761.7199999999999,69.25389774452081,10,10.0,31.5,25.0,32.5,77.74000000000001,1007.865,2.807,5.8,229.1,0.0,933.0,6.9355878829956055,3.844529151916504,279.3665771484375,27.999643325805664,0,0,0,1,0,31.8,27.2,77.0,6.0,240.0,5.0,,,True,True,True,True,ok_all_sources,ok,ok,ok,ok,923.2,881.96,990.0,385.66999999999996,858.9,226.32,743.75,31.8,75.03,1008.74,4.913151741027832,3.2738912105560303,940.9666666666666,923.2,963.9,20.836106482098103,939.4933333333333,881.96,968.6,33.49149543789683,794.7955555555557,310.16999999999996,1041.8,235.67505538776507,279.61888888888893,499.7731888888888,31.42666666666667,76.06944444444444,2.6091666666666664,0.0,4.0581150783432856,4.759828832414415,12.599999999999909,-54.200000000000045,-0.3000000000000007,2.710000000000008,0.9351593094012732,0.9351593094012732,1028.6752403414005,894.8016952882948,0.9097137398674272,1.0030010718113611,0.24329985039538363,0.7689036118828809,0.24329985039538363,2448.8100000000004,7.011899999999997,-2.121680687953564,-1.8378574641045728,2.0224361419677734,0.5706379413604736,2.87747280465232,-0.9152996804979114,731.63,86.63999999999999,-0.054747474747474795,7.5,0.0,1074.032949918299,586.4735086764143,935.8,-437.1235086764143,343951.1763792242,0.6554228850532735,-349.3264913235856,583.8789683377307,606.6457645873468,621.8398862203953,633.6286787350556,604.1566974484049,602.8594272790631,586.4735086764143,437.1235086764143,437.1235086764143
2025-03-31 12:20:00,2025-03-31 13:20:00,2025-03-31 13:20:00,359.95,71.08574135865939,2025,3,31,12,20,1.2246467991473532e-16,-1.0,1.0,6.123233995736766e-17,1,1,905.21,539.76,333.06,184.85000000000002,720.42,81.9194711124508,10,10.0,30.13,24.5,30.9,76.65,1009.1329351351538,0.739,3.2,251.1,0.4,455.4,5.425209999084473,13.58217716217041,213.367904663086,25.75371551513672,0,0,0,1,0,30.4,24.6,71.0,8.0,290.0,7.0,,,True,True,True,True,ok_all_sources,ok,ok,ok,ok,904.04,966.9399999999999,829.6599999999999,853.2700000000001,380.91,515.95,272.904,30.63,74.73,1009.8474356335199,5.418585300445557,12.37116241455078,904.7966666666666,904.04,905.21,0.6562265868839539,862.8966666666666,735.7900000000001,966.9399999999999,92.501996230712,742.9066666666666,431.91,966.9399999999999,150.40861849524126,520.9333333333333,202.46498333333335,29.386111111111113,79.24777777777778,0.7457222222222222,7.200000000000002,5.39825018714456,12.324651886435117,1.1700000000000728,75.55000000000018,-0.5,1.9200000000000017,0.9900714837209443,0.9900714837209443,1089.0786320930388,1040.6051913029364,0.8311704713738879,1.987725076855512,0.5962815258337844,0.3679367218656444,0.5962815258337844,2309.4645,7.035354999999998,-0.6991570801735559,-0.23937497204843247,0.006624698638916016,1.2110147476196307,0.02695981193991237,1.2575252757352935,535.03,231.14999999999986,0.0910613986452284,6.399999999999999,0.0,2898.00068185512,796.8730962392522,905.21,-436.9230962392522,635006.7315099324,0.7657785132144992,-108.33690376074787,803.6298055555553,820.6002321627986,808.9416635170944,812.9645192763751,802.9073798781733,806.2857345363249,796.8730962392522,436.9230962392522,436.9230962392522
2025-03-09 11:50:00,2025-03-09 12:50:00,2025-03-09 12:50:00,265.7900000000001,81.8370172279716,2025,3,9,11,50,0.258819045102521,-0.9659258262890682,1.0,6.123233995736766e-17,1,1,467.2200000000001,450.2,7.986999999999999,94.71000000000001,372.49,83.08780214503501,10,10.0,25.94,25.2,28.7,88.2,1009.7776767569669,0.01,4.4,162.3,1.4,376.3,13.325250625610352,8.938067436218262,248.25054931640625,43.93115234375,0,0,0,0,1,25.6,23.4,88.0,5.0,280.0,5.0,,,True,True,True,True,ok_all_sources,ok,ok,ok,ok,375.93,260.72,238.74,325.77000000000004,127.27000000000001,241.5,0.49799999999999994,26.0,92.30000000000001,1010.8199623216336,19.08198356628418,10.268595695495604,376.04,284.96999999999997,467.2200000000001,91.12504979422513,316.0066666666667,248.74,467.2200000000001,87.53581156684774,263.9638888888889,118.65,467.2200000000001,107.59502476683187,259.34777777777776,3.757905555555555,26.700555555555557,87.63000000000001,0.2636111111111111,25.199999999999992,17.447532766005573,9.351039381588206,91.29000000000008,228.48000000000008,-0.05999999999999872,-4.1000000000000085,0.9927317431724205,0.9927317431724205,1092.0049174896626,1088.8549902595362,0.42785521614138977,1.241615732128621,0.963571764907324,0.01709473053379564,0.963571764907324,2287.9080000000004,3.0609199999999994,0.0030403306092549025,-0.009526614812535862,-5.756732940673828,-1.330528259277342,-4.122282140395221,-0.41297194536994475,348.57000000000005,218.48000000000008,0.9570243779844185,3.5,0.0,2218.8801508682664,702.3897364906246,467.2200000000001,-436.59973649062454,493351.34192736907,0.645071880804996,235.16973649062453,704.531570881226,726.1168724141712,795.5942337741722,826.6623995353547,748.9919851323984,750.062902327699,702.3897364906246,436.59973649062454,436.59973649062454
2025-04-23 13:00:00,2025-04-23 14:00:00,2025-04-23 14:00:00,233.74,57.08511994212622,2025,4,23,13,0,-0.2588190451025208,-0.9659258262890683,0.8660254037844387,-0.4999999999999998,1,1,744.6600000000001,629.4100000000001,123.122,150.89000000000001,593.79,68.7785505347579,10,10.0,29.2,24.3,30.2,74.28,1010.9,1.105,3.8,231.0,0.0,654.1,9.09669303894043,6.13851261138916,266.425048828125,14.90062427520752,0,0,0,1,0,29.3,24.4,75.0,6.0,250.0,6.0,,,True,True,True,True,ok_all_sources,ok,ok,ok,ok,585.19,691.2899999999998,917.2900000000002,862.2700000000001,494.1,236.64000000000001,681.28,29.72,74.09,1011.6,4.737913131713867,6.134739398956299,628.0833333333334,554.4000000000001,744.6600000000001,102.1253907377266,701.185,554.4000000000001,859.8399999999999,115.87637287212608,680.6388888888888,430.07,976.8599999999999,170.10914029074843,436.8361111111111,247.5111388888889,29.105555555555554,75.11055555555555,0.7061111111111111,0.0,5.4289326667785645,6.052066935433282,159.47000000000003,-172.6300000000001,-0.5199999999999996,0.18999999999999773,0.9321883567418302,0.9321883567418302,1025.4071924160132,923.4266476113578,0.7262090665128547,1.1384497783213576,0.8452313807643757,0.1653398866596836,0.8452313807643757,2168.976,7.51024,-0.8587462874099525,-0.6953990321100708,4.3587799072265625,0.003773212432861328,3.6677603721618652,0.08644567595587827,546.79,305.4399999999998,-0.1881956633125839,5.899999999999999,0.0,1635.453522221418,670.1071792572695,744.6600000000001,-436.3671792572695,449043.63169213437,0.7256745091671832,-74.55282074273055,650.7452674418605,693.834315180816,729.3917733682389,749.153304738562,699.7494763127543,690.0685204050496,670.1071792572695,436.3671792572695,436.3671792572695
2025-03-28 13:30:00,2025-03-28 14:30:00,2025-03-28 14:30:00,324.31,54.86410209850889,2025,3,28,13,30,-0.2588190451025208,-0.9659258262890683,1.0,6.123233995736766e-17,1,1,725.3700000000001,555.63,152.626,150.64,574.61,69.40289803760048,10,10.0,28.82,24.7,28.9,75.28,1007.6362394673247,2.976,8.2,296.3,1.6,609.2,3.8847270011901855,10.37785530090332,237.895736694336,33.63025665283203,0,0,0,1,0,28.7,24.4,77.0,8.0,300.0,6.0,,,True,True,True,True,ok_all_sources,ok,ok,ok,ok,618.3900000000001,563.75,562.56,595.0200000000001,393.61,549.2900000000001,3.4885000000000006,28.67,74.0,1008.33829607482,3.9260504245758057,10.592488288879396,643.5633333333334,586.9300000000001,725.3700000000001,72.57190181697969,598.2833333333333,532.53,725.3700000000001,68.50443567147077,548.6005882352941,406.93,725.3700000000001,75.40681496643624,514.1717647058822,23.359823529411766,28.199949494949497,78.39924242424243,1.9358535353535353,27.85063981881641,4.7912510703591735,10.391653060913086,106.98000000000002,162.81000000000017,0.14999999999999858,1.2800000000000011,0.9360773307969903,0.9360773307969903,1029.6850638766894,899.5682245500437,0.704458115833044,1.190692711753119,0.7659952851648123,0.21041123840247045,0.7659952851648123,2169.5696000000003,7.1243039999999995,-2.6679436168211192,1.318579863892758,-0.04132342338562012,-0.214632987976076,-0.906524069168988,-0.013797760009765625,318.4400000000001,192.84000000000015,0.2894091296928331,4.199999999999999,0.0,2468.847532115615,760.0092308033268,725.3700000000001,-435.69923080332677,577614.0309062644,0.8448600229109658,34.639230803326654,752.1957534246575,783.7363667268733,785.8716185437023,794.4924144571609,772.9404246735146,769.0336859841799,760.0092308033268,435.69923080332677,435.69923080332677
2025-02-23 10:40:00,2025-02-23 11:40:00,2025-02-23 11:40:00,438.43,78.26385509642765,2025,2,23,10,40,0.49999999999999994,-0.8660254037844387,0.8660254037844386,0.5000000000000001,1,1,503.25,467.09000000000003,34.209,98.56000000000002,404.69,64.41791242038418,10,10.0,29.01,24.4,29.3,74.53,1010.6745055172411,0.0,0.0,262.4,0.2,488.7,4.7899169921875,9.65861988067627,242.769760131836,29.433218002319336,0,0,0,1,0,28.3,24.1,78.0,2.0,310.0,7.0,,,True,True,True,True,ok_all_sources,ok,ok,ok,ok,540.33,530.5699999999999,474.5799999999999,255.18999999999997,103.87000000000003,426.32,50.797000000000004,28.74,75.33000000000001,1010.7689524204686,,,521.3266666666667,503.25,540.33,18.557360624111787,523.6116666666666,503.25,540.33,12.550828525108074,364.6016666666667,124.9,540.33,153.7479666532211,333.90111111111105,32.220188888888885,27.52888888888889,83.47722222222222,0.0,3.600000000000001,4.753133325015797,10.874093111823587,-37.08000000000004,28.670000000000073,0.2700000000000031,-0.8000000000000114,0.9019675656068746,0.9019675656068746,992.1643221675621,1077.0041566973848,0.5072244473582355,1.0297728667894415,0.9281470442126181,0.06797615499254844,0.9281470442126181,2162.1153,7.388846999999999,-0.0,-0.0,,,0.03678366717170256,-1.2154732311473175,415.43000000000006,37.08000000000004,0.060411311053984736,4.900000000000002,0.0,2344.8208316363603,874.0544849185386,503.25,-435.6244849185386,763971.2426062118,0.8115609206178108,370.8044849185386,889.7694039735098,909.2659672676068,959.7046713722306,988.2547335234611,916.8795781453846,924.7370376728702,874.0544849185386,435.6244849185386,435.6244849185386
2025-11-09 11:30:00,2025-11-09 12:30:00,2025-11-09 12:30:00,368.78999999999996,73.90193631637142,2025,11,9,11,30,0.258819045102521,-0.9659258262890682,-0.5000000000000004,0.8660254037844384,1,1,1022.2,360.98,691.36,194.84999999999997,827.4,76.26947599783541,10,10.0,29.2,24.0,29.4,76.64,1009.98,2.65,4.8,275.7,0.0,964.0,4.164999961853027,10.93927001953125,233.2562561035156,36.42156219482422,0,0,0,1,0,28.9,24.6,77.0,8.0,290.0,5.0,,,True,True,True,True,ok_all_sources,ok,ok,ok,ok,976.5,722.7299999999999,670.9200000000001,315.76000000000005,288.19,408.75999999999993,278.63,28.33,78.62,1010.3,3.8076188564300537,11.8928861618042,955.5066666666668,867.82,1022.2,79.3021823995615,791.85,564.11,1022.2,193.52000413393964,520.5388888888889,287.15999999999997,1022.2,242.5206943235224,351.70055555555547,179.09227222222225,27.988888888888887,81.46444444444445,1.781777777777778,0.0,4.329279408735387,11.431362544789033,45.700000000000045,351.28,0.870000000000001,-1.980000000000004,0.971422807951273,0.971422807951273,1068.5650887464003,1056.8673780327051,0.9566099536334338,1.0603734439834025,0.3531402856583839,0.6763451379377813,0.3531402856583839,2237.888,6.82112,-2.63689726039725,0.26319733682064295,0.35738110542297363,-0.9536161422729492,-0.16427944688236007,-0.49209252525778346,735.0400000000001,458.09000000000003,0.5235795623919394,5.399999999999999,0.0,2551.653169261291,803.9754056473508,1022.2,-435.1854056473509,646376.4528858223,0.7607155092097767,-218.2245943526492,803.6298055555553,839.186887996419,834.4663601034913,844.6300115888714,819.220882875421,819.0480828295233,803.9754056473508,435.1854056473509,435.1854056473509
2025-04-28 11:40:00,2025-04-28 12:40:00,2025-04-28 12:40:00,280.57,70.06839419900396,2025,4,28,11,40,0.258819045102521,-0.9659258262890682,0.8660254037844387,-0.4999999999999998,1,1,914.85,421.03000000000003,487.709,185.52000000000004,729.32,71.28522354917926,10,10.0,30.38,25.5,31.5,77.86,1008.1771847718312,0.78,3.2,241.8,0.0,849.0,5.43710470199585,9.391694068908691,244.8793792724609,47.386940002441406,0,0,0,1,0,30.8,26.2,76.0,3.0,240.0,5.0,,,True,True,True,True,ok_all_sources,ok,ok,ok,ok,851.76,606.2099999999999,763.0899999999999,634.58,429.2200000000001,403.40999999999997,385.37,29.62,77.72,1009.2839183026713,5.505912780761719,7.95754861831665,881.0966666666667,851.76,914.85,31.77604810755002,845.9033333333333,606.2099999999999,927.0,120.47860966439924,612.3805555555556,300.03000000000003,927.0,221.7037871594657,406.47111111111116,220.04678888888884,29.28388888888889,80.66944444444444,0.4145,0.0,6.234748167150161,8.136678218841553,63.09000000000003,151.7600000000001,0.759999999999998,0.14000000000000057,0.9471275608880643,0.9471275608880643,1041.8403169768708,1034.1102441906028,0.8781096153531847,1.0775618374558305,0.4602175219981418,0.533102694430781,0.4602175219981418,2365.3867999999998,6.726132,-0.687416692610694,-0.36858959659786195,-0.06880807876586914,1.434145450592041,-0.7976434651543114,1.2550158500671387,626.97,320.7900000000001,0.19887562410724832,6.0,0.0,2299.832213911213,715.7130995971771,914.85,-435.1430995971771,512245.2409349988,0.6921052214866754,-199.1369004028229,715.7043884297523,739.4402355207237,685.3414011891833,675.2175017198521,700.5272503931802,700.5228948094677,715.7130995971771,435.1430995971771,435.1430995971771
2025-08-23 09:40:00,2025-08-23 10:40:00,2025-08-23 10:40:00,356.28000000000003,62.860920109981784,2025,8,23,9,40,0.7071067811865476,-0.7071067811865475,-0.8660254037844384,-0.5000000000000004,1,1,638.49,512.39,134.506,127.62,510.86,49.727450160653326,10,10.0,29.37,25.6,29.8,70.92,1010.052430799407,1.602,2.7,279.1,0.0,531.8,,,,,,0,0,0,0,29.4,23.9,73.0,3.0,280.0,6.0,,,True,True,False,True,warn_missing_source,ok,ok,,ok,458.7299999999999,530.5999999999999,284.72,144.88000000000002,38.340999999999994,265.62,26.999499999999994,29.7,70.98,1009.9100378239665,5.911606788635254,3.8297860622406006,487.86999999999995,366.39,638.49,138.3707237821643,492.8166666666666,366.39,638.49,102.83453460130342,335.865,62.3,638.49,178.15188824509866,251.55905555555552,126.73187777777778,28.259999999999998,78.39388888888891,0.646611111111111,0.4,4.152486011385918,5.033256962895393,179.7600000000001,353.77,-0.3299999999999983,-0.060000000000002274,0.7629781163467464,0.7629781163467464,839.275927981421,978.8920710720649,0.7607629132598382,1.2006205340353517,0.8025027799965543,0.2106626572068474,0.8025027799965543,2082.9204,8.540796,-1.5818369184149599,0.2533692237416836,,,,,576.19,272.1,1.2425189660016858,4.199999999999999,,,791.3550396588892,638.49,-435.0750396588891,626242.7987935221,0.8084190924053675,152.86503965888915,787.1226262626265,815.0821755824356,832.3057374949316,845.9559701069458,811.8303885769103,809.7141818787791,791.3550396588892,435.0750396588891,435.0750396588891
2025-06-04 12:30:00,2025-06-04 13:30:00,2025-06-04 13:30:00,242.37000000000003,56.420510021976895,2025,6,4,12,30,1.2246467991473532e-16,-1.0,1.2246467991473532e-16,-1.0,1,1,825.2,118.42,737.52,154.31,670.82,63.02880792050153,10,10.0,30.95,25.0,31.5,73.63000000000001,1008.44807363216,1.624,3.7,264.9,0.0,869.0,1.359375,3.787187576293945,279.4212646484375,58.7599983215332,0,0,1,0,0,31.0,25.4,72.0,6.0,270.0,6.0,,,True,True,True,True,ok_all_sources,ok,ok,ok,ok,830.3,831.1,822.7,601.27,558.8499999999999,114.28000000000002,747.8600000000001,30.63,72.76,1008.8884794689661,1.1912906169891355,5.691097259521484,828.4666666666666,825.2,830.3,2.836077102854011,828.0166666666665,822.7,831.1,3.3241038892710164,742.0222222222224,520.77,831.1,111.62726952072951,187.82555555555555,604.7984444444445,30.731666666666666,72.62000000000002,1.5618333333333332,0.0,1.2567538268425886,5.783453169990988,-5.099999999999909,2.5,0.3200000000000003,0.8700000000000045,0.8912346748292634,0.8912346748292634,980.3581423121898,916.4312118298375,0.841733203800147,0.9495972382048332,0.14350460494425593,0.8937469704314105,0.14350460494425593,2278.8485,8.161514999999998,-1.6175706902270899,-0.1443643381111024,0.16808438301086448,-1.9039096832275395,0.10262117315741137,-1.9962655936970433,310.33000000000004,8.399999999999977,0.003038774766014343,6.5,0.0,1058.2207420289049,677.3013666736972,825.2,-434.9313666736972,458737.14129805804,0.7390640540508546,-147.89863332630284,675.7742631578948,701.0285025972437,687.7948204804193,691.2926384159933,682.5480935770582,681.7845418191571,677.3013666736972,434.9313666736972,434.9313666736972
2025-04-08 09:40:00,2025-04-08 10:40:00,2025-04-08 10:40:00,324.12,65.43789730909354,2025,4,8,9,40,0.7071067811865476,-0.7071067811865475,0.8660254037844387,-0.4999999999999998,1,1,532.99,328.91999999999996,237.05900000000003,105.136,427.87,51.41912063524059,10,10.0,30.26,25.0,30.3,72.74000000000001,1010.8479500038629,0.302,1.8,133.5,0.0,579.1,,,,,,0,0,0,0,29.4,24.7,76.0,5.0,150.0,7.0,,,True,True,False,True,warn_missing_source,ok,ok,,ok,641.47,437.8,633.3799999999999,153.69,31.656000000000006,297.49,516.9,28.15,80.56,1010.9932119176043,2.204392433166504,10.868860244750977,586.8033333333334,532.99,641.47,54.24503418132701,546.6999999999999,436.1,645.8900000000001,94.48820624818744,317.1536111111111,45.489000000000004,645.8900000000001,218.1974072154519,213.16727777777777,142.78205,27.35833333333333,86.10888888888888,0.121,0.0,2.370355725288391,10.997756789712344,-108.48000000000002,-100.38999999999987,2.110000000000003,-7.819999999999993,0.7817286287730971,0.7817286287730971,859.9014916504068,1000.4623771048507,0.6198268117630935,0.9203764462096357,0.6171222724628979,0.4447719469408432,0.6171222724628979,2201.1124000000004,8.248875999999997,0.21906306004571088,-0.20788308185951365,,,,,600.4010000000001,209.79000000000008,-0.15849884745334536,5.300000000000001,,,758.9439480954381,532.99,-434.82394809543814,575995.9163506911,0.7585931919715748,225.95394809543814,752.1957534246575,782.6710840189846,807.1273990025646,823.1885493049401,783.0356735490013,779.661576213611,758.9439480954381,434.82394809543814,434.82394809543814
2025-05-02 14:40:00,2025-05-02 15:40:00,2025-05-02 15:40:00,645.2,33.04151566871479,2025,5,2,14,40,-0.4999999999999997,-0.8660254037844388,0.49999999999999994,-0.8660254037844387,1,1,708.3100000000002,189.82,634.78,151.71,556.6,46.74679597588351,10,10.0,30.43,25.0,30.8,77.83000000000001,1005.692997317753,1.084,3.9,260.3,0.0,756.5,25.866249084472656,9.1064453125,246.5904083251953,36.682559967041016,0,0,0,0,1,30.6,26.5,79.0,6.0,260.0,8.0,,,True,True,True,True,ok_all_sources,ok,ok,ok,ok,736.67,782.3,838.6,869.6700000000001,909.86,153.89000000000001,712.6899999999998,30.07,82.31,1006.4545149564722,8.540143013000488,5.910377025604248,735.94,708.3100000000002,762.84,27.27232846678105,767.6750000000001,708.3100000000002,815.5,40.20672020943752,875.0555555555555,708.3100000000002,1011.6600000000001,97.19219553648644,222.32555555555555,669.4877777777779,30.118333333333325,79.8477777777778,1.280388888888889,0.0,9.676882690853542,6.069851080576579,-28.359999999999786,-130.28999999999985,0.35999999999999943,-4.47999999999999,0.7283326527830539,0.7283326527830539,801.1659180613593,599.7712382129816,0.8840990162361755,0.936298744216788,0.2679900043766147,0.8961895215371798,0.2679900043766147,2368.3669000000004,6.746330999999995,-1.0685025604923173,-0.18264248744846315,17.326106071472168,3.196068286895752,16.189366393619114,3.036594231923421,303.3499999999999,107.18999999999983,-0.15536608633436663,5.800000000000001,0.0,2245.562068000436,210.4416256464153,708.3100000000002,434.7583743535847,44285.677804706,0.3508698187552743,-497.86837435358484,209.60897810218978,200.6143387115901,210.4416256464153,210.4416256464153,210.4416256464153,210.02530187430256,210.4416256464153,-434.7583743535847,-434.7583743535847
2025-01-06 10:10:00,2025-01-06 11:10:00,2025-01-06 11:10:00,972.5,66.09789759391313,2025,1,6,10,10,0.49999999999999994,-0.8660254037844387,0.49999999999999994,0.8660254037844387,1,1,359.5,3.6683999999999997,357.71999999999997,63.516,295.99000000000007,55.18134021699999,10,10.0,28.19,25.5,29.4,86.2,1010.432343492652,0.0,0.6,263.2,0.0,454.1,8.183534622192383,9.505311012268066,243.1112823486328,36.92366027832031,0,0,0,1,0,27.9,25.3,86.0,6.0,300.0,5.0,,,True,True,True,True,ok_all_sources,ok,ok,ok,ok,538.58,334.85,214.17000000000002,359.23,144.45999999999998,0.26539999999999997,215.35000000000005,28.77,80.81,1010.4824983687685,10.234000205993652,8.916399955749512,511.41333333333336,359.5,636.16,140.3164628022433,393.56,231.23000000000002,636.16,160.25297962908516,306.71888888888884,159.2,636.16,120.06664516444918,39.29291666666668,281.5866666666667,28.032777777777774,85.11722222222224,0.0025555555555555557,0.0,11.334436753216911,8.648932316723991,-179.08000000000004,145.32999999999998,-0.5799999999999983,5.390000000000001,0.8209632986478045,0.8209632986478045,903.0596285125849,1005.6629972295339,0.39809109902535084,0.7916758423254789,0.010204172461752432,0.995048678720445,0.010204172461752432,2429.978,3.8902199999999993,-0.0,-0.0,-2.0504655838012695,0.5889110565185547,-3.1509021310245284,0.8563786955440751,476.96,404.92999999999995,0.6785730961385814,3.8999999999999986,0.0,2310.8483493150707,537.9257467450677,359.5,434.5742532549323,289364.10901123873,0.5348966286191107,178.42574674506773,547.0021904761907,558.0980026560002,486.7870637189033,469.7408360435152,512.3564052319855,516.894627097547,537.9257467450677,-434.5742532549323,-434.5742532549323
