ts_wib,target_ts_wib,target_ghi_1h_ahead,target_delta_ghi_1h,target_kt_1h,hour_sin,hour_cos,month_sin,month_cos,daylight_flag,sun_above_5deg_flag,ghi_now,dhi_now,dni_now,reflected_now,nett_rad_now,solar_elev_deg,asrs_n_obs_1min,asrs_ok_obs,aws_temp_c,aws_temp_min_c,aws_temp_max_c,aws_rh_pct,aws_pressure_hpa,aws_ws_avg,aws_ws_max,aws_wd_deg,aws_rain_mm,aws_sr_avg_w_m2,clp_cot,clp_cth_m,clp_ctt_k,clp_cer,clp_cloud_present,clp_clear_flag,clp_thin_cloud_flag,clp_moderate_cloud_flag,clp_thick_cloud_flag,synop_temp_c,synop_dewpoint_c,synop_rh_pct,synop_wind_speed,synop_wind_dir_deg,synop_visibility,synop_rainfall_24h_mm,synop_solar_rad_24h,ghi_lag_10m,ghi_lag_30m,ghi_lag_60m,ghi_lag_120m,ghi_lag_180m,dhi_lag_60m,dni_lag_60m,aws_temp_lag_60m,aws_rh_lag_60m,aws_pressure_lag_60m,clp_cot_lag_60m,clp_cth_lag_60m,ghi_roll_30m_mean,ghi_roll_30m_min,ghi_roll_30m_max,ghi_roll_30m_std,ghi_roll_60m_mean,ghi_roll_60m_min,ghi_roll_60m_max,ghi_roll_60m_std,ghi_roll_180m_mean,ghi_roll_180m_min,ghi_roll_180m_max,ghi_roll_180m_std,dhi_roll_180m_mean,dni_roll_180m_mean,aws_temp_roll_180m_mean,aws_rh_roll_180m_mean,aws_ws_roll_180m_mean,aws_rain_sum_180m,clp_cot_roll_180m_mean,clp_cth_roll_180m_mean,ghi_delta_10m,ghi_delta_60m,aws_temp_delta_60m,aws_rh_delta_60m,clp_cot_lag_10m,clp_cot_lag_20m,clp_cot_lag_30m,clp_cth_lag_30m,ghi_lag_20m,ghi_lag_50m,kt_lag_10m,kt_lag_20m,kt_lag_30m,kt_lag_60m,kt_roll30m_mean,kt_roll60m_mean,kt_roll30m_std,syn_cloud_cover_oktas_m,syn_cloud_low_cover_oktas,syn_cloud_med_cover_oktas,syn_cloud_low_base_1,syn_cloud_low_base_2,syn_cloud_low_base_3,syn_cloud_med_base_1,syn_cloud_med_base_2,syn_cloud_high_base_1,syn_cloud_high_base_2,syn_cloud_layer_1_height_m,syn_cloud_layer_2_height_m,syn_cloud_layer_3_height_m,syn_cloud_layer_4_height_m,syn_cloud_layer_1_amt_oktas,syn_cloud_layer_2_amt_oktas,syn_cloud_layer_3_amt_oktas,syn_cloud_layer_4_amt_oktas,syn_present_weather,syn_past_weather_1,syn_past_weather_2,solar_elev_sin,solar_elev_sin_clip,clear_sky_ghi_now,kt_now,ghi_to_aws_sr_ratio,dhi_fraction,dni_fraction,temp_rh_interaction,vpd_proxy,wind_u,wind_v,clp_cot_delta_10m,clp_cot_delta_30m,clp_cot_delta_60m,clp_cth_delta_60m,clp_cot_delta_180m,clp_cth_delta_180m,ghi_roll_180m_range,ghi_roll_60m_range,ghi_ramp_ratio_60m,aws_temp_range,cloud_opacity_proxy,cloud_height_temp_interaction,syn_total_cloud_oktas,syn_low_cloud_present,syn_multi_layer_cloud_flag,syn_cloud_base_min,syn_cloud_depth_proxy,syn_weather_cloud_rain_proxy,kt_wavelet_trend,kt_wavelet_detail1_energy,kt_wavelet_detail2_energy
2021-01-03 06:10:00,2021-01-03 07:10:00,0.0,0.0,0.0,1.0,6.123233995736766e-17,0.49999999999999994,0.8660254037844387,1,0,0.0,0.0,0.0,0.0,,0.4840783544538955,1,1.0,24.6,24.6,24.6,99.2,1008.099,0.825,1.443989,91.5,4.8,1.125,,,,,1,1,0,0,0,,,,,,,,,0.0,0.0,0.0,0.0,0.0,0.0,0.0,24.7,98.3,1007.314,,,0.0,0.0,0.0,0.0,0.0,0.0,0.0,0.0,0.0,0.0,0.0,0.0,0.0,0.0,24.708888888888893,97.98333333333333,0.5619999999999999,86.39999999999998,,,0.0,0.0,-0.09999999999999787,0.9000000000000057,,,,,0.0,0.0,0.0,0.0,0.0,0.0,0.0,0.0,0.0,,,,,,,,,,,,,,,,,,,,,,0.00844866060891752,0.02,22.0,0.0,0.0,0.0,0.0,2440.32,0.1967999999999993,0.8247172931048347,-0.02159598235399524,,,,,,,0.0,0.0,0.0,0.0,,,,0,0,,,0.0,0.0,0.0,0.0
2021-01-03 06:20:00,2021-01-03 07:20:00,0.0,0.0,0.0,1.0,6.123233995736766e-17,0.49999999999999994,0.8660254037844387,1,0,0.0,0.0,0.0,0.0,,2.7817241258149643,1,1.0,24.6,24.6,24.6,99.2,1008.131,0.86,1.530708,86.8,4.8,7.699,,,,,1,1,0,0,0,,,,,,,,,0.0,0.0,0.0,0.0,0.0,0.0,0.0,24.68,98.4,1007.364,,,0.0,0.0,0.0,0.0,0.0,0.0,0.0,0.0,0.0,0.0,0.0,0.0,0.0,0.0,24.703333333333337,98.03888888888889,0.5736666666666665,86.39999999999998,,,0.0,0.0,-0.0799999999999983,0.7999999999999972,,,,,0.0,0.0,0.0,0.0,0.0,0.0,0.0,0.0,0.0,,,,,,,,,,,,,,,,,,,,,,0.048531173949068765,0.048531173949068765,53.38429134397564,0.0,0.0,0.0,0.0,2440.32,0.1967999999999993,0.8586590571965037,0.04800649429412099,,,,,,,0.0,0.0,0.0,0.0,,,,0,0,,,0.0,0.0,0.0,0.0
2021-01-03 06:30:00,2021-01-03 07:30:00,0.0,0.0,0.0,1.0,6.123233995736766e-17,0.49999999999999994,0.8660254037844387,1,1,0.0,0.0,0.0,0.0,,5.081440603953869,1,1.0,24.72,24.5,24.8,99.1,1008.471,1.798,7.452244,196.2,4.8,6.063,,,,,1,1,0,0,0,,,,,,,,,0.0,0.0,0.0,0.0,0.0,0.0,0.0,24.61,98.5,1007.442,,,0.0,0.0,0.0,0.0,0.0,0.0,0.0,0.0,0.0,0.0,0.0,0.0,0.0,0.0,24.704444444444448,98.10555555555555,0.6615555555555555,86.39999999999998,,,0.0,0.0,0.10999999999999943,0.5999999999999943,,,,,0.0,0.0,0.0,0.0,0.0,0.0,0.0,0.0,0.0,,,,,,,,,,,,,,,,,,,,,,0.08857165202850265,0.08857165202850265,97.42881723135291,0.0,0.0,0.0,0.0,2449.752,0.2224800000000014,-0.5016260086585336,-1.7266080468471439,,,,,,,0.0,0.0,0.0,0.3000000000000007,,,,0,0,,,0.0,0.0,0.0,0.0
2021-01-03 06:40:00,2021-01-03 07:40:00,0.0,0.0,0.0,1.0,6.123233995736766e-17,0.49999999999999994,0.8660254037844387,1,1,0.0,0.0,0.0,0.0,,7.382570408875675,1,1.0,23.89,23.5,24.4,95.4,1008.833,3.677,7.729914,267.9,5.8,4.52,,,,,1,1,0,0,0,,,,,,,,,0.0,0.0,0.0,0.0,0.0,0.0,0.0,24.6,98.7,1007.591,,,0.0,0.0,0.0,0.0,0.0,0.0,0.0,0.0,0.0,0.0,0.0,0.0,0.0,0.0,24.65944444444445,97.99444444444445,0.8658333333333332,87.39999999999998,,,0.0,0.0,-0.7100000000000009,-3.299999999999997,,,,,0.0,0.0,0.0,0.0,0.0,0.0,0.0,0.0,0.0,,,,,,,,,,,,,,,,,,,,,,0.1284939205341086,0.1284939205341086,141.34331258751945,0.0,0.0,0.0,0.0,2279.106,1.0989399999999987,-3.674530503924119,-0.13473891691400952,,,,,,,0.0,0.0,0.0,0.8999999999999986,,,,0,0,,,0.0,0.0,0.0,0.0
2021-01-03 06:50:00,2021-01-03 07:50:00,0.0,0.0,0.0,1.0,6.123233995736766e-17,0.49999999999999994,0.8660254037844387,1,1,0.0,0.0,0.0,0.0,,9.684460148765414,1,1.0,23.3,23.2,23.5,96.2,1008.929,1.391,4.208223,275.1,6.6,21.83,24.995649337768555,8.87961196899414,248.2509155273437,33.6629638671875,0,0,0,0,1,,,,,,,,,0.0,0.0,0.0,0.0,0.0,0.0,0.0,24.6,98.9,1007.86,,,0.0,0.0,0.0,0.0,0.0,0.0,0.0,0.0,0.0,0.0,0.0,0.0,0.0,0.0,24.580555555555563,97.95555555555556,0.943111111111111,89.19999999999997,24.995649337768555,8.87961196899414,0.0,0.0,-1.3000000000000007,-2.700000000000003,,,,,0.0,0.0,0.0,0.0,0.0,0.0,0.0,0.0,0.0,,,,,,,,,,,,,,,,,,,,,,0.16822202932938077,0.16822202932938077,185.04423226231884,0.0,0.0,0.0,0.0,2241.46,0.8853999999999993,-1.3854931219863804,0.12365196694122084,,,,,0.0,0.0,0.0,0.0,0.0,0.3000000000000007,0.0,2204.3718008303545,,0,0,,,0.0,0.0,0.0,0.0
2021-01-03 07:00:00,2021-01-03 08:00:00,0.0,0.0,0.0,0.9659258262890683,-0.25881904510252063,0.49999999999999994,0.8660254037844387,1,1,0.0,0.0,0.0,0.0,,11.986452116256645,1,1.0,23.41,23.3,23.6,96.6,1008.962,0.606,1.626902,195.6,6.6,31.26,24.73699951171875,8.811983108520508,248.6863250732422,34.75102996826172,0,0,0,0,1,24.0,22.7,93.0,2.0,280.0,4.0,7.0,1501.0,0.0,0.0,0.0,0.0,0.0,0.0,0.0,24.6,99.1,1007.959,,,0.0,0.0,0.0,0.0,0.0,0.0,0.0,0.0,0.0,0.0,0.0,0.0,0.0,0.0,24.506666666666668,97.93333333333334,0.9767777777777779,90.99999999999997,24.866324424743652,8.845797538757324,0.0,0.0,-1.1900000000000013,-2.5,24.995649337768555,,,,0.0,0.0,0.0,0.0,0.0,0.0,0.0,0.0,0.0,8,4,5,450,600,,3000,,9000,,,,,,,,,,60,6.0,2.0,0.20768039694259327,0.20768039694259327,228.4484366368526,0.0,0.0,0.0,0.0,2261.406,0.7959400000000013,-0.16296541129285091,-0.5836765154793808,-0.2586498260498047,,,,-0.12932491302490234,-0.033814430236816406,0.0,0.0,0.0,0.3000000000000007,0.0,2191.41969586545,8,1,0,450,,68.0,0.0,0.0,0.0
2021-01-03 07:10:00,2021-01-03 08:10:00,0.0,0.0,0.0,0.9659258262890683,-0.25881904510252063,0.49999999999999994,0.8660254037844387,1,1,0.0,0.0,0.0,0.0,,14.287875674377586,1,1.0,23.58,23.5,23.6,96.7,1009.016,0.213,0.8161838,118.6,0.0,34.16,27.6268310546875,8.596125602722168,250.22808837890625,33.34971618652344,0,0,0,0,1,24.0,22.7,93.0,2.0,280.0,4.0,7.0,1501.0,0.0,0.0,0.0,0.0,0.0,0.0,0.0,24.6,99.2,1008.099,,,0.0,0.0,0.0,0.0,0.0,0.0,0.0,0.0,0.0,0.0,0.0,0.0,0.0,0.0,24.440555555555562,97.92222222222223,0.9886111111111112,86.19999999999997,25.7864933013916,8.76257356007894,0.0,0.0,-1.0200000000000031,-2.5,24.73699951171875,24.995649337768555,,,0.0,0.0,0.0,0.0,0.0,0.0,0.0,0.0,0.0,8,4,5,450,600,,3000,,9000,,,,,,,,,,60,6.0,2.0,0.24679395435498974,0.24679395435498974,271.4733497904887,0.0,0.0,0.0,0.0,2280.1859999999997,0.7781399999999992,0.18701037376615984,-0.10196136574134923,2.88983154296875,,,,1.8403377532958984,-0.16644795735677143,0.0,0.0,0.0,0.10000000000000142,0.0,2150.9920770341414,8,1,0,450,,68.0,0.0,0.0,0.0
2021-01-03 07:20:00,2021-01-03 08:20:00,0.0,0.0,0.0,0.9659258262890683,-0.25881904510252063,0.49999999999999994,0.8660254037844387,1,1,0.0,0.0,0.0,0.0,,16.58803809937729,1,1.0,23.91,23.6,24.1,96.5,1009.058,1.262,1.922276,110.2,0.0,46.87,29.605125427246094,8.541318893432617,250.6367950439453,33.126075744628906,0,0,0,0,1,24.0,22.7,93.0,2.0,280.0,4.0,7.0,1501.0,0.0,0.0,0.0,0.0,0.0,0.0,0.0,24.6,99.2,1008.131,,,0.0,0.0,0.0,0.0,0.0,0.0,0.0,0.0,0.0,0.0,0.0,0.0,0.0,0.0,24.389444444444443,97.88888888888889,1.0499444444444446,81.39999999999998,26.741151332855225,8.707259893417358,0.0,0.0,-0.6900000000000013,-2.700000000000003,27.6268310546875,24.73699951171875,24.995649337768555,8.87961196899414,0.0,0.0,0.0,0.0,0.0,0.0,0.0,0.0,0.0,8,4,5,450,600,,3000,,9000,,,,,,,,,,60,6.0,2.0,0.28548828781543045,0.28548828781543045,314.0371165969735,0.0,0.0,0.0,0.0,2307.315,0.83685,1.1843781947225596,-0.4357663271361507,1.9782943725585938,4.609476089477539,,,2.863974094390869,-0.1659409999847412,0.0,0.0,0.0,0.5,0.0,2140.7687928982486,8,1,0,450,,68.0,0.0,0.0,0.0
2021-01-03 07:30:00,2021-01-03 08:30:00,0.0,0.0,0.0,0.9659258262890683,-0.25881904510252063,0.49999999999999994,0.8660254037844387,1,1,0.0,0.0,0.0,0.0,,18.886214618634103,1,1.0,24.05,24.0,24.1,96.4,1009.111,1.751,3.641952,237.7,0.2,58.14,30.86588478088379,8.282201766967773,252.3621826171875,38.04180145263672,0,0,0,0,1,24.0,22.7,93.0,2.0,280.0,4.0,7.0,1501.0,0.0,0.0,0.0,0.0,0.0,0.0,0.0,24.72,99.1,1008.471,,,0.0,0.0,0.0,0.0,0.0,0.0,0.0,0.0,0.0,0.0,0.0,0.0,0.0,0.0,24.345000000000006,97.8388888888889,1.136388888888889,76.79999999999998,27.566098022460938,8.622248268127441,0.0,0.0,-0.6699999999999982,-2.6999999999999886,29.605125427246094,27.6268310546875,24.73699951171875,8.811983108520508,0.0,0.0,0.0,0.0,0.0,0.0,0.0,0.0,0.0,8,4,5,450,600,,3000,,9000,,,,,,,,,,60,6.0,2.0,0.32368978040980956,0.32368978040980956,356.0587584507905,0.0,0.0,0.0,0.0,2318.42,0.8657999999999987,-1.4800534699714694,-0.9356509637815869,1.2607593536376953,6.128885269165039,,,3.299786758422851,-0.3400465011596676,0.0,0.0,0.0,0.10000000000000142,0.0,2090.1145147879142,8,1,0,450,,68.0,0.0,0.0,0.0
2021-01-03 07:40:00,2021-01-03 08:40:00,0.0,0.0,0.0,0.9659258262890683,-0.25881904510252063,0.49999999999999994,0.8660254037844387,1,1,0.0,0.0,0.0,0.0,,21.18163734049249,1,1.0,24.13,24.1,24.2,95.8,1009.026,1.776,3.059918,38.82,0.4,81.1,32.697750091552734,8.14454174041748,253.3453063964844,37.343074798583984,0,0,0,0,1,24.0,22.7,93.0,2.0,280.0,4.0,7.0,1501.0,0.0,0.0,0.0,0.0,0.0,0.0,0.0,23.89,95.4,1008.833,,,0.0,0.0,0.0,0.0,0.0,0.0,0.0,0.0,0.0,0.0,0.0,0.0,0.0,0.0,24.303888888888892,97.7388888888889,1.208277777777778,72.39999999999999,28.42137336730957,8.542630513509115,0.0,0.0,0.23999999999999844,0.3999999999999915,30.86588478088379,29.605125427246094,27.6268310546875,8.596125602722168,0.0,0.0,0.0,0.0,0.0,0.0,0.0,0.0,0.0,8,4,5,450,600,,3000,,9000,,,,,,,,,,60,6.0,2.0,0.36132575211591333,0.36132575211591333,397.45832732750466,0.0,0.0,0.0,0.0,2311.654,1.0134600000000007,1.1133314446934623,1.383715684039452,1.8318653106689453,5.070919036865234,,,4.276376724243164,-0.3980887730916347,0.0,0.0,0.0,0.09999999999999787,0.0,2063.381422685023,8,1,0,450,,68.0,0.0,0.0,0.0
2021-01-03 07:50:00,2021-01-03 08:50:00,0.0,0.0,0.0,0.9659258262890683,-0.25881904510252063,0.49999999999999994,0.8660254037844387,1,1,0.0,0.0,0.0,0.0,,23.47348271631714,1,1.0,24.17,24.1,24.4,95.5,1009.236,0.555,1.807781,101.8,0.4,120.3,26.39666748046875,8.205558776855469,252.8928375244141,36.08220291137695,0,0,0,0,1,24.0,22.7,93.0,2.0,280.0,4.0,7.0,1501.0,0.0,0.0,0.0,0.0,0.0,0.0,0.0,23.3,96.2,1008.929,24.995649337768555,8.87961196899414,0.0,0.0,0.0,0.0,0.0,0.0,0.0,0.0,0.0,0.0,0.0,0.0,0.0,0.0,24.269444444444446,97.59444444444446,1.1638333333333333,68.0,28.132129669189453,8.49447740827288,0.0,0.0,0.870000000000001,-0.7000000000000028,32.697750091552734,30.86588478088379,29.605125427246094,8.541318893432617,0.0,0.0,0.0,0.0,0.0,0.0,0.0,0.0,0.0,8,4,5,450,600,,3000,,9000,,,,,,,,,,60,6.0,2.0,0.3983245980772593,0.3983245980772593,438.1570578849852,0.0,0.0,0.0,0.0,2308.235,1.0876500000000002,0.5432714007627352,-0.11349530877219365,-6.301082611083984,-3.2084579467773438,1.4010181427001953,-0.6740531921386719,-1.7354621887207031,-0.2889186314174115,0.0,0.0,0.0,0.29999999999999716,0.0,2075.1270425523403,8,1,0,450,,68.0,0.0,0.0,0.0
2021-01-03 08:00:00,2021-01-03 09:00:00,0.0,0.0,0.0,0.8660254037844387,-0.4999999999999998,0.49999999999999994,0.8660254037844387,1,1,0.0,0.0,0.0,0.0,,25.76085709939439,1,1.0,24.56,24.3,24.8,93.5,1009.25,0.818,1.951932,88.5,0.4,178.3,16.34132194519043,8.175620079040527,252.98092651367188,35.47277069091797,0,0,0,0,1,24.8,23.4,92.0,4.0,40.0,5.0,,,0.0,0.0,0.0,0.0,0.0,0.0,0.0,23.41,96.6,1008.962,24.73699951171875,8.811983108520508,0.0,0.0,0.0,0.0,0.0,0.0,0.0,0.0,0.0,0.0,0.0,0.0,0.0,0.0,24.26166666666667,97.33333333333333,1.1543333333333332,63.599999999999994,26.658278703689575,8.454620242118835,0.0,0.0,1.1499999999999986,-3.0999999999999943,26.39666748046875,32.697750091552734,30.86588478088379,8.282201766967773,0.0,0.0,0.0,0.0,0.0,0.0,0.0,0.0,0.0,7,3,5,450,600,,3000,,9000,,,,,,,,,,21,2.0,2.0,0.43461592483286576,0.43461592483286576,478.07751731615235,0.0,0.0,0.0,0.0,2296.3599999999997,1.5963999999999998,0.8177196918300058,0.021412743715840225,-10.05534553527832,-14.52456283569336,-8.39567756652832,-0.6363630294799805,-10.316956758499146,-0.2790001630783081,0.0,0.0,0.0,0.5,0.0,2068.275942419452,7,1,0,450,,25.0,0.0,0.0,0.0
2021-01-03 08:10:00,2021-01-03 09:10:00,0.0,0.0,0.0,0.8660254037844387,-0.4999999999999998,0.49999999999999994,0.8660254037844387,1,1,0.0,0.0,0.0,0.0,,28.042779865266557,1,1.0,24.83,24.7,24.9,93.1,1009.31,1.474,2.465234,35.43,0.4,230.2,13.477107048034668,8.260703086853027,252.3382568359375,35.19160842895508,0,0,0,0,1,24.8,23.4,92.0,4.0,40.0,5.0,,,0.0,0.0,0.0,0.0,0.0,0.0,0.0,23.58,96.7,1009.016,27.6268310546875,8.596125602722168,0.0,0.0,0.0,0.0,0.0,0.0,0.0,0.0,0.0,0.0,0.0,0.0,0.0,0.0,24.268888888888892,97.04444444444445,1.1896666666666667,59.199999999999996,25.193704075283474,8.433073891533745,0.0,0.0,1.25,-3.6000000000000085,16.34132194519043,26.39666748046875,32.697750091552734,8.14454174041748,0.0,0.0,0.0,0.0,0.0,0.0,0.0,0.0,0.0,7,3,5,450,600,,3000,,9000,,,,,,,,,,21,2.0,2.0,0.4701306842437605,0.4701306842437605,517.1437526681365,0.0,0.0,0.0,0.0,2311.673,1.7132700000000014,0.8544894340349096,1.2010511259403986,-2.8642148971557617,-19.220643043518066,-14.149724006652832,-0.3354225158691406,-11.716597027248806,-0.17237080468071753,0.0,0.0,0.0,0.1999999999999993,0.0,2084.491417175741,7,1,0,450,,25.0,0.0,0.0,0.0
2021-01-03 08:20:00,2021-01-03 09:20:00,0.0,0.0,0.0,0.8660254037844387,-0.4999999999999998,0.49999999999999994,0.8660254037844387,1,1,0.0,0.0,0.0,0.0,,30.318163426581616,1,1.0,25.09,25.0,25.2,90.6,1009.394,1.664,2.586855,24.32,0.4,279.5,12.869421005249023,8.417686462402344,251.2047119140625,33.98908615112305,0,0,0,0,1,24.8,23.4,92.0,4.0,40.0,5.0,,,0.0,0.0,0.0,0.0,0.0,0.0,0.0,23.91,96.5,1009.058,29.605125427246094,8.541318893432617,0.0,0.0,0.0,0.0,0.0,0.0,0.0,0.0,0.0,0.0,0.0,0.0,0.0,0.0,24.291666666666668,96.61111111111111,1.2418333333333333,54.8,23.96127576828003,8.431535148620606,0.0,0.0,1.1799999999999997,-5.900000000000006,13.477107048034668,16.34132194519043,26.39666748046875,8.205558776855469,0.0,0.0,0.0,0.0,0.0,0.0,0.0,0.0,0.0,7,3,5,450,600,,3000,,9000,,,,,,,,,,21,2.0,2.0,0.5048013048614359,0.5048013048614359,555.2814353475795,0.0,0.0,0.0,0.0,2273.154,2.3584600000000013,0.6852892355505247,1.516335933636929,-0.6076860427856445,-13.527246475219727,-16.73570442199707,-0.12363243103027344,-11.091854763031005,-0.013848686218262074,0.0,0.0,0.0,0.1999999999999993,0.0,2114.5625027706847,7,1,0,450,,25.0,0.0,0.0,0.0
2021-01-03 08:30:00,2021-01-03 09:30:00,0.0,0.0,0.0,0.8660254037844387,-0.4999999999999998,0.49999999999999994,0.8660254037844387,1,1,0.0,0.0,0.0,0.0,,32.5857893031413,1,1.0,25.6,25.3,25.9,90.6,1009.456,1.734,2.903702,117.0,0.4,303.0,15.282230377197266,8.53259563446045,250.3157958984375,33.1479606628418,0,0,0,0,1,24.8,23.4,92.0,4.0,40.0,5.0,,,0.0,0.0,0.0,0.0,0.0,0.0,0.0,24.05,96.4,1009.111,30.86588478088379,8.282201766967773,0.0,0.0,0.0,0.0,0.0,0.0,0.0,0.0,0.0,0.0,0.0,0.0,0.0,0.0,24.34666666666667,96.17222222222222,1.2726666666666668,50.4,23.17227164181796,8.440722465515137,0.0,0.0,1.5500000000000007,-5.800000000000011,12.869421005249023,13.477107048034668,16.34132194519043,8.175620079040527,0.0,0.0,0.0,0.0,0.0,0.0,0.0,0.0,0.0,7,3,5,450,600,,3000,,9000,,,,,,,,,,21,2.0,2.0,0.5385618204883111,0.5385618204883111,592.4180025371422,0.0,0.0,0.0,0.0,2319.36,2.4064000000000014,1.54500531294263,-0.787219526548374,2.412809371948242,-1.059091567993164,-15.583654403686523,0.2503938674926758,-7.890041264620695,0.0918731689453125,0.0,0.0,0.0,0.5999999999999979,0.0,2135.8434673195006,7,1,0,450,,25.0,0.0,0.0,0.0
2021-01-03 08:40:00,2021-01-03 09:40:00,0.0,0.0,0.0,0.8660254037844387,-0.4999999999999998,0.49999999999999994,0.8660254037844387,1,1,0.0,0.0,0.0,0.0,,34.84427918205162,1,1.0,25.8,25.7,25.9,90.6,1009.625,1.12,2.573855,75.51,0.4,185.5,20.06816673278809,8.528092384338379,250.30691528320312,32.80408477783203,0,0,0,0,1,24.8,23.4,92.0,4.0,40.0,5.0,,,0.0,0.0,0.0,0.0,0.0,0.0,0.0,24.13,95.8,1009.026,32.697750091552734,8.14454174041748,0.0,0.0,0.0,0.0,0.0,0.0,0.0,0.0,0.0,0.0,0.0,0.0,0.0,0.0,24.413333333333334,95.72222222222221,1.2749444444444444,45.99999999999999,22.913596232732136,8.44800329208374,0.0,0.0,1.6700000000000017,-5.200000000000003,15.282230377197266,12.869421005249023,13.477107048034668,8.260703086853027,0.0,0.0,0.0,0.0,0.0,0.0,0.0,0.0,0.0,7,3,5,450,600,,3000,,9000,,,,,,,,,,21,2.0,2.0,0.5713479956856123,0.5713479956856123,628.4827952541735,0.0,0.0,0.0,0.0,2337.48,2.4252000000000016,1.0843742842090742,0.28023634979434475,4.785936355590824,6.5910596847534215,-12.629583358764645,0.38355064392089844,-2.8454294999440464,0.08008909225463867,0.0,0.0,0.0,0.1999999999999993,0.0,2134.6404979739164,7,1,0,450,,25.0,0.0,0.0,0.0
2021-01-03 08:50:00,2021-01-03 09:50:00,0.0,0.0,0.0,0.8660254037844387,-0.4999999999999998,0.49999999999999994,0.8660254037844387,1,1,0.0,0.0,0.0,0.0,,37.092059607331656,1,1.0,25.64,25.5,25.7,89.9,1010.013,0.806,1.415869,125.7,0.4,130.2,25.65135383605957,8.603550910949707,249.8443145751953,33.05045318603516,0,0,0,0,1,24.8,23.4,92.0,4.0,40.0,5.0,,,0.0,0.0,0.0,0.0,0.0,0.0,0.0,24.17,95.5,1009.236,26.39666748046875,8.205558776855469,0.0,0.0,0.0,0.0,0.0,0.0,0.0,0.0,0.0,0.0,0.0,0.0,0.0,0.0,24.471111111111114,95.22222222222221,1.2875000000000003,41.599999999999994,23.12419297144963,8.45996849353497,0.0,0.0,1.4699999999999989,-5.599999999999994,20.06816673278809,15.282230377197266,12.869421005249023,8.417686462402344,0.0,0.0,0.0,0.0,0.0,0.0,0.0,0.0,0.0,7,3,5,450,600,,3000,,9000,,,,,,,,,,21,2.0,2.0,0.6030974479898654,0.6030974479898654,663.407192788852,0.0,0.0,0.0,0.0,2305.036,2.589639999999999,0.6545393226747959,-0.47033421635303063,5.583187103271481,12.781932830810547,-0.7453136444091797,0.3979921340942383,2.5271608646099395,0.14358241741473776,0.0,0.0,0.0,0.1999999999999993,0.0,2149.548280259027,7,1,0,450,,25.0,0.0,0.0,0.0
2021-01-03 09:00:00,2021-01-03 10:00:00,0.0,0.0,0.0,0.7071067811865476,-0.7071067811865475,0.49999999999999994,0.8660254037844387,1,1,0.0,0.0,0.0,0.0,,39.327318551806805,1,1.0,25.75,25.7,25.9,90.0,1010.033,0.968,1.762473,75.46,0.4,157.3,37.19975662231445,8.600408554077148,249.9486694335937,33.31950759887695,0,0,0,0,1,25.8,24.0,90.0,2.0,70.0,5.0,,,0.0,0.0,0.0,0.0,0.0,0.0,0.0,24.56,93.5,1009.25,16.34132194519043,8.175620079040527,0.0,0.0,0.0,0.0,0.0,0.0,0.0,0.0,0.0,0.0,0.0,0.0,0.0,0.0,24.535,94.71666666666665,1.2943333333333333,37.19999999999998,24.129590375082834,8.46999992643084,0.0,0.0,1.1900000000000013,-3.5,25.65135383605957,20.06816673278809,15.282230377197266,8.53259563446045,0.0,0.0,0.0,0.0,0.0,0.0,0.0,0.0,0.0,8,3,5,450,600,,3000,,9000,,,,,,,,,,5,2.0,2.0,0.633749766605485,0.633749766605485,697.1247432660335,0.0,0.0,0.0,0.0,2317.5,2.575,0.9369974828427702,0.2430220507408999,11.548402786254883,21.917526245117188,20.858434677124023,0.4247884750366211,13.070166247231619,0.13040862764630923,0.0,0.0,0.0,0.1999999999999993,0.0,2149.6606746768807,8,1,0,450,,9.0,0.0,0.0,0.0
2021-01-03 09:10:00,2021-01-03 10:10:00,0.0,0.0,0.0,0.7071067811865476,-0.7071067811865475,0.49999999999999994,0.8660254037844387,1,1,0.0,0.0,0.0,0.0,,41.54795161971021,1,1.0,25.86,25.7,25.9,89.1,1010.109,1.229,1.852947,85.1,0.4,164.4,40.41941833496094,8.736433982849121,249.09033203125,34.68730163574219,0,0,0,0,1,25.8,24.0,90.0,2.0,70.0,5.0,,,0.0,0.0,0.0,0.0,0.0,0.0,0.0,24.83,93.1,1009.31,13.477107048034668,8.260703086853027,0.0,0.0,0.0,0.0,0.0,0.0,0.0,0.0,0.0,0.0,0.0,0.0,0.0,0.0,24.605000000000004,94.15555555555554,1.3167777777777778,32.79999999999998,25.215578905741374,8.487762196858723,0.0,0.0,1.0300000000000011,-4.0,37.19975662231445,25.65135383605957,20.06816673278809,8.528092384338379,0.0,0.0,0.0,0.0,0.0,0.0,0.0,0.0,0.0,8,3,5,450,600,,3000,,9000,,,,,,,,,,5,2.0,2.0,0.6632466273476212,0.6632466273476212,729.5712900823833,0.0,0.0,0.0,0.0,2304.1259999999997,2.8187400000000014,1.224508369018624,0.10497739853582472,3.2196617126464844,20.351251602172848,26.94231128692627,0.47573089599609375,15.203839429219563,0.24867178599039796,0.0,0.0,0.0,0.1999999999999993,0.0,2176.1612415569834,8,1,0,450,,9.0,0.0,0.0,0.0
2021-01-03 09:20:00,2021-01-03 10:20:00,0.0,0.0,0.0,0.7071067811865476,-0.7071067811865475,0.49999999999999994,0.8660254037844387,1,1,0.0,0.0,0.0,0.0,,43.751494973312184,1,1.0,25.25,24.0,25.8,92.7,1010.636,3.155,7.960455,282.6,2.8,55.46,43.6857795715332,8.710885047912598,249.34347534179688,33.780494689941406,0,0,0,0,1,25.8,24.0,90.0,2.0,70.0,5.0,,,0.0,0.0,0.0,0.0,0.0,0.0,0.0,25.09,90.6,1009.394,12.869421005249023,8.417686462402344,0.0,0.0,0.0,0.0,0.0,0.0,0.0,0.0,0.0,0.0,0.0,0.0,0.0,0.0,24.641111111111112,93.79444444444442,1.444277777777778,30.799999999999983,26.369966447353363,8.501707375049591,0.0,0.0,0.16000000000000014,2.1000000000000085,40.41941833496094,37.19975662231445,25.65135383605957,8.603550910949707,0.0,0.0,0.0,0.0,0.0,0.0,0.0,0.0,0.0,8,3,5,450,600,,3000,,9000,,,,,,,,,,5,2.0,2.0,0.6915319036165608,0.6915319036165608,760.6850939782169,0.0,0.0,0.0,0.0,2340.675,1.8432499999999994,-3.0790173839167476,0.6882419266060928,3.2663612365722656,18.034425735473633,30.81635856628418,0.2931985855102539,17.31581312417984,0.2091776728630066,0.0,0.0,0.0,1.8000000000000007,0.0,2172.002351149422,8,1,0,450,,9.0,0.0,0.0,0.0
2021-01-03 09:30:00,2021-01-03 10:30:00,0.0,0.0,0.0,0.7071067811865476,-0.7071067811865475,0.49999999999999994,0.8660254037844387,1,1,0.0,0.0,0.0,0.0,,45.935041233612004,1,1.0,23.56,23.4,23.9,96.7,1010.79,4.411,7.865494,279.9,4.4,80.9,43.20458221435547,8.722392082214355,249.2220001220703,35.67166519165039,0,0,0,0,1,25.8,24.0,90.0,2.0,70.0,5.0,,,0.0,0.0,0.0,0.0,0.0,0.0,0.0,25.6,90.6,1009.456,15.282230377197266,8.53259563446045,0.0,0.0,0.0,0.0,0.0,0.0,0.0,0.0,0.0,0.0,0.0,0.0,0.0,0.0,24.576666666666668,93.6611111111111,1.5894444444444444,30.399999999999984,27.36023796305937,8.514688828412224,0.0,0.0,-2.0400000000000027,6.1000000000000085,43.6857795715332,40.41941833496094,37.19975662231445,8.600408554077148,0.0,0.0,0.0,0.0,0.0,0.0,0.0,0.0,0.0,8,3,5,450,600,,3000,,9000,,,,,,,,,,5,2.0,2.0,0.7185517731925379,0.7185517731925379,790.4069505117917,0.0,0.0,0.0,0.0,2278.252,0.7774799999999993,-4.3453172376687075,0.7583792613324742,-0.4811973571777344,6.004825592041016,27.922351837158203,0.18979644775390625,15.8443442512961,0.20770325380213173,0.0,0.0,0.0,0.5,0.0,2173.812000578371,8,1,0,450,,9.0,0.0,0.0,0.0
2021-01-03 09:40:00,2021-01-03 10:40:00,0.0,0.0,0.0,0.7071067811865476,-0.7071067811865475,0.49999999999999994,0.8660254037844387,1,1,0.0,0.0,0.0,0.0,,48.09513353658659,1,1.0,23.55,23.4,23.8,97.8,1010.715,4.538,10.06074,275.7,5.0,109.1,,,,,,0,0,0,0,25.8,24.0,90.0,2.0,70.0,5.0,,,0.0,0.0,0.0,0.0,0.0,0.0,0.0,25.8,90.6,1009.625,20.06816673278809,8.528092384338379,0.0,0.0,0.0,0.0,0.0,0.0,0.0,0.0,0.0,0.0,0.0,0.0,0.0,0.0,24.55777777777778,93.79444444444444,1.6372777777777778,29.599999999999994,27.36023796305937,8.514688828412224,0.0,0.0,-2.25,7.200000000000003,43.20458221435547,43.6857795715332,40.41941833496094,8.736433982849121,0.0,0.0,0.0,0.0,0.0,0.0,0.0,0.0,0.0,8,3,5,450,600,,3000,,9000,,,,,,,,,,5,2.0,2.0,0.7442548206477524,0.7442548206477524,818.6803027125276,0.0,0.0,0.0,0.0,2303.19,0.5181000000000007,-4.515562176484045,0.4507130243366332,,,,,,,0.0,0.0,0.0,0.40000000000000213,,,8,1,0,450,,9.0,0.0,0.0,0.0
2021-01-03 09:50:00,2021-01-03 10:50:00,0.0,0.0,0.0,0.7071067811865476,-0.7071067811865475,0.49999999999999994,0.8660254037844387,1,1,0.0,0.0,0.0,0.0,,50.22763160925253,1,1.0,23.62,23.5,23.7,97.4,1010.63,5.218,8.840094,267.5,5.4,131.7,50.90966796875,8.520491600036621,250.47999572753903,39.62933349609375,0,0,0,0,1,25.8,24.0,90.0,2.0,70.0,5.0,,,0.0,0.0,0.0,0.0,0.0,0.0,0.0,25.64,89.9,1010.013,25.65135383605957,8.603550910949707,0.0,0.0,0.0,0.0,0.0,0.0,0.0,0.0,0.0,0.0,0.0,0.0,0.0,0.0,24.575555555555557,93.86111111111113,1.849888888888889,28.4,28.884592000175925,8.493564100826488,0.0,0.0,-2.0199999999999996,7.5,,43.20458221435547,43.6857795715332,8.710885047912598,0.0,0.0,0.0,0.0,0.0,0.0,0.0,0.0,0.0,8,3,5,450,600,,3000,,9000,,,,,,,,,,5,2.0,2.0,0.7685921351807192,0.7685921351807192,845.4513486987911,0.0,0.0,0.0,0.0,2300.588,0.6141199999999987,-5.213033620214134,-0.22760596327232394,,7.223888397216797,25.25831413269043,-0.08305931091308594,22.025075968574075,0.026927499210133377,0.0,0.0,0.0,0.1999999999999993,0.0,2134.212699573705,8,1,0,450,,9.0,0.0,0.0,0.0
2021-01-03 10:00:00,2021-01-03 11:00:00,0.0,0.0,0.0,0.49999999999999994,-0.8660254037844387,0.49999999999999994,0.8660254037844387,1,1,0.0,0.0,0.0,0.0,,52.32754218409493,1,1.0,23.59,23.5,23.7,96.8,1010.573,4.111,7.465743,274.3,5.8,146.1,48.3797492980957,8.304760932922363,252.08116149902344,42.73733139038086,0,0,0,0,1,23.8,23.0,95.0,11.0,280.0,5.0,,,0.0,0.0,0.0,0.0,0.0,0.0,0.0,25.75,90.0,1010.033,37.19975662231445,8.600408554077148,0.0,0.0,0.0,0.0,0.0,0.0,0.0,0.0,0.0,0.0,0.0,0.0,0.0,0.0,24.585555555555555,93.87222222222223,2.044611111111111,27.599999999999998,30.275341987609863,8.463727502261891,0.0,0.0,-2.16,6.799999999999997,50.90966796875,,43.20458221435547,8.722392082214355,0.0,0.0,0.0,0.0,0.0,0.0,0.0,0.0,0.0,8,4,5,450,600,,3000,,9000,,,,,,,,,,60,6.0,2.0,0.7915174036867957,0.7915174036867957,870.6691440554753,0.0,0.0,0.0,0.0,2283.5119999999997,0.7548800000000007,-4.099428083921751,0.3082375459830351,-2.529918670654297,5.175167083740234,11.17999267578125,-0.29564762115478516,18.10440731048584,-0.1589665693395279,0.0,0.0,0.0,0.1999999999999993,0.0,2093.473781942783,8,1,0,450,,68.0,0.0,0.0,0.0
2021-01-03 10:10:00,2021-01-03 11:10:00,0.0,0.0,0.0,0.49999999999999994,-0.8660254037844387,0.49999999999999994,0.8660254037844387,1,1,0.0,0.0,0.0,0.0,,54.38880442347431,1,1.0,23.81,23.7,24.0,97.4,1010.385,2.666,5.967458,277.8,6.2,162.6,42.5655403137207,8.149478912353516,253.3505706787109,44.6690559387207,0,0,0,0,1,23.8,23.0,95.0,11.0,280.0,5.0,,,0.0,0.0,0.0,0.0,0.0,0.0,0.0,25.86,89.1,1010.109,40.41941833496094,8.736433982849121,0.0,0.0,0.0,0.0,0.0,0.0,0.0,0.0,0.0,0.0,0.0,0.0,0.0,0.0,24.598333333333336,93.91111111111111,2.1808888888888887,33.8,31.154089591082403,8.437454167534323,0.0,0.0,-2.0500000000000007,8.300000000000011,48.3797492980957,50.90966796875,,,0.0,0.0,0.0,0.0,0.0,0.0,0.0,0.0,0.0,8,4,5,450,600,,3000,,9000,,,,,,,,,,60,6.0,2.0,0.8129869988877874,0.8129869988877874,894.285698776566,0.0,0.0,0.0,0.0,2319.094,0.6190599999999986,-2.6413337426968684,0.361817716109856,-5.814208984375,,2.1461219787597656,-0.5869550704956055,11.4114507226383,-0.28797525518080747,0.0,0.0,0.0,0.3000000000000007,0.0,2064.6751331788832,8,1,0,450,,68.0,0.0,0.0,0.0
2021-01-03 10:20:00,2021-01-03 11:20:00,0.0,0.0,0.0,0.49999999999999994,-0.8660254037844387,0.49999999999999994,0.8660254037844387,1,1,0.0,0.0,0.0,0.0,,56.404019638057605,1,1.0,24.13,24.0,24.3,97.7,1010.25,1.746,3.362384,290.8,6.6,178.3,33.17545700073242,8.042984008789062,254.26397705078125,45.87948226928711,0,0,0,0,1,23.8,23.0,95.0,11.0,280.0,5.0,,,0.0,0.0,0.0,0.0,0.0,0.0,0.0,25.25,92.7,1010.636,43.6857795715332,8.710885047912598,0.0,0.0,0.0,0.0,0.0,0.0,0.0,0.0,0.0,0.0,0.0,0.0,0.0,0.0,24.610555555555557,93.97777777777779,2.2077777777777774,40.4,31.36410909540513,8.408140350790585,0.0,0.0,-1.120000000000001,5.0,42.5655403137207,48.3797492980957,50.90966796875,8.520491600036621,0.0,0.0,0.0,0.0,0.0,0.0,0.0,0.0,0.0,8,4,5,450,600,,3000,,9000,,,,,,,,,,60,6.0,2.0,0.8329600623529272,0.8329600623529272,916.2560685882199,0.0,0.0,0.0,0.0,2357.5009999999997,0.5549899999999993,-1.632205630987441,0.6200167563646077,-9.390083312988281,-17.734210968017578,-10.510322570800781,-0.6679010391235352,1.8113479053272918,-0.3651563420015229,0.0,0.0,0.0,0.3000000000000007,0.0,2045.0411014305428,8,1,0,450,,68.0,0.0,0.0,0.0
2021-01-03 10:30:00,2021-01-03 11:30:00,0.0,0.0,0.0,0.49999999999999994,-0.8660254037844387,0.49999999999999994,0.8660254037844387,1,1,0.0,0.0,0.0,0.0,,58.36411428865347,1,1.0,24.29,24.2,24.4,96.8,1010.285,1.753,3.71168,288.9,6.6,207.9,21.59892463684082,7.971744060516357,254.7831420898437,47.80353546142578,0,0,0,0,1,23.8,23.0,95.0,11.0,280.0,5.0,,,0.0,0.0,0.0,0.0,0.0,0.0,0.0,23.56,96.7,1010.79,43.20458221435547,8.722392082214355,0.0,0.0,0.0,0.0,0.0,0.0,0.0,0.0,0.0,0.0,0.0,0.0,0.0,0.0,24.62388888888889,94.00000000000001,2.207888888888889,46.800000000000004,30.818993792814368,8.38987813276403,0.0,0.0,0.7300000000000004,0.09999999999999432,33.17545700073242,42.5655403137207,48.3797492980957,8.304760932922363,0.0,0.0,0.0,0.0,0.0,0.0,0.0,0.0,0.0,8,4,5,450,600,,3000,,9000,,,,,,,,,,60,6.0,2.0,0.8513985822532398,0.8513985822532398,936.5384404785639,0.0,0.0,0.0,0.0,2351.272,0.7772800000000006,-1.658487634024687,0.5678272341013554,-11.576532363891602,-26.780824661254883,-21.60565757751465,-0.750648021697998,-9.220069155973547,-0.41813407224767296,0.0,0.0,0.0,0.1999999999999993,0.0,2031.0659996744066,8,1,0,450,,68.0,0.0,0.0,0.0
2021-01-03 10:40:00,2021-01-03 11:40:00,0.0,0.0,0.0,0.49999999999999994,-0.8660254037844387,0.49999999999999994,0.8660254037844387,1,1,0.0,0.0,0.0,0.0,,60.257927791357844,1,1.0,24.38,24.3,24.5,95.9,1010.216,1.995,4.307754,286.4,6.6,322.3,14.956280708312988,7.908157825469971,255.1891632080078,46.19282150268555,0,0,0,0,1,23.8,23.0,95.0,11.0,280.0,5.0,,,0.0,0.0,0.0,0.0,0.0,0.0,0.0,23.55,97.8,1010.715,,,0.0,0.0,0.0,0.0,0.0,0.0,0.0,0.0,0.0,0.0,0.0,0.0,0.0,0.0,24.637777777777778,94.00555555555557,2.2200555555555557,53.00000000000001,29.77537794674144,8.375973196590648,0.0,0.0,0.8299999999999983,-1.8999999999999915,21.59892463684082,33.17545700073242,42.5655403137207,8.149478912353516,0.0,0.0,0.0,0.0,0.0,0.0,0.0,0.0,0.0,8,4,5,450,600,,3000,,9000,,,,,,,,,,60,6.0,2.0,0.8682674657013347,0.8682674657013347,955.0942122714682,0.0,0.0,0.0,0.0,2338.042,0.9995799999999986,-1.913831379207415,0.563271206401538,-6.642643928527832,-27.609259605407715,,,-14.819097238428451,-0.46781537112067717,0.0,0.0,0.0,0.1999999999999993,0.0,2018.0761779985405,8,1,0,450,,68.0,0.0,0.0,0.0
2021-01-03 10:50:00,2021-01-03 11:50:00,0.0,0.0,0.0,0.49999999999999994,-0.8660254037844387,0.49999999999999994,0.8660254037844387,1,1,0.0,0.0,0.0,0.0,,62.07172531834168,1,1.0,24.83,24.5,25.2,94.5,1010.01,1.974,3.589858,297.7,6.6,483.7,12.605619430541992,7.979570865631103,254.6719665527344,45.01904678344727,0,0,0,0,1,23.8,23.0,95.0,11.0,280.0,5.0,,,0.0,0.0,0.0,0.0,0.0,0.0,0.0,23.62,97.4,1010.63,50.90966796875,8.520491600036621,0.0,0.0,0.0,0.0,0.0,0.0,0.0,0.0,0.0,0.0,0.0,0.0,0.0,0.0,24.674444444444443,93.95,2.2988888888888885,59.20000000000001,28.964139826157513,8.362679790048038,0.0,0.0,1.2099999999999973,-2.9000000000000057,14.956280708312988,21.59892463684082,33.17545700073242,8.042984008789062,0.0,0.0,0.0,0.0,0.0,0.0,0.0,0.0,0.0,8,4,5,450,600,,3000,,9000,,,,,,,,,,60,6.0,2.0,0.8835346055389437,0.8835346055389437,971.888066092838,0.0,0.0,0.0,0.0,2346.435,1.36565,-1.747767017239217,0.917598198260399,-2.350661277770996,-20.56983757019043,-38.30404853820801,-0.5409207344055185,-16.35852039561552,-0.383108924416935,0.0,0.0,0.0,0.6999999999999993,0.0,2032.173004597178,8,1,0,450,,68.0,0.0,0.0,0.0
2021-01-03 11:00:00,2021-01-03 12:00:00,0.0,0.0,0.0,0.258819045102521,-0.9659258262890682,0.49999999999999994,0.8660254037844387,1,1,0.0,0.0,0.0,0.0,,63.788656410787574,1,1.0,25.48,25.2,25.7,91.5,1009.82,2.403,5.570817,283.6,6.6,609.1,10.82491683959961,8.256392478942871,253.29283142089844,45.38536071777344,0,0,0,0,1,25.6,23.8,90.0,6.0,280.0,5.0,,,0.0,0.0,0.0,0.0,0.0,0.0,0.0,23.59,96.8,1010.573,48.3797492980957,8.304760932922363,0.0,0.0,0.0,0.0,0.0,0.0,0.0,0.0,0.0,0.0,0.0,0.0,0.0,0.0,24.725555555555555,93.8388888888889,2.386944444444444,65.4,28.639645408181583,8.367431107689352,0.0,0.0,1.8900000000000006,-5.299999999999997,12.605619430541992,14.956280708312988,21.59892463684082,7.971744060516357,0.0,0.0,0.0,0.0,0.0,0.0,0.0,0.0,0.0,8,4,4,450,600,,3000,,9000,,,,,,,,,,61,6.0,6.0,0.8971709414451099,0.8971709414451099,986.8880355896209,0.0,0.0,0.0,0.0,2331.42,2.1658,-2.3356222843902463,0.5650464977855241,-1.7807025909423828,-10.774007797241211,-37.554832458496094,-0.04836845397949219,-17.814728568581973,-0.1110386287464813,0.0,0.0,0.0,0.5,0.0,2091.2850283136504,8,1,0,450,,73.0,0.0,0.0,0.0
2021-01-03 11:10:00,2021-01-03 12:10:00,0.0,0.0,0.0,0.258819045102521,-0.9659258262890682,0.49999999999999994,0.8660254037844387,1,1,0.0,0.0,0.0,0.0,,65.38822174171801,1,1.0,26.11,25.8,26.3,88.1,1009.66,2.281,4.348484,293.8,6.6,665.3,9.71487522125244,8.463916778564453,251.714111328125,43.82615280151367,0,0,0,1,0,25.6,23.8,90.0,6.0,280.0,5.0,,,0.0,0.0,0.0,0.0,0.0,0.0,0.0,23.81,97.4,1010.385,42.5655403137207,8.149478912353516,0.0,0.0,0.0,0.0,0.0,0.0,0.0,0.0,0.0,0.0,0.0,0.0,0.0,0.0,24.796666666666667,93.5611111111111,2.431777777777777,71.6,28.41833765366498,8.379384854260612,0.0,0.0,2.3000000000000007,-9.300000000000011,10.82491683959961,12.605619430541992,14.956280708312988,7.908157825469971,0.0,0.0,0.0,0.0,0.0,0.0,0.0,0.0,0.0,8,4,4,450,600,,3000,,9000,,,,,,,,,,61,6.0,6.0,0.9091505152487142,0.9091505152487142,1000.0655667735856,0.0,0.0,0.0,0.0,2300.2909999999997,3.1070900000000012,-2.087023002365451,0.9204868209798012,-1.1100416183471697,-5.241405487060549,-32.85066509246826,0.3144378662109375,-18.703462432412543,0.08453192430384071,0.0,0.0,0.0,0.5,0.0,2130.487290271558,8,1,0,450,,73.0,0.0,0.0,0.0
2021-01-03 11:20:00,2021-01-03 12:20:00,0.0,0.0,0.0,0.258819045102521,-0.9659258262890682,0.49999999999999994,0.8660254037844387,1,1,0.0,0.0,0.0,0.0,,66.84588350197335,1,1.0,26.6,26.3,27.0,86.4,1009.483,2.162,5.373289,273.7,6.6,590.8,9.1223726272583,8.42641544342041,252.07948303222656,42.58123779296875,0,0,0,1,0,25.6,23.8,90.0,6.0,280.0,5.0,,,0.0,0.0,0.0,0.0,0.0,0.0,0.0,24.13,97.7,1010.25,33.17545700073242,8.042984008789062,0.0,0.0,0.0,0.0,0.0,0.0,0.0,0.0,0.0,0.0,0.0,0.0,0.0,0.0,24.88055555555556,93.32777777777778,2.459444444444444,77.8,28.19792304319494,8.379898323732263,0.0,0.0,2.4700000000000024,-11.299999999999997,9.71487522125244,10.82491683959961,12.605619430541992,7.979570865631103,0.0,0.0,0.0,0.0,0.0,0.0,0.0,0.0,0.0,8,4,4,450,600,,3000,,9000,,,,,,,,,,61,6.0,6.0,0.9194505203400642,0.9194505203400642,1011.3955723740706,0.0,0.0,0.0,0.0,2298.2400000000002,3.6175999999999986,-2.157493566704451,0.13951885044289372,-0.5925025939941388,-3.4832468032836914,-24.05308437347412,0.38343143463134766,-19.07555041593664,0.04651711968814709,0.0,0.0,0.0,0.6999999999999993,0.0,2124.126448792187,8,1,0,450,,73.0,0.0,0.0,0.0
2021-01-03 11:30:00,2021-01-03 12:30:00,0.0,0.0,0.0,0.258819045102521,-0.9659258262890682,0.49999999999999994,0.8660254037844387,1,1,0.0,0.0,0.0,0.0,,68.13306454158278,1,1.0,26.86,26.8,27.0,84.0,1009.295,2.769,5.268361,314.4,6.6,567.7,8.675546646118164,8.556890487670898,251.06480407714844,40.10767364501953,0,0,0,1,0,25.6,23.8,90.0,6.0,280.0,5.0,,,0.0,0.0,0.0,0.0,0.0,0.0,0.0,24.29,96.8,1010.285,21.59892463684082,7.971744060516357,0.0,0.0,0.0,0.0,0.0,0.0,0.0,0.0,0.0,0.0,0.0,0.0,0.0,0.0,24.950555555555564,92.96111111111111,2.516944444444444,83.99999999999999,27.80929458842558,8.381327432744643,0.0,0.0,2.5700000000000003,-12.799999999999997,9.1223726272583,9.71487522125244,10.82491683959961,8.256392478942871,0.0,0.0,0.0,0.0,0.0,0.0,0.0,0.0,0.0,8,4,4,450,600,,3000,,9000,,,,,,,,,,61,6.0,6.0,0.9280513450874872,0.9280513450874872,1020.8564795962359,0.0,0.0,0.0,0.0,2256.24,4.2976,-1.9783748499032334,1.937367789881508,-0.4468259811401367,-2.1493701934814453,-12.923377990722656,0.585146427154541,-19.133747942307416,0.1755630549262559,0.0,0.0,0.0,0.1999999999999993,0.0,2148.3340337967093,8,1,0,450,,73.0,0.0,0.0,0.0
2021-01-03 11:40:00,2021-01-03 12:40:00,0.0,0.0,0.0,0.258819045102521,-0.9659258262890682,0.49999999999999994,0.8660254037844387,1,1,0.0,0.0,0.0,0.0,,69.21790630402407,1,1.0,27.2,27.0,27.4,83.1,1009.153,2.201,4.410824,264.8,6.6,588.0,8.060598373413086,8.858111381530762,248.83018493652344,39.62959289550781,0,0,0,1,0,25.6,23.8,90.0,6.0,280.0,5.0,,,0.0,0.0,0.0,0.0,0.0,0.0,0.0,24.38,95.9,1010.216,14.956280708312988,7.908157825469971,0.0,0.0,0.0,0.0,0.0,0.0,0.0,0.0,0.0,0.0,0.0,0.0,0.0,0.0,25.028333333333336,92.54444444444444,2.577,90.19999999999999,27.10296703787411,8.400740314932431,0.0,0.0,2.8200000000000003,-12.800000000000011,8.675546646118164,9.1223726272583,9.71487522125244,8.463916778564453,0.0,0.0,0.0,0.0,0.0,0.0,0.0,0.0,0.0,8,4,4,450,600,,3000,,9000,,,,,,,,,,61,6.0,6.0,0.9349366101762779,0.9349366101762779,1028.4302711939058,0.0,0.0,0.0,0.0,2260.3199999999997,4.596800000000001,-2.191941561353751,-0.19948230901531383,-0.6149482727050781,-1.6542768478393537,-6.895682334899902,0.949953556060791,-19.042368664461023,0.4573710665983306,0.0,0.0,0.0,0.3999999999999986,0.0,2204.1654932546226,8,1,0,450,,73.0,0.0,0.0,0.0
2021-01-03 11:50:00,2021-01-03 12:50:00,0.0,0.0,0.0,0.258819045102521,-0.9659258262890682,0.49999999999999994,0.8660254037844387,1,1,0.0,0.0,0.0,0.0,,70.06721399157998,1,1.0,27.33,27.2,27.4,82.36,1009.102,2.262,5.243913,258.8,6.6,717.9,7.492155075073242,9.05107879638672,247.23179626464844,39.96912384033203,0,0,0,1,0,25.6,23.8,90.0,6.0,280.0,5.0,,,0.0,0.0,0.0,0.0,0.0,0.0,0.0,24.83,94.5,1010.01,12.605619430541992,7.979570865631103,0.0,0.0,0.0,0.0,0.0,0.0,0.0,0.0,0.0,0.0,0.0,0.0,0.0,0.0,25.122222222222224,92.12555555555554,2.657888888888889,96.39999999999999,26.03477887546315,8.42706548466402,0.0,0.0,2.5,-12.14,8.060598373413086,8.675546646118164,9.1223726272583,8.42641544342041,0.0,0.0,0.0,0.0,0.0,0.0,0.0,0.0,0.0,8,4,4,450,600,,3000,,9000,,,,,,,,,,61,6.0,6.0,0.9400931997989075,0.9400931997989075,1034.1025197787983,0.0,0.0,0.0,0.0,2250.8988,4.821012,-2.2189205613998717,-0.43935810245957563,-0.5684432983398438,-1.6302175521850586,-5.11346435546875,1.071507930755618,-18.542623800389908,0.6240133117227007,0.0,0.0,0.0,0.1999999999999993,0.0,2237.714468963561,8,1,0,450,,73.0,0.0,0.0,0.0
2021-01-03 12:00:00,2021-01-03 13:00:00,0.5,0.5,0.0004817594245910514,1.2246467991473532e-16,-1.0,0.49999999999999994,0.8660254037844387,1,1,0.0,0.0,0.0,0.0,,70.64984827990234,1,1.0,27.79,27.4,27.9,79.83,1009.038,2.11,4.041846,286.2,6.6,761.5,7.468347549438477,9.099843978881836,246.83448791503903,39.6208610534668,0,0,0,1,0,27.5,23.9,81.0,6.0,290.0,5.0,,,0.0,0.0,0.0,0.0,0.0,0.0,0.0,25.48,91.5,1009.82,10.82491683959961,8.256392478942871,0.0,0.0,0.0,0.0,0.0,0.0,0.0,0.0,0.0,0.0,0.0,0.0,0.0,0.0,25.23555555555556,91.56055555555554,2.721333333333333,102.59999999999998,24.28587245941162,8.456444039064294,0.0,0.0,2.3099999999999987,-11.670000000000002,7.492155075073242,8.060598373413086,8.675546646118164,8.556890487670898,0.0,0.0,0.0,0.0,0.0,0.0,0.0,0.0,0.0,7,3,4,450,600,,3000,,9000,,,,,,,,,,21,2.0,2.0,0.9435112866371055,0.9435112866371055,1037.862415300816,0.0,0.0,0.0,0.0,2218.4757,5.605243000000001,-2.0262196767783496,0.5886712337427736,-0.023807525634765625,-1.2071990966796875,-3.356569290161133,0.8434514999389648,-16.817524909973145,0.6433999398175416,0.0,0.0,0.0,0.5,0.0,2246.155328634049,7,1,0,450,,25.0,0.0,0.0,0.0
2021-01-03 12:10:00,2021-01-03 13:10:00,3.9,3.9,0.0037510719927261603,1.2246467991473532e-16,-1.0,0.49999999999999994,0.8660254037844387,1,1,0.0,0.0,0.0,0.0,,70.94126813798762,1,1.0,27.99,27.8,28.2,78.83,1008.924,2.096,4.024464,282.2,6.6,1160.0,7.135262966156006,9.259535789489746,245.7679748535156,39.697975158691406,0,0,0,1,0,27.5,23.9,81.0,6.0,290.0,5.0,,,0.0,0.0,0.0,0.0,0.0,0.0,0.0,26.11,88.1,1009.66,9.71487522125244,8.463916778564453,0.0,0.0,0.0,0.0,0.0,0.0,0.0,0.0,0.0,0.0,0.0,0.0,0.0,0.0,25.353888888888893,90.98999999999998,2.7695,108.79999999999997,22.32798096712898,8.487214733572568,0.0,0.0,1.879999999999999,-9.269999999999996,7.468347549438477,7.492155075073242,8.060598373413086,8.858111381530762,0.0,0.0,0.0,0.0,0.0,0.0,0.0,0.0,0.0,7,3,4,450,600,,3000,,9000,,,,,,,,,,21,2.0,2.0,0.9451843505882225,0.9451843505882225,1039.7027856470447,0.0,0.0,0.0,0.0,2206.4516999999996,5.925483000000001,-2.048663714423657,0.4429367733704944,-0.3330845832824707,-0.9253354072570801,-2.5796122550964338,0.795619010925293,-15.192718000972974,0.7723210559171783,0.0,0.0,0.0,0.3999999999999986,0.0,2275.6973590665434,7,1,0,450,,25.0,0.0,0.0,0.0
2021-01-03 12:20:00,2021-01-03 13:20:00,11.6,11.6,0.011157921903248914,1.2246467991473532e-16,-1.0,0.49999999999999994,0.8660254037844387,1,1,0.0,0.0,0.0,0.0,,70.92808470229663,1,1.0,29.04,28.3,29.6,75.18,1008.75,2.073,4.507696,233.8,6.6,1152.0,,,,,,0,0,0,0,27.5,23.9,81.0,6.0,290.0,5.0,,,0.0,0.0,0.0,0.0,0.0,0.0,0.0,26.6,86.4,1009.483,9.1223726272583,8.42641544342041,0.0,0.0,0.0,0.0,0.0,0.0,0.0,0.0,0.0,0.0,0.0,0.0,0.0,0.0,25.564444444444447,90.01666666666665,2.709388888888889,112.59999999999997,20.993118554353714,8.473235338926315,0.0,0.0,2.4399999999999977,-11.219999999999999,7.135262966156006,7.468347549438477,7.492155075073242,9.05107879638672,0.0,0.0,0.0,0.0,0.0,0.0,0.0,0.0,0.0,7,3,4,450,600,,3000,,9000,,,,,,,,,,21,2.0,2.0,0.945109191200197,0.945109191200197,1039.6201103202168,0.0,0.0,0.0,0.0,2183.2272000000003,7.207727999999998,-1.6728287270741014,-1.2243255489761051,,,,,,,0.0,0.0,0.0,1.3000000000000007,,,7,1,0,450,,25.0,0.0,0.0,0.0
2021-01-03 12:30:00,2021-01-03 13:30:00,0.0,0.0,0.0,1.2246467991473532e-16,-1.0,0.49999999999999994,0.8660254037844387,1,1,0.0,0.0,0.0,0.0,,70.61091765286342,1,1.0,29.17,28.7,29.6,70.85,1008.656,2.156,4.311473,289.5,6.6,1110.0,,,,,,0,0,0,0,27.5,23.9,81.0,6.0,290.0,5.0,,,0.0,0.0,0.0,0.0,0.0,0.0,0.0,26.86,84.0,1009.295,8.675546646118164,8.556890487670898,0.0,0.0,0.0,0.0,0.0,0.0,0.0,0.0,0.0,0.0,0.0,0.0,0.0,0.0,25.876111111111115,88.58055555555553,2.584111111111111,114.79999999999997,19.512354310353597,8.45662488937378,0.0,0.0,2.3100000000000023,-13.150000000000006,,7.135262966156006,7.468347549438477,9.099843978881836,0.0,0.0,0.0,0.0,0.0,0.0,0.0,0.0,0.0,7,3,4,450,600,,3000,,9000,,,,,,,,,,21,2.0,2.0,0.9432859337914056,0.9432859337914056,1037.6145271705461,0.0,0.0,0.0,0.0,2066.6945,8.503055000000002,-2.032335054794737,0.7196875885080101,,,,,,,0.0,0.0,0.0,0.9000000000000021,,,7,1,0,450,,25.0,0.0,0.0,0.0
2021-01-03 12:40:00,2021-01-03 13:40:00,10.2,10.2,0.009867563443674858,1.2246467991473532e-16,-1.0,0.49999999999999994,0.8660254037844387,1,1,0.0,0.0,0.0,0.0,,70.00425690131246,1,1.0,29.1,28.9,29.6,69.37,1008.572,1.915,3.880977,281.9,6.6,885.0,,,,,,0,0,0,0,27.5,23.9,81.0,6.0,290.0,5.0,,,0.0,0.0,0.0,0.0,0.0,0.0,0.0,27.2,83.1,1009.153,8.060598373413086,8.858111381530762,0.0,0.0,0.0,0.0,0.0,0.0,0.0,0.0,0.0,0.0,0.0,0.0,0.0,0.0,26.184444444444445,87.00111111111109,2.438388888888889,116.39999999999996,19.512354310353597,8.45662488937378,0.0,0.0,1.9000000000000021,-13.72999999999999,,,7.135262966156006,9.259535789489746,0.0,0.0,0.0,0.0,0.0,0.0,0.0,0.0,0.0,7,3,4,450,600,,3000,,9000,,,,,,,,,,21,2.0,2.0,0.9397180292436956,0.9397180292436956,1033.689832168065,0.0,0.0,0.0,0.0,2018.6670000000001,8.913329999999998,-1.873844706469906,0.3948810150345445,,,,,,,0.0,0.0,0.0,0.7000000000000028,,,7,1,0,450,,25.0,0.0,0.0,0.0
2021-01-03 12:50:00,2021-01-03 13:50:00,32.4,32.4,0.03152200277161362,1.2246467991473532e-16,-1.0,0.49999999999999994,0.8660254037844387,1,1,0.0,0.0,0.0,0.0,,69.13339598684298,1,1.0,29.5,29.2,29.8,69.16,1008.385,1.944,4.157582,262.7,6.6,774.9,,,,,,0,0,0,0,27.5,23.9,81.0,6.0,290.0,5.0,,,0.0,0.0,0.0,0.0,0.0,0.0,0.0,27.33,82.36,1009.102,7.492155075073242,9.05107879638672,0.0,0.0,0.0,0.0,0.0,0.0,0.0,0.0,0.0,0.0,0.0,0.0,0.0,0.0,26.51111111111111,85.43222222222222,2.2565,117.59999999999997,17.269689049039567,8.452062981469291,0.0,0.0,2.1700000000000017,-13.200000000000003,,,,,0.0,0.0,0.0,0.0,0.0,0.0,0.0,0.0,0.0,7,3,4,450,600,,3000,,9000,,,,,,,,,,21,2.0,2.0,0.9344122474689339,0.9344122474689339,1027.8534722158274,0.0,0.0,0.0,0.0,2040.2199999999998,9.097800000000001,-1.9282427963950175,-0.24701359912102577,,,,,,,0.0,0.0,0.0,0.6000000000000014,,,7,1,0,450,,25.0,0.0,0.0,0.0
2021-01-03 13:00:00,2021-01-03 14:00:00,28.6,28.1,0.028036012681287525,-0.2588190451025208,-0.9659258262890683,0.49999999999999994,0.8660254037844387,1,1,0.5,0.0,0.0,0.5,,68.02981523513918,1,1.0,29.3,29.2,29.4,69.27,1008.27,1.698,3.44951,248.0,6.6,556.1,,,,,,0,0,0,0,28.9,23.4,72.0,4.0,220.0,5.0,,,0.0,0.0,0.0,0.0,0.0,0.0,0.0,27.79,79.83,1009.038,7.468347549438477,9.099843978881836,0.16666666666666666,0.0,0.5,0.2886751345948129,0.08333333333333333,0.0,0.5,0.2041241452319315,0.027777777777777776,0.0,0.5,0.11785113019775792,0.0,0.0,26.828333333333333,83.90277777777779,2.122444444444445,118.39999999999996,14.876607491419865,8.463393908280592,0.5,0.5,1.5100000000000016,-10.560000000000002,,,,,0.0,0.0,0.0,0.0,0.0,0.0,0.00016338002728023035,8.169001364011517e-05,0.0002829825081913482,7,3,4,450,600,,3000,,9000,,,,,,,,,,5,6.0,2.0,0.9273786645614392,0.9273786645614392,1020.1165310175832,0.000490140081840691,0.0008991188635137565,0.0,0.0,2029.6109999999999,9.003890000000002,-1.5743581850544048,-0.636081995620219,,,,,,,0.5,0.5,0.025,0.1999999999999993,,,7,1,0,450,,13.0,8.589238006271219e-05,0.00013282613297214356,2.8112335261484994e-05
2021-01-03 13:10:00,2021-01-03 14:10:00,41.1,37.2,0.04067318744642005,-0.2588190451025208,-0.9659258262890683,0.49999999999999994,0.8660254037844387,1,1,3.9,3.4,0.0,1.4,,66.72670532086786,1,1.0,29.37,29.3,29.5,68.82,1008.164,2.341,4.40745,284.6,6.6,520.6,,,,,,0,0,0,0,28.9,23.4,72.0,4.0,220.0,5.0,,,0.5,0.0,0.0,0.0,0.0,0.0,0.0,27.99,78.83,1008.924,7.135262966156006,9.259535789489746,1.4666666666666668,0.0,3.9,2.122105872319601,0.7333333333333334,0.0,3.9,1.564182427553342,0.24444444444444446,0.0,3.9,0.9198607453575096,0.18888888888888888,0.0,27.137222222222228,82.315,2.104388888888889,118.79999999999995,12.569196422894796,8.489553491274515,3.4,3.9,1.3800000000000026,-10.010000000000005,,,,,0.0,0.0,0.000490140081840691,0.0,0.0,0.0,0.001449879873517361,0.0007249399367586805,0.0021011329141974915,7,3,4,450,600,,3000,,9000,,,,,,,,,,5,6.0,2.0,0.9186306436606806,0.9186306436606806,1010.4937080267487,0.003859499538711391,0.00749135612754514,0.16999999999999998,0.0,2021.2433999999998,9.157566000000003,-2.265407168098295,0.590094367647129,,,,,,,3.9,3.9,0.195,0.1999999999999993,,,7,1,0,450,,13.0,0.0010805882287267794,0.0010220301605900158,0.00029255512430561415
2021-01-03 13:20:00,2021-01-03 14:20:00,51.8,40.199999999999996,0.05185168106224266,-0.2588190451025208,-0.9659258262890683,0.49999999999999994,0.8660254037844387,1,1,11.6,11.3,0.0,3.4,,65.25569868338678,1,1.0,29.28,29.0,29.4,69.62,1007.954,1.536,3.407534,287.5,6.6,626.5,,,,,,0,0,0,0,28.9,23.4,72.0,4.0,220.0,5.0,,,3.9,0.0,0.0,0.0,0.0,0.0,0.0,29.04,75.18,1008.75,,,5.333333333333333,0.5,11.6,5.6871199506721615,2.6666666666666665,0.0,11.6,4.6336450734455985,0.8888888888888888,0.0,11.6,2.826323508582023,0.8166666666666668,0.0,27.42333333333334,80.75499999999998,2.0927222222222226,118.79999999999995,10.695900006727738,8.530150716955012,7.699999999999999,11.6,0.240000000000002,-5.560000000000002,,,,,0.5,0.0,0.003859499538711391,0.000490140081840691,0.0,0.0,0.0053204043286139814,0.0026602021643069907,0.005702828392422746,7,3,4,450,600,,3000,,9000,,,,,,,,,,5,6.0,2.0,0.9081848095605859,0.9081848095605859,999.0032905166445,0.011611573365289863,0.01851556264964086,0.5650000000000001,0.0,2038.4736000000003,8.895264,-1.4649092363492764,0.46188410803856406,,,,,,,11.6,11.6,0.58,0.3999999999999986,,,7,1,0,450,,13.0,0.005522114773803244,0.0029395745967455557,0.0015682653786016523
2021-01-03 13:30:00,2021-01-03 14:30:00,68.7,68.7,0.0696989873030269,-0.2588190451025208,-0.9659258262890683,0.49999999999999994,0.8660254037844387,1,1,0.0,0.0,0.0,0.0,,63.64504098019655,1,1.0,29.57,29.2,29.9,67.2,1007.785,1.935,3.688584,291.7,6.6,671.8,,,,,,0,0,0,0,28.9,23.4,72.0,4.0,220.0,5.0,,,11.6,0.5,0.0,0.0,0.0,0.0,0.0,29.17,70.85,1008.656,,,5.166666666666667,0.0,11.6,5.902824182824128,2.6666666666666665,0.0,11.6,4.6336450734455985,0.8888888888888888,0.0,11.6,2.826323508582023,0.8166666666666668,0.0,27.71666666666667,79.11055555555555,2.1028333333333333,118.79999999999995,9.605597543716431,8.585991382598877,-11.6,0.0,0.3999999999999986,-3.6499999999999915,,,,,3.9,0.0,0.011611573365289863,0.003859499538711391,0.000490140081840691,0.0,0.005157024301333752,0.0026602021643069907,0.00591352998526184,7,3,4,450,600,,3000,,9000,,,,,,,,,,5,6.0,2.0,0.8960610171137044,0.8960610171137044,985.6671188250749,0.0,0.0,0.0,0.0,1987.104,9.69896,-1.797871525918399,0.7154599753248585,,,,,,,11.6,11.6,0.0,0.6999999999999993,,,7,1,0,450,,13.0,0.012169643942372316,0.0011595790104512054,0.0041518200141888876
2021-01-03 13:40:00,2021-01-03 14:40:00,102.6,92.39999999999999,0.10571755304007435,-0.2588190451025208,-0.9659258262890683,0.49999999999999994,0.8660254037844387,1,1,10.2,10.3,0.0,1.4,,61.9189151034946,1,1.0,29.71,29.3,29.9,66.8,1007.622,1.712,3.428781,279.2,6.6,585.2,,,,,,0,0,0,0,28.9,23.4,72.0,4.0,220.0,5.0,,,0.0,3.9,0.0,0.0,0.0,0.0,0.0,29.1,69.37,1008.572,,,7.266666666666666,0.0,11.6,6.331929669013494,4.366666666666666,0.0,11.6,5.284947177282538,1.4555555555555555,0.0,11.6,3.5639076739580013,1.3888888888888888,0.0,28.012777777777778,77.4938888888889,2.0871111111111116,118.79999999999995,9.011077192094591,8.661306222279867,10.2,10.2,0.6099999999999994,-2.5700000000000074,,,,,11.6,0.0,0.0,0.011611573365289863,0.003859499538711391,0.0,0.007373835179621501,0.004411857526569431,0.006409640182645878,7,3,4,450,600,,3000,,9000,,,,,,,,,,5,6.0,2.0,0.8822823134902714,0.8822823134902714,970.5105448392985,0.010509932173574642,0.01742993848257006,0.515,0.0,1984.628,9.86372,-1.6899772858049555,0.2737165933284206,,,,,,,11.6,11.6,0.51,0.5999999999999979,,,7,1,0,450,,13.0,0.01072048330914437,0.003570416611930271,0.0013394363407088971
2021-01-03 13:50:00,2021-01-03 14:50:00,146.2,113.79999999999998,0.15331980632178283,-0.2588190451025208,-0.9659258262890683,0.49999999999999994,0.8660254037844387,1,1,32.4,32.8,0.0,7.7,,60.09748814887453,1,1.0,29.94,29.8,30.2,65.52000000000001,1007.356,1.914,3.301394,283.2,6.6,761.8,,,,,,0,0,0,0,28.9,23.4,72.0,4.0,220.0,5.0,,,10.2,11.6,0.0,0.0,0.0,0.0,0.0,29.5,69.16,1008.385,,,14.199999999999998,0.0,32.4,16.566230711903057,9.766666666666666,0.0,32.4,12.095398574113489,3.255555555555555,0.0,32.4,8.091551310742526,3.211111111111111,0.0,28.296666666666667,75.8838888888889,2.083777777777778,118.79999999999995,8.561759412288666,8.746523141860962,22.2,32.4,0.4400000000000013,-3.6399999999999864,,,,,0.0,0.5,0.010509932173574642,0.0,0.011611573365289863,0.0,0.014829260849526621,0.010074832589070302,0.017395862415664723,7,3,4,450,600,,3000,,9000,,,,,,,,,,5,6.0,2.0,0.8668748943639119,0.8668748943639119,953.562383800303,0.033977850375005225,0.04253084799159885,1.0123456790123457,0.0,1961.6688000000004,10.323311999999996,-1.8634300200992286,0.4370635653917945,,,,,,,32.4,32.4,1.6199999999999999,0.3999999999999986,,,7,1,0,450,,13.0,0.020213851180344668,0.009183870914329711,0.0024952352179182713
2021-01-03 14:00:00,2021-01-03 15:00:00,216.8,188.20000000000002,0.23190765688673662,-0.4999999999999997,-0.8660254037844388,0.49999999999999994,0.8660254037844387,1,1,28.6,28.4,0.0,7.7,,58.197321121430754,1,1.0,30.21,29.9,30.3,64.19,1007.188,1.972,3.233735,288.7,6.6,761.0,,,,,,0,0,0,0,29.7,23.4,69.0,5.0,300.0,6.0,,,32.4,0.0,0.5,0.0,0.0,0.0,0.0,29.3,69.27,1008.27,,,23.73333333333333,10.2,32.4,11.873219164714065,14.449999999999998,0.0,32.4,13.181160798655027,4.844444444444444,0.0,32.4,9.998071709509626,4.788888888888888,0.0,28.55944444444444,74.36666666666666,2.0598333333333336,118.79999999999995,8.238451208387103,8.816541807992119,-3.799999999999997,28.1,0.9100000000000001,-5.079999999999998,,,,,10.2,3.9,0.033977850375005225,0.010509932173574642,0.0,0.000490140081840691,0.02502692226859284,0.015091973284963296,0.012685487011660652,7,3,5,450,600,,3000,,9000,,,,,,,,,,2,2.0,2.0,0.8498680541072778,0.8498680541072778,934.8548595180056,0.03059298425719865,0.03758212877792379,0.9930069930069929,0.0,1939.1799,10.818201000000002,-1.8678986677151688,0.6322488174349535,,,,,,,32.4,32.4,1.405,0.40000000000000213,,,7,1,0,450,,6.0,0.04261466760293406,0.0070008542794220184,0.011511762815767662
2021-01-03 14:10:00,2021-01-03 15:10:00,255.1,214.0,0.27897356965980125,-0.4999999999999997,-0.8660254037844388,0.49999999999999994,0.8660254037844387,1,1,41.1,40.6,0.0,9.7,,56.23190685123839,1,1.0,30.27,30.1,30.4,62.84,1007.031,1.713,3.679335,292.6,6.6,566.2,,,,,,0,0,0,0,29.7,23.4,69.0,5.0,300.0,6.0,,,28.6,10.2,3.9,0.0,0.0,3.4,0.0,29.37,68.82,1008.164,,,34.03333333333333,28.6,41.1,6.408067831517808,20.650000000000002,0.0,41.1,15.728922404284408,7.127777777777776,0.0,41.1,13.053050378475007,7.044444444444443,0.0,28.790555555555557,72.96333333333332,2.028277777777778,118.79999999999995,7.992380539576213,8.875312646230062,12.5,37.2,0.8999999999999986,-5.97999999999999,,,,,32.4,11.6,0.03059298425719865,0.033977850375005225,0.010509932173574642,0.003859499538711391,0.03650572798600946,0.021939781582815482,0.007503159075381156,7,3,5,450,600,,3000,,9000,,,,,,,,,,2,2.0,2.0,0.8312941300923099,0.8312941300923099,914.4235431015409,0.04494634932582451,0.07258919109855175,0.9878345498783455,0.0,1902.1668,11.248331999999998,-1.5814591019145363,0.6582978877162441,,,,,,,41.1,41.1,1.86,0.29999999999999716,,,7,1,0,450,,6.0,0.058438041836124326,0.009887572773911163,0.01267274019320506
2021-01-03 14:20:00,2021-01-03 15:20:00,312.2,260.4,0.34987946992682606,-0.4999999999999997,-0.8660254037844388,0.49999999999999994,0.8660254037844387,1,1,51.8,50.9,0.0,11.1,,54.212208373425,1,1.0,30.0,29.8,30.1,63.59,1006.921,2.087,3.40368,279.3,6.6,578.5,,,,,,0,0,0,0,29.7,23.4,69.0,5.0,300.0,6.0,,,41.1,32.4,11.6,0.0,0.0,11.3,0.0,29.28,69.62,1007.954,,,40.5,28.6,51.8,11.611632098891178,27.349999999999994,0.0,51.8,19.266940597821957,10.005555555555553,0.0,51.8,16.613653924770013,9.872222222222222,0.0,28.97944444444444,71.69611111111108,2.0241111111111114,118.79999999999997,7.766382122039795,8.965092086791993,10.699999999999996,40.199999999999996,0.7199999999999989,-6.030000000000001,,,,,28.6,0.0,0.04494634932582451,0.03059298425719865,0.033977850375005225,0.011611573365289863,0.044530361399561624,0.029679811124544125,0.013734108888029948,7,3,5,450,600,,3000,,9000,,,,,,,,,,2,2.0,2.0,0.8111884412010217,0.8111884412010217,892.3072853211239,0.05805175061566172,0.08954191875540189,0.9826254826254827,0.0,1907.7,10.923,-2.059567880141007,0.3372671746427155,,,,,,,51.8,51.8,2.01,0.3000000000000007,,,7,1,0,450,,6.0,0.08240502377119444,0.012436372577378592,0.012033599834789755
2021-01-03 14:30:00,2021-01-03 15:30:00,313.2,244.5,0.3606017727647403,-0.4999999999999997,-0.8660254037844388,0.49999999999999994,0.8660254037844387,1,1,68.7,68.6,0.0,14.5,,52.14714008486374,1,1.0,30.17,29.9,30.3,64.85,1006.894,1.83,3.289541,277.8,6.6,625.9,5.077825546264648,8.055173873901367,253.2615203857422,28.95696830749512,0,0,0,1,0,29.7,23.4,69.0,5.0,300.0,6.0,,,51.8,28.6,0.0,0.0,0.0,0.0,0.0,29.57,67.2,1007.785,,,53.866666666666674,41.1,68.7,13.915578799796052,38.79999999999999,10.2,68.7,20.15569398457915,13.82222222222222,0.0,68.7,21.385744442489653,13.683333333333332,0.0,29.16333333333333,70.6322222222222,1.9719444444444447,118.79999999999995,7.046837902069091,8.864748764038087,16.900000000000006,68.7,0.6000000000000014,-2.3500000000000085,,,,,41.1,10.2,0.05805175061566172,0.04494634932582451,0.03059298425719865,0.0,0.060698538410612124,0.04286273033960248,0.01722874482972474,7,3,5,450,600,,3000,,9000,,,,,,,,,,2,2.0,2.0,0.7895892206637355,0.7895892206637355,868.548142730109,0.07909751529035013,0.1097619428023646,0.9985443959243084,0.0,1956.5245,10.604755000000003,-1.8130685480627418,0.24835949755477743,,,,,-1.969012355804443,-0.8095748901367195,68.7,58.5,3.435,0.40000000000000213,0.0,2040.065582275769,7,1,0,450,,6.0,0.10991480247450475,0.016352983875177505,0.016555247637415012
2021-01-03 14:40:00,2021-01-03 15:40:00,115.7,13.100000000000009,0.1372167861756675,-0.4999999999999997,-0.8660254037844388,0.49999999999999994,0.8660254037844387,1,1,102.6,102.3,0.4,21.3,,50.04397329858153,1,1.0,30.21,29.9,30.6,64.52000000000001,1006.792,1.662,3.771194,283.1,6.6,619.5,4.71563196182251,8.617931365966797,250.0424346923828,31.01368522644043,0,0,0,1,0,29.7,23.4,69.0,5.0,300.0,6.0,,,68.7,41.1,10.2,0.0,0.0,10.3,0.0,29.71,66.8,1007.622,,,74.36666666666666,51.8,102.6,25.869737790192875,54.19999999999999,28.6,102.6,27.787695118523235,19.522222222222222,0.0,102.6,29.5859377478271,19.366666666666664,0.022222222222222223,29.330555555555552,69.59999999999997,1.9420000000000002,118.79999999999995,6.377844619750976,8.816712760925293,33.89999999999999,92.39999999999999,0.5,-2.279999999999987,5.077825546264648,,,,51.8,32.4,0.07909751529035013,0.05805175061566172,0.04494634932582451,0.010509932173574642,0.08627661286934328,0.06139117042767637,0.03241622019237938,7,3,5,450,600,,3000,,9000,,,,,,,,,,2,2.0,2.0,0.7665375433524763,0.7665375433524763,843.1912976877239,0.121680572702018,0.16561743341404359,0.9970760233918129,0.0038986354775828462,1949.1492000000003,10.718507999999996,-1.6187480576177835,0.3766944729600542,-0.36219358444213867,,,,-1.6622126579284666,-0.19878139495849645,102.6,74.0,4.619999999999999,0.7000000000000028,0.0,2154.84854075819,7,1,0,450,,6.0,0.1478761603664525,0.02588149727033846,0.02384572767677545
2021-01-03 14:50:00,2021-01-03 15:50:00,133.1,-13.099999999999994,0.16305580096988648,-0.4999999999999997,-0.8660254037844388,0.49999999999999994,0.8660254037844387,1,1,146.2,145.4,0.4,30.9,,47.90866711094849,1,1.0,30.36,30.0,30.5,63.09,1006.641,1.824,3.19888,290.8,6.6,536.1,4.958414077758789,8.288182258605957,252.23670959472656,35.23951721191406,0,0,0,1,0,29.7,23.4,69.0,5.0,300.0,6.0,,,102.6,51.8,32.4,0.0,0.0,32.8,0.0,29.94,65.52000000000001,1007.356,,,105.83333333333333,68.7,146.2,38.851040312111756,73.16666666666666,28.6,146.2,44.0252957589914,27.644444444444442,0.0,146.2,41.55736251357835,27.444444444444443,0.044444444444444446,29.498888888888885,68.52944444444444,1.9176666666666666,118.79999999999995,5.871096420288086,8.664133453369141,43.599999999999994,113.79999999999998,0.41999999999999815,-2.430000000000007,4.71563196182251,5.077825546264648,,,68.7,28.6,0.121680572702018,0.07909751529035013,0.05805175061566172,0.033977850375005225,0.12662740198743203,0.08557888169349681,0.050186487074331126,7,3,5,450,600,,3000,,9000,,,,,,,,,,2,2.0,2.0,0.742077247667788,0.742077247667788,816.2849724345668,0.1791041179699279,0.2727103152396941,0.99452804377565,0.002735978112175103,1915.4124000000002,11.205875999999998,-1.7051220337463302,0.6477150994324425,0.2427821159362793,,,,-0.9126823425292967,-0.37595119476318395,146.2,117.6,3.5123456790123453,0.5,0.0,2090.5838214321557,7,1,0,450,,6.0,0.21476166953367024,0.03776698581787805,0.03650242536080324
2021-01-03 15:00:00,2021-01-03 16:00:00,256.0,39.19999999999999,0.32492243790460446,-0.7071067811865471,-0.7071067811865479,0.49999999999999994,0.8660254037844387,1,1,216.8,216.9,0.8,45.4,,45.74613345697464,1,1.0,30.06,29.9,30.3,64.18,1006.68,2.024,4.186557,285.7,6.6,521.2,4.773999214172363,8.390811920166016,252.0341186523437,34.52027893066406,0,0,0,1,0,30.0,23.0,66.0,6.0,310.0,7.0,,,146.2,68.7,28.6,0.5,0.0,28.4,0.0,30.21,64.19,1007.188,,,155.20000000000002,102.6,216.8,57.62950633139244,104.53333333333335,41.1,216.8,66.98100228174155,39.68888888888889,0.0,216.8,60.27565003322739,39.49444444444444,0.08888888888888889,29.625,67.66,1.912888888888889,118.79999999999995,5.332226753234863,8.522327041625976,70.60000000000002,188.20000000000002,-0.15000000000000213,-0.009999999999990905,4.958414077758789,4.71563196182251,5.077825546264648,8.055173873901367,102.6,41.1,0.1791041179699279,0.121680572702018,0.07909751529035013,0.03059298425719865,0.1919844600908026,0.12634149925070737,0.07755048624683587,7,3,4,600,750,,3000,,9000,,,,,,,,,,2,2.0,2.0,0.7162548521675203,0.7162548521675203,787.8803373842723,0.2751686896004619,0.41596316193399846,1.0004612546125462,0.0036900369003690036,1929.2508,10.767491999999997,-1.9484880947671934,0.5476953026551473,-0.18441486358642578,-0.30382633209228516,,,-0.5582275390625,-0.13151512145996058,216.8,175.70000000000002,6.580419580419581,0.40000000000000213,0.0,2114.7708870766214,7,1,0,600,,6.0,0.3169395136261561,0.058113765967992066,0.05656959411044141
2021-01-03 15:10:00,2021-01-03 16:10:00,93.4,-161.7,0.12321389100628277,-0.7071067811865471,-0.7071067811865479,0.49999999999999994,0.8660254037844387,1,1,255.1,253.2,5.5,54.1,,43.5604474159033,1,1.0,30.53,30.0,30.9,62.36,1006.655,2.102,4.680794,289.6,6.6,793.6,4.935318470001221,8.080277442932129,253.9509429931641,32.6123046875,0,0,0,1,0,30.0,23.0,66.0,6.0,310.0,7.0,,,216.8,102.6,41.1,3.9,0.0,40.6,0.0,30.27,62.84,1007.031,,,206.03333333333333,146.2,255.1,55.242586229586806,140.2,51.8,255.1,81.78770078685426,53.861111111111114,0.0,255.1,77.8290066816078,53.5611111111111,0.39444444444444443,29.76611111111111,66.745,1.9132222222222224,118.79999999999995,4.892237854003906,8.286475372314452,38.29999999999998,214.0,0.26000000000000156,-0.480000000000004,4.773999214172363,4.958414077758789,4.71563196182251,8.617931365966797,146.2,51.8,0.2751686896004619,0.1791041179699279,0.121680572702018,0.04494634932582451,0.2636007987964923,0.1749387058329178,0.07934769556363494,7,3,4,600,750,,3000,,9000,,,,,,,,,,2,2.0,2.0,0.6891194670961356,0.6891194670961356,758.0314138057491,0.33652958881908707,0.32144657258064513,0.9925519404155233,0.02156017248137985,1903.8508000000002,11.491492000000001,-1.980204765758897,0.7051191996150374,0.16131925582885742,0.21968650817871094,,,0.043080615997314275,-0.2061979293823235,255.1,203.3,5.206812652068126,0.8999999999999986,0.0,2051.994076279007,7,1,0,600,,6.0,0.4646674535723003,0.06644470337278092,0.08482565979432172
2021-01-03 15:20:00,2021-01-03 16:20:00,91.0,-221.2,0.12520725049134687,-0.7071067811865471,-0.7071067811865479,0.49999999999999994,0.8660254037844387,1,1,312.2,313.9,2.4,66.7,,41.35501338986624,1,1.0,30.68,30.5,30.8,62.08,1006.567,2.495,5.251474,281.2,6.6,868.0,5.564582824707031,8.179791450500488,252.80718994140625,29.399608612060547,0,0,0,1,0,30.0,23.0,66.0,6.0,310.0,7.0,,,255.1,146.2,51.8,11.6,0.0,50.9,0.0,30.0,63.59,1006.921,,,261.3666666666666,216.8,312.2,48.00774243112597,183.6,68.7,312.2,93.71682879824733,71.20555555555556,0.0,312.2,97.43717416108049,71.0,0.5277777777777778,29.85722222222222,66.01722222222222,1.9366666666666665,118.79999999999995,5.004295349121094,8.268694718678793,57.099999999999994,260.4,0.6799999999999997,-1.5100000000000051,4.935318470001221,4.773999214172363,4.958414077758789,8.288182258605957,216.8,68.7,0.33652958881908707,0.2751686896004619,0.1791041179699279,0.05805175061566172,0.34708515362482584,0.23685627780612892,0.07773362620349399,7,3,4,600,750,,3000,,9000,,,,,,,,,,2,2.0,2.0,0.6607227009828001,0.6607227009828001,726.7949710810801,0.42955718245492847,0.3596774193548387,1.0054452274183217,0.007687379884689302,1904.6144,11.633856000000002,-2.447483112596233,0.48461470629383036,0.6292643547058105,0.6061687469482422,,,0.5602874755859375,-0.08890326817830463,312.2,243.5,5.027027027027027,0.3000000000000007,0.0,2067.910090907768,7,1,0,600,,6.0,0.6243190365606192,0.08260887948756805,0.1042554398357808
2021-01-03 15:30:00,2021-01-03 16:30:00,101.2,-212.0,0.14577292678197454,-0.7071067811865471,-0.7071067811865479,0.49999999999999994,0.8660254037844387,1,1,313.2,299.2,25.5,66.7,,39.13269634502792,1,1.0,30.48,30.2,30.6,62.28,1006.541,1.997,4.567224,295.7,6.6,573.8,5.900103092193604,7.979258060455322,253.939697265625,31.599184036254883,0,0,0,1,0,30.0,23.0,66.0,6.0,310.0,7.0,,,312.2,216.8,68.7,0.0,0.0,68.6,0.0,30.17,64.85,1006.894,5.077825546264648,8.055173873901367,293.5,255.1,313.2,33.25913408373706,224.35000000000002,102.6,313.2,86.65448055351783,88.60555555555555,0.0,313.2,110.99534951690131,87.62222222222222,1.9444444444444444,29.93,65.5411111111111,1.9278333333333333,118.79999999999995,5.132267883845738,8.227346624646868,1.0,244.5,0.3099999999999987,-2.569999999999993,5.564582824707031,4.935318470001221,4.773999214172363,8.390811920166016,255.1,102.6,0.42955718245492847,0.33652958881908707,0.2751686896004619,0.07909751529035013,0.40574460448301974,0.2988645322869112,0.06090623371792411,7,3,4,600,750,,3000,,9000,,,,,,,,,,2,2.0,2.0,0.6311185624858855,0.6311185624858855,694.230418734474,0.4511470421750437,0.5458347856395958,0.9553001277139208,0.0814176245210728,1898.2944,11.497056,-1.7994508115802175,0.8660171919213251,0.33552026748657315,1.1261038780212411,0.822277545928956,-0.07591581344604492,0.7678352083478668,-0.248088564191546,313.2,210.6,3.558951965065502,0.40000000000000213,0.0,2026.2503762763226,7,1,0,600,,6.0,0.7951161948484706,0.08077286149312722,0.12379978141365759
2021-01-03 15:40:00,2021-01-03 16:40:00,122.5,6.799999999999997,0.1854937263255549,-0.7071067811865471,-0.7071067811865479,0.49999999999999994,0.8660254037844387,1,1,115.7,116.5,0.4,23.2,,36.895925656909085,1,1.0,29.91,29.3,30.2,64.65,1006.465,2.231,4.041425,283.6,6.6,332.8,7.116665840148926,7.711853504180908,255.8007659912109,31.04554557800293,0,0,0,1,0,30.0,23.0,66.0,6.0,310.0,7.0,,,313.2,255.1,102.6,10.2,0.0,102.3,0.4,30.21,64.52000000000001,1006.792,4.71563196182251,8.617931365966797,247.03333333333333,115.7,313.2,113.73910204205646,226.53333333333333,115.7,313.2,83.06401547401056,95.03333333333335,0.0,313.2,108.8925320185538,94.09444444444445,1.9666666666666666,29.975000000000005,65.2788888888889,1.9453888888888895,118.79999999999995,5.3803176283836365,8.162909984588623,-197.5,13.100000000000009,-0.3000000000000007,0.12999999999999545,5.900103092193604,5.564582824707031,4.935318470001221,8.080277442932129,312.2,146.2,0.4511470421750437,0.42955718245492847,0.33652958881908707,0.121680572702018,0.351967052117111,0.3077839254568016,0.1534675441558559,7,3,4,600,750,,3000,,9000,,,,,,,,,,2,2.0,2.0,0.6003633576705724,0.6003633576705724,660.3996934376296,0.1751969317213608,0.34765625,1.006914433880726,0.003457216940363008,1933.6815000000001,10.573184999999999,-2.1684449922907363,0.5246020543318786,1.2165627479553214,2.181347370147705,2.401033878326416,-0.9060778617858887,1.7363482117652893,-0.45105648040771484,313.2,197.5,0.1276803118908383,0.8999999999999986,0.0,1972.6980335814803,7,1,0,600,,6.0,0.8695295810273445,0.015029235730530275,0.13158140587837433
2021-01-03 15:50:00,2021-01-03 16:50:00,153.4,20.30000000000001,0.24529590682374128,-0.7071067811865471,-0.7071067811865479,0.49999999999999994,0.8660254037844387,1,1,133.1,128.8,4.7,27.1,,34.64677757271051,1,1.0,29.48,29.1,30.3,67.48,1006.474,1.685,4.226656,298.9,6.6,478.2,7.920186519622803,7.859374523162842,254.59158325195312,31.249326705932617,0,0,0,1,0,30.0,23.0,66.0,6.0,310.0,7.0,,,115.7,312.2,146.2,32.4,0.0,145.4,0.4,30.36,63.09,1006.641,4.958414077758789,8.288182258605957,187.33333333333334,115.7,313.2,109.35036960766676,224.35,115.7,313.2,85.72735269445802,102.42777777777778,0.0,313.2,106.55361978313495,101.25,2.227777777777778,29.973888888888894,65.18555555555557,1.931,118.79999999999995,5.662525282965766,8.129183822207981,17.39999999999999,-13.099999999999994,-0.879999999999999,4.390000000000001,7.116665840148926,5.900103092193604,5.564582824707031,8.179791450500488,313.2,216.8,0.1751969317213608,0.4511470421750437,0.42955718245492847,0.1791041179699279,0.2797263163710309,0.31340573499792834,0.14964275627613904,7,3,4,600,750,,3000,,9000,,,,,,,,,,2,2.0,2.0,0.5685155829149293,0.5685155829149293,625.3671412064223,0.21283497521668812,0.2783354245085738,0.9676934635612323,0.03531179564237416,1989.3104,9.586896,-1.4751577279950305,0.8143308157846783,0.803520679473877,2.3556036949157715,2.9617724418640137,-0.42880773544311523,2.2576612366570368,-0.2698092990451393,313.2,197.5,-0.08960328317373457,1.1999999999999993,0.0,2000.930603222092,7,1,0,600,,6.0,0.7137377067855946,0.05645305964637628,0.11065980378100791
2021-01-03 16:00:00,2021-01-03 17:00:00,148.6,-107.4,0.2522066404985559,-0.8660254037844384,-0.5000000000000004,0.49999999999999994,0.8660254037844387,1,1,256.0,254.1,0.8,54.1,,32.38704100773526,1,1.0,30.34,30.1,30.6,63.5,1006.445,1.868,3.985752,283.6,6.6,519.4,10.65684986114502,8.279315948486328,252.1847076416016,36.07812881469727,0,0,0,0,1,30.0,23.3,67.0,4.0,270.0,7.0,,,133.1,313.2,216.8,28.6,0.5,216.9,0.8,30.06,64.18,1006.68,4.773999214172363,8.390811920166016,168.26666666666668,115.7,256.0,76.47576958313877,230.88333333333333,115.7,313.2,86.52688406886422,116.6222222222222,0.0,313.2,109.16283872947389,115.36666666666666,2.272222222222222,30.031666666666677,64.86500000000001,1.9404444444444446,118.79999999999995,6.161957740783691,8.144197034835816,122.9,39.19999999999999,0.28000000000000114,-0.6800000000000068,7.920186519622803,7.116665840148926,5.900103092193604,7.979258060455322,115.7,255.1,0.21283497521668812,0.1751969317213608,0.4511470421750437,0.2751686896004619,0.27417326455501206,0.33995893451901593,0.1401061709602629,7,4,3,600,750,,3000,,9000,,,,,,,,,,2,2.0,2.0,0.5356358136481446,0.5356358136481446,589.199395012959,0.4344878867269873,0.49287639584135545,0.992578125,0.003125,1926.59,11.074100000000001,-1.8156231490807244,0.4392454672756384,2.736663341522217,4.756746768951415,5.882850646972656,-0.1114959716796875,4.494892120361328,0.13511891365051198,313.2,197.5,0.18081180811808112,0.5,0.0,2087.9168719414743,7,1,0,600,,6.0,0.6415669394383419,0.1047478626381911,0.10390901796754179
2021-01-03 16:10:00,2021-01-03 17:10:00,187.3,93.9,0.3393329573974476,-0.8660254037844384,-0.5000000000000004,0.49999999999999994,0.8660254037844387,1,1,93.4,93.5,0.0,17.4,,30.118270345078198,1,1.0,29.9,29.6,30.1,64.83,1006.468,1.641,3.381486,270.8,6.6,412.2,7.51017951965332,8.447676658630371,251.4011688232422,36.60962677001953,0,0,0,1,0,30.0,23.3,67.0,4.0,270.0,7.0,,,256.0,115.7,255.1,41.1,3.9,253.2,5.5,30.53,62.36,1006.655,4.935318470001221,8.080277442932129,160.83333333333334,93.4,256.0,84.77348248912116,203.93333333333337,93.4,313.2,101.38235875469985,121.59444444444446,0.0,313.2,105.71017243177477,120.3722222222222,2.272222222222222,30.061111111111117,64.64333333333333,1.9015555555555557,118.79999999999995,6.284523357044566,8.171786091544412,-162.6,-161.7,-0.6300000000000026,2.469999999999999,10.65684986114502,7.920186519622803,7.116665840148926,7.711853504180908,133.1,312.2,0.4344878867269873,0.21283497521668812,0.1751969317213608,0.33652958881908707,0.2721788045256665,0.3120729283213887,0.1422458638155646,7,4,3,600,750,,3000,,9000,,,,,,,,,,2,2.0,2.0,0.5017865891325534,0.5017865891325534,551.9652480458087,0.1692135516333241,0.22658903444929648,1.0010706638115632,0.0,1938.417,10.515830000000001,-1.6408400418992684,0.022911937936537122,-3.146670341491699,0.39351367950439453,2.5748610496520996,0.3673992156982422,1.2256561626087539,0.27589056708595905,313.2,219.79999999999998,-0.6338690709525676,0.5,0.0,2123.7557858204964,7,1,0,600,,6.0,0.693405264659279,0.06819825500292839,0.12165014142109548
2021-01-03 16:20:00,2021-01-03 17:20:00,222.2,131.2,0.4325182708083643,-0.8660254037844384,-0.5000000000000004,0.49999999999999994,0.8660254037844387,1,1,91.0,89.6,0.0,10.1,,27.841828082140992,1,1.0,29.62,29.4,30.0,67.17,1006.561,1.85,2.991549,287.5,6.6,263.9,9.300884246826172,8.66231918334961,250.01681518554688,36.18299865722656,0,0,0,1,0,30.0,23.3,67.0,4.0,270.0,7.0,,,93.4,133.1,312.2,51.8,11.6,313.9,2.4,30.68,62.08,1006.567,5.564582824707031,8.179791450500488,146.79999999999998,91.0,256.0,94.57758719696754,167.06666666666666,91.0,313.2,94.09492370296427,126.00555555555555,0.0,313.2,102.45684584954735,124.7222222222222,2.272222222222222,30.08,64.50722222222223,1.919,118.79999999999995,6.535886764526367,8.212663849194845,-2.4000000000000057,-221.2,-1.0599999999999987,5.090000000000003,7.51017951965332,10.65684986114502,7.920186519622803,7.859374523162842,256.0,313.2,0.1692135516333241,0.4344878867269873,0.21283497521668812,0.42955718245492847,0.26027846121695525,0.2700023887939931,0.1509217549305697,7,4,3,600,750,,3000,,9000,,,,,,,,,,2,2.0,2.0,0.46703229350859043,0.46703229350859043,513.7355228594495,0.17713394529055423,0.3448275862068966,0.9846153846153846,0.0,1989.5754000000002,9.724245999999999,-1.7643763588842196,0.5563057290829059,1.7907047271728516,1.3806977272033691,3.7363014221191406,0.4825277328491211,2.7649974822998047,0.4496553341547642,313.2,222.2,-0.7085201793721972,0.6000000000000014,0.0,2165.7254543417366,7,1,0,600,,6.0,0.567322866366297,0.08174019131665707,0.09034974543452076
2021-01-03 16:30:00,2021-01-03 17:30:00,60.098600381449714,-41.10139961855029,0.12663455792190287,-0.8660254037844384,-0.5000000000000004,0.49999999999999994,0.8660254037844387,1,1,101.2,99.4,0.0,17.4,,25.558919526790113,1,1.0,29.45,29.4,29.5,69.38,1006.615,1.218,3.333412,287.9,6.6,215.5,12.424248695373535,8.594036102294922,250.4693756103516,33.61333084106445,0,0,0,0,1,30.0,23.3,67.0,4.0,270.0,7.0,,,91.0,256.0,313.2,68.7,0.0,299.2,25.5,30.48,62.28,1006.541,5.900103092193604,7.979258060455322,95.2,91.0,101.2,5.332916650389354,131.73333333333335,91.0,256.0,62.868232571519506,131.62777777777777,10.2,313.2,97.80678314956155,130.2444444444444,2.272222222222222,30.073333333333338,64.62833333333336,1.8791666666666669,118.79999999999995,6.988837682283842,8.242000176356388,10.200000000000003,-212.0,-1.0300000000000011,7.099999999999994,9.300884246826172,7.51017951965332,10.65684986114502,8.279315948486328,93.4,115.7,0.17713394529055423,0.1692135516333241,0.4344878867269873,0.4511470421750437,0.18652911969655248,0.23035119212578223,0.023468723471130278,7,4,3,600,750,,3000,,9000,,,,,,,,,,2,2.0,2.0,0.4314390333289395,0.4314390333289395,474.58293666183346,0.21323986216577903,0.46960556844547563,0.9822134387351779,0.0,2043.2409999999998,9.017590000000002,-1.1590419839251556,0.3743603604801649,3.1233644485473633,1.7673988342285156,6.524145603179931,0.6147780418395996,5.435411013089693,0.3520359259385337,303.0,165.0,-0.6768837803320562,0.10000000000000142,0.0,2152.542856514629,7,1,0,600,,6.0,0.5105870608935904,0.0804952975368547,0.11238668936269038
2021-01-03 16:40:00,2021-01-03 17:40:00,39.970187976170116,-82.52981202382989,0.09197387691976051,-0.8660254037844384,-0.5000000000000004,0.49999999999999994,0.8660254037844387,1,1,122.5,120.9,0.0,20.8,,23.270621252894713,1,1.0,29.36,29.3,29.5,69.25,1006.724,1.775,4.371316,299.3,6.6,242.6,13.191160202026367,8.896517753601074,248.1850128173828,32.248661041259766,0,0,0,0,1,30.0,23.3,67.0,4.0,270.0,7.0,,,101.2,93.4,115.7,102.6,10.2,116.5,0.4,29.91,64.65,1006.465,7.116665840148926,7.711853504180908,104.89999999999999,91.0,122.5,16.072647572817623,132.86666666666667,91.0,256.0,62.58203149999739,137.86666666666667,28.6,313.2,93.07265346775824,136.38888888888889,2.272222222222222,30.053888888888892,64.76444444444445,1.8826666666666665,118.79999999999995,7.4318607194083075,8.288751431873866,21.299999999999997,6.799999999999997,-0.5500000000000007,4.599999999999994,12.424248695373535,9.300884246826172,7.51017951965332,8.447676658630371,91.0,133.1,0.21323986216577903,0.17713394529055423,0.1692135516333241,0.1751969317213608,0.22408463030574413,0.2481317174157053,0.053208506015555934,7,4,3,600,750,,3000,,9000,,,,,,,,,,2,2.0,2.0,0.3950745118148231,0.3950745118148231,434.58196299630544,0.2818800834608992,0.5049464138499588,0.9869387755102041,0.0,2033.18,9.0282,-1.547922958567014,0.868653851854202,0.766911506652832,5.680980682373047,6.074494361877441,1.184664249420166,5.75929948261806,0.6077663217272082,284.59999999999997,165.0,0.05877268798617111,0.1999999999999993,0.0,2207.9823727075564,7,1,0,600,,6.0,0.496414622788333,0.09478498814084657,0.10326174019326574
2021-01-03 16:50:00,2021-01-03 17:50:00,21.12487227596528,-132.27512772403472,0.05364247363769926,-0.8660254037844384,-0.5000000000000004,0.49999999999999994,0.8660254037844387,1,1,153.4,150.8,0.4,25.6,,20.97790464722393,1,1.0,29.27,29.2,29.3,70.68,1006.789,1.416,3.131044,283.1,6.6,172.3,13.456725120544434,9.042840957641602,246.9515991210937,34.18672561645508,0,0,0,0,1,30.0,23.3,67.0,4.0,270.0,7.0,,,122.5,91.0,133.1,146.2,32.4,128.8,4.7,29.48,67.48,1006.474,7.920186519622803,7.859374523162842,125.7,101.2,153.4,26.246714080052005,136.25,91.0,256.0,63.14338445157971,144.58888888888887,28.6,313.2,89.30038461737136,142.94444444444446,2.2944444444444443,30.01666666666667,65.05111111111111,1.8549999999999995,118.79999999999995,7.833518346150716,8.339024066925049,30.900000000000006,20.30000000000001,-0.21000000000000085,3.200000000000003,13.191160202026367,12.424248695373535,9.300884246826172,8.66231918334961,101.2,256.0,0.2818800834608992,0.21323986216577903,0.17713394529055423,0.21283497521668812,0.29488306208493725,0.27758076165094625,0.08886109570269606,7,4,3,600,750,,3000,,9000,,,,,,,,,,2,2.0,2.0,0.35800790007360855,0.35800790007360855,393.8086900809694,0.38952924062813354,0.8903076030179918,0.9830508474576272,0.002607561929595828,2068.8036,8.581963999999997,-1.3791499696671368,0.3209382513305877,0.2655649185180664,4.155840873718262,5.536538600921631,1.1834664344787598,5.623206774393718,0.7038168907165527,284.59999999999997,165.0,0.1525169045830204,0.10000000000000142,0.0,2233.144035087316,7,1,0,600,,6.0,0.5362529395589666,0.1034323883408642,0.09825535659751623
2021-01-03 17:00:00,2021-01-03 18:00:00,12.840556329271894,-135.7594436707281,0.03644358202497303,-0.9659258262890683,-0.25881904510252063,0.49999999999999994,0.8660254037844387,1,1,148.6,145.9,0.4,26.1,,18.681655590875447,1,1.0,29.18,29.1,29.2,69.61,1006.805,1.244,3.370544,304.2,6.6,150.8,14.044772148132324,9.69668197631836,242.0433959960937,31.606828689575195,0,0,0,0,1,29.2,23.7,72.0,4.0,300.0,6.0,,,153.4,101.2,256.0,216.8,28.6,254.1,0.8,30.34,63.5,1006.445,10.65684986114502,8.279315948486328,141.5,122.5,153.4,16.628589837986873,118.35000000000001,91.0,153.4,27.660206072985062,151.25555555555556,41.1,313.2,84.48117243937861,149.47222222222223,2.3166666666666664,29.959444444444443,65.35222222222222,1.814555555555555,118.79999999999997,8.221721708774567,8.42387768626213,-4.800000000000011,-107.4,-1.1600000000000001,6.109999999999999,13.456725120544434,13.191160202026367,12.424248695373535,8.594036102294922,122.5,93.4,0.38952924062813354,0.2818800834608992,0.21323986216577903,0.4344878867269873,0.3643867439729673,0.2754579318347599,0.07324664313779225,7,4,4,600,750,,3000,,9000,,,,,,,,,,2,2.0,2.0,0.32030970552268184,0.32030970552268184,352.34067607495,0.42175090782986907,0.9854111405835543,0.9818304172274563,0.002691790040376851,2031.2197999999999,8.867802000000001,-1.028888234397555,0.6992317220480504,0.5880470275878906,1.620523452758789,3.3879222869873047,1.4173660278320312,5.823050439357758,1.2728042900562286,272.09999999999997,62.400000000000006,-0.41953125,0.09999999999999787,0.0,2347.017835442209,7,1,0,600,,6.0,0.6861591299535128,0.10670120223255139,0.12928650924166454
2021-01-03 17:10:00,2021-01-03 18:10:00,10.89424890019966,-176.40575109980034,0.03511365051751445,-0.9659258262890683,-0.25881904510252063,0.49999999999999994,0.8660254037844387,1,1,187.3,184.6,0.8,34.8,,16.382691097785756,1,1.0,29.03,28.9,29.1,70.64,1006.754,1.23,2.585094,301.2,6.6,114.8,10.95717716217041,9.414953231811523,243.873764038086,37.54924011230469,0,0,0,0,1,29.2,23.7,72.0,4.0,300.0,6.0,,,148.6,122.5,93.4,255.1,41.1,93.5,0.0,29.9,64.83,1006.468,7.51017951965332,8.447676658630371,163.1,148.6,187.3,21.094786085665824,134.0,91.0,187.3,36.02082730865576,159.3777777777778,51.8,313.2,80.18641923708377,157.47222222222223,2.3611111111111107,29.890555555555554,65.78555555555555,1.787722222222222,118.79999999999995,8.38263085309197,8.482176247765036,38.70000000000002,93.9,-0.8699999999999974,5.810000000000002,14.044772148132324,13.456725120544434,13.191160202026367,8.896517753601074,153.4,91.0,0.42175090782986907,0.38952924062813354,0.2818800834608992,0.1692135516333241,0.4716578673217926,0.34787124881376835,0.11547556440149001,7,4,4,600,750,,3000,,9000,,,,,,,,,,2,2.0,2.0,0.2820516377699085,0.2820516377699085,310.25680154689934,0.6036934535073752,1.6315331010452963,0.985584623598505,0.004271222637479978,2050.6792,8.523208,-1.0520980399974234,0.6371732215289498,-3.087594985961914,-2.233983039855957,3.44699764251709,0.9672765731811523,2.574546309078441,0.9327769840464875,261.4,96.30000000000001,1.0053533190578159,0.20000000000000284,0.0,2296.0600828844185,7,1,0,600,,6.0,0.8444536569467903,0.13346281169069193,0.17828750689951134
2021-01-03 17:20:00,2021-01-03 18:20:00,2.3728898316152827,-219.8271101683847,0.008866071480299786,-0.9659258262890683,-0.25881904510252063,0.49999999999999994,0.8660254037844387,1,1,222.2,218.4,0.8,42.5,,14.081773564410607,1,1.0,28.79,28.7,28.9,71.23,1006.802,1.149,2.794955,288.1,6.6,83.6,8.99841022491455,9.026159286499023,246.5463409423828,41.04878234863281,0,0,0,1,0,29.2,23.7,72.0,4.0,300.0,6.0,,,187.3,153.4,91.0,312.2,51.8,89.6,0.0,29.62,67.17,1006.561,9.300884246826172,8.66231918334961,186.0333333333333,148.6,222.2,36.81634600735567,155.86666666666667,101.2,222.2,43.700877184178644,168.84444444444443,68.7,313.2,76.72264196995351,166.77777777777777,2.405555555555555,29.82333333333333,66.21,1.735611111111111,118.79999999999995,8.416840818193224,8.512397527694702,34.89999999999998,131.2,-0.8300000000000018,4.060000000000002,10.95717716217041,14.044772148132324,13.456725120544434,9.042840957641602,148.6,101.2,0.6036934535073752,0.42175090782986907,0.38952924062813354,0.17713394529055423,0.618557665026467,0.45672036355570217,0.2046441343642219,7,4,4,600,750,,3000,,9000,,,,,,,,,,2,2.0,2.0,0.24330647220574536,0.24330647220574536,267.6371194263199,0.8302286337421567,2.6578947368421053,0.982898289828983,0.0036003600360036006,2050.7117,8.282882999999998,-1.0921425756403234,0.35696721764571143,-1.9587669372558594,-4.458314895629883,-0.3024740219116211,0.36384010314941406,0.5815694067213268,0.5137617588043213,244.5,120.99999999999999,1.4417582417582417,0.1999999999999993,0.0,2225.366544849443,7,1,0,600,,6.0,1.1082655639289747,0.17648954297871036,0.19224016138495298
2021-01-04 06:10:00,2021-01-04 07:10:00,0.0,0.0,0.0,1.0,6.123233995736766e-17,0.49999999999999994,0.8660254037844387,1,0,0.0,0.0,0.0,0.0,,0.3766924622022492,1,1.0,23.97,23.9,24.1,92.1,1008.049,0.409,1.274874,27.02,6.6,1.808,,,,,1,1,0,0,0,,,,,,,,,0.0,0.0,0.0,0.0,0.0,0.0,0.0,23.95,91.2,1006.988,,,0.0,0.0,0.0,0.0,0.0,0.0,0.0,0.0,0.0,0.0,0.0,0.0,0.0,0.0,24.283333333333335,89.51666666666668,1.0454999999999999,118.79999999999995,,,0.0,0.0,0.019999999999999574,0.8999999999999915,,,,,0.0,0.0,0.0,0.0,0.0,0.0,0.0,0.0,0.0,,,,,,,,,,,,,,,,,,,,,,0.0065744763697099225,0.02,22.0,0.0,0.0,0.0,0.0,2207.6369999999997,1.893630000000001,0.1858093102380715,0.36435683090735665,,,,,,,0.0,0.0,0.0,0.20000000000000284,,,,0,0,,,0.0,0.0,0.0,0.0
2021-01-04 06:20:00,2021-01-04 07:20:00,0.0,0.0,0.0,1.0,6.123233995736766e-17,0.49999999999999994,0.8660254037844387,1,0,0.0,0.0,0.0,0.0,,2.6757989439514547,1,1.0,24.15,24.1,24.2,91.7,1008.192,0.788,1.432962,41.46,6.6,9.19,,,,,1,1,0,0,0,,,,,,,,,0.0,0.0,0.0,0.0,0.0,0.0,0.0,23.9,91.4,1007.239,,,0.0,0.0,0.0,0.0,0.0,0.0,0.0,0.0,0.0,0.0,0.0,0.0,0.0,0.0,24.24333333333333,89.82777777777778,0.9957777777777778,118.79999999999997,,,0.0,0.0,0.25,0.29999999999999716,,,,,0.0,0.0,0.0,0.0,0.0,0.0,0.0,0.0,0.0,,,,,,,,,,,,,,,,,,,,,,0.046684527313127694,0.046684527313127694,51.352980044440464,0.0,0.0,0.0,0.0,2214.555,2.004449999999999,0.5217324494358361,0.5905414898258062,,,,,,,0.0,0.0,0.0,0.09999999999999787,,,,0,0,,,0.0,0.0,0.0,0.0
2021-01-04 06:30:00,2021-01-04 07:30:00,0.0,0.0,0.0,1.0,6.123233995736766e-17,0.49999999999999994,0.8660254037844387,1,0,0.0,0.0,0.0,0.0,,4.97700326185324,1,1.0,24.27,24.2,24.3,91.2,1008.245,0.84,1.30771,25.85,6.6,20.51,,,,,1,1,0,0,0,,,,,,,,,0.0,0.0,0.0,0.0,0.0,0.0,0.0,23.91,91.7,1007.395,,,0.0,0.0,0.0,0.0,0.0,0.0,0.0,0.0,0.0,0.0,0.0,0.0,0.0,0.0,24.213888888888885,90.08333333333334,0.9692777777777779,118.79999999999995,,,0.0,0.0,0.35999999999999943,-0.5,,,,,0.0,0.0,0.0,0.0,0.0,0.0,0.0,0.0,0.0,,,,,,,,,,,,,,,,,,,,,,0.08675589426970585,0.08675589426970585,95.43148369667644,0.0,0.0,0.0,0.0,2213.424,2.1357599999999994,0.36625395230997104,0.7559484389939074,,,,,,,0.0,0.0,0.0,0.10000000000000142,,,,0,0,,,0.0,0.0,0.0,0.0
2021-01-04 06:40:00,2021-01-04 07:40:00,0.0,0.0,0.0,1.0,6.123233995736766e-17,0.49999999999999994,0.8660254037844387,1,1,0.0,0.0,0.0,0.0,,7.279652225947751,1,1.0,24.51,24.3,24.6,90.2,1008.34,1.087,1.69038,36.73,6.6,29.75,,,,,1,1,0,0,0,,,,,,,,,0.0,0.0,0.0,0.0,0.0,0.0,0.0,23.93,91.6,1007.597,,,0.0,0.0,0.0,0.0,0.0,0.0,0.0,0.0,0.0,0.0,0.0,0.0,0.0,0.0,24.199999999999996,90.26666666666668,0.9555555555555557,118.79999999999995,,,0.0,0.0,0.5800000000000018,-1.3999999999999915,,,,,0.0,0.0,0.0,0.0,0.0,0.0,0.0,0.0,0.0,,,,,,,,,,,,,,,,,,,,,,0.12671234351573363,0.12671234351573363,139.383577867307,0.0,0.0,0.0,0.0,2210.802,2.4019799999999996,0.650074777799738,0.8711898663716315,,,,,,,0.0,0.0,0.0,0.3000000000000007,,,,0,0,,,0.0,0.0,0.0,0.0
2021-01-04 06:50:00,2021-01-04 07:50:00,0.0,0.0,0.0,1.0,6.123233995736766e-17,0.49999999999999994,0.8660254037844387,1,1,0.0,0.0,0.0,0.0,,9.583097079917598,1,1.0,24.76,24.6,24.9,88.7,1008.479,1.288,1.81961,27.89,6.6,43.08,7.396510601043701,8.883268356323242,248.2982635498047,12.212105751037598,0,0,0,1,0,,,,,,,,,0.0,0.0,0.0,0.0,0.0,0.0,0.0,24.0,91.4,1007.735,,,0.0,0.0,0.0,0.0,0.0,0.0,0.0,0.0,0.0,0.0,0.0,0.0,0.0,0.0,24.203333333333326,90.35555555555557,0.9591666666666667,118.79999999999995,7.396510601043701,8.883268356323242,0.0,0.0,0.7600000000000016,-2.700000000000003,,,,,0.0,0.0,0.0,0.0,0.0,0.0,0.0,0.0,0.0,,,,,,,,,,,,,,,,,,,,,,0.1664778591862172,0.1664778591862172,183.1256451048389,0.0,0.0,0.0,0.0,2196.212,2.7978799999999997,0.6024949224826929,1.1383953040936938,,,,,0.0,0.0,0.0,0.0,0.0,0.29999999999999716,0.0,2205.7001075219887,,0,0,,,0.0,0.0,0.0,0.0
2021-01-04 07:00:00,2021-01-04 08:00:00,0.0,0.0,0.0,0.9659258262890683,-0.25881904510252063,0.49999999999999994,0.8660254037844387,1,1,0.0,0.0,0.0,0.0,,11.886685254048915,1,1.0,25.01,24.9,25.1,87.5,1008.714,0.742,1.414547,32.25,6.6,50.48,6.648514270782471,8.727228164672852,249.41226196289065,16.035999298095703,0,0,0,1,0,24.8,22.8,89.0,2.0,50.0,4.0,7.8,1128.0,0.0,0.0,0.0,0.0,0.0,0.0,0.0,23.96,91.9,1007.849,,,0.0,0.0,0.0,0.0,0.0,0.0,0.0,0.0,0.0,0.0,0.0,0.0,0.0,0.0,24.22611111111111,90.35000000000001,0.9185555555555555,118.79999999999995,7.022512435913086,8.805248260498047,0.0,0.0,1.0500000000000007,-4.400000000000006,7.396510601043701,,,,0.0,0.0,0.0,0.0,0.0,0.0,0.0,0.0,0.0,7,2,5,450,600,,3000,,9000,,,,,,,,,,14,2.0,2.0,0.20597678788924628,0.20597678788924628,226.57446667817092,0.0,0.0,0.0,0.0,2188.375,3.12625,0.3959419708093837,0.6275300437043482,-0.7479963302612305,,,,-0.37399816513061523,-0.07802009582519531,0.0,0.0,0.0,0.20000000000000284,0.0,2176.677717217303,7,1,0,450,,18.0,0.0,0.0,0.0
2021-01-04 07:10:00,2021-01-04 08:10:00,0.0,0.0,0.0,0.9659258262890683,-0.25881904510252063,0.49999999999999994,0.8660254037844387,1,1,0.0,0.0,0.0,0.0,,14.189751821072779,1,1.0,25.3,25.1,25.5,85.8,1008.94,0.297,0.9562231,24.65,0.0,77.55,5.611414909362793,8.69011402130127,249.59765625,19.24484634399414,0,0,0,1,0,24.8,22.8,89.0,2.0,50.0,4.0,7.8,1128.0,0.0,0.0,0.0,0.0,0.0,0.0,0.0,23.97,92.1,1008.049,,,0.0,0.0,0.0,0.0,0.0,0.0,0.0,0.0,0.0,0.0,0.0,0.0,0.0,0.0,24.266111111111105,90.25000000000001,0.8568333333333334,112.19999999999996,6.552146593729655,8.766870180765787,0.0,0.0,1.3300000000000018,-6.299999999999997,6.648514270782471,7.396510601043701,,,0.0,0.0,0.0,0.0,0.0,0.0,0.0,0.0,0.0,7,2,5,450,600,,3000,,9000,,,,,,,,,,14,2.0,2.0,0.24513398263224825,0.24513398263224825,269.6473808954731,0.0,0.0,0.0,0.0,2170.74,3.592600000000001,0.123871005276709,0.26993512933987956,-1.0370993614196777,,,,-0.9407316843668623,-0.07675615946451764,0.0,0.0,0.0,0.3999999999999986,0.0,2169.0320922620595,7,1,0,450,,18.0,0.0,0.0,0.0
2021-01-04 07:20:00,2021-01-04 08:20:00,0.0,0.0,0.0,0.9659258262890683,-0.25881904510252063,0.49999999999999994,0.8660254037844387,1,1,0.0,0.0,0.0,0.0,,16.491610424031546,1,1.0,25.63,25.5,25.8,84.7,1009.128,0.619,1.243789,54.09,0.0,101.1,4.391836166381836,8.75330638885498,249.26385498046875,17.697999954223633,0,0,0,1,0,24.8,22.8,89.0,2.0,50.0,4.0,7.8,1128.0,0.0,0.0,0.0,0.0,0.0,0.0,0.0,24.15,91.7,1008.192,,,0.0,0.0,0.0,0.0,0.0,0.0,0.0,0.0,0.0,0.0,0.0,0.0,0.0,0.0,24.328888888888887,90.07222222222224,0.8227777777777777,105.59999999999997,6.0120689868927,8.763479232788086,0.0,0.0,1.4800000000000004,-7.0,5.611414909362793,6.648514270782471,7.396510601043701,8.883268356323242,0.0,0.0,0.0,0.0,0.0,0.0,0.0,0.0,0.0,7,2,5,450,600,,3000,,9000,,,,,,,,,,14,2.0,2.0,0.2838749457863298,0.2838749457863298,312.2624403649628,0.0,0.0,0.0,0.0,2170.861,3.921389999999999,0.5013524185452932,0.3630519968527719,-1.219578742980957,-3.0046744346618652,,,-1.6202328205108643,-0.010172843933105469,0.0,0.0,0.0,0.3000000000000007,0.0,2181.8828943111585,7,1,0,450,,18.0,0.0,0.0,0.0
2021-01-04 07:30:00,2021-01-04 08:30:00,0.0,0.0,0.0,0.9659258262890683,-0.25881904510252063,0.49999999999999994,0.8660254037844387,1,1,0.0,0.0,0.0,0.0,,18.791543416919318,1,1.0,25.92,25.8,26.1,83.9,1009.214,0.708,1.491439,35.52,0.0,131.6,3.064499855041504,9.525341033935549,243.6108856201172,14.280000686645508,0,0,0,1,0,24.8,22.8,89.0,2.0,50.0,4.0,7.8,1128.0,0.0,0.0,0.0,0.0,0.0,0.0,0.0,24.27,91.2,1008.245,,,0.0,0.0,0.0,0.0,0.0,0.0,0.0,0.0,0.0,0.0,0.0,0.0,0.0,0.0,24.41222222222222,89.8277777777778,0.7854444444444444,98.99999999999997,5.422555160522461,8.915851593017578,0.0,0.0,1.6500000000000021,-7.299999999999997,4.391836166381836,5.611414909362793,6.648514270782471,8.727228164672852,0.0,0.0,0.0,0.0,0.0,0.0,0.0,0.0,0.0,7,2,5,450,600,,3000,,9000,,,,,,,,,,14,2.0,2.0,0.3221259708167137,0.3221259708167137,354.33856789838507,0.0,0.0,0.0,0.0,2174.688,4.173119999999999,0.4113388669787415,0.5762502377549575,-1.327336311340332,-3.584014415740967,,,-2.358055305480957,0.6094894409179705,0.0,0.0,0.0,0.3000000000000007,0.0,2320.4767651106818,7,1,0,450,,18.0,0.0,0.0,0.0
2021-01-04 07:40:00,2021-01-04 08:40:00,0.0,0.0,0.0,0.9659258262890683,-0.25881904510252063,0.49999999999999994,0.8660254037844387,1,1,0.0,0.0,0.0,0.0,,21.08879091820854,1,1.0,26.25,26.1,26.4,81.41,1009.228,1.337,1.774782,29.46,0.0,148.1,3.200555324554444,9.480401039123535,243.8829040527344,13.3462495803833,0,0,0,1,0,24.8,22.8,89.0,2.0,50.0,4.0,7.8,1128.0,0.0,0.0,0.0,0.0,0.0,0.0,0.0,24.51,90.2,1008.34,,,0.0,0.0,0.0,0.0,0.0,0.0,0.0,0.0,0.0,0.0,0.0,0.0,0.0,0.0,24.526666666666667,89.35611111111113,0.8031666666666666,92.39999999999998,5.052221854527791,9.00994316736857,0.0,0.0,1.7399999999999984,-8.790000000000006,3.064499855041504,4.391836166381836,5.611414909362793,8.69011402130127,0.0,0.0,0.0,0.0,0.0,0.0,0.0,0.0,0.0,7,2,5,450,600,,3000,,9000,,,,,,,,,,14,2.0,2.0,0.3598142825096328,0.3598142825096328,395.7957107605961,0.0,0.0,0.0,0.0,2137.0125,4.879875000000001,0.6575577476631016,1.1641249110332743,0.1360554695129399,-2.410859584808349,,,-1.8516665299733472,0.4704578717549648,0.0,0.0,0.0,0.29999999999999716,0.0,2312.107737006009,7,1,0,450,,18.0,0.0,0.0,0.0
2021-01-04 07:50:00,2021-01-04 08:50:00,0.0,0.0,0.0,0.9659258262890683,-0.25881904510252063,0.49999999999999994,0.8660254037844387,1,1,0.0,0.0,0.0,0.0,,23.382538421681208,1,1.0,26.66,26.4,27.1,80.6,1009.372,0.649,1.470541,85.6,0.0,254.6,3.115795373916626,9.333285331726074,244.81988525390625,22.86999893188477,0,0,0,1,0,24.8,22.8,89.0,2.0,50.0,4.0,7.8,1128.0,0.0,0.0,0.0,0.0,0.0,0.0,0.0,24.76,88.7,1008.479,7.396510601043701,8.883268356323242,0.0,0.0,0.0,0.0,0.0,0.0,0.0,0.0,0.0,0.0,0.0,0.0,0.0,0.0,24.671111111111113,88.7838888888889,0.7819444444444444,85.79999999999998,4.7755895001547675,9.056134905133929,0.0,0.0,1.8999999999999986,-8.100000000000009,3.200555324554444,3.064499855041504,4.391836166381836,8.75330638885498,0.0,0.0,0.0,0.0,0.0,0.0,0.0,0.0,0.0,7,2,5,450,600,,3000,,9000,,,,,,,,,,14,2.0,2.0,0.39686817542890984,0.39686817542890984,436.5549929718008,0.0,0.0,0.0,0.0,2148.796,5.172040000000002,0.6470872361952713,0.04979064925430541,-0.08475995063781783,-1.27604079246521,-4.280715227127075,0.45001697540283203,-1.6597941262381415,0.2771504265921454,0.0,0.0,0.0,0.7000000000000028,0.0,2284.973843955144,7,1,0,450,,18.0,0.0,0.0,0.0
2021-01-04 08:00:00,2021-01-04 09:00:00,0.0,0.0,0.0,0.8660254037844387,-0.4999999999999998,0.49999999999999994,0.8660254037844387,1,1,0.0,0.0,0.0,0.0,,25.671902534368787,1,1.0,27.54,27.1,28.1,75.9,1009.558,0.709,1.393201,98.2,0.0,333.9,2.768762588500977,9.568732261657717,243.24794006347656,14.987500190734863,0,0,0,1,0,26.7,23.4,82.0,2.0,40.0,4.0,,,0.0,0.0,0.0,0.0,0.0,0.0,0.0,25.01,87.5,1008.714,6.648514270782471,8.727228164672852,0.0,0.0,0.0,0.0,0.0,0.0,0.0,0.0,0.0,0.0,0.0,0.0,0.0,0.0,24.867777777777782,87.93944444444446,0.7484444444444444,79.19999999999999,4.524736136198044,9.120209574699402,0.0,0.0,2.5299999999999976,-11.599999999999994,3.115795373916626,3.200555324554444,3.064499855041504,9.525341033935549,0.0,0.0,0.0,0.0,0.0,0.0,0.0,0.0,0.0,7,2,4,450,600,,3000,,9000,,,,,,,,,,5,2.0,2.0,0.43321715033879554,0.43321715033879554,476.5388653726751,0.0,0.0,0.0,0.0,2090.286,6.637139999999999,0.7017513477136224,-0.1011239139972077,-0.34703278541564897,-0.2957372665405269,-3.8797516822814937,0.8415040969848651,-1.7559735476970668,0.44852268695831476,0.0,0.0,0.0,1.0,0.0,2327.574411667171,7,1,0,450,,9.0,0.0,0.0,0.0
2021-01-04 08:10:00,2021-01-04 09:10:00,0.0,0.0,0.0,0.8660254037844387,-0.4999999999999998,0.49999999999999994,0.8660254037844387,1,1,0.0,0.0,0.0,0.0,,27.95591431263894,1,1.0,28.62,28.1,28.9,73.25,1009.627,0.324,1.041557,164.1,0.0,274.9,2.6172544956207275,9.611910820007324,242.9976043701172,13.917498588562012,0,0,0,1,0,26.7,23.4,82.0,2.0,40.0,4.0,,,0.0,0.0,0.0,0.0,0.0,0.0,0.0,25.3,85.8,1008.94,5.611414909362793,8.69011402130127,0.0,0.0,0.0,0.0,0.0,0.0,0.0,0.0,0.0,0.0,0.0,0.0,0.0,0.0,25.127222222222226,86.94222222222226,0.7073888888888888,72.6,4.312793731689453,9.174843046400282,0.0,0.0,3.3200000000000003,-12.549999999999997,2.768762588500977,3.115795373916626,3.200555324554444,9.480401039123535,0.0,0.0,0.0,0.0,0.0,0.0,0.0,0.0,0.0,7,2,4,450,600,,3000,,9000,,,,,,,,,,5,2.0,2.0,0.4687920483335262,0.4687920483335262,515.6712531668788,0.0,0.0,0.0,0.0,2096.415,7.65585,0.08876278685634817,-0.3116041842939445,-0.15150809288024947,-0.5833008289337163,-2.9941604137420654,0.9217967987060547,-1.6955392360687256,0.4370677736070423,0.0,0.0,0.0,0.7999999999999972,0.0,2335.6713026809884,7,1,0,450,,9.0,0.0,0.0,0.0
2021-01-04 08:20:00,2021-01-04 09:20:00,0.0,0.0,0.0,0.8660254037844387,-0.4999999999999998,0.49999999999999994,0.8660254037844387,1,1,0.0,0.0,0.0,0.0,,30.23349953751282,1,1.0,28.73,28.5,28.9,73.0,1009.629,0.615,1.621918,257.3,0.0,310.5,2.387595891952514,9.451769828796388,244.04672241210932,19.040000915527344,0,0,0,1,0,26.7,23.4,82.0,2.0,40.0,4.0,,,0.0,0.0,0.0,0.0,0.0,0.0,0.0,25.63,84.7,1009.128,4.391836166381836,8.75330638885498,0.0,0.0,0.0,0.0,0.0,0.0,0.0,0.0,0.0,0.0,0.0,0.0,0.0,0.0,25.39555555555556,85.92000000000002,0.7015555555555556,66.0,4.120273947715759,9.202535724639892,0.0,0.0,3.1000000000000014,-11.700000000000003,2.6172544956207275,2.768762588500977,3.115795373916626,9.333285331726074,0.0,0.0,0.0,0.0,0.0,0.0,0.0,0.0,0.0,7,2,4,450,600,,3000,,9000,,,,,,,,,,5,2.0,2.0,0.5035251824184006,0.5035251824184006,553.8777006602406,0.0,0.0,0.0,0.0,2097.29,7.7571,-0.5999537445267019,-0.1352054156769949,-0.22965860366821333,-0.7281994819641118,-2.0042402744293217,0.698463439941408,-1.732678055763245,0.24923410415649627,0.0,0.0,0.0,0.3999999999999986,0.0,2306.6734477114223,7,1,0,450,,9.0,0.0,0.0,0.0
2021-01-04 08:30:00,2021-01-04 09:30:00,0.0,0.0,0.0,0.8660254037844387,-0.4999999999999998,0.49999999999999994,0.8660254037844387,1,1,0.0,0.0,0.0,0.0,,32.5034550997709,1,1.0,28.76,28.6,29.0,70.72,1009.689,1.064,2.131561,300.8,0.0,313.1,2.386448621749878,9.639355659484863,242.48306274414065,24.787498474121094,0,0,0,1,0,26.7,23.4,82.0,2.0,40.0,4.0,,,0.0,0.0,0.0,0.0,0.0,0.0,0.0,25.92,83.9,1009.214,3.064499855041504,9.525341033935549,0.0,0.0,0.0,0.0,0.0,0.0,0.0,0.0,0.0,0.0,0.0,0.0,0.0,0.0,25.665000000000006,84.75444444444446,0.7365555555555555,59.400000000000006,3.962653463537043,9.242246627807617,0.0,0.0,2.84,-13.180000000000007,2.387595891952514,2.6172544956207275,2.768762588500977,9.568732261657717,0.0,0.0,0.0,0.0,0.0,0.0,0.0,0.0,0.0,7,2,4,450,600,,3000,,9000,,,,,,,,,,5,2.0,2.0,0.5373504662920402,0.5373504662920402,591.0855129212442,0.0,0.0,0.0,0.0,2033.9072,8.420928000000002,-0.9139333303342269,0.5448136082222882,-0.0011472702026362747,-0.3823139667510991,-0.678051233291626,0.11401462554931463,-1.576204841787165,0.3971090316772461,0.0,0.0,0.0,0.3999999999999986,0.0,2337.3804831919556,7,1,0,450,,9.0,0.0,0.0,0.0
2021-01-04 08:40:00,2021-01-04 09:40:00,0.0,0.0,0.0,0.8660254037844387,-0.4999999999999998,0.49999999999999994,0.8660254037844387,1,1,0.0,0.0,0.0,0.0,,34.76442044184688,1,1.0,28.62,28.5,28.8,71.48,1009.618,1.105,2.260197,282.1,0.0,314.2,2.1807546615600586,9.564613342285156,242.8833770751953,23.59749984741211,0,0,0,1,0,26.7,23.4,82.0,2.0,40.0,4.0,,,0.0,0.0,0.0,0.0,0.0,0.0,0.0,26.25,81.41,1009.228,3.200555324554444,9.480401039123535,0.0,0.0,0.0,0.0,0.0,0.0,0.0,0.0,0.0,0.0,0.0,0.0,0.0,0.0,25.92555555555556,83.63666666666667,0.7862777777777777,52.800000000000004,3.8141618967056274,9.269110520680746,0.0,0.0,2.370000000000001,-9.929999999999993,2.386448621749878,2.387595891952514,2.6172544956207275,9.611910820007324,0.0,0.0,0.0,0.0,0.0,0.0,0.0,0.0,0.0,7,2,4,450,600,,3000,,9000,,,,,,,,,,5,2.0,2.0,0.5702035400848114,0.5702035400848114,627.2238940932926,0.0,0.0,0.0,0.0,2045.7576000000001,8.162423999999998,-1.0804504766182597,0.2316285120087231,-0.20569396018981934,-0.43649983406066895,-1.0198006629943852,0.0842123031616211,-1.6334072351455688,0.2955028216044102,0.0,0.0,0.0,0.3000000000000007,0.0,2323.0855889926897,7,1,0,450,,9.0,0.0,0.0,0.0
2021-01-04 08:50:00,2021-01-04 09:50:00,0.0,0.0,0.0,0.8660254037844387,-0.4999999999999998,0.49999999999999994,0.8660254037844387,1,1,0.0,0.0,0.0,0.0,,37.01484271052502,1,1.0,28.67,28.6,28.8,70.99,1009.649,1.594,3.533907,294.9,0.0,361.6,1.823397874832153,9.859893798828123,240.8766632080078,43.73999786376953,0,0,1,0,0,26.7,23.4,82.0,2.0,40.0,4.0,,,0.0,0.0,0.0,0.0,0.0,0.0,0.0,26.66,80.6,1009.372,3.115795373916626,9.333285331726074,0.0,0.0,0.0,0.0,0.0,0.0,0.0,0.0,0.0,0.0,0.0,0.0,0.0,0.0,26.185000000000006,82.50277777777778,0.8368888888888888,46.2,3.66102620271536,9.314555388230543,0.0,0.0,2.0100000000000016,-9.61,2.1807546615600586,2.386448621749878,2.387595891952514,9.451769828796388,0.0,0.0,0.0,0.0,0.0,0.0,0.0,0.0,0.0,7,2,4,450,600,,3000,,9000,,,,,,,,,,5,2.0,2.0,0.6020218928141688,0.6020218928141688,662.2240820955857,0.0,0.0,0.0,0.0,2035.2833,8.317167000000001,-1.4458281587805957,0.6711310865077799,-0.3573567867279055,-0.5641980171203611,-1.2923974990844729,0.526608467102049,-1.837628327883207,0.54533841059758,0.0,0.0,0.0,0.1999999999999993,0.0,2375.0183178470465,7,1,0,450,,9.0,0.0,0.0,0.0
2021-01-04 09:00:00,2021-01-04 10:00:00,0.0,0.0,0.0,0.7071067811865476,-0.7071067811865475,0.49999999999999994,0.8660254037844387,1,1,0.0,0.0,0.0,0.0,,39.25293389073398,1,1.0,28.88,28.8,28.9,71.3,1009.608,1.313,2.564558,303.6,0.0,330.9,1.8116494417190552,9.675433158874512,241.9454803466797,39.1875,0,0,1,0,0,28.3,23.8,77.0,2.0,300.0,5.0,,,0.0,0.0,0.0,0.0,0.0,0.0,0.0,27.54,75.9,1009.558,2.768762588500977,9.568732261657717,0.0,0.0,0.0,0.0,0.0,0.0,0.0,0.0,0.0,0.0,0.0,0.0,0.0,0.0,26.458333333333336,81.35833333333332,0.8604444444444445,39.599999999999994,3.5289278626441956,9.34033237184797,0.0,0.0,1.3399999999999999,-4.6000000000000085,1.823397874832153,2.1807546615600586,2.386448621749878,9.639355659484863,0.0,0.0,0.0,0.0,0.0,0.0,0.0,0.0,0.0,7,2,4,450,600,,3000,,9000,,,,,,,,,,5,2.0,2.0,0.632744981323935,0.632744981323935,696.0194794563284,0.0,0.0,0.0,0.0,2059.144,8.28856,-1.09362558905236,0.7266031041565114,-0.011748433113097922,-0.5747991800308228,-0.9571131467819218,0.1067008972167951,-1.7172784209251404,0.33510078702654233,0.0,0.0,0.0,0.09999999999999787,0.0,2340.927323186086,7,1,0,450,,9.0,0.0,0.0,0.0
2021-01-04 09:10:00,2021-01-04 10:10:00,0.0,0.0,0.0,0.7071067811865476,-0.7071067811865475,0.49999999999999994,0.8660254037844387,1,1,0.0,0.0,0.0,0.0,,41.476617689109574,1,1.0,29.01,28.9,29.2,71.78,1009.484,1.169,2.561244,276.3,0.0,421.3,3.367058753967285,9.355196952819824,244.14971923828125,29.511999130249023,0,0,0,1,0,28.3,23.8,77.0,2.0,300.0,5.0,,,0.0,0.0,0.0,0.0,0.0,0.0,0.0,28.62,73.25,1009.627,2.6172544956207275,9.611910820007324,0.0,0.0,0.0,0.0,0.0,0.0,0.0,0.0,0.0,0.0,0.0,0.0,0.0,0.0,26.738333333333333,80.22944444444444,0.9026666666666667,33.0,3.5181365887324016,9.34132334391276,0.0,0.0,0.39000000000000057,-1.4699999999999989,1.8116494417190552,1.823397874832153,2.1807546615600586,9.564613342285156,0.0,0.0,0.0,0.0,0.0,0.0,0.0,0.0,0.0,7,2,4,450,600,,3000,,9000,,,,,,,,,,5,2.0,2.0,0.6623143454812095,0.6623143454812095,728.5457800293304,0.0,0.0,0.0,0.0,2082.3378000000002,8.186622,-1.1619403569271052,0.12827940966543203,1.55540931224823,1.1863040924072266,0.7498042583465576,-0.2567138671875,-0.1510778347651165,0.013873608907063684,0.0,0.0,0.0,0.3000000000000007,0.0,2284.0687094497844,7,1,0,450,,9.0,0.0,0.0,0.0
2021-01-04 09:20:00,2021-01-04 10:20:00,0.0,0.0,0.0,0.7071067811865476,-0.7071067811865475,0.49999999999999994,0.8660254037844387,1,1,0.0,0.0,0.0,0.0,,43.683463283036744,1,1.0,29.43,29.2,29.8,70.93,1009.536,1.523,2.810134,282.3,0.0,642.4,2.4700944423675537,9.148311614990234,245.1849975585937,22.62944602966309,0,0,0,1,0,28.3,23.8,77.0,2.0,300.0,5.0,,,0.0,0.0,0.0,0.0,0.0,0.0,0.0,28.73,73.0,1009.629,2.387595891952514,9.451769828796388,0.0,0.0,0.0,0.0,0.0,0.0,0.0,0.0,0.0,0.0,0.0,0.0,0.0,0.0,27.03166666666667,79.07555555555555,0.9435,26.4,3.4526339545845985,9.329260110855103,0.0,0.0,0.6999999999999993,-2.069999999999993,3.367058753967285,1.8116494417190552,1.823397874832153,9.859893798828123,0.0,0.0,0.0,0.0,0.0,0.0,0.0,0.0,0.0,7,2,4,450,600,,3000,,9000,,,,,,,,,,5,2.0,2.0,0.6906737194117242,0.6906737194117242,759.7410913528965,0.0,0.0,0.0,0.0,2087.4699,8.555300999999998,-1.4880404098649065,0.324445278296789,-0.8969643115997314,0.6466965675354006,0.0824985504150395,-0.3034582138061541,-0.9825395122170448,-0.18094849586486816,0.0,0.0,0.0,0.6000000000000014,0.0,2243.028760986635,7,1,0,450,,9.0,0.0,0.0,0.0
2021-01-04 09:30:00,2021-01-04 10:30:00,0.0,0.0,0.0,0.7071067811865476,-0.7071067811865475,0.49999999999999994,0.8660254037844387,1,1,0.0,0.0,0.0,0.0,,45.870602207842744,1,1.0,29.77,29.5,30.1,69.58,1009.573,2.016,3.996068,292.4,0.0,642.4,3.1208572387695312,8.225515365600586,252.07801818847656,26.848148345947266,0,0,0,1,0,28.3,23.8,77.0,2.0,300.0,5.0,,,0.0,0.0,0.0,0.0,0.0,0.0,0.0,28.76,70.72,1009.689,2.386448621749878,9.639355659484863,0.0,0.0,0.0,0.0,0.0,0.0,0.0,0.0,0.0,0.0,0.0,0.0,0.0,0.0,27.337222222222223,77.87444444444444,1.0088333333333332,19.799999999999997,3.4331176771837124,9.264333949369544,0.0,0.0,1.009999999999998,-1.1400000000000006,2.4700944423675537,3.367058753967285,1.8116494417190552,9.675433158874512,0.0,0.0,0.0,0.0,0.0,0.0,0.0,0.0,0.0,7,2,4,450,600,,3000,,9000,,,,,,,,,,5,2.0,2.0,0.7177691385619843,0.7177691385619843,789.5460524181827,0.0,0.0,0.0,0.0,2071.3966,9.056034,-1.8638848037624238,0.7682378787221517,0.6507627964019775,1.309207797050476,0.7344086170196533,-1.4138402938842773,-0.31226043841418116,-1.0388185837689576,0.0,0.0,0.0,0.6000000000000014,0.0,2073.471611939458,7,1,0,450,,9.0,0.0,0.0,0.0
2021-01-04 09:40:00,2021-01-04 10:40:00,0.0,0.0,0.0,0.7071067811865476,-0.7071067811865475,0.49999999999999994,0.8660254037844387,1,1,0.0,0.0,0.0,0.0,,48.03462358220801,1,1.0,29.07,28.8,29.8,71.74,1009.603,2.121,4.354814,284.0,0.0,360.4,,,,,,0,0,0,0,28.3,23.8,77.0,2.0,300.0,5.0,,,0.0,0.0,0.0,0.0,0.0,0.0,0.0,28.62,71.48,1009.618,2.1807546615600586,9.564613342285156,0.0,0.0,0.0,0.0,0.0,0.0,0.0,0.0,0.0,0.0,0.0,0.0,0.0,0.0,27.590555555555554,76.8488888888889,1.0662777777777779,13.2,3.4331176771837124,9.264333949369544,0.0,0.0,0.4499999999999993,0.2599999999999909,3.1208572387695312,2.4700944423675537,3.367058753967285,9.355196952819824,0.0,0.0,0.0,0.0,0.0,0.0,0.0,0.0,0.0,7,2,4,450,600,,3000,,9000,,,,,,,,,,5,2.0,2.0,0.7435490423844852,0.7435490423844852,817.9039466229336,0.0,0.0,0.0,0.0,2085.4818,8.215182000000002,-2.057997235431389,0.5131163405668946,,,,,,,0.0,0.0,0.0,1.0,,,7,1,0,450,,9.0,0.0,0.0,0.0
2021-01-04 09:50:00,2021-01-04 10:50:00,0.0,0.0,0.0,0.7071067811865476,-0.7071067811865475,0.49999999999999994,0.8660254037844387,1,1,0.0,0.0,0.0,0.0,,50.171441541719425,1,1.0,29.05,28.7,29.5,72.56,1009.616,1.995,3.406416,280.6,0.0,728.9,4.750507831573486,7.884271621704102,254.96551513671875,31.823001861572266,0,0,0,1,0,28.3,23.8,77.0,2.0,300.0,5.0,,,0.0,0.0,0.0,0.0,0.0,0.0,0.0,28.67,70.99,1009.649,1.823397874832153,9.859893798828123,0.0,0.0,0.0,0.0,0.0,0.0,0.0,0.0,0.0,0.0,0.0,0.0,0.0,0.0,27.82888888888889,75.95222222222222,1.1055555555555554,6.6,3.27747045545017,9.205569435568417,0.0,0.0,0.379999999999999,1.5700000000000074,,3.1208572387695312,2.4700944423675537,9.148311614990234,0.0,0.0,0.0,0.0,0.0,0.0,0.0,0.0,0.0,7,2,4,450,600,,3000,,9000,,,,,,,,,,5,2.0,2.0,0.7679643724506162,0.7679643724506162,844.7608096956778,0.0,0.0,0.0,0.0,2107.868,7.9713199999999995,-1.9609560215533604,0.36698294447237817,,2.2804133892059326,2.927109956741333,-1.9756221771240217,1.4730373761233162,-1.3212978138643159,0.0,0.0,0.0,0.8000000000000007,0.0,2010.2173755055992,7,1,0,450,,9.0,0.0,0.0,0.0
2021-01-04 10:00:00,2021-01-04 11:00:00,0.0,0.0,0.0,0.49999999999999994,-0.8660254037844387,0.49999999999999994,0.8660254037844387,1,1,0.0,0.0,0.0,0.0,,52.27612717484145,1,1.0,29.74,29.3,30.0,70.51,1009.664,1.974,3.561066,279.1,0.0,791.8,6.452173233032227,7.683478355407715,256.2228698730469,33.24186706542969,0,0,0,1,0,29.3,23.5,71.0,7.0,280.0,5.0,,,0.0,0.0,0.0,0.0,0.0,0.0,0.0,28.88,71.3,1009.608,1.8116494417190552,9.675433158874512,0.0,0.0,0.0,0.0,0.0,0.0,0.0,0.0,0.0,0.0,0.0,0.0,0.0,0.0,28.091666666666665,75.00833333333333,1.1740000000000002,0.0,3.2659209826413322,9.144172387964586,0.0,0.0,0.8599999999999994,-0.789999999999992,4.750507831573486,,3.1208572387695312,8.225515365600586,0.0,0.0,0.0,0.0,0.0,0.0,0.0,0.0,0.0,7,2,4,450,600,,3000,,9000,,,,,,,,,,14,2.0,2.0,0.7909686658045422,0.7909686658045422,870.0655323849963,0.0,0.0,0.0,0.0,2096.9674,8.770325999999997,-1.9491548545262989,0.31220402476035164,1.7016654014587402,3.3313159942626953,4.640523791313171,-1.9919548034667969,3.1862522503908943,-1.4606940325568711,0.0,0.0,0.0,0.6999999999999993,0.0,1968.6828748300031,7,1,0,450,,18.0,0.0,0.0,0.0
2021-01-04 10:10:00,2021-01-04 11:10:00,0.0,0.0,0.0,0.49999999999999994,-0.8660254037844387,0.49999999999999994,0.8660254037844387,1,1,0.0,0.0,0.0,0.0,,54.342695547221346,1,1.0,29.5,29.3,29.8,69.51,1009.603,2.456,4.020078,279.3,0.0,704.4,7.337965488433838,7.604652881622314,256.9083251953125,32.05867385864258,0,0,0,1,0,29.3,23.5,71.0,7.0,280.0,5.0,,,0.0,0.0,0.0,0.0,0.0,0.0,0.0,29.01,71.78,1009.484,3.367058753967285,9.355196952819824,0.0,0.0,0.0,0.0,0.0,0.0,0.0,0.0,0.0,0.0,0.0,0.0,0.0,0.0,28.325,74.10333333333332,1.2939444444444446,0.0,3.3674827814102173,9.080321732689352,0.0,0.0,0.48999999999999844,-2.269999999999996,6.452173233032227,4.750507831573486,,,0.0,0.0,0.0,0.0,0.0,0.0,0.0,0.0,0.0,7,2,4,450,600,,3000,,9000,,,,,,,,,,14,2.0,2.0,0.8125181433804414,0.8125181433804414,893.7699577184856,0.0,0.0,0.0,0.0,2050.545,8.994549999999998,-2.4237176394951185,0.39689898462985584,0.8857922554016113,,3.9709067344665527,-1.7505440711975107,3.9704827070236206,-1.4756688510670388,0.0,0.0,0.0,0.5,0.0,1953.6986355092956,7,1,0,450,,18.0,0.0,0.0,0.0
2021-01-04 10:20:00,2021-01-04 11:20:00,0.0,0.0,0.0,0.49999999999999994,-0.8660254037844387,0.49999999999999994,0.8660254037844387,1,1,0.0,0.0,0.0,0.0,,56.363836895236346,1,1.0,29.16,28.8,29.6,69.8,1009.526,2.344,3.78234,280.9,0.0,278.9,6.546134471893311,7.82158088684082,255.57537841796875,31.162389755249023,0,0,0,1,0,29.3,23.5,71.0,7.0,280.0,5.0,,,0.0,0.0,0.0,0.0,0.0,0.0,0.0,29.43,70.93,1009.536,2.4700944423675537,9.148311614990234,0.0,0.0,0.0,0.0,0.0,0.0,0.0,0.0,0.0,0.0,0.0,0.0,0.0,0.0,28.52111111111111,73.27555555555554,1.3897777777777778,0.0,3.4942062111461865,9.025514350217932,0.0,0.0,-0.2699999999999996,-1.1300000000000097,7.337965488433838,6.452173233032227,4.750507831573486,7.884271621704102,0.0,0.0,0.0,0.0,0.0,0.0,0.0,0.0,0.0,7,2,4,450,600,,3000,,9000,,,,,,,,,,14,2.0,2.0,0.832571793314818,0.832571793314818,915.8289726462998,0.0,0.0,0.0,0.0,2035.368,8.806320000000001,-2.301711222560464,0.4432397183683041,-0.7918310165405265,1.795626640319825,4.076040029525758,-1.326730728149414,3.051928260747125,-1.203933463377112,0.0,0.0,0.0,0.8000000000000007,0.0,1999.0034949810943,7,1,0,450,,18.0,0.0,0.0,0.0
2021-01-04 10:30:00,2021-01-04 11:30:00,0.0,0.0,0.0,0.49999999999999994,-0.8660254037844387,0.49999999999999994,0.8660254037844387,1,1,0.0,0.0,0.0,0.0,,58.33058056202555,1,1.0,28.7,28.6,28.8,71.41,1009.485,1.824,3.448453,293.3,0.0,237.4,6.203833103179932,8.065500259399414,253.7387542724609,31.375635147094727,0,0,0,1,0,29.3,23.5,71.0,7.0,280.0,5.0,,,0.0,0.0,0.0,0.0,0.0,0.0,0.0,29.77,69.58,1009.573,3.1208572387695312,8.225515365600586,0.0,0.0,0.0,0.0,0.0,0.0,0.0,0.0,0.0,0.0,0.0,0.0,0.0,0.0,28.675555555555555,72.58166666666666,1.4517777777777778,0.0,3.678872872801388,8.939641363480511,0.0,0.0,-1.0700000000000003,1.8299999999999983,6.546134471893311,7.337965488433838,6.452173233032227,7.683478355407715,0.0,0.0,0.0,0.0,0.0,0.0,0.0,0.0,0.0,7,2,4,450,600,,3000,,9000,,,,,,,,,,14,2.0,2.0,0.8510914489953734,0.8510914489953734,936.2005938949108,0.0,0.0,0.0,0.0,2049.4669999999996,8.205330000000002,-1.675246199569791,0.7214749966748485,-0.3423013687133798,-0.24834012985229492,3.0829758644104004,-0.16001510620117188,2.5249602303785434,-0.8741411040810974,0.0,0.0,0.0,0.1999999999999993,0.0,2046.5299884042176,7,1,0,450,,18.0,0.0,0.0,0.0
2021-01-04 10:40:00,2021-01-04 11:40:00,0.0,0.0,0.0,0.49999999999999994,-0.8660254037844387,0.49999999999999994,0.8660254037844387,1,1,0.0,0.0,0.0,0.0,,60.231882412910096,1,1.0,28.89,28.8,29.0,72.02,1009.3,1.415,2.97671,277.8,0.0,306.6,6.324749946594238,8.24178409576416,252.006576538086,31.90610122680664,0,0,0,1,0,29.3,23.5,71.0,7.0,280.0,5.0,,,0.0,0.0,0.0,0.0,0.0,0.0,0.0,29.07,71.74,1009.603,,,0.0,0.0,0.0,0.0,0.0,0.0,0.0,0.0,0.0,0.0,0.0,0.0,0.0,0.0,28.822222222222226,72.06,1.4561111111111111,0.0,3.862649027039023,8.866781543282901,0.0,0.0,-0.17999999999999972,0.28000000000000114,6.203833103179932,6.546134471893311,7.337965488433838,7.604652881622314,0.0,0.0,0.0,0.0,0.0,0.0,0.0,0.0,0.0,7,2,4,450,600,,3000,,9000,,,,,,,,,,14,2.0,2.0,0.8680418616978786,0.8680418616978786,954.8460478676665,0.0,0.0,0.0,0.0,2080.6578,8.083422000000002,-1.4019081942670928,0.19203753499454101,0.12091684341430664,-1.0132155418395996,,,2.4621009195552155,-0.6249974475187408,0.0,0.0,0.0,0.1999999999999993,0.0,2076.9837945395707,7,1,0,450,,18.0,0.0,0.0,0.0
2021-01-04 10:50:00,2021-01-04 11:50:00,0.0,0.0,0.0,0.49999999999999994,-0.8660254037844387,0.49999999999999994,0.8660254037844387,1,1,0.0,0.0,0.0,0.0,,62.05413454743794,1,1.0,29.24,29.0,29.7,71.27,1009.108,1.816,3.451357,284.2,0.0,666.9,6.190583229064941,8.398758888244629,250.9042510986328,30.663970947265625,0,0,0,1,0,29.3,23.5,71.0,7.0,280.0,5.0,,,0.0,0.0,0.0,0.0,0.0,0.0,0.0,29.05,72.56,1009.616,4.750507831573486,7.884271621704102,0.0,0.0,0.0,0.0,0.0,0.0,0.0,0.0,0.0,0.0,0.0,0.0,0.0,0.0,28.965555555555554,71.54166666666669,1.5209444444444444,0.0,4.043518900871277,8.811809399548698,0.0,0.0,0.18999999999999773,-1.2900000000000063,6.324749946594238,6.203833103179932,6.546134471893311,7.82158088684082,0.0,0.0,0.0,0.0,0.0,0.0,0.0,0.0,0.0,7,2,4,450,600,,3000,,9000,,,,,,,,,,14,2.0,2.0,0.8833907676728275,0.8833907676728275,971.7298444401102,0.0,0.0,0.0,0.0,2083.9348,8.400652000000001,-1.7605127554095725,0.4454782127559046,-0.13416671752929688,-0.35555124282837003,1.440075397491455,0.5144872665405273,2.1470643281936646,-0.41305051130406945,0.0,0.0,0.0,0.6999999999999993,0.0,2107.2843090130045,7,1,0,450,,18.0,0.0,0.0,0.0
2021-01-04 11:00:00,2021-01-04 12:00:00,0.0,0.0,0.0,0.258819045102521,-0.9659258262890682,0.49999999999999994,0.8660254037844387,1,1,0.0,0.0,0.0,0.0,,63.780615884767734,1,1.0,29.65,29.5,29.9,69.69,1009.054,2.383,4.237917,285.7,0.0,653.3,6.997457504272461,9.011466026306152,246.77474975585932,33.55727005004883,0,0,0,1,0,29.2,24.2,74.0,4.0,290.0,5.0,,,0.0,0.0,0.0,0.0,0.0,0.0,0.0,29.74,70.51,1009.664,6.452173233032227,7.683478355407715,0.0,0.0,0.0,0.0,0.0,0.0,0.0,0.0,0.0,0.0,0.0,0.0,0.0,0.0,29.08277777777778,71.19666666666667,1.6139444444444444,0.0,4.29226566062254,8.779029032763313,0.0,0.0,-0.08999999999999986,-0.8200000000000074,6.190583229064941,6.324749946594238,6.203833103179932,8.065500259399414,0.0,0.0,0.0,0.0,0.0,0.0,0.0,0.0,0.0,6,2,4,450,600,,3000,,9000,,,,,,,,,,5,2.0,2.0,0.8971089495541762,0.8971089495541762,986.8198445095938,0.0,0.0,0.0,0.0,2066.3084999999996,8.986915,-2.2940944317342993,0.6448408627604822,0.8068742752075195,0.7936244010925293,0.5452842712402344,1.3279876708984375,2.7051918436499207,0.23243699354283898,0.0,0.0,0.0,0.3999999999999986,0.0,2223.8022735751288,6,1,0,450,,9.0,0.0,0.0,0.0
2021-01-04 11:10:00,2021-01-04 12:10:00,0.0,0.0,0.0,0.258819045102521,-0.9659258262890682,0.49999999999999994,0.8660254037844387,1,1,0.0,0.0,0.0,0.0,,65.39094267686937,1,1.0,29.03,28.8,29.5,73.42,1008.966,2.057,3.499228,287.0,0.0,471.2,9.327256202697754,8.865309715270996,247.6158447265625,34.02310562133789,0,0,0,1,0,29.2,24.2,74.0,4.0,290.0,5.0,,,0.0,0.0,0.0,0.0,0.0,0.0,0.0,29.5,69.51,1009.603,7.337965488433838,7.604652881622314,0.0,0.0,0.0,0.0,0.0,0.0,0.0,0.0,0.0,0.0,0.0,0.0,0.0,0.0,29.105555555555554,71.20611111111111,1.710222222222222,0.0,4.686971643391778,8.73511132072,0.0,0.0,-0.46999999999999886,3.9099999999999966,6.997457504272461,6.190583229064941,6.324749946594238,8.24178409576416,0.0,0.0,0.0,0.0,0.0,0.0,0.0,0.0,0.0,6,2,4,450,600,,3000,,9000,,,,,,,,,,5,2.0,2.0,0.9091702919732954,0.9091702919732954,1000.0873211706249,0.0,0.0,0.0,0.0,2131.3826,7.716174,-1.9671188830159638,0.6014085966146694,2.329798698425293,3.0025062561035156,1.989290714263916,1.2606568336486825,4.640284559305976,0.13019839455099635,0.0,0.0,0.0,0.6999999999999993,0.0,2195.191153909429,6,1,0,450,,9.0,0.0,0.0,0.0
2021-01-04 11:20:00,2021-01-04 12:20:00,0.0,0.0,0.0,0.258819045102521,-0.9659258262890682,0.49999999999999994,0.8660254037844387,1,1,0.0,0.0,0.0,0.0,,66.86065042479851,1,1.0,29.12,28.9,29.4,72.75,1008.914,1.78,2.859672,272.6,0.0,544.1,8.16267204284668,9.041459083557127,246.3791656494141,35.12346267700195,0,0,0,1,0,29.2,24.2,74.0,4.0,290.0,5.0,,,0.0,0.0,0.0,0.0,0.0,0.0,0.0,29.16,69.8,1009.526,6.546134471893311,7.82158088684082,0.0,0.0,0.0,0.0,0.0,0.0,0.0,0.0,0.0,0.0,0.0,0.0,0.0,0.0,29.12722222222222,71.19222222222223,1.7749444444444444,0.0,5.026682005209081,8.710975394529456,0.0,0.0,-0.03999999999999915,2.950000000000003,9.327256202697754,6.997457504272461,6.190583229064941,8.398758888244629,0.0,0.0,0.0,0.0,0.0,0.0,0.0,0.0,0.0,6,2,4,450,600,,3000,,9000,,,,,,,,,,5,2.0,2.0,0.9195518312722741,0.9195518312722741,1011.5070143995016,0.0,0.0,0.0,0.0,2118.48,7.9352,-1.778167614227472,0.0807461188700727,-1.1645841598510742,1.9720888137817383,1.6165375709533683,1.2198781967163068,3.1359900376375984,0.33048368902767145,0.0,0.0,0.0,0.5,0.0,2227.6271452601213,6,1,0,450,,9.0,0.0,0.0,0.0
2021-01-04 11:30:00,2021-01-04 12:30:00,0.0,0.0,0.0,0.258819045102521,-0.9659258262890682,0.49999999999999994,0.8660254037844387,1,1,0.0,0.0,0.0,0.0,,68.16114932126544,1,1.0,29.12,28.9,29.3,74.13,1008.797,2.26,3.248492,272.1,0.0,796.1,7.418683528900146,8.716324806213379,249.0786895751953,36.6347770690918,0,0,0,1,0,29.2,24.2,74.0,4.0,290.0,5.0,,,0.0,0.0,0.0,0.0,0.0,0.0,0.0,28.7,71.41,1009.485,6.203833103179932,8.065500259399414,0.0,0.0,0.0,0.0,0.0,0.0,0.0,0.0,0.0,0.0,0.0,0.0,0.0,0.0,29.147222222222222,71.38166666666666,1.8413888888888887,0.0,5.322695823276744,8.656679461984073,0.0,0.0,0.4200000000000017,2.719999999999999,8.16267204284668,9.327256202697754,6.997457504272461,9.011466026306152,0.0,0.0,0.0,0.0,0.0,0.0,0.0,0.0,0.0,6,2,4,450,600,,3000,,9000,,,,,,,,,,5,2.0,2.0,0.9282337992219395,0.9282337992219395,1021.0571791441334,0.0,0.0,0.0,0.0,2158.6656,7.533344000000002,-2.258482169939763,0.08281478167681763,-0.7439885139465341,0.42122602462768466,1.214850425720214,0.6508245468139648,2.0959877056234015,0.05964534422930612,0.0,0.0,0.0,0.40000000000000213,0.0,2171.0507606433966,6,1,0,450,,9.0,0.0,0.0,0.0
2021-01-04 11:40:00,2021-01-04 12:40:00,0.0,0.0,0.0,0.258819045102521,-0.9659258262890682,0.49999999999999994,0.8660254037844387,1,1,0.0,0.0,0.0,0.0,,69.26042548492164,1,1.0,29.61,29.2,30.0,72.6,1008.629,1.729,2.736637,278.1,0.0,943.0,5.990782260894775,8.76589584350586,248.9220733642578,39.75389862060547,0,0,0,1,0,29.2,24.2,74.0,4.0,290.0,5.0,,,0.0,0.0,0.0,0.0,0.0,0.0,0.0,28.89,72.02,1009.3,6.324749946594238,8.24178409576416,0.0,0.0,0.0,0.0,0.0,0.0,0.0,0.0,0.0,0.0,0.0,0.0,0.0,0.0,29.202222222222222,71.44388888888888,1.8760555555555551,0.0,5.546815093825845,8.609696079702939,0.0,0.0,0.7199999999999989,0.5799999999999983,7.418683528900146,8.16267204284668,9.327256202697754,8.865309715270996,0.0,0.0,0.0,0.0,0.0,0.0,0.0,0.0,0.0,6,2,4,450,600,,3000,,9000,,,,,,,,,,5,2.0,2.0,0.9351996606613634,0.9351996606613634,1028.7196267274996,0.0,0.0,0.0,0.0,2149.6859999999997,8.113140000000001,-1.711750904191928,0.24361823002008026,-1.4279012680053702,-3.3364739418029785,-0.3339676856994629,0.5241117477416992,0.44396716706893,0.15619976380292044,0.0,0.0,0.0,0.8000000000000007,0.0,2182.024968260608,6,1,0,450,,9.0,0.0,0.0,0.0
2021-01-04 11:50:00,2021-01-04 12:50:00,0.0,0.0,0.0,0.258819045102521,-0.9659258262890682,0.49999999999999994,0.8660254037844387,1,1,0.0,0.0,0.0,0.0,,70.12493071547058,1,1.0,29.41,29.3,29.7,72.55,1008.432,2.161,3.662202,261.9,0.0,783.9,5.460366725921631,9.135340690612791,246.4166717529297,39.37459945678711,0,0,0,1,0,29.2,24.2,74.0,4.0,290.0,5.0,,,0.0,0.0,0.0,0.0,0.0,0.0,0.0,29.24,71.27,1009.108,6.190583229064941,8.398758888244629,0.0,0.0,0.0,0.0,0.0,0.0,0.0,0.0,0.0,0.0,0.0,0.0,0.0,0.0,29.243333333333332,71.53055555555554,1.9075555555555554,0.0,5.760754438007579,8.567075308631448,0.0,0.0,0.1700000000000017,1.2800000000000011,5.990782260894775,7.418683528900146,8.16267204284668,9.041459083557127,0.0,0.0,0.0,0.0,0.0,0.0,0.0,0.0,0.0,6,2,4,450,600,,3000,,9000,,,,,,,,,,5,2.0,2.0,0.9404361449871899,0.9404361449871899,1034.4797594859087,0.0,0.0,0.0,0.0,2133.6955,8.073045,-2.1394411243254807,-0.3044875622171167,-0.5304155349731445,-2.702305316925049,-0.7302165031433105,0.7365818023681623,-0.30038771208594817,0.5682653819813428,0.0,0.0,0.0,0.3999999999999986,0.0,2251.100248309914,6,1,0,450,,9.0,0.0,0.0,0.0
2021-01-04 12:00:00,2021-01-04 13:00:00,1.0,1.0,0.0009630881086657564,1.2246467991473532e-16,-1.0,0.49999999999999994,0.8660254037844387,1,1,0.0,0.0,0.0,0.0,,70.72295121723394,1,1.0,29.33,29.3,29.4,74.74,1008.197,2.358,4.097112,260.5,0.0,880.0,4.823425769805908,9.25663948059082,245.40528869628903,35.51775360107422,0,0,0,1,0,29.4,24.7,76.0,6.0,260.0,5.0,,,0.0,0.0,0.0,0.0,0.0,0.0,0.0,29.65,69.69,1009.054,6.997457504272461,9.011466026306152,0.0,0.0,0.0,0.0,0.0,0.0,0.0,0.0,0.0,0.0,0.0,0.0,0.0,0.0,29.268333333333334,71.72166666666665,1.9656111111111108,0.0,5.937917751424453,8.542440386379466,0.0,0.0,-0.3200000000000003,5.049999999999997,5.460366725921631,5.990782260894775,7.418683528900146,8.716324806213379,0.0,0.0,0.0,0.0,0.0,0.0,0.0,0.0,0.0,6,3,3,450,600,750,3000,,9000,,,,,,,,,,5,2.0,2.0,0.9439332714328141,0.9439332714328141,1038.3265985760956,0.0,0.0,0.0,0.0,2192.1241999999997,7.4087580000000015,-2.3256614484247917,-0.3891822546194771,-0.6369409561157227,-2.5952577590942374,-2.1740317344665527,0.24517345428466797,-1.1144919816185448,0.7141990942113541,0.0,0.0,0.0,0.09999999999999787,0.0,2271.628284091857,6,1,0,450,,9.0,0.0,0.0,0.0
2021-01-04 12:10:00,2021-01-04 13:10:00,5.8,5.8,0.005575567758808105,1.2246467991473532e-16,-1.0,0.49999999999999994,0.8660254037844387,1,1,0.0,0.0,0.0,0.0,,71.02919894045999,1,1.0,29.23,29.1,29.5,76.4,1008.055,2.757,4.229166,257.8,0.0,1030.0,4.232818126678467,9.429728507995604,244.2787322998047,34.674129486083984,0,0,0,1,0,29.4,24.7,76.0,6.0,260.0,5.0,,,0.0,0.0,0.0,0.0,0.0,0.0,0.0,29.03,73.42,1008.966,9.327256202697754,8.865309715270996,0.0,0.0,0.0,0.0,0.0,0.0,0.0,0.0,0.0,0.0,0.0,0.0,0.0,0.0,29.28055555555556,71.97833333333332,2.053833333333333,0.0,5.98884477334864,8.546824595507454,0.0,0.0,0.1999999999999993,2.980000000000004,4.823425769805908,5.460366725921631,5.990782260894775,8.76589584350586,0.0,0.0,0.0,0.0,0.0,0.0,0.0,0.0,0.0,6,3,3,450,600,750,3000,,9000,,,,,,,,,,5,2.0,2.0,0.945684368089256,0.945684368089256,1040.2528048981817,0.0,0.0,0.0,0.0,2233.172,6.898279999999999,-2.6947356205467665,-0.5826224638275073,-0.5906076431274414,-1.7579641342163086,-5.094438076019287,0.5644187927246076,-1.7560266466701728,0.8829039124881497,0.0,0.0,0.0,0.3999999999999986,0.0,2303.4821258644947,6,1,0,450,,9.0,0.0,0.0,0.0
2021-01-04 12:20:00,2021-01-04 13:20:00,15.0,15.0,0.014419545616638173,1.2246467991473532e-16,-1.0,0.49999999999999994,0.8660254037844387,1,1,0.0,0.0,0.0,0.0,,71.0295014797941,1,1.0,29.56,29.3,29.8,75.83,1007.998,2.476,3.990729,272.0,0.0,894.0,4.0847368240356445,9.396071434020996,244.3197479248047,31.195432662963867,0,0,0,1,0,29.4,24.7,76.0,6.0,260.0,5.0,,,0.0,0.0,0.0,0.0,0.0,0.0,0.0,29.12,72.75,1008.914,8.16267204284668,9.041459083557127,0.0,0.0,0.0,0.0,0.0,0.0,0.0,0.0,0.0,0.0,0.0,0.0,0.0,0.0,29.287777777777777,72.25055555555555,2.1067777777777774,0.0,6.083823736976175,8.561398702509264,0.0,0.0,0.4399999999999977,3.0799999999999983,4.232818126678467,4.823425769805908,5.460366725921631,9.135340690612791,0.0,0.0,0.0,0.0,0.0,0.0,0.0,0.0,0.0,6,3,3,450,600,750,3000,,9000,,,,,,,,,,5,2.0,2.0,0.9456860846314844,0.9456860846314844,1040.2546930946328,0.0,0.0,0.0,0.0,2241.5348,7.144652,-2.474491687699281,0.08641115383539318,-0.14808130264282227,-1.3756299018859863,-4.077935218811035,0.35461235046386896,-1.9990869129405304,0.8346727315117324,0.0,0.0,0.0,0.5,0.0,2295.645804243468,6,1,0,450,,9.0,0.0,0.0,0.0
2021-01-04 12:30:00,2021-01-04 13:30:00,26.6,26.6,0.02561800453764544,1.2246467991473532e-16,-1.0,0.49999999999999994,0.8660254037844387,1,1,0.0,0.0,0.0,0.0,,70.7238410884005,1,1.0,29.34,29.2,29.5,75.78,1007.859,2.54,3.91794,269.5,0.0,741.8,4.487265110015869,9.139248847961426,245.75624084472656,25.323637008666992,0,0,0,1,0,29.4,24.7,76.0,6.0,260.0,5.0,,,0.0,0.0,0.0,0.0,0.0,0.0,0.0,29.12,74.13,1008.797,7.418683528900146,8.716324806213379,0.0,0.0,0.0,0.0,0.0,0.0,0.0,0.0,0.0,0.0,0.0,0.0,0.0,0.0,29.26388888888889,72.59499999999998,2.1358888888888887,0.0,6.1642006705789,8.61514773088343,0.0,0.0,0.21999999999999886,1.6500000000000057,4.0847368240356445,4.232818126678467,4.823425769805908,9.25663948059082,0.0,0.0,0.0,0.0,0.0,0.0,0.0,0.0,0.0,6,3,3,450,600,750,3000,,9000,,,,,,,,,,5,2.0,2.0,0.943938398725912,0.943938398725912,1038.3322385985032,0.0,0.0,0.0,0.0,2223.3852,7.106147999999999,-2.539903284582995,-0.022165400165868883,0.4025282859802246,-0.33616065979003906,-2.9314184188842765,0.4229240417480469,-1.676935560563031,0.5241011170779952,0.0,0.0,0.0,0.3000000000000007,0.0,2246.027441019498,6,1,0,450,,9.0,0.0,0.0,0.0
2021-01-04 12:40:00,2021-01-04 13:40:00,37.8,37.8,0.03653977679822627,1.2246467991473532e-16,-1.0,0.49999999999999994,0.8660254037844387,1,1,0.0,0.0,0.0,0.0,,70.12635841671492,1,1.0,29.38,29.2,29.6,75.48,1007.616,2.697,4.655948,259.5,0.0,1031.0,5.045384407043457,9.007146835327148,246.588607788086,21.44051742553711,0,0,0,1,0,29.4,24.7,76.0,6.0,260.0,5.0,,,0.0,0.0,0.0,0.0,0.0,0.0,0.0,29.61,72.6,1008.629,5.990782260894775,8.76589584350586,0.0,0.0,0.0,0.0,0.0,0.0,0.0,0.0,0.0,0.0,0.0,0.0,0.0,0.0,29.281111111111116,72.80277777777776,2.167888888888889,0.0,6.102044211493598,8.636925458908081,0.0,0.0,-0.23000000000000043,2.8800000000000097,4.487265110015869,4.0847368240356445,4.232818126678467,9.429728507995604,0.0,0.0,0.0,0.0,0.0,0.0,0.0,0.0,0.0,6,3,3,450,600,750,3000,,9000,,,,,,,,,,5,2.0,2.0,0.9404446161068081,0.9404446161068081,1034.489077717489,0.0,0.0,0.0,0.0,2217.6024,7.203975999999999,-2.6518384856999853,-0.49148921225232256,0.5581192970275879,0.8125662803649902,-0.9453978538513184,0.24125099182128906,-1.056659804450141,0.3702213764190674,0.0,0.0,0.0,0.40000000000000213,0.0,2221.059798266186,6,1,0,450,,9.0,0.0,0.0,0.0
2021-01-04 12:50:00,2021-01-04 13:50:00,46.5,46.5,0.04520125490925787,1.2246467991473532e-16,-1.0,0.49999999999999994,0.8660254037844387,1,1,0.0,0.0,0.0,0.0,,69.26231918743599,1,1.0,30.03,29.6,30.2,73.65,1007.481,2.388,4.013187,261.1,0.0,1108.0,6.271250247955322,8.349411010742188,251.0952606201172,15.079824447631836,0,0,0,1,0,29.4,24.7,76.0,6.0,260.0,5.0,,,0.0,0.0,0.0,0.0,0.0,0.0,0.0,29.41,72.55,1008.432,5.460366725921631,9.135340690612791,0.0,0.0,0.0,0.0,0.0,0.0,0.0,0.0,0.0,0.0,0.0,0.0,0.0,0.0,29.33555555555556,72.86333333333333,2.189722222222222,0.0,6.186529901292589,8.662766536076864,0.0,0.0,0.620000000000001,1.1000000000000085,5.045384407043457,4.487265110015869,4.0847368240356445,9.396071434020996,0.0,0.0,0.0,0.0,0.0,0.0,0.0,0.0,0.0,6,3,3,450,600,750,3000,,9000,,,,,,,,,,5,2.0,2.0,0.9352113643214186,0.9352113643214186,1028.7325007535605,0.0,0.0,0.0,0.0,2211.7095000000004,7.9129049999999985,-2.359248159457301,-0.3694484024831284,1.2258658409118652,2.1865134239196777,0.8108835220336914,-0.7859296798706037,0.08472034666273309,-0.3133555253346767,0.0,0.0,0.0,0.5999999999999979,0.0,2096.4975337667856,6,1,0,450,,9.0,0.0,0.0,0.0
2021-01-04 13:00:00,2021-01-04 14:00:00,58.6,57.6,0.057390583095527734,-0.2588190451025208,-0.9659258262890683,0.49999999999999994,0.8660254037844387,1,1,1.0,1.0,0.0,0.5,,68.16342602336906,1,1.0,29.83,29.7,30.0,73.37,1007.364,2.599,4.205634,263.0,0.0,960.0,6.609043121337891,8.001191139221191,253.8018493652344,14.413443565368652,0,0,0,1,0,30.0,24.7,73.0,5.0,260.0,6.0,,,0.0,0.0,0.0,0.0,0.0,0.0,0.0,29.33,74.74,1008.197,4.823425769805908,9.25663948059082,0.3333333333333333,0.0,1.0,0.5773502691896258,0.16666666666666666,0.0,1.0,0.408248290463863,0.05555555555555555,0.0,1.0,0.23570226039551584,0.05555555555555555,0.0,29.34055555555556,73.02222222222223,2.224444444444445,0.0,6.195244895087348,8.680417246288723,1.0,1.0,0.5,-1.3699999999999903,6.271250247955322,5.045384407043457,4.487265110015869,9.139248847961426,0.0,0.0,0.0,0.0,0.0,0.0,0.0003264538287572681,0.00016322691437863405,0.0005654346177329782,7,3,4,600,750,,3000,,9000,,,,,,,,,,3,2.0,2.0,0.9282485801556293,0.9282485801556293,1021.0734381711922,0.0009793614862718043,0.0010416666666666667,0.05,0.0,2188.6271,7.9437289999999985,-2.5796274481157964,-0.3167384235099775,0.33779287338256836,2.1217780113220215,1.7856173515319824,-1.255448341369629,0.41379822625054263,-0.6792261070675316,1.0,1.0,0.05,0.3000000000000007,0.0,2030.717108259065,7,1,0,600,,7.0,0.00017162377066110197,0.00026540330779480293,5.6171979122507045e-05
2021-01-04 13:10:00,2021-01-04 14:10:00,94.9,89.10000000000001,0.0938186054879308,-0.2588190451025208,-0.9659258262890683,0.49999999999999994,0.8660254037844387,1,1,5.8,5.4,0.0,1.9,,66.86322535621547,1,1.0,29.74,29.6,30.0,72.99,1007.262,2.812,4.557058,266.0,0.0,853.0,6.7105207443237305,8.201539039611816,252.67138671875,14.757030487060549,0,0,0,1,0,30.0,24.7,73.0,5.0,260.0,6.0,,,1.0,0.0,0.0,0.0,0.0,0.0,0.0,29.23,76.4,1008.055,4.232818126678467,9.429728507995604,2.2666666666666666,0.0,5.8,3.100537587795596,1.1333333333333333,0.0,5.8,2.320919358070561,0.37777777777777777,0.0,5.8,1.373512267041113,0.35555555555555557,0.0,29.353888888888882,73.21555555555555,2.244222222222222,0.0,6.160386853747898,8.713577588399252,4.8,5.8,0.509999999999998,-3.410000000000011,6.609043121337891,6.271250247955322,5.045384407043457,9.007146835327148,0.0,0.0,0.0009793614862718043,0.0,0.0,0.0,0.0022377566451604945,0.0011188783225802473,0.0030670988422148064,7,3,4,600,750,,3000,,9000,,,,,,,,,,3,2.0,2.0,0.9195694907640227,0.9195694907640227,1011.526439840425,0.005733908449209679,0.006799531066822978,0.27,0.0,2170.7225999999996,8.032774,-2.8051501093306257,-0.19615520416848112,0.10147762298583984,1.6651363372802734,2.4777026176452637,-1.2281894683837873,0.5501338905758324,-0.5120385487874355,5.8,5.8,0.29,0.3999999999999986,0.0,2072.2942423666827,7,1,0,600,,7.0,0.0018125505477193608,0.0015080261670974533,0.0004939004762514753
2021-01-04 13:20:00,2021-01-04 14:20:00,103.1,88.1,0.10308869659304853,-0.2588190451025208,-0.9659258262890683,0.49999999999999994,0.8660254037844387,1,1,15.0,14.7,0.0,4.3,,65.39373542669128,1,1.0,29.93,29.6,30.5,72.64,1007.093,2.871,5.017486,261.2,0.0,1053.0,6.864138603210449,8.423379898071289,251.271713256836,16.89394187927246,0,0,0,1,0,30.0,24.7,73.0,5.0,260.0,6.0,,,5.8,0.0,0.0,0.0,0.0,0.0,0.0,29.56,75.83,1007.998,4.0847368240356445,9.396071434020996,7.266666666666667,1.0,15.0,7.11430483837552,3.6333333333333333,0.0,15.0,6.0072178807386925,1.2111111111111112,0.0,15.0,3.704034190048163,1.1722222222222223,0.0,29.396666666666665,73.37333333333335,2.2735,0.0,6.178053749932183,8.747010866800943,9.2,15.0,0.370000000000001,-3.1899999999999977,6.7105207443237305,6.609043121337891,6.271250247955322,8.349411010742188,1.0,0.0,0.005733908449209679,0.0009793614862718043,0.0,0.0,0.007237208468295728,0.003618604234147864,0.007129374536754553,7,3,4,600,750,,3000,,9000,,,,,,,,,,3,2.0,2.0,0.9091905885401691,0.9091905885401691,1000.109647394186,0.014998355469405703,0.014245014245014245,0.735,0.0,2174.1152,8.188848,-2.837203683133053,-0.43922233597147436,0.15361785888671875,0.592888355255127,2.7794017791748047,-0.972691535949707,0.686084853278266,-0.32363096872965436,15.0,15.0,0.75,0.8999999999999986,0.0,2116.5570984015653,7,1,0,600,,7.0,0.00796512077446909,0.003737424626225151,0.002286130306168746
2021-01-04 13:30:00,2021-01-04 14:30:00,128.7,102.1,0.1304156491972394,-0.2588190451025208,-0.9659258262890683,0.49999999999999994,0.8660254037844387,1,1,26.6,26.0,0.4,7.2,,63.78355341767602,1,1.0,30.09,29.7,30.6,70.44,1006.872,3.137,4.822253,268.0,0.0,1158.0,7.008644104003906,8.591262817382812,250.1736297607422,16.924028396606445,0,0,0,1,0,30.0,24.7,73.0,5.0,260.0,6.0,,,15.0,1.0,0.0,0.0,0.0,0.0,0.0,29.34,75.78,1007.859,4.487265110015869,9.139248847961426,15.800000000000002,5.8,26.6,10.423051376636307,8.066666666666668,0.0,26.6,10.740328983167448,2.688888888888889,0.0,26.6,7.017028773666067,2.6166666666666667,0.022222222222222223,29.473888888888894,73.31944444444444,2.3464444444444443,0.0,6.222765472200182,8.776219897800022,11.600000000000001,26.6,0.75,-5.340000000000003,6.864138603210449,6.7105207443237305,6.609043121337891,8.001191139221191,5.8,0.0,0.014998355469405703,0.005733908449209679,0.0009793614862718043,0.0,0.015895619360197795,0.008111036594477532,0.010638758733861386,7,3,4,600,750,,3000,,9000,,,,,,,,,,3,2.0,2.0,0.897131599774888,0.897131599774888,986.8447597523768,0.026954594161978002,0.0229706390328152,0.9774436090225563,0.015037593984962405,2119.5396,8.894604000000001,-3.1350890243589036,-0.10947972115574489,0.14450550079345703,0.3996009826660156,2.521378993988037,-0.5479860305786133,0.7858786318037243,-0.1849570804172096,26.6,26.6,1.33,0.9000000000000021,0.0,2149.3074032531586,7,1,0,600,,7.0,0.021047203684685135,0.0061839829592189935,0.00574346295292918
2021-01-04 13:40:00,2021-01-04 14:40:00,167.0,129.2,0.17185366444054745,-0.2588190451025208,-0.9659258262890683,0.49999999999999994,0.8660254037844387,1,1,37.8,36.7,3.1,9.2,,62.057152022367916,1,1.0,30.0,29.9,30.2,71.83,1006.649,2.72,4.304156,268.5,0.0,1052.0,5.581849098205566,8.53438663482666,250.5890045166016,21.233116149902344,0,0,0,1,0,30.0,24.7,73.0,5.0,260.0,6.0,,,26.6,5.8,0.0,0.0,0.0,0.0,0.0,29.38,75.48,1007.616,5.045384407043457,9.007146835327148,26.46666666666667,15.0,37.8,11.400584780323038,14.366666666666667,0.0,37.8,15.216000350508232,4.788888888888889,0.0,37.8,10.800974296406505,4.655555555555556,0.19444444444444445,29.535555555555547,73.30888888888889,2.4189444444444437,0.0,6.181493202845256,8.792475594414604,11.199999999999996,37.8,0.620000000000001,-3.6500000000000057,7.008644104003906,6.864138603210449,6.7105207443237305,8.201539039611816,15.0,0.0,0.026954594161978002,0.014998355469405703,0.005733908449209679,0.0,0.026950521166255032,0.014594138905707765,0.011950129719566752,7,3,4,600,750,,3000,,9000,,,,,,,,,,3,2.0,2.0,0.8834154471620425,0.8834154471620425,971.7569918782467,0.038898613867381394,0.035931558935361214,0.970899470899471,0.08201058201058202,2154.9,8.451,-2.719067923933516,-0.07120129939741587,-1.4267950057983398,-1.128671646118164,0.5364646911621094,-0.4727602005004883,-0.5996441046396894,-0.2580889595879441,37.8,37.8,1.89,0.3000000000000007,0.0,2138.6234509810024,7,1,0,600,,7.0,0.040899314513705785,0.008221728032819531,0.009592780043707708
2021-01-04 13:50:00,2021-01-04 14:50:00,361.5,315.0,0.3785835735952416,-0.2588190451025208,-0.9659258262890683,0.49999999999999994,0.8660254037844387,1,1,46.5,45.5,0.8,11.1,,60.234922750180694,1,1.0,29.82,29.6,30.0,73.46,1006.518,3.142,5.379327,258.6,0.0,905.0,5.2729902267456055,8.516009330749512,250.841796875,21.706439971923828,0,0,0,1,0,30.0,24.7,73.0,5.0,260.0,6.0,,,37.8,15.0,0.0,0.0,0.0,0.0,0.0,30.03,73.65,1007.481,6.271250247955322,8.349411010742188,36.96666666666667,26.6,46.5,9.976138197385463,22.116666666666664,1.0,46.5,18.018925236169515,7.372222222222222,0.0,46.5,14.5116507171289,7.183333333333334,0.23888888888888887,29.567777777777774,73.43055555555557,2.4926111111111116,0.0,6.130515813827515,8.798989507887098,8.700000000000003,46.5,-0.21000000000000085,-0.19000000000001194,5.581849098205566,7.008644104003906,6.864138603210449,8.423379898071289,26.6,1.0,0.038898613867381394,0.026954594161978002,0.014998355469405703,0.0,0.03818356005052297,0.022710384259409352,0.010889061574310847,7,3,4,600,750,,3000,,9000,,,,,,,,,,3,2.0,2.0,0.8680682062231299,0.8680682062231299,954.8750268454428,0.048697472122209505,0.05138121546961326,0.978494623655914,0.017204301075268817,2190.5771999999997,7.914228000000001,-3.0800120306614502,-0.6210393634712124,-0.30885887145996094,-1.5911483764648438,-0.9982600212097168,0.16659832000732422,-0.8575255870819092,-0.2829801771375866,46.5,45.5,2.325,0.3999999999999986,0.0,2136.1710827294737,7,1,0,600,,7.0,0.06473832169740333,0.009557062755076942,0.012525128581731368
2021-01-04 14:00:00,2021-01-04 15:00:00,266.2,207.6,0.28433154958731416,-0.4999999999999997,-0.8660254037844388,0.49999999999999994,0.8660254037844387,1,1,58.6,58.3,0.4,14.0,,58.33359344652486,1,1.0,29.73,29.3,30.1,75.38,1006.312,3.252,5.570184,253.5,0.0,843.0,4.777349472045898,9.064257621765137,247.06005859375,21.460264205932617,0,0,0,1,0,30.2,25.0,74.0,6.0,270.0,8.0,,,46.5,26.6,1.0,0.0,0.0,1.0,0.0,29.83,73.37,1007.364,6.609043121337891,8.001191139221191,47.63333333333333,37.8,58.6,10.44621143445476,31.716666666666665,5.8,58.6,19.77659390963638,10.627777777777776,0.0,58.6,18.72267595113588,10.422222222222224,0.2611111111111111,29.57222222222222,73.74666666666667,2.540888888888889,0.0,6.007176478703816,8.801922374301487,12.100000000000001,57.6,-0.09999999999999787,2.009999999999991,5.2729902267456055,5.581849098205566,7.008644104003906,8.591262817382812,37.8,5.8,0.048697472122209505,0.038898613867381394,0.026954594161978002,0.0009793614862718043,0.05006249298302743,0.03297905617161261,0.011905226026402538,7,2,5,600,,,3000,,9000,,,,,,,,,,2,2.0,2.0,0.8511190557335081,0.8511190557335081,936.230961306859,0.0625913929594914,0.06951364175563464,0.9948805460750852,0.006825938566552901,2241.0474,7.3195260000000015,-3.1180817777913634,-0.9236179009771563,-0.49564075469970703,-2.231294631958008,-1.8316936492919922,1.0630664825439453,-1.229827006657918,0.2623352474636498,58.6,52.800000000000004,2.88,0.8000000000000007,0.0,2239.4160191421397,7,1,0,600,,6.0,0.089657574649067,0.01214436261580287,0.014535419502647117
2021-01-04 14:10:00,2021-01-04 15:10:00,249.7,154.79999999999998,0.27263985035706745,-0.4999999999999997,-0.8660254037844388,0.49999999999999994,0.8660254037844387,1,1,94.9,94.5,0.4,22.2,,56.36677762476462,1,1.0,29.45,29.1,29.7,77.52,1006.191,3.032,5.071543,255.6,0.0,758.4,4.511538028717041,9.016753196716309,247.39649963378903,20.98624992370605,0,0,0,1,0,30.2,25.0,74.0,6.0,270.0,8.0,,,58.6,37.8,5.8,0.0,0.0,5.4,0.0,29.74,72.99,1007.262,6.7105207443237305,8.201539039611816,66.66666666666667,46.5,94.9,25.18815859354021,46.56666666666666,15.0,94.9,28.117230778770992,15.899999999999999,0.0,94.9,27.05949871280389,15.672222222222224,0.2833333333333334,29.595555555555556,73.97444444444444,2.5950555555555557,0.0,5.739636580149333,8.810335901048449,36.300000000000004,89.10000000000001,-0.28999999999999915,4.530000000000001,4.777349472045898,5.2729902267456055,5.581849098205566,8.53438663482666,46.5,15.0,0.0625913929594914,0.048697472122209505,0.038898613867381394,0.005733908449209679,0.07163576479747219,0.04929314298186361,0.028555706629029107,7,2,5,600,,,3000,,9000,,,,,,,,,,2,2.0,2.0,0.8326002222444941,0.8326002222444941,915.8602444689436,0.10361842931071567,0.1251318565400844,0.9957850368809272,0.004214963119072708,2282.964,6.620360000000001,-2.936744144542009,-0.7540277378838413,-0.2658114433288574,-1.0703110694885254,-2.1989827156066895,0.8152141571044922,-1.228098551432292,0.20641729566786005,94.9,79.9,4.455,0.5999999999999979,0.0,2230.713178929392,7,1,0,600,,6.0,0.12200092196846268,0.021956240933169252,0.018136052820317872
2021-01-04 14:20:00,2021-01-04 15:20:00,336.4,233.29999999999998,0.376369874452611,-0.4999999999999997,-0.8660254037844388,0.49999999999999994,0.8660254037844387,1,1,103.1,102.3,0.8,23.2,,54.34552393230006,1,1.0,29.26,29.1,29.5,77.71,1006.155,2.608,4.738326,250.8,0.0,610.3,4.110593318939209,8.813704490661621,248.8480529785156,20.467472076416016,0,0,0,1,0,30.2,25.0,74.0,6.0,270.0,8.0,,,94.9,46.5,15.0,0.0,0.0,14.7,0.0,29.93,72.64,1007.093,6.864138603210449,8.423379898071289,85.53333333333335,58.6,103.1,23.68255335333024,61.25,26.6,103.1,31.17324173068948,21.627777777777776,0.0,103.1,33.613876783529456,21.355555555555558,0.3277777777777778,29.603333333333335,74.25,2.641055555555555,0.0,5.514521095487806,8.79768286810981,8.199999999999989,88.1,-0.6699999999999982,5.069999999999993,4.511538028717041,4.777349472045898,5.2729902267456055,8.516009330749512,58.6,26.6,0.10361842931071567,0.0625913929594914,0.048697472122209505,0.014998355469405703,0.09385326820031892,0.06601841412542094,0.027701732197558795,7,2,5,600,,,3000,,9000,,,,,,,,,,2,2.0,2.0,0.8125469188068281,0.8125469188068281,893.8016106875109,0.1153499823307497,0.16893331148615434,0.9922405431619787,0.0077594568380213395,2273.7945999999997,6.522054000000002,-2.4629335735793507,-0.8576842146942245,-0.40094470977783203,-1.1623969078063965,-2.7535452842712402,0.39032459259033203,-1.4039277765485974,0.016021622551811276,103.1,76.5,4.404999999999999,0.3999999999999986,0.0,2193.2732020291437,7,1,0,600,,6.0,0.17326033979673747,0.022452047202806042,0.030061006723628655
2021-01-04 14:30:00,2021-01-04 15:30:00,298.7,170.0,0.34329505561374934,-0.4999999999999997,-0.8660254037844388,0.49999999999999994,0.8660254037844387,1,1,128.7,125.8,5.5,29.5,,52.278806574115706,1,1.0,29.33,29.0,29.5,76.61,1006.083,2.638,4.464713,258.4,0.0,509.4,4.318532466888428,8.621036529541016,250.09117126464844,18.551443099975582,0,0,0,1,0,30.2,25.0,74.0,6.0,270.0,8.0,,,103.1,58.6,26.6,0.0,0.0,26.0,0.4,30.09,70.44,1006.872,7.008644104003906,8.591262817382812,108.89999999999999,94.9,128.7,17.630655121123542,78.26666666666667,37.8,128.7,35.97313812647801,28.77777777777778,0.0,128.7,41.50455050254491,28.34444444444445,0.6333333333333333,29.615000000000002,74.38777777777777,2.662055555555555,0.0,5.3422904809316,8.792389074961344,25.599999999999994,102.1,-0.7600000000000016,6.170000000000002,4.110593318939209,4.511538028717041,4.777349472045898,9.064257621765137,94.9,37.8,0.1153499823307497,0.10361842931071567,0.0625913929594914,0.026954594161978002,0.12229431783818238,0.08617840541060491,0.022950037990476096,7,2,5,600,,,3000,,9000,,,,,,,,,,2,2.0,2.0,0.7909972780120018,0.7909972780120018,870.097005813202,0.1479145418730818,0.2526501766784452,0.9774669774669775,0.042735042735042736,2246.9712999999997,6.860287,-2.584119508443069,-0.5304435559830571,0.20793914794921875,-0.4588170051574707,-2.6901116371154785,0.029773712158203125,-1.023758014043172,-0.17135254542032818,128.7,90.89999999999999,3.8383458646616537,0.5,0.0,2156.0451231882325,7,1,0,600,,6.0,0.22199932298453348,0.02802415408895483,0.03643243867979776
2021-01-04 14:40:00,2021-01-04 15:40:00,317.5,150.5,0.3758323766382849,-0.4999999999999997,-0.8660254037844388,0.49999999999999994,0.8660254037844387,1,1,167.0,166.5,0.8,38.2,,50.173938052679446,1,1.0,29.05,28.9,29.2,76.8,1006.069,2.672,4.503532,266.3,0.0,477.3,4.064347743988037,8.764975547790527,249.1326904296875,18.96168327331543,0,0,0,1,0,30.2,25.0,74.0,6.0,270.0,8.0,,,128.7,94.9,37.8,0.0,0.0,36.7,3.1,30.0,71.83,1006.649,5.581849098205566,8.53438663482666,132.9333333333333,103.1,167.0,32.15965381239875,99.8,46.5,167.0,44.551722750080046,38.05555555555556,0.0,167.0,52.02516610734397,37.59444444444445,0.6777777777777778,29.58388888888889,74.6211111111111,2.7144444444444438,0.0,5.235266341103448,8.792337947421604,38.30000000000001,129.2,-0.9499999999999993,4.969999999999999,4.318532466888428,4.110593318939209,4.511538028717041,9.016753196716309,103.1,46.5,0.1479145418730818,0.1153499823307497,0.10361842931071567,0.038898613867381394,0.15364881189848825,0.11264228834798024,0.04146441883568845,7,2,5,600,,,3000,,9000,,,,,,,,,,2,2.0,2.0,0.7679922794787796,0.7679922794787796,844.7915074266575,0.1976819114916333,0.34988476848941963,0.9970059880239521,0.004790419161676647,2231.04,6.739600000000001,-2.6664305320232624,-0.17243032765190297,-0.2541847229003906,-0.4471902847290039,-1.5175013542175293,0.2305889129638672,-1.1709185971154108,-0.027362399631076784,167.0,120.5,3.417989417989418,0.3000000000000007,0.0,2183.641939771478,7,1,0,600,,6.0,0.2846740731748554,0.03960118701826424,0.04161854796366927
2021-01-04 14:50:00,2021-01-04 15:50:00,386.3,24.80000000000001,0.4722879344259593,-0.4999999999999997,-0.8660254037844388,0.49999999999999994,0.8660254037844387,1,1,361.5,195.4,400.5,88.4,,48.036905377288555,1,1.0,29.05,28.8,29.2,76.9,1006.023,2.663,5.550483,254.8,0.0,390.2,3.807817935943604,8.81524658203125,248.91354370117188,20.540809631347656,0,0,0,1,0,30.2,25.0,74.0,6.0,270.0,8.0,,,167.0,103.1,46.5,0.0,0.0,45.5,0.8,29.82,73.46,1006.518,5.2729902267456055,8.516009330749512,219.0666666666667,128.7,361.5,124.82853573335439,152.29999999999998,58.6,361.5,108.65797715768502,58.138888888888886,0.0,361.5,91.36882683027001,48.45,22.927777777777777,29.563888888888886,74.86277777777778,2.742333333333333,0.0,5.143458074993557,8.774554941389296,194.5,315.0,-0.7699999999999996,3.440000000000012,4.064347743988037,4.318532466888428,4.110593318939209,8.813704490661621,128.7,58.6,0.1976819114916333,0.1479145418730818,0.1153499823307497,0.048697472122209505,0.2625213549312052,0.17818731156576206,0.15738461487059296,7,2,5,600,,,3000,,9000,,,,,,,,,,2,2.0,2.0,0.7435756719228089,0.7435756719228089,817.9332391150898,0.4419676114289005,0.9264479753972322,0.5405255878284924,1.107883817427386,2233.945,6.710549999999999,-2.5698389247797655,-0.6982097827206218,-0.25652980804443315,-0.302775382995605,-1.4651722908020015,0.2992372512817383,-1.335640139049953,0.04069164064195441,361.5,302.9,6.774193548387097,0.3999999999999986,0.0,2194.2342653330415,7,1,0,600,,6.0,0.40304495838188087,0.10040111738107696,0.0590041889570442
2021-01-04 15:00:00,2021-01-04 16:00:00,295.3,29.100000000000023,0.37399948538213224,-0.7071067811865471,-0.7071067811865479,0.49999999999999994,0.8660254037844387,1,1,266.2,221.8,104.1,60.4,,45.87263899492332,1,1.0,29.05,28.9,29.2,77.24,1005.933,2.376,3.914014,249.6,0.0,436.4,3.976094961166382,9.250067710876465,245.69618225097656,19.144332885742188,0,0,0,1,0,29.6,23.6,70.0,5.0,260.0,8.0,,,361.5,128.7,58.6,1.0,0.0,58.3,0.4,29.73,75.38,1006.312,4.777349472045898,9.064257621765137,264.90000000000003,167.0,361.5,97.25651649118429,186.9,94.9,361.5,105.87099697273092,72.92777777777778,0.0,361.5,102.29511980513887,60.772222222222226,28.71111111111111,29.548333333333332,75.00166666666667,2.7433333333333327,0.0,5.09638414118025,8.77418984307183,-95.30000000000001,207.6,-0.6799999999999997,1.8599999999999994,3.807817935943604,4.064347743988037,4.318532466888428,8.621036529541016,167.0,94.9,0.4419676114289005,0.1976819114916333,0.1479145418730818,0.0625913929594914,0.3255978859094223,0.22394610187380234,0.12255146957983183,7,1,5,600,,,3000,,9000,,,,,,,,,,2,2.0,2.0,0.7177938899575044,0.7177938899575044,789.5732789532548,0.3371441348077331,0.6099908340971586,0.8332081141998499,0.3910593538692712,2243.822,6.611780000000001,-2.226982007032734,-0.8282071844366335,0.16827702522277788,-0.3424375057220459,-0.8012545108795166,0.18581008911132812,-1.1202891800138683,0.47587786780463404,361.5,266.6,3.5426621160409555,0.3000000000000007,0.0,2272.7063221253775,7,1,0,600,,6.0,0.6329265967417269,0.06337872259122886,0.13345513439133874
2021-01-04 15:10:00,2021-01-04 16:10:00,426.9,177.2,0.5618838509504578,-0.7071067811865471,-0.7071067811865479,0.49999999999999994,0.8660254037844387,1,1,249.7,241.4,16.9,52.2,,43.685225867391864,1,1.0,29.22,28.9,29.5,78.19,1005.82,2.536,4.541784,254.6,0.0,412.5,4.255980491638184,9.449490547180176,244.19810485839844,20.391202926635746,0,0,0,1,0,29.6,23.6,70.0,5.0,260.0,8.0,,,266.2,167.0,94.9,5.8,0.0,94.5,0.4,29.45,77.52,1006.191,4.511538028717041,9.016753196716309,292.4666666666667,249.7,361.5,60.35116679347084,212.70000000000002,103.1,361.5,97.49804100596073,86.80000000000001,0.0,361.5,108.56253822512788,74.18333333333334,29.649999999999995,29.547777777777778,75.10111111111112,2.731055555555555,0.0,5.097670939233568,8.775287734137642,-16.5,154.79999999999998,-0.23000000000000043,0.6700000000000017,3.976094961166382,3.807817935943604,4.064347743988037,8.764975547790527,361.5,103.1,0.3371441348077331,0.4419676114289005,0.1976819114916333,0.10361842931071567,0.36925525263586184,0.261452032267175,0.06311367433967952,7,1,5,600,,,3000,,9000,,,,,,,,,,2,2.0,2.0,0.690695965784444,0.690695965784444,759.7655623628884,0.3286540116709518,0.6053333333333333,0.9667601121345616,0.06768121746095314,2284.7118,6.372882000000001,-2.444945945137703,-0.673450313946548,0.27988553047180176,0.19163274765014648,-0.2555575370788574,0.4327373504638672,-0.8416904475953846,0.6742028130425339,361.5,258.4,1.6311907270811377,0.6000000000000014,0.0,2307.5476834987494,7,1,0,600,,6.0,0.7242691226254067,0.06374289820216505,0.12065701053000827
2021-01-04 15:20:00,2021-01-04 16:20:00,705.7,369.30000000000007,0.9686140238923444,-0.7071067811865471,-0.7071067811865479,0.49999999999999994,0.8660254037844387,1,1,336.4,299.2,67.2,75.9,,41.478077615753826,1,1.0,28.89,28.8,29.1,76.6,1005.723,2.853,4.94926,258.6,0.0,338.5,4.196000099182129,9.462632179260254,244.25241088867188,22.06831169128418,0,0,0,1,0,29.6,23.6,70.0,5.0,260.0,8.0,,,249.7,361.5,103.1,15.0,0.0,102.3,0.8,29.26,77.71,1006.155,4.110593318939209,8.813704490661621,284.09999999999997,249.7,336.4,46.03835357612173,251.58333333333334,128.7,361.5,91.37547628694838,105.4888888888889,0.0,361.5,120.98565733608984,90.80555555555557,33.38333333333333,29.51055555555556,75.1438888888889,2.7519999999999993,0.0,5.103852232297261,8.7789855533176,86.69999999999999,233.29999999999998,-0.370000000000001,-1.1099999999999994,4.255980491638184,3.976094961166382,3.807817935943604,8.81524658203125,266.2,128.7,0.3286540116709518,0.3371441348077331,0.4419676114289005,0.1153499823307497,0.375842194325914,0.3191817746285596,0.07450070800795967,7,1,5,600,,,3000,,9000,,,,,,,,,,2,2.0,2.0,0.6623334359412067,0.6623334359412067,728.5667795353274,0.4617284364990571,0.9937961595273264,0.8894173602853745,0.19976218787158148,2212.9739999999997,6.7602600000000015,-2.796713661195773,-0.5639163921016451,-0.05998039245605469,0.38818216323852495,0.08540678024291992,0.6489276885986328,-0.9078521331151324,0.6836466259426537,361.5,232.8,2.2628516003879726,0.3000000000000007,0.0,2311.270723137044,7,1,0,600,,6.0,0.7858439104347525,0.09690088313977896,0.0969388325065719
2021-01-04 15:30:00,2021-01-04 16:30:00,303.0,4.300000000000011,0.43532214354198023,-0.7071067811865471,-0.7071067811865479,0.49999999999999994,0.8660254037844387,1,1,298.7,294.8,7.1,65.3,,39.25406314930268,1,1.0,28.8,28.7,29.0,77.27,1005.562,2.337,4.975838,249.6,0.0,315.5,3.856666803359986,9.27108669281006,245.49853515625,24.831865310668945,0,0,0,1,0,29.6,23.6,70.0,5.0,260.0,8.0,,,336.4,266.2,128.7,26.6,0.0,125.8,5.5,29.33,76.61,1006.083,4.318532466888428,8.621036529541016,294.93333333333334,249.7,336.4,43.47255839415636,279.9166666666667,167.0,361.5,69.35472346327009,122.08333333333333,0.0,361.5,126.044778457779,107.18333333333334,33.77777777777778,29.480555555555554,75.22666666666666,2.7407222222222223,0.0,5.068818993038601,8.786309878031412,-37.69999999999999,170.0,-0.5299999999999976,0.6599999999999966,4.196000099182129,4.255980491638184,3.976094961166382,9.250067710876465,249.7,167.0,0.4617284364990571,0.3286540116709518,0.3371441348077331,0.1479145418730818,0.40650891757040947,0.3660534017399159,0.06936476910738978,7,1,5,600,,,3000,,9000,,,,,,,,,,2,2.0,2.0,0.6327602432840223,0.6327602432840223,696.0362676124245,0.42914430454121943,0.9467511885895403,0.986943421493137,0.023769668563776363,2225.3759999999997,6.546240000000001,-2.1904280094425506,-0.8146128745910828,-0.3393332958221431,-0.11942815780639604,-0.46186566352844194,0.6500501632690447,-1.2121521896786152,0.4847768147786482,361.5,194.5,1.320901320901321,0.3000000000000007,0.0,2276.038202391472,7,1,0,600,,6.0,0.8992674882167513,0.08865095301164688,0.1194176006902986
2021-01-04 15:40:00,2021-01-04 16:40:00,377.5,60.0,0.570038563654631,-0.7071067811865471,-0.7071067811865479,0.49999999999999994,0.8660254037844387,1,1,317.5,312.4,6.7,70.1,,37.01561348812535,1,1.0,28.83,28.6,29.0,77.52,1005.471,2.614,4.454301,254.9,0.0,262.8,3.4801087379455566,9.03320598602295,246.9805145263672,26.551666259765625,0,0,0,1,0,29.6,23.6,70.0,5.0,260.0,8.0,,,298.7,249.7,167.0,37.8,0.0,166.5,0.8,29.05,76.8,1006.069,4.064347743988037,8.764975547790527,317.5333333333333,298.7,336.4,18.850022104319468,305.00000000000006,249.7,361.5,42.27926205600094,139.72222222222223,0.0,361.5,130.10557955009216,124.5388888888889,34.150000000000006,29.450000000000003,75.33999999999999,2.7361111111111107,0.0,4.981859233644274,8.787757608625624,18.80000000000001,150.5,-0.22000000000000242,0.7199999999999989,3.856666803359986,4.196000099182129,4.255980491638184,9.449490547180176,336.4,361.5,0.42914430454121943,0.4617284364990571,0.3286540116709518,0.1976819114916333,0.45676971629408364,0.41301248446497274,0.025510107666508613,7,1,5,600,,,3000,,9000,,,,,,,,,,2,2.0,2.0,0.6020326343916297,0.6020326343916297,662.2358978307926,0.47943640784197444,1.2081430745814308,0.9839370078740157,0.02110236220472441,2234.9015999999997,6.480984000000001,-2.5237454571182942,-0.6809587855918822,-0.37655806541442916,-0.775871753692627,-0.5842390060424805,0.2682304382324219,-1.501750495698717,0.2454483773973255,361.5,111.80000000000001,0.9011976047904192,0.3999999999999986,0.0,2231.025862250608,7,1,0,600,,6.0,0.9359517412841994,0.09173558384790939,0.14447199394118493
2021-01-04 15:50:00,2021-01-04 16:50:00,720.6908870724566,334.39088707245656,1.1490058439645803,-0.7071067811865471,-0.7071067811865479,0.49999999999999994,0.8660254037844387,1,1,386.3,323.7,88.0,87.5,,34.76480491224424,1,1.0,28.62,28.6,28.7,79.14,1005.439,2.928,4.49003,257.1,0.0,224.1,3.3227474689483643,8.851022720336914,248.4120635986328,25.21054077148437,0,0,0,1,0,29.6,23.6,70.0,5.0,260.0,8.0,,,317.5,336.4,361.5,46.5,0.0,195.4,400.5,29.05,76.9,1006.023,3.807817935943604,8.81524658203125,334.1666666666667,298.7,386.3,46.11695277588636,309.1333333333333,249.7,386.3,49.50275413213559,161.18333333333334,1.0,386.3,137.36056566569607,142.52222222222224,39.03888888888889,29.371666666666663,75.645,2.766111111111111,0.0,4.818053523699443,8.81562492582533,68.80000000000001,24.80000000000001,-0.4299999999999997,2.239999999999995,3.4801087379455566,3.856666803359986,4.196000099182129,9.462632179260254,298.7,266.2,0.47943640784197444,0.42914430454121943,0.4617284364990571,0.4419676114289005,0.5081544283018102,0.44199831131386214,0.09662473133978804,7,1,5,600,,,3000,,9000,,,,,,,,,,2,2.0,2.0,0.5702090525854887,0.5702090525854887,627.2299578440376,0.6158825725222368,1.7237840249888443,0.8379497799637586,0.22780222624902924,2264.9868,5.9701319999999996,-2.8541007765918978,-0.6536763396800641,-0.15736126899719238,-0.8732526302337646,-0.4850704669952397,0.03577613830566406,-1.4953060547510786,0.035397794511583314,385.3,136.60000000000002,0.06860304287690183,0.09999999999999787,0.0,2198.7008189172775,7,1,0,600,,6.0,1.032682012265451,0.12799380555906545,0.13404875869998212
2021-01-04 16:00:00,2021-01-04 17:00:00,403.6,108.30000000000001,0.6828120826841687,-0.8660254037844384,-0.5000000000000004,0.49999999999999994,0.8660254037844387,1,1,295.3,294.3,2.4,63.8,,32.50342523969584,1,1.0,28.76,28.6,28.9,79.35,1005.389,2.163,4.127126,255.3,0.0,256.3,3.076585054397583,8.553902626037598,250.5607147216797,25.934226989746094,0,0,0,1,0,29.0,25.0,79.0,4.0,260.0,7.0,,,386.3,298.7,266.2,58.6,1.0,221.8,104.1,29.05,77.24,1005.933,3.976094961166382,9.250067710876465,333.0333333333333,295.3,386.3,47.446952835069744,313.9833333333333,249.7,386.3,45.737442721108366,177.53333333333336,5.8,386.3,134.66112151270246,158.8166666666667,39.172222222222224,29.31222222222222,75.97722222222222,2.741888888888889,0.0,4.6218058533138695,8.846331119537354,-91.0,29.100000000000023,-0.28999999999999915,2.1099999999999994,3.3227474689483643,3.4801087379455566,3.856666803359986,9.27108669281006,317.5,249.7,0.6158825725222368,0.47943640784197444,0.42914430454121943,0.3371441348077331,0.5316362309973824,0.4690725742838959,0.07365204320784838,7,1,5,600,,,3000,,9000,,,,,,,,,,2,2.0,2.0,0.5373500267698146,0.5373500267698146,591.085029446796,0.4995897126279361,1.1521654311353882,0.9966136132746359,0.008127328140873687,2282.1059999999998,5.938940000000002,-2.092200149254221,-0.5488784341369349,-0.24616241455078125,-0.7800817489624028,-0.8995099067687988,-0.6961650848388672,-1.5452207989162865,-0.29242849349975586,380.5,136.60000000000002,0.10931630353117966,0.29999999999999716,0.0,2143.2719556396332,7,1,0,600,,6.0,1.1726849949629288,0.0859507965172098,0.17265182941274537
2021-01-04 16:10:00,2021-01-04 17:10:00,517.9,91.0,0.9350571959131365,-0.8660254037844384,-0.5000000000000004,0.49999999999999994,0.8660254037844387,1,1,426.9,343.3,71.9,95.2,,30.233026962796046,1,1.0,29.14,28.8,29.5,76.99,1005.298,2.543,4.611072,248.6,0.0,484.7,3.138172149658203,8.467279434204102,251.17344665527344,22.202693939208984,0,0,0,1,0,29.0,25.0,79.0,4.0,260.0,7.0,,,295.3,317.5,249.7,94.9,5.8,241.4,16.9,29.22,78.19,1005.82,4.255980491638184,9.449490547180176,369.5,295.3,426.9,67.38931666072894,343.51666666666665,295.3,426.9,52.61955593376541,200.9277777777778,15.0,426.9,139.56054897450554,177.5888888888889,43.166666666666664,29.278888888888886,76.19944444444444,2.726944444444444,0.0,4.423342042499119,8.86109447479248,131.59999999999997,177.2,-0.0799999999999983,-1.2000000000000028,3.076585054397583,3.3227474689483643,3.4801087379455566,9.03320598602295,386.3,336.4,0.4995897126279361,0.6158825725222368,0.47943640784197444,0.3286540116709518,0.6287436528381235,0.5427566845661036,0.136041195440443,7,1,5,600,,,3000,,9000,,,,,,,,,,2,2.0,2.0,0.5035180563028565,0.5035180563028565,553.8698619331421,0.7707586733641977,0.8807509799876212,0.8041695947528696,0.16842351838838138,2243.4885999999997,6.705114000000002,-2.3676749397384094,-0.927881662570567,0.06158709526062012,-0.3419365882873535,-1.1178083419799805,-0.9822111129760742,-1.2851698928409157,-0.3938150405883789,411.9,131.59999999999997,0.7096515818982779,0.6999999999999993,0.0,2126.7557592823578,7,1,0,600,,6.0,1.2192543613329199,0.15667360362156257,0.15500293112414462
2021-01-04 16:20:00,2021-01-04 17:20:00,220.2,-485.50000000000006,0.4270295002373033,-0.8660254037844384,-0.5000000000000004,0.49999999999999994,0.8660254037844387,1,1,705.7,238.0,644.9,164.3,,27.95497012837395,1,1.0,29.86,29.5,30.3,74.46,1005.225,2.09,3.79903,253.7,0.0,536.4,3.6389472484588623,7.98276948928833,254.49188232421875,22.68612670898437,0,0,0,1,0,29.0,25.0,79.0,4.0,260.0,7.0,,,426.9,386.3,336.4,103.1,15.0,299.2,67.2,28.89,76.6,1005.723,4.196000099182129,9.462632179260254,475.9666666666667,295.3,705.7,209.5535571956089,405.0666666666666,295.3,705.7,156.35843011064887,239.30000000000004,26.6,705.7,175.7059140589585,189.99444444444444,78.99444444444445,29.275000000000002,76.30055555555556,2.6835555555555555,0.0,4.244164745012919,8.836616118748983,278.80000000000007,369.30000000000007,0.9699999999999989,-2.1400000000000006,3.138172149658203,3.076585054397583,3.3227474689483643,8.851022720336914,295.3,298.7,0.7707586733641977,0.4995897126279361,0.6158825725222368,0.4617284364990571,0.8796328079214848,0.6938936181116474,0.4445932911667215,7,1,5,600,,,3000,,9000,,,,,,,,,,2,2.0,2.0,0.46877749211840336,0.46877749211840336,515.6552413302437,1.3685500377723205,1.3156226696495155,0.337253790562562,0.9138444098058665,2223.3756,7.626244000000002,-2.0059930602281404,-0.5865934216444469,0.5007750988006592,0.31619977951049805,-0.5570528507232666,-1.4798626899719238,-0.6052174965540571,-0.8538466294606533,679.1,410.40000000000003,1.0978002378121288,0.8000000000000007,0.0,2031.5500334893295,7,1,0,600,,6.0,1.5392377388227425,0.3067436894621631,0.2041520860605368
2021-01-04 16:30:00,2021-01-04 17:30:00,215.9,-87.1,0.45308231312073,-0.8660254037844384,-0.5000000000000004,0.49999999999999994,0.8660254037844387,1,1,303.0,270.8,44.4,62.8,,25.670457194437112,1,1.0,29.23,29.1,29.6,74.91,1005.227,2.115,3.47382,261.3,0.0,265.1,4.242603778839111,7.591239929199219,257.4611511230469,23.891700744628903,0,0,0,1,0,29.0,25.0,79.0,4.0,260.0,7.0,,,705.7,295.3,298.7,128.7,26.6,294.8,7.1,28.8,77.27,1005.562,3.856666803359986,9.27108669281006,478.5333333333333,303.0,705.7,206.25548073526033,405.7833333333333,295.3,705.7,155.78218661537227,254.65555555555557,37.8,705.7,167.92956934809877,203.59444444444446,81.4388888888889,29.227222222222224,76.54888888888888,2.626777777777778,0.0,4.0904958380593195,8.781059291627672,-402.70000000000005,4.300000000000011,0.4299999999999997,-2.3599999999999994,3.6389472484588623,3.138172149658203,3.076585054397583,8.553902626037598,426.9,317.5,1.3685500377723205,0.7707586733641977,0.4995897126279361,0.42914430454121943,0.9250589649682809,0.7283475979828317,0.38995141978009534,7,1,5,600,,,3000,,9000,,,,,,,,,,2,2.0,2.0,0.4331944143236236,0.4331944143236236,476.51385575598596,0.6358681837683242,1.1429649188985287,0.8937293729372938,0.14653465346534653,2189.6193,7.333807000000002,-2.090664570600366,-0.3199166348228678,0.603656530380249,1.1660187244415283,0.38593697547912553,-1.6798467636108416,0.15210794077979184,-1.1898193624284534,667.9000000000001,410.40000000000003,0.014395714763977272,0.5,0.0,1954.4493706228677,7,1,0,600,,6.0,2.0539996194547916,0.10592209225412128,0.41159021735090656
2021-01-04 16:40:00,2021-01-04 17:40:00,346.0101187306678,-31.489881269332216,0.7926555350489158,-0.8660254037844384,-0.5000000000000004,0.49999999999999994,0.8660254037844387,1,1,377.5,344.2,44.0,81.2,,23.38056159383066,1,1.0,29.03,29.0,29.1,75.85,1005.226,1.942,3.453542,261.4,0.0,229.4,5.388217449188232,7.723456382751465,256.5589294433594,25.270002365112305,0,0,0,1,0,29.0,25.0,79.0,4.0,260.0,7.0,,,303.0,426.9,317.5,167.0,37.8,312.4,6.7,28.83,77.52,1005.471,3.4801087379455566,9.03320598602295,462.06666666666666,303.0,705.7,214.25560280499863,415.7833333333333,295.3,705.7,150.82867653953167,273.52777777777777,46.5,705.7,161.0734790510057,220.6777777777778,83.71111111111112,29.173333333333332,76.77222222222221,2.583555555555556,0.0,4.079738524225023,8.736007610956827,74.5,60.0,0.20000000000000284,-1.6700000000000017,4.242603778839111,3.6389472484588623,3.138172149658203,8.467279434204102,705.7,386.3,0.6358681837683242,1.3685500377723205,0.7707586733641977,0.47943640784197444,0.9564040640816533,0.7925738584598884,0.37483327187315807,7,1,5,600,,,3000,,9000,,,,,,,,,,2,2.0,2.0,0.3968365065060759,0.3968365065060759,436.52015715668347,0.8647939707043152,1.6455972101133391,0.9117880794701987,0.11655629139072848,2201.9255,7.010745000000002,-1.9201648919932852,-0.29039763696768506,1.145613670349121,2.2500452995300293,1.9081087112426758,-1.3097496032714844,1.3084789249632092,-1.0125512282053624,659.2,410.40000000000003,0.1889763779527559,0.10000000000000142,0.0,1981.5217011611967,7,1,0,600,,6.0,1.941074098475716,0.23982888091181082,0.2419043799882001
2021-01-04 16:50:00,2021-01-04 17:50:00,277.235540309027,-443.4553467634296,0.7005316144301785,-0.8660254037844384,-0.5000000000000004,0.49999999999999994,0.8660254037844387,1,1,720.6908870724566,297.2,734.1,205.4,,21.086251351505258,1,1.0,29.08,29.0,29.2,77.58,1005.183,1.743,2.878303,262.4,0.0,256.1,5.690388202667236,7.858378887176514,255.86642456054688,27.21267509460449,0,0,0,1,0,29.0,25.0,79.0,4.0,260.0,7.0,,,377.5,705.7,386.3,361.5,46.5,323.7,88.0,28.62,79.14,1005.439,3.3227474689483643,8.851022720336914,467.06362902415214,303.0,720.6908870724566,222.7838683990066,471.51514784540944,295.3,720.6908870724566,193.49914047520443,310.9828270595809,58.6,720.6908870724566,182.17972665052793,234.66111111111115,124.44999999999999,29.13222222222223,77.0011111111111,2.5058333333333334,0.0,4.1029273006651135,8.699472586313883,343.1908870724566,334.39088707245656,0.4599999999999973,-1.5600000000000023,5.388217449188232,4.242603778839111,3.6389472484588623,7.98276948928833,303.0,295.3,0.8647939707043152,0.6358681837683242,1.3685500377723205,0.6158825725222368,1.1072457651184857,0.9934392865199851,0.6287018667533427,7,1,5,600,,,3000,,9000,,,,,,,,,,2,2.0,2.0,0.359772926988954,0.359772926988954,395.75021968784944,1.821075140882818,2.8140995200017827,0.4123820702205163,1.0186059143636643,2256.0263999999997,6.519736,-1.7276886866584371,-0.23052288821816583,0.3021707534790039,2.051440954208374,2.367640733718872,-0.9926438331604004,1.5874609020021229,-0.8410936991373692,662.0908870724566,425.39088707245656,0.8656248694601516,0.1999999999999993,0.0,2010.6953087039437,7,1,0,600,,6.0,2.143181406920892,0.4283865479235956,0.25826360575861707
2021-01-04 17:00:00,2021-01-04 18:00:00,212.41395036853095,-191.18604963146907,0.5995624761825139,-0.9659258262890683,-0.25881904510252063,0.49999999999999994,0.8660254037844387,1,1,403.6,394.2077364428837,3.1,89.9,,18.78840880885353,1,1.0,28.96,28.9,29.1,77.23,1005.172,2.09,3.362183,272.9,0.0,215.0,13.88475513458252,7.738573551177978,256.69927978515625,28.75243186950684,0,0,0,0,1,29.1,24.5,76.0,4.0,280.0,6.0,,,720.6908870724566,303.0,295.3,266.2,58.6,294.3,2.4,28.76,79.35,1005.389,3.076585054397583,8.553902626037598,500.59696235748544,377.5,720.6908870724566,191.05314515162925,489.5651478454094,303.0,720.6908870724566,178.2220305124475,330.1494937262476,94.9,720.6908870724566,171.92492324724827,253.32265202460465,124.59999999999998,29.089444444444446,77.10388888888889,2.4412777777777777,0.0,4.608894281917149,8.625823471281263,-317.09088707245655,108.30000000000001,0.1999999999999993,-2.1199999999999903,5.690388202667236,5.388217449188232,4.242603778839111,7.591239929199219,377.5,426.9,1.821075140882818,0.8647939707043152,0.6358681837683242,0.4995897126279361,1.275025301842061,1.100042133405171,0.4923955924114694,7,1,5,600,,,3000,,9000,,,,,,,,,,2,2.0,2.0,0.3220741772794601,0.3220741772794601,354.2815950074061,1.13920679393905,1.8772093023255816,0.9767287820685918,0.007680872150644202,2236.5808,6.594192,-2.087323456514949,0.10573924476032942,8.194366931915283,9.642151355743408,10.808170080184937,-0.81532907485962,9.275860852665371,-0.8872499201032857,625.7908870724566,417.6908870724566,0.3667456823569252,0.20000000000000284,0.0,1986.4862571518458,7,1,0,600,,6.0,2.788004855160297,0.29674027415828735,0.498388090740889
2021-01-04 17:10:00,2021-01-04 18:10:00,153.33673164195625,-364.56326835804373,0.49115979768965784,-0.9659258262890683,-0.25881904510252063,0.49999999999999994,0.8660254037844387,1,1,517.9,345.74021629720295,49.1,117.0,,16.48784728488264,1,1.0,28.93,28.8,29.0,76.83,1005.207,1.657,2.765255,274.5,0.0,168.1,9.94818115234375,7.594038486480713,257.603759765625,27.378870010375977,0,0,0,1,0,29.1,24.5,76.0,4.0,280.0,6.0,,,403.6,377.5,426.9,249.7,94.9,343.3,71.9,29.14,76.99,1005.298,3.138172149658203,8.467279434204102,547.3969623574854,403.6,720.6908870724566,160.5901950846892,504.73181451207614,303.0,720.6908870724566,175.67654210244896,353.6494937262476,103.1,720.6908870724566,166.70800031586086,267.2804418188937,127.30555555555556,29.060555555555553,77.06555555555555,2.364888888888889,0.0,4.910930011007521,8.546783765157064,114.29999999999995,91.0,-0.21000000000000085,-0.1599999999999966,13.88475513458252,5.690388202667236,5.388217449188232,7.723456382751465,720.6908870724566,705.7,1.13920679393905,1.821075140882818,0.8647939707043152,0.7707586733641977,1.5397302574172897,1.2480671607494715,0.3562144874809859,7,1,5,600,,,3000,,9000,,,,,,,,,,2,2.0,2.0,0.283811967960565,0.283811967960565,312.1931647566215,1.6589088374300016,3.080904223676383,0.6675810316609442,0.0948059470940336,2222.6919,6.703081000000001,-1.651892021995793,0.13000672162103952,-3.9365739822387695,4.559963703155518,6.810009002685547,-0.8732409477233887,5.037251141336229,-0.9527452786763515,617.5908870724566,417.6908870724566,0.21316467556804874,0.1999999999999993,0.0,1956.252865922288,7,1,0,600,,6.0,2.8286806089970327,0.38001874742458613,0.4558070425889645
2021-01-04 17:20:00,2021-01-04 18:20:00,104.94473730607069,-115.2552626939293,0.3893114499319165,-0.9659258262890683,-0.25881904510252063,0.49999999999999994,0.8660254037844387,1,1,220.2,218.9,0.0,47.4,,14.18532533335281,1,1.0,28.72,28.7,28.8,76.61,1005.305,1.61,2.396422,278.2,0.0,132.8,6.470864295959473,7.724210739135742,256.6219482421875,31.37416648864746,0,0,0,1,0,29.1,24.5,76.0,4.0,280.0,6.0,,,517.9,720.6908870724566,705.7,336.4,103.1,238.0,644.9,29.86,74.46,1005.225,3.6389472484588623,7.98276948928833,380.56666666666666,220.2,517.9,150.18063568028114,423.8151478454094,220.2,720.6908870724566,176.4065403832448,360.15504928180314,128.7,720.6908870724566,158.43506617429023,273.75821959667144,127.2611111111111,29.03055555555555,77.00444444444443,2.309444444444444,0.0,5.042056176397535,8.486256334516737,-297.7,-485.50000000000006,-1.1400000000000006,2.1500000000000057,9.94818115234375,13.88475513458252,5.690388202667236,7.858378887176514,403.6,303.0,1.6589088374300016,1.13920679393905,1.821075140882818,1.3685500377723205,1.2049957622127716,1.1561207636656288,0.4248562054333083,7,1,5,600,,,3000,,9000,,,,,,,,,,2,2.0,2.0,0.24505908228120937,0.24505908228120937,269.5649905093303,0.8168716552692636,1.6581325301204817,0.994096276112625,0.0,2200.2392,6.717608,-1.5935397317615403,0.22963258326587344,-3.4773168563842773,0.7804760932922363,2.8319170475006104,-0.2585587501525879,1.4288081195619373,-0.7620455953809948,591.9908870724566,500.4908870724566,-0.6879693920929574,0.10000000000000142,0.0,1982.2020085102413,7,1,0,600,,6.0,3.1210366151504068,0.2925334614504742,0.3363083888851979
2021-01-04 17:30:00,2021-01-04 18:30:00,0.0,-215.9,0.0,-0.9659258262890683,-0.25881904510252063,0.49999999999999994,0.8660254037844387,1,1,215.9,213.5,0.4,48.8,,11.881559124979246,1,1.0,28.63,28.6,28.7,77.76,1005.39,1.384,2.260808,283.8,0.0,106.6,13.175442695617676,8.16502571105957,253.4586334228516,31.89090919494629,0,0,0,0,1,29.1,24.5,76.0,4.0,280.0,6.0,,,220.2,403.6,303.0,298.7,128.7,270.8,44.4,29.23,74.91,1005.227,4.242603778839111,7.591239929199219,317.99999999999994,215.9,517.9,173.1318283851932,409.29848117874275,215.9,720.6908870724566,191.2926263805955,364.9994937262476,167.0,720.6908870724566,152.1500878857254,278.63044181889364,126.97777777777777,28.99166666666666,77.06833333333333,2.239777777777778,0.0,5.534106744660272,8.460922400156656,-4.299999999999983,-87.1,-0.6000000000000014,2.8500000000000085,6.470864295959473,9.94818115234375,13.88475513458252,7.738573551177978,517.9,377.5,0.8168716552692636,1.6589088374300016,1.13920679393905,0.6358681837683242,1.143024429882325,1.2090248658621932,0.45194604040452163,7,1,5,600,,,3000,,9000,,,,,,,,,,2,2.0,2.0,0.2058892377044711,0.2058892377044711,226.4781614749182,0.9532927969477105,2.025328330206379,0.9888837424733673,0.0018527095877721167,2226.2688000000003,6.367311999999998,-1.3440498433949362,0.3301303052887558,6.704578399658203,-0.7093124389648438,8.932838916778564,0.5737857818603516,7.641335950957404,-0.295896689097086,553.6908870724566,504.7908870724566,-0.2874587458745874,0.09999999999999787,0.0,2069.496258587606,7,1,0,600,,6.0,2.699463310644758,0.3084895836309925,0.2724472793053435
2021-01-04 17:40:00,2021-01-04 18:40:00,0.0,-346.0101187306678,0.0,-0.9659258262890683,-0.25881904510252063,0.49999999999999994,0.8660254037844387,1,1,346.0101187306678,205.8064085294229,16.5,94.2,,9.577233384954956,1,1.0,28.58,28.5,28.6,76.94,1005.473,1.138,2.132659,295.2,0.0,82.7,,,,,1,1,0,0,0,29.1,24.5,76.0,4.0,280.0,6.0,,,215.9,517.9,377.5,317.5,167.0,344.2,44.0,29.03,75.85,1005.226,5.388217449188232,7.723456382751465,260.70337291022264,215.9,346.0101187306678,73.90908713991489,404.050167633854,215.9,720.6908870724566,192.76584198639645,374.9445003223958,215.9,720.6908870724566,144.08342705389083,280.81413118163937,127.85000000000001,28.965555555555554,77.0761111111111,2.154555555555555,0.0,5.62056315646452,8.443036920884076,130.11011873066778,-31.489881269332216,-0.45000000000000284,1.0900000000000034,13.175442695617676,6.470864295959473,9.94818115234375,7.594038486480713,220.2,720.6908870724566,0.9532927969477105,0.8168716552692636,1.6589088374300016,0.8647939707043152,1.220259625552787,1.3799949414850383,0.5845377227082476,7,1,5,600,,,3000,,9000,,,,,,,,,,2,2.0,2.0,0.16637694567704175,0.16637694567704175,183.01464024474592,1.890614424441387,4.183919210769864,0.5947988147988856,0.04768646668637891,2198.9451999999997,6.590548,-1.0296931857063303,0.48453683380105256,,,,,,,504.7908870724566,504.7908870724566,-0.0834169040247211,0.10000000000000142,,,7,1,0,600,,6.0,2.4475779564657865,0.4698237399565537,0.26275256049639717
2021-01-04 17:50:00,2021-01-04 18:50:00,0.0,-277.235540309027,0.0,-0.9659258262890683,-0.25881904510252063,0.49999999999999994,0.8660254037844387,1,1,277.235540309027,162.24917552905043,104.9,154.6,,7.273011241384118,1,1.0,28.49,28.4,28.5,77.25,1005.556,1.172,2.752245,292.1,0.0,58.54,,,,,1,1,0,0,0,29.1,24.5,76.0,4.0,280.0,6.0,,,346.0101187306678,220.2,720.6908870724566,386.3,361.5,297.2,734.1,29.08,77.58,1005.183,5.690388202667236,7.858378887176514,279.71521967989827,215.9,346.0101187306678,65.09049359440947,330.1409431732825,215.9,517.9,117.33585378594371,370.26314145067505,215.9,720.6908870724566,145.90335062054447,278.9724187110311,111.42777777777776,28.93444444444444,77.09555555555556,2.0717222222222222,0.0,5.733859732747078,8.419773817062378,-68.7745784216408,-443.4553467634296,-0.5899999999999999,-0.3299999999999983,,13.175442695617676,6.470864295959473,7.724210739135742,215.9,403.6,1.890614424441387,0.9532927969477105,0.8168716552692636,1.821075140882818,1.6115750386418863,1.408285400427329,0.5722864808399816,7,1,5,600,,,3000,,9000,,,,,,,,,,2,2.0,2.0,0.12659736988676848,0.12659736988676848,139.25710687544532,1.9908178945365615,4.735830890143952,0.5852394514361169,0.3783786158263504,2200.8525,6.481475,-1.085891555381793,0.4409348363993372,,,,,,,504.7908870724566,302.0,-0.615319764295626,0.10000000000000142,,,7,1,0,600,,6.0,3.132097771950243,0.4754042998584174,0.467767989528639
2021-01-04 18:00:00,2021-01-04 19:00:00,0.0,-212.41395036853095,0.0,-1.0,-1.8369701987210297e-16,0.49999999999999994,0.8660254037844387,1,0,212.41395036853095,121.1955019000696,25.5,110.7,,4.969543284475855,1,1.0,28.39,28.3,28.4,77.27,1005.688,0.943,1.995633,290.1,0.0,38.43,,,,,1,1,0,0,0,28.6,24.4,78.0,3.0,300.0,6.0,,,277.235540309027,215.9,403.6,295.3,266.2,394.2077364428837,3.1,28.96,77.23,1005.172,13.88475513458252,7.738573551177978,278.5532031360753,212.41395036853095,346.0101187306678,66.80783057962175,298.2766015680376,212.41395036853095,517.9,119.3397730245424,367.2750275822601,212.41395036853095,720.6908870724566,148.6842098018876,273.38327992770166,107.0611111111111,28.897777777777776,77.09722222222223,1.9921111111111105,0.0,5.851044050852457,8.364420890808105,-64.82158994049604,-191.18604963146907,-0.5700000000000003,0.03999999999999204,,,13.175442695617676,8.16502571105957,346.0101187306678,517.9,1.9908178945365615,1.890614424441387,0.9532927969477105,1.13920679393905,2.0368639852245547,1.58994420755344,0.17390628808590375,7,2,5,600,,,3000,,9000,,,,,,,,,,2,2.0,2.0,0.08662618327790853,0.08662618327790853,95.28880160569938,2.229159636695716,5.527295091556882,0.5705628170362612,0.12004861241815036,2193.6953,6.4530470000000015,-0.8855658797253106,0.3240710919942361,,,,,,,508.2769367039256,305.48604963146903,-0.4737018078083971,0.09999999999999787,,,7,1,0,600,,6.0,3.6945145437776308,0.46839999670641547,0.7064260786003017
2021-01-04 18:10:00,2021-01-04 19:10:00,0.0,-153.33673164195625,0.0,-1.0,-1.8369701987210297e-16,0.49999999999999994,0.8660254037844387,1,0,153.33673164195625,83.77993003990562,85.3,115.5,,2.667476095669667,1,1.0,28.3,28.3,28.3,77.37,1005.789,1.034,2.424651,296.7,0.0,19.98,,,,,1,1,0,0,0,28.6,24.4,78.0,3.0,300.0,6.0,,,212.41395036853095,346.0101187306678,517.9,426.9,249.7,345.74021629720295,49.1,28.93,76.83,1005.207,9.94818115234375,7.594038486480713,214.32874077317138,153.33673164195625,277.235540309027,61.971594412279956,237.51605684169704,153.33673164195625,346.0101187306678,66.07870021494301,361.9215126734799,153.33673164195625,720.6908870724566,154.77663741474404,264.62660937436306,110.86111111111111,28.846666666666668,77.05166666666668,1.9086666666666663,0.0,5.964977162224906,8.286915915352958,-59.0772187265747,-364.56326835804373,-0.629999999999999,0.5400000000000063,,,,,277.235540309027,220.2,2.229159636695716,1.9908178945365615,1.890614424441387,1.6589088374300016,2.405074545501614,1.8126670855272007,0.5248128704459549,7,2,5,600,,,3000,,9000,,,,,,,,,,2,2.0,2.0,0.046539424096081,0.046539424096081,51.1933665056891,2.9952461052725647,7.666836582097813,0.54637873875865,0.556292018791537,2189.5710000000004,6.404289999999999,-0.923746015530984,0.4645958445688372,,,,,,,567.3541554305003,192.67338708871154,-0.703925986402865,0.0,,,7,1,0,600,,6.0,4.467136520780101,0.6103863333331845,0.5959701417714285
2021-01-04 18:20:00,2021-01-04 19:20:00,0.0,-104.94473730607069,0.0,-1.0,-1.8369701987210297e-16,0.49999999999999994,0.8660254037844387,1,0,104.94473730607069,53.13166696051144,129.3,104.94473730607069,,0.36746047743885246,1,1.0,28.19,28.1,28.3,78.54,1005.855,0.907,1.660114,295.5,0.0,6.278,,,,,1,1,0,0,0,28.6,24.4,78.0,3.0,300.0,6.0,,,153.33673164195625,277.235540309027,220.2,705.7,336.4,218.9,0.0,28.72,76.61,1005.305,6.470864295959473,7.724210739135742,156.8984731055193,104.94473730607069,212.41395036853095,53.823066066102804,218.30684639270876,104.94473730607069,346.0101187306678,85.89914953352296,349.06288696826164,104.94473730607069,720.6908870724566,166.21358445910747,250.95614642772478,114.3111111111111,28.807777777777776,77.15944444444443,1.8005555555555555,0.0,6.101052320920504,8.196476202744703,-48.391994335885556,-115.2552626939293,-0.5299999999999976,1.9300000000000068,,,,,212.41395036853095,215.9,2.9952461052725647,2.229159636695716,1.9908178945365615,0.8168716552692636,3.331540358020801,2.4715576983313436,1.3034804870433583,7,2,5,600,,,3000,,9000,,,,,,,,,,2,2.0,2.0,0.006413351236773744,0.02,22.0,4.770215332094122,5.247236865303535,0.5062823379656786,1.232077027577832,2214.0426,6.049573999999999,-0.8186448529053237,0.3904735648051234,,,,,,,615.7461497663859,241.0653814245971,-0.5234117288552648,0.1999999999999993,,,7,1,0,600,,6.0,5.825856312312824,1.004198799215616,0.7896493561805824
2021-01-05 06:10:00,2021-01-05 07:10:00,0.0,0.0,0.0,1.0,6.123233995736766e-17,0.49999999999999994,0.8660254037844387,1,0,0.0,0.0,0.0,0.0,,0.26978210379335027,1,1.0,25.23,25.2,25.3,90.2,1006.536,1.575,2.762447,28.55,0.0,0.531,,,,,1,1,0,0,0,,,,,,,,,0.0,0.0,0.0,0.0,0.0,0.0,0.0,25.5,91.0,1006.177,,,0.0,0.0,0.0,0.0,0.0,0.0,0.0,0.0,0.0,0.0,0.0,0.0,0.0,0.0,25.481111111111108,91.90555555555555,1.5730555555555557,0.0,,,0.0,0.0,-0.2699999999999996,-0.7999999999999972,,,,,0.0,0.0,0.0,0.0,0.0,0.0,0.0,0.0,0.0,,,,,,,,,,,,,,,,,,,,,,0.00470856857533157,0.02,22.0,0.0,0.0,0.0,0.0,2275.746,2.4725399999999995,0.7527326484519977,1.383480596161161,,,,,,,0.0,0.0,0.0,0.10000000000000142,,,,0,0,,,0.0,0.0,0.0,0.0
2021-01-05 06:20:00,2021-01-05 07:20:00,0.0,0.0,0.0,1.0,6.123233995736766e-17,0.49999999999999994,0.8660254037844387,1,0,0.0,0.0,0.0,0.0,,2.5704708926006385,1,1.0,25.2,25.2,25.2,90.2,1006.573,1.427,2.428862,27.12,0.0,8.15,,,,,1,1,0,0,0,,,,,,,,,0.0,0.0,0.0,0.0,0.0,0.0,0.0,25.46,90.9,1006.307,,,0.0,0.0,0.0,0.0,0.0,0.0,0.0,0.0,0.0,0.0,0.0,0.0,0.0,0.0,25.458333333333332,91.75,1.577611111111111,0.0,,,0.0,0.0,-0.26000000000000156,-0.7000000000000028,,,,,0.0,0.0,0.0,0.0,0.0,0.0,0.0,0.0,0.0,,,,,,,,,,,,,,,,,,,,,,0.044848132526063525,0.044848132526063525,49.332945778669874,0.0,0.0,0.0,0.0,2273.04,2.4695999999999994,0.6505059731127145,1.270106680143318,,,,,,,0.0,0.0,0.0,0.0,,,,0,0,,,0.0,0.0,0.0,0.0
2021-01-05 06:30:00,2021-01-05 07:30:00,0.0,0.0,0.0,1.0,6.123233995736766e-17,0.49999999999999994,0.8660254037844387,1,0,0.0,0.0,0.0,0.0,,4.873283550535751,1,1.0,25.2,25.2,25.2,89.9,1006.662,1.44,2.535962,41.72,0.0,21.99,,,,,1,1,0,0,0,,,,,,,,,0.0,0.0,0.0,0.0,0.0,0.0,0.0,25.4,90.9,1006.447,,,0.0,0.0,0.0,0.0,0.0,0.0,0.0,0.0,0.0,0.0,0.0,0.0,0.0,0.0,25.43111111111111,91.59444444444445,1.5606111111111112,0.0,,,0.0,0.0,-0.1999999999999993,-1.0,,,,,0.0,0.0,0.0,0.0,0.0,0.0,0.0,0.0,0.0,,,,,,,,,,,,,,,,,,,,,,0.08495232801253043,0.08495232801253043,93.44756081378347,0.0,0.0,0.0,0.0,2265.48,2.5451999999999986,0.9583069536186586,1.0748245357481034,,,,,,,0.0,0.0,0.0,0.0,,,,0,0,,,0.0,0.0,0.0,0.0
2021-01-05 06:40:00,2021-01-05 07:40:00,0.0,0.0,0.0,1.0,6.123233995736766e-17,0.49999999999999994,0.8660254037844387,1,1,0.0,0.0,0.0,0.0,,7.177571422767284,1,1.0,25.31,25.2,25.4,89.2,1006.733,1.44,2.176056,27.58,0.0,40.09,,,,,1,1,0,0,0,,,,,,,,,0.0,0.0,0.0,0.0,0.0,0.0,0.0,25.34,90.8,1006.509,,,0.0,0.0,0.0,0.0,0.0,0.0,0.0,0.0,0.0,0.0,0.0,0.0,0.0,0.0,25.412777777777777,91.39444444444445,1.561777777777778,0.0,,,0.0,0.0,-0.030000000000001137,-1.5999999999999943,,,,,0.0,0.0,0.0,0.0,0.0,0.0,0.0,0.0,0.0,,,,,,,,,,,,,,,,,,,,,,0.12494485817228594,0.12494485817228594,137.43934398951453,0.0,0.0,0.0,0.0,2257.652,2.733479999999999,0.6667007954321155,1.2763659543290022,,,,,,,0.0,0.0,0.0,0.1999999999999993,,,,0,0,,,0.0,0.0,0.0,0.0
2021-01-05 06:50:00,2021-01-05 07:50:00,0.0,0.0,0.0,1.0,6.123233995736766e-17,0.49999999999999994,0.8660254037844387,1,1,0.0,0.0,0.0,0.0,,9.482690730449782,1,1.0,25.5,25.4,25.6,88.4,1006.731,1.178,2.00428,55.37,0.0,60.8,2.0249998569488525,12.730834007263184,218.8350067138672,,0,0,0,1,0,,,,,,,,,0.0,0.0,0.0,0.0,0.0,0.0,0.0,25.26,91.0,1006.528,,,0.0,0.0,0.0,0.0,0.0,0.0,0.0,0.0,0.0,0.0,0.0,0.0,0.0,0.0,25.40722222222222,91.14444444444445,1.5494444444444446,0.0,2.0249998569488525,12.730834007263184,0.0,0.0,0.23999999999999844,-2.5999999999999943,,,,,0.0,0.0,0.0,0.0,0.0,0.0,0.0,0.0,0.0,,,,,,,,,,,,,,,,,,,,,,0.16474963775990345,0.16474963775990345,181.22460153589378,0.0,0.0,0.0,0.0,2254.2000000000003,2.9579999999999984,0.9693042635742193,0.6694275499386326,,,,,0.0,0.0,0.0,0.0,0.0,0.20000000000000284,0.0,2785.9521454525675,,0,0,,,0.0,0.0,0.0,0.0
2021-01-05 07:00:00,2021-01-05 08:00:00,0.0,0.0,0.0,0.9659258262890683,-0.25881904510252063,0.49999999999999994,0.8660254037844387,1,1,0.0,0.0,0.0,0.0,,11.787994383612105,1,1.0,25.83,25.7,26.0,86.6,1006.782,1.281,2.553908,28.19,0.0,87.7,1.3519999980926514,13.384933471679688,214.20867919921875,22.65199851989746,0,0,1,0,0,25.5,23.4,88.0,2.0,40.0,6.0,0.0,1440.0,0.0,0.0,0.0,0.0,0.0,0.0,0.0,25.22,90.8,1006.563,,,0.0,0.0,0.0,0.0,0.0,0.0,0.0,0.0,0.0,0.0,0.0,0.0,0.0,0.0,25.418333333333333,90.79444444444445,1.5518333333333334,0.0,1.688499927520752,13.057883739471436,0.0,0.0,0.6099999999999994,-4.200000000000003,2.0249998569488525,,,,0.0,0.0,0.0,0.0,0.0,0.0,0.0,0.0,0.0,5,2,1,600,750,,3000,,9000,,,,,,,,,,2,2.0,2.0,0.20429093789455216,0.20429093789455216,224.72003168400738,0.0,0.0,0.0,0.0,2236.8779999999997,3.4612200000000013,0.6051404816810404,1.1290553562296395,-0.6729998588562012,,,,-0.3364999294281006,0.32704973220825195,0.0,0.0,0.0,0.3000000000000007,0.0,2867.1689201379195,5,1,0,600,,6.0,0.0,0.0,0.0
2021-01-05 07:10:00,2021-01-05 08:10:00,0.0,0.0,0.0,0.9659258262890683,-0.25881904510252063,0.49999999999999994,0.8660254037844387,1,1,0.0,0.0,0.0,0.0,,14.092823510185912,1,1.0,26.23,26.0,26.4,84.6,1006.778,1.201,2.088682,72.3,0.0,114.0,1.563077092170715,13.144001960754396,216.0884552001953,26.77889060974121,0,0,1,0,0,25.5,23.4,88.0,2.0,40.0,6.0,0.0,1440.0,0.0,0.0,0.0,0.0,0.0,0.0,0.0,25.23,90.2,1006.536,,,0.0,0.0,0.0,0.0,0.0,0.0,0.0,0.0,0.0,0.0,0.0,0.0,0.0,0.0,25.454444444444444,90.32222222222222,1.5305,0.0,1.6466923157374065,13.086589813232422,0.0,0.0,1.0,-5.6000000000000085,1.3519999980926514,2.0249998569488525,,,0.0,0.0,0.0,0.0,0.0,0.0,0.0,0.0,0.0,5,2,1,600,750,,3000,,9000,,,,,,,,,,2,2.0,2.0,0.24349353013118002,0.24349353013118002,267.842883144298,0.0,0.0,0.0,0.0,2219.058,4.039420000000002,1.1441464389855571,0.36514370617151404,0.21107709407806374,,,,-0.08361522356669138,0.05741214752197443,0.0,0.0,0.0,0.3999999999999986,0.0,2840.267078847756,5,1,0,600,,6.0,0.0,0.0,0.0
2021-01-05 07:20:00,2021-01-05 08:20:00,0.0,0.0,0.0,0.9659258262890683,-0.25881904510252063,0.49999999999999994,0.8660254037844387,1,1,0.0,0.0,0.0,0.0,,16.396498472305254,1,1.0,26.61,26.4,26.8,82.7,1006.803,1.513,2.369028,43.88,0.0,139.2,1.2599999904632568,13.684530258178713,212.04412841796875,20.903749465942383,0,0,1,0,0,25.5,23.4,88.0,2.0,40.0,6.0,0.0,1440.0,0.0,0.0,0.0,0.0,0.0,0.0,0.0,25.2,90.2,1006.573,,,0.0,0.0,0.0,0.0,0.0,0.0,0.0,0.0,0.0,0.0,0.0,0.0,0.0,0.0,25.516111111111112,89.75,1.5151111111111115,0.0,1.550019234418869,13.236074924468994,0.0,0.0,1.4100000000000001,-7.5,1.563077092170715,1.3519999980926514,2.0249998569488525,12.730834007263184,0.0,0.0,0.0,0.0,0.0,0.0,0.0,0.0,0.0,5,2,1,600,750,,3000,,9000,,,,,,,,,,2,2.0,2.0,0.2822828295812296,0.2822828295812296,310.51111253935255,0.0,0.0,0.0,0.0,2200.647,4.603529999999999,1.0487363528361162,1.090559976452465,-0.3030771017074583,-0.7649998664855957,,,-0.2900192439556122,0.4484553337097186,0.0,0.0,0.0,0.40000000000000213,0.0,2901.724291404826,5,1,0,600,,6.0,0.0,0.0,0.0
2021-01-05 07:30:00,2021-01-05 08:30:00,0.0,0.0,0.0,0.9659258262890683,-0.25881904510252063,0.49999999999999994,0.8660254037844387,1,1,0.0,0.0,0.0,0.0,,18.69830911322195,1,1.0,26.89,26.8,27.0,81.77,1006.831,1.745,2.498987,64.97,0.0,166.3,1.2204347848892212,13.570871353149414,212.886947631836,25.407270431518555,0,0,1,0,0,25.5,23.4,88.0,2.0,40.0,6.0,0.0,1440.0,0.0,0.0,0.0,0.0,0.0,0.0,0.0,25.2,89.9,1006.662,,,0.0,0.0,0.0,0.0,0.0,0.0,0.0,0.0,0.0,0.0,0.0,0.0,0.0,0.0,25.593333333333334,89.14833333333334,1.5155555555555558,0.0,1.4841023445129395,13.303034210205078,0.0,0.0,1.6900000000000013,-8.13000000000001,1.2599999904632568,1.563077092170715,1.3519999980926514,13.384933471679688,0.0,0.0,0.0,0.0,0.0,0.0,0.0,0.0,0.0,5,2,1,600,750,,3000,,9000,,,,,,,,,,2,2.0,2.0,0.320585036810591,0.320585036810591,352.64354049165007,0.0,0.0,0.0,0.0,2198.7952999999998,4.902047000000001,1.5811207338113635,0.7382968407841226,-0.039565205574035645,-0.13156521320343018,,,-0.26366755962371835,0.2678371429443356,0.0,0.0,0.0,0.1999999999999993,0.0,2889.0613790763027,5,1,0,600,,6.0,0.0,0.0,0.0
2021-01-05 07:40:00,2021-01-05 08:40:00,0.0,0.0,0.0,0.9659258262890683,-0.25881904510252063,0.49999999999999994,0.8660254037844387,1,1,0.0,0.0,0.0,0.0,,20.99750393826435,1,1.0,27.09,26.9,27.2,80.94,1006.91,2.065,3.315724,126.0,0.0,189.0,1.1907142400741575,13.13818073272705,215.8392791748047,26.557600021362305,0,0,1,0,0,25.5,23.4,88.0,2.0,40.0,6.0,0.0,1440.0,0.0,0.0,0.0,0.0,0.0,0.0,0.0,25.31,89.2,1006.733,,,0.0,0.0,0.0,0.0,0.0,0.0,0.0,0.0,0.0,0.0,0.0,0.0,0.0,0.0,25.681666666666665,88.50611111111111,1.5372222222222223,0.0,1.4352043271064758,13.275558630625406,0.0,0.0,1.7800000000000011,-8.260000000000005,1.2204347848892212,1.2599999904632568,1.563077092170715,13.144001960754396,0.0,0.0,0.0,0.0,0.0,0.0,0.0,0.0,0.0,5,2,1,600,750,,3000,,9000,,,,,,,,,,2,2.0,2.0,0.35832727824484495,0.35832727824484495,394.1600060693294,0.0,0.0,0.0,0.0,2192.6646,5.163354000000001,1.6706200933842665,-1.2137765459839567,-0.0297205448150637,-0.3723628520965576,,,-0.24449008703231834,-0.13737789789835553,0.0,0.0,0.0,0.3000000000000007,0.0,2835.735459020114,5,1,0,600,,6.0,0.0,0.0,0.0
2021-01-05 07:50:00,2021-01-05 08:50:00,0.0,0.0,0.0,0.9659258262890683,-0.25881904510252063,0.49999999999999994,0.8660254037844387,1,1,0.0,0.0,0.0,0.0,,23.293277878434754,1,1.0,27.48,27.2,27.6,80.2,1006.955,1.599,2.614084,93.6,0.0,223.3,1.2460870742797852,12.797564506530762,218.3251953125,24.31913185119629,0,0,1,0,0,25.5,23.4,88.0,2.0,40.0,6.0,0.0,1440.0,0.0,0.0,0.0,0.0,0.0,0.0,0.0,25.5,88.4,1006.731,2.0249998569488525,12.730834007263184,0.0,0.0,0.0,0.0,0.0,0.0,0.0,0.0,0.0,0.0,0.0,0.0,0.0,0.0,25.791666666666664,87.86166666666666,1.5295,0.0,1.4081875767026628,13.207273755754743,0.0,0.0,1.9800000000000004,-8.200000000000003,1.1907142400741575,1.2204347848892212,1.2599999904632568,13.684530258178713,0.0,0.0,0.0,0.0,0.0,0.0,0.0,0.0,0.0,5,2,1,600,750,,3000,,9000,,,,,,,,,,2,2.0,2.0,0.3954377448146559,0.3954377448146559,434.98151929612146,0.0,0.0,0.0,0.0,2203.896,5.441039999999999,1.5958447387568062,-0.10040204072737177,0.05537283420562766,-0.01391291618347168,-0.7789127826690674,0.06673049926757812,-0.16210050242287766,-0.40970924922398133,0.0,0.0,0.0,0.40000000000000213,0.0,2794.0307704126462,5,1,0,600,,6.0,0.0,0.0,0.0
2021-01-05 08:00:00,2021-01-05 09:00:00,0.0,0.0,0.0,0.8660254037844387,-0.4999999999999998,0.49999999999999994,0.8660254037844387,1,1,0.0,0.0,0.0,0.0,,25.58475821167554,1,1.0,27.89,27.6,28.0,78.54,1007.008,1.573,3.182682,100.0,0.0,260.1,1.315199851989746,12.693881034851074,218.93038940429688,25.745908737182617,0,0,1,0,0,27.1,23.8,82.0,2.0,80.0,6.0,,,0.0,0.0,0.0,0.0,0.0,0.0,0.0,25.83,86.6,1006.782,1.3519999980926514,13.384933471679688,0.0,0.0,0.0,0.0,0.0,0.0,0.0,0.0,0.0,0.0,0.0,0.0,0.0,0.0,25.924444444444443,87.14722222222223,1.5249444444444444,0.0,1.3965641111135483,13.143099665641785,0.0,0.0,2.0600000000000023,-8.059999999999988,1.2460870742797852,1.1907142400741575,1.2204347848892212,13.570871353149414,0.0,0.0,0.0,0.0,0.0,0.0,0.0,0.0,0.0,5,2,1,600,750,,3000,,9000,,,,,,,,,,2,2.0,2.0,0.4318458285775584,0.4318458285775584,475.0304114353142,0.0,0.0,0.0,0.0,2190.4806000000003,5.985193999999998,1.5491025954882032,-0.27314858347008136,0.06911277770996094,0.0947650671005249,-0.03680014610290527,-0.6910524368286133,-0.08136425912380219,-0.44921863079071045,0.0,0.0,0.0,0.3999999999999986,0.0,2779.0763180117647,5,1,0,600,,6.0,0.0,0.0,0.0
2021-01-05 08:10:00,2021-01-05 09:10:00,0.0,0.0,0.0,0.8660254037844387,-0.4999999999999998,0.49999999999999994,0.8660254037844387,1,1,0.0,0.0,0.0,0.0,,27.8709881193356,1,1.0,28.25,28.0,28.5,75.88,1007.003,2.284,3.295959,92.7,0.0,283.7,1.3266667127609253,13.066434860229492,216.54733276367188,24.15038299560547,0,0,1,0,0,27.1,23.8,82.0,2.0,80.0,6.0,,,0.0,0.0,0.0,0.0,0.0,0.0,0.0,26.23,84.6,1006.778,1.563077092170715,13.144001960754396,0.0,0.0,0.0,0.0,0.0,0.0,0.0,0.0,0.0,0.0,0.0,0.0,0.0,0.0,26.077222222222222,86.30722222222224,1.5668333333333333,0.0,1.3887977335188124,13.134581353929308,0.0,0.0,2.0199999999999996,-8.719999999999999,1.315199851989746,1.2460870742797852,1.1907142400741575,13.13818073272705,0.0,0.0,0.0,0.0,0.0,0.0,0.0,0.0,0.0,5,2,1,600,750,,3000,,9000,,,,,,,,,,2,2.0,2.0,0.46748225705618257,0.46748225705618257,514.2304827618008,0.0,0.0,0.0,0.0,2143.6099999999997,6.813900000000001,2.281464474413139,-0.10759113342082409,0.0114668607711792,0.1359524726867678,-0.23641037940978982,-0.07756710052490412,-0.06213102075788712,-0.06814649369981574,0.0,0.0,0.0,0.5,0.0,2829.5016177129583,5,1,0,600,,6.0,0.0,0.0,0.0
2021-01-05 08:20:00,2021-01-05 09:20:00,0.0,0.0,0.0,0.8660254037844387,-0.4999999999999998,0.49999999999999994,0.8660254037844387,1,1,0.0,0.0,0.0,0.0,,30.150907226960207,1,1.0,28.54,28.4,28.6,74.66,1007.048,2.161,3.765119,104.4,0.0,318.6,1.5227584838867188,12.77303409576416,218.41587829589844,26.38541603088379,0,0,1,0,0,27.1,23.8,82.0,2.0,80.0,6.0,,,0.0,0.0,0.0,0.0,0.0,0.0,0.0,26.61,82.7,1006.803,1.2599999904632568,13.684530258178713,0.0,0.0,0.0,0.0,0.0,0.0,0.0,0.0,0.0,0.0,0.0,0.0,0.0,0.0,26.248333333333335,85.40500000000002,1.602888888888889,0.0,1.402193808555603,13.098426628112794,0.0,0.0,1.9299999999999997,-8.040000000000006,1.3266667127609253,1.315199851989746,1.2460870742797852,12.797564506530762,0.0,0.0,0.0,0.0,0.0,0.0,0.0,0.0,0.0,5,2,1,600,750,,3000,,9000,,,,,,,,,,2,2.0,2.0,0.502279225037351,0.502279225037351,552.507147541086,0.0,0.0,0.0,0.0,2130.7963999999997,7.232036000000001,2.0931082111989716,-0.5374188461632513,0.19609177112579346,0.2766714096069336,0.2627584934234619,-0.9114961624145526,0.12056467533111581,-0.3253925323486335,0.0,0.0,0.0,0.20000000000000284,0.0,2789.833460529786,5,1,0,600,,6.0,0.0,0.0,0.0
2021-01-05 08:30:00,2021-01-05 09:30:00,0.0,0.0,0.0,0.8660254037844387,-0.4999999999999998,0.49999999999999994,0.8660254037844387,1,1,0.0,0.0,0.0,0.0,,32.423328309851264,1,1.0,28.89,28.6,29.1,74.44,1007.147,1.778,3.071922,184.0,0.0,375.7,1.685999870300293,12.878114700317385,217.71571350097656,26.015554428100582,0,0,1,0,0,27.1,23.8,82.0,2.0,80.0,6.0,,,0.0,0.0,0.0,0.0,0.0,0.0,0.0,26.89,81.77,1006.831,1.2204347848892212,13.570871353149414,0.0,0.0,0.0,0.0,0.0,0.0,0.0,0.0,0.0,0.0,0.0,0.0,0.0,0.0,26.442222222222217,84.49055555555556,1.6120555555555558,0.0,1.427994359623302,13.078398271040482,0.0,0.0,2.0,-7.329999999999998,1.5227584838867188,1.3266667127609253,1.315199851989746,12.693881034851074,0.0,0.0,0.0,0.0,0.0,0.0,0.0,0.0,0.0,5,2,1,600,750,,3000,,9000,,,,,,,,,,2,2.0,2.0,0.5361705235812614,0.5361705235812614,589.7875759393875,0.0,0.0,0.0,0.0,2150.5715999999998,7.384284000000001,-0.12402701031705474,-1.7736688813619674,0.16324138641357422,0.3708000183105469,0.4655650854110718,-0.6927566528320295,0.25800551067699096,-0.20028357072309788,0.0,0.0,0.0,0.5,0.0,2803.7679305270144,5,1,0,600,,6.0,0.0,0.0,0.0
2021-01-05 08:40:00,2021-01-05 09:40:00,0.0,0.0,0.0,0.8660254037844387,-0.4999999999999998,0.49999999999999994,0.8660254037844387,1,1,0.0,0.0,0.0,0.0,,34.68690912248028,1,1.0,29.22,29.0,29.4,72.69,1007.186,2.132,3.873885,170.0,0.0,386.0,1.7759615182876587,12.978424072265623,216.8661499023437,25.81902313232422,0,0,1,0,0,27.1,23.8,82.0,2.0,80.0,6.0,,,0.0,0.0,0.0,0.0,0.0,0.0,0.0,27.09,80.94,1006.91,1.1907142400741575,13.13818073272705,0.0,0.0,0.0,0.0,0.0,0.0,0.0,0.0,0.0,0.0,0.0,0.0,0.0,0.0,26.657777777777774,83.48444444444448,1.637888888888889,0.0,1.456991622845332,13.070067087809244,0.0,0.0,2.129999999999999,-8.25,1.685999870300293,1.5227584838867188,1.3266667127609253,13.066434860229492,0.0,0.0,0.0,0.0,0.0,0.0,0.0,0.0,0.0,5,2,1,600,750,,3000,,9000,,,,,,,,,,2,2.0,2.0,0.5690916659953217,0.5690916659953217,626.0008325948538,0.0,0.0,0.0,0.0,2124.0018,7.979982,0.3702179147858954,-2.0996101294220275,0.08996164798736572,0.4492948055267334,0.5852472782135012,-0.15975666046142756,0.3189698954423268,-0.09164301554362098,0.0,0.0,0.0,0.3999999999999986,0.0,2814.5808603521427,5,1,0,600,,6.0,0.0,0.0,0.0
2021-01-05 08:50:00,2021-01-05 09:50:00,0.0,0.0,0.0,0.8660254037844387,-0.4999999999999998,0.49999999999999994,0.8660254037844387,1,1,0.0,0.0,0.0,0.0,,36.94011802035974,1,1.0,29.51,29.3,29.6,71.54,1007.24,2.079,3.792605,163.6,0.0,394.0,1.878730058670044,12.97268295288086,216.82638549804688,25.078821182250977,0,0,1,0,0,27.1,23.8,82.0,2.0,80.0,6.0,,,0.0,0.0,0.0,0.0,0.0,0.0,0.0,27.48,80.2,1006.955,1.2460870742797852,12.797564506530762,0.0,0.0,0.0,0.0,0.0,0.0,0.0,0.0,0.0,0.0,0.0,0.0,0.0,0.0,26.893888888888885,82.40333333333336,1.668277777777778,0.0,1.4894330409856944,13.062576000507061,0.0,0.0,2.030000000000001,-8.659999999999997,1.7759615182876587,1.685999870300293,1.5227584838867188,12.77303409576416,0.0,0.0,0.0,0.0,0.0,0.0,0.0,0.0,0.0,5,2,1,600,750,,3000,,9000,,,,,,,,,,2,2.0,2.0,0.6009800105329326,0.6009800105329326,661.0780115862259,0.0,0.0,0.0,0.0,2111.1454000000003,8.398546,0.5869878887763403,-1.9944137530687798,0.10276854038238525,0.3559715747833252,0.6326429843902588,0.17511844635009766,0.38929701768434954,-0.08989304762620165,0.0,0.0,0.0,0.3000000000000007,0.0,2812.8199548852863,5,1,0,600,,6.0,0.0,0.0,0.0
2021-01-05 09:00:00,2021-01-05 10:00:00,0.0,0.0,0.0,0.7071067811865476,-0.7071067811865475,0.49999999999999994,0.8660254037844387,1,1,0.0,0.0,0.0,0.0,,39.18119166197766,1,1.0,29.64,29.5,29.8,70.32,1007.299,2.576,4.405226,237.2,0.0,423.4,1.933432698249817,13.163179397583008,215.55567932128903,24.18942070007324,0,0,1,0,0,29.3,24.0,73.0,5.0,60.0,7.0,,,0.0,0.0,0.0,0.0,0.0,0.0,0.0,27.89,78.54,1007.008,1.315199851989746,12.693881034851074,0.0,0.0,0.0,0.0,0.0,0.0,0.0,0.0,0.0,0.0,0.0,0.0,0.0,0.0,27.13944444444444,81.26555555555557,1.7248333333333334,0.0,1.521147302218846,13.069761957441058,0.0,0.0,1.75,-8.220000000000013,1.878730058670044,1.7759615182876587,1.685999870300293,12.878114700317385,0.0,0.0,0.0,0.0,0.0,0.0,0.0,0.0,0.0,6,2,0,600,750,,9999,,9000,,,,,,,,,,3,2.0,2.0,0.6317748795837671,0.6317748795837671,694.9523675421439,0.0,0.0,0.0,0.0,2084.2848,8.797152000000002,-2.1652995706048825,-1.3954403496883383,0.05470263957977295,0.24743282794952393,0.6182328462600708,0.4692983627319336,0.4122853960309709,0.09341744014195008,0.0,0.0,0.0,0.3000000000000007,0.0,2837.3980770740013,6,1,0,600,,7.0,0.0,0.0,0.0
2021-01-05 09:10:00,2021-01-05 10:10:00,0.0,0.0,0.0,0.7071067811865476,-0.7071067811865475,0.49999999999999994,0.8660254037844387,1,1,0.0,0.0,0.0,0.0,,41.408082579421006,1,1.0,29.97,29.8,30.1,68.76,1007.342,2.554,4.377032,186.9,0.0,435.0,1.9253085851669312,13.33656883239746,214.5277557373047,25.04789161682129,0,0,1,0,0,29.3,24.0,73.0,5.0,60.0,7.0,,,0.0,0.0,0.0,0.0,0.0,0.0,0.0,28.25,75.88,1007.003,1.3266667127609253,13.066434860229492,0.0,0.0,0.0,0.0,0.0,0.0,0.0,0.0,0.0,0.0,0.0,0.0,0.0,0.0,27.40277777777777,80.07444444444445,1.7792222222222225,0.0,1.5480913877487184,13.087549082438152,0.0,0.0,1.7199999999999989,-7.11999999999999,1.933432698249817,1.878730058670044,1.7759615182876587,12.978424072265623,0.0,0.0,0.0,0.0,0.0,0.0,0.0,0.0,0.0,6,2,0,600,750,,9999,,9000,,,,,,,,,,3,2.0,2.0,0.6614176751287649,0.6614176751287649,727.5594426416415,0.0,0.0,0.0,0.0,2060.7372,9.362627999999999,-0.3068294863836885,-2.5355022512878036,-0.008124113082885742,0.14934706687927246,0.5986418724060059,0.270133972167967,0.3772171974182128,0.24901974995930765,0.0,0.0,0.0,0.3000000000000007,0.0,2861.064180850313,6,1,0,600,,7.0,0.0,0.0,0.0
2021-01-05 09:20:00,2021-01-05 10:20:00,0.0,0.0,0.0,0.7071067811865476,-0.7071067811865475,0.49999999999999994,0.8660254037844387,1,1,0.0,0.0,0.0,0.0,,43.618393755268585,1,1.0,29.92,29.8,30.0,68.63,1007.38,2.483,4.538709,151.4,0.0,469.8,1.9390907287597656,13.19429874420166,215.78738403320312,28.016855239868164,0,0,1,0,0,29.3,24.0,73.0,5.0,60.0,7.0,,,0.0,0.0,0.0,0.0,0.0,0.0,0.0,28.54,74.66,1007.048,1.5227584838867188,12.77303409576416,0.0,0.0,0.0,0.0,0.0,0.0,0.0,0.0,0.0,0.0,0.0,0.0,0.0,0.0,27.665,78.87611111111111,1.837888888888889,0.0,1.5725288465619087,13.09422093629837,0.0,0.0,1.3800000000000026,-6.030000000000001,1.9253085851669312,1.933432698249817,1.878730058670044,12.97268295288086,0.0,0.0,0.0,0.0,0.0,0.0,0.0,0.0,0.0,6,2,0,600,750,,9999,,9000,,,,,,,,,,3,2.0,2.0,0.68985199024015,0.68985199024015,758.837189264165,0.0,0.0,0.0,0.0,2053.4096,9.385904000000002,1.188591883266527,-2.180031727987676,0.013782143592834473,0.06036067008972168,0.4163322448730469,0.4212646484375,0.3665618821978569,0.1000778079032898,0.0,0.0,0.0,0.1999999999999993,0.0,2847.1632101638534,6,1,0,600,,7.0,0.0,0.0,0.0
2021-01-05 09:30:00,2021-01-05 10:30:00,0.0,0.0,0.0,0.7071067811865476,-0.7071067811865475,0.49999999999999994,0.8660254037844387,1,1,0.0,0.0,0.0,0.0,,45.80929650019693,1,1.0,30.43,30.0,30.6,66.87,1007.35,2.581,4.151056,208.2,0.0,535.8,1.9734612703323364,13.414077758789062,214.1871795654297,27.709625244140625,0,0,1,0,0,29.3,24.0,73.0,5.0,60.0,7.0,,,0.0,0.0,0.0,0.0,0.0,0.0,0.0,28.89,74.44,1007.147,1.685999870300293,12.878114700317385,0.0,0.0,0.0,0.0,0.0,0.0,0.0,0.0,0.0,0.0,0.0,0.0,0.0,0.0,27.95555555555556,77.59666666666665,1.901277777777778,0.0,1.5961131067836987,13.113036043503705,0.0,0.0,1.5399999999999991,-7.569999999999993,1.9390907287597656,1.9253085851669312,1.933432698249817,13.163179397583008,0.0,0.0,0.0,0.0,0.0,0.0,0.0,0.0,0.0,6,2,0,600,750,,9999,,9000,,,,,,,,,,3,2.0,2.0,0.7170237164143197,0.7170237164143197,788.7260880557517,0.0,0.0,0.0,0.0,2034.8541,10.081458999999999,-1.219653524127028,-2.274644209779745,0.0343705415725708,0.04002857208251953,0.28746140003204346,0.5359630584716779,0.37734816354863776,0.3010417152853577,0.0,0.0,0.0,0.6000000000000014,0.0,2873.1234816263895,6,1,0,600,,7.0,0.0,0.0,0.0
2021-01-05 09:40:00,2021-01-05 10:40:00,0.0,0.0,0.0,0.7071067811865476,-0.7071067811865475,0.49999999999999994,0.8660254037844387,1,1,0.0,0.0,0.0,0.0,,47.97742684852425,1,1.0,30.57,30.4,30.7,64.46000000000001,1007.25,2.981,4.520432,80.1,0.0,536.9,,,,,,0,0,0,0,29.3,24.0,73.0,5.0,60.0,7.0,,,0.0,0.0,0.0,0.0,0.0,0.0,0.0,29.22,72.69,1007.186,1.7759615182876587,12.978424072265623,0.0,0.0,0.0,0.0,0.0,0.0,0.0,0.0,0.0,0.0,0.0,0.0,0.0,0.0,28.247777777777777,76.22222222222223,1.9868888888888891,0.0,1.5961131067836987,13.113036043503705,0.0,0.0,1.3500000000000014,-8.22999999999999,1.9734612703323364,1.9390907287597656,1.9253085851669312,13.33656883239746,0.0,0.0,0.0,0.0,0.0,0.0,0.0,0.0,0.0,6,2,0,600,750,,9999,,9000,,,,,,,,,,3,2.0,2.0,0.7428811465333615,0.7428811465333615,817.1692611866976,0.0,0.0,0.0,0.0,1970.5422000000003,10.864577999999996,2.9366109012673807,0.5125206479329204,,,,,,,0.0,0.0,0.0,0.3000000000000007,,,6,1,0,600,,7.0,0.0,0.0,0.0
2021-01-05 09:50:00,2021-01-05 10:50:00,0.0,0.0,0.0,0.7071067811865476,-0.7071067811865475,0.49999999999999994,0.8660254037844387,1,1,0.0,0.0,0.0,0.0,,50.11875434502777,1,1.0,30.69,30.4,30.9,61.89,1007.149,2.799,5.246413,249.7,0.0,565.2,2.0301427841186523,13.162200927734377,216.060287475586,28.87942123413086,0,0,0,1,0,29.3,24.0,73.0,5.0,60.0,7.0,,,0.0,0.0,0.0,0.0,0.0,0.0,0.0,29.51,71.54,1007.24,1.878730058670044,12.97268295288086,0.0,0.0,0.0,0.0,0.0,0.0,0.0,0.0,0.0,0.0,0.0,0.0,0.0,0.0,28.53611111111111,74.74944444444445,2.0769444444444445,0.0,1.5964156319113338,13.138410568237305,0.0,0.0,1.1799999999999997,-9.650000000000006,,1.9734612703323364,1.9390907287597656,13.19429874420166,0.0,0.0,0.0,0.0,0.0,0.0,0.0,0.0,0.0,6,2,0,600,750,,9999,,9000,,,,,,,,,,3,2.0,2.0,0.7673750732592808,0.7673750732592808,844.1125805852089,0.0,0.0,0.0,0.0,1899.4041000000002,11.695959,-2.625151127978701,-0.971072888753544,,0.09105205535888672,0.1514127254486084,0.1895179748535174,0.4337271522073185,0.02379035949707209,0.0,0.0,0.0,0.5,0.0,2843.828916257714,6,1,0,600,,7.0,0.0,0.0,0.0
2021-01-05 10:00:00,2021-01-05 11:00:00,0.0,0.0,0.0,0.49999999999999994,-0.8660254037844387,0.49999999999999994,0.8660254037844387,1,1,0.0,0.0,0.0,0.0,,52.2284154894782,1,1.0,31.03,30.8,31.2,60.94,1007.152,2.298,4.746058,198.7,0.0,575.5,2.128830909729004,13.458352088928224,213.922607421875,27.958038330078125,0,0,0,1,0,30.6,23.2,65.0,7.0,230.0,7.0,,,0.0,0.0,0.0,0.0,0.0,0.0,0.0,29.64,70.32,1007.299,1.933432698249817,13.163179397583008,0.0,0.0,0.0,0.0,0.0,0.0,0.0,0.0,0.0,0.0,0.0,0.0,0.0,0.0,28.825000000000003,73.3238888888889,2.1334444444444447,0.0,1.642111567889943,13.142729310428395,0.0,0.0,1.3900000000000006,-9.379999999999995,2.0301427841186523,,1.9734612703323364,13.414077758789062,0.0,0.0,0.0,0.0,0.0,0.0,0.0,0.0,0.0,7,2,0,600,750,,9999,,9000,,,,,,,,,,3,2.0,2.0,0.7904588826737055,0.7904588826737055,869.504770941076,0.0,0.0,0.0,0.0,1890.9682,12.120318000000003,-0.7367686523658831,-2.1766892182603748,0.09868812561035156,0.15536963939666748,0.195398211479187,0.2951726913452166,0.48671934183906096,0.31562277849982934,0.0,0.0,0.0,0.3999999999999986,0.0,2879.045770465164,7,1,0,600,,7.0,0.0,0.0,0.0
2021-01-05 10:10:00,2021-01-05 11:10:00,0.0,0.0,0.0,0.49999999999999994,-0.8660254037844387,0.49999999999999994,0.8660254037844387,1,1,0.0,0.0,0.0,0.0,,54.30050233354986,1,1.0,31.26,30.9,31.6,59.27,1007.13,1.823,4.324932,238.0,0.0,569.3,2.222749948501587,13.582338333129885,212.9659881591797,25.232728958129883,0,0,0,1,0,30.6,23.2,65.0,7.0,230.0,7.0,,,0.0,0.0,0.0,0.0,0.0,0.0,0.0,29.97,68.76,1007.342,1.9253085851669312,13.33656883239746,0.0,0.0,0.0,0.0,0.0,0.0,0.0,0.0,0.0,0.0,0.0,0.0,0.0,0.0,29.104444444444443,71.91666666666669,2.168,0.0,1.6809158535564648,13.16851380292107,0.0,0.0,1.2900000000000027,-9.490000000000002,2.128830909729004,2.0301427841186523,,,0.0,0.0,0.0,0.0,0.0,0.0,0.0,0.0,0.0,7,2,0,600,750,,9999,,9000,,,,,,,,,,3,2.0,2.0,0.8120886429848659,0.8120886429848659,893.2975072833525,0.0,0.0,0.0,0.0,1852.7802000000001,12.732198,-1.5459916792931645,-0.9660428186971327,0.09391903877258301,,0.29744136333465576,0.24576950073242543,0.5418340949451221,0.4138245302088137,0.0,0.0,0.0,0.7000000000000028,0.0,2892.5761046273115,7,1,0,600,,7.0,0.0,0.0,0.0
2021-01-05 10:20:00,2021-01-05 11:20:00,0.0,0.0,0.0,0.49999999999999994,-0.8660254037844387,0.49999999999999994,0.8660254037844387,1,1,0.0,0.0,0.0,0.0,,56.32779509925812,1,1.0,31.36,31.0,31.5,58.85,1007.101,1.983,4.11829,275.9,0.0,569.6,2.32786512374878,13.36713409423828,214.4820251464844,28.279664993286133,0,0,0,1,0,30.6,23.2,65.0,7.0,230.0,7.0,,,0.0,0.0,0.0,0.0,0.0,0.0,0.0,29.92,68.63,1007.38,1.9390907287597656,13.19429874420166,0.0,0.0,0.0,0.0,0.0,0.0,0.0,0.0,0.0,0.0,0.0,0.0,0.0,0.0,29.368333333333332,70.59166666666667,2.194111111111111,0.0,1.7437314496320837,13.14984344033634,0.0,0.0,1.4399999999999977,-9.779999999999994,2.222749948501587,2.128830909729004,2.0301427841186523,13.162200927734377,0.0,0.0,0.0,0.0,0.0,0.0,0.0,0.0,0.0,7,2,0,600,750,,9999,,9000,,,,,,,,,,3,2.0,2.0,0.8322231881330534,0.8322231881330534,915.4455069463587,0.0,0.0,0.0,0.0,1845.536,12.904639999999999,-1.9724956863433567,0.2038376004491097,0.10511517524719327,0.29772233963012784,0.38877439498901456,0.17283535003661932,0.5841336741166965,0.21729065390193902,0.0,0.0,0.0,0.5,0.0,2867.0099909368437,7,1,0,600,,7.0,0.0,0.0,0.0
2021-01-05 10:30:00,2021-01-05 11:30:00,0.0,0.0,0.0,0.49999999999999994,-0.8660254037844387,0.49999999999999994,0.8660254037844387,1,1,0.0,0.0,0.0,0.0,,58.3014269627051,1,1.0,30.94,30.9,31.1,58.31,1007.028,2.047,4.211472,288.5,0.0,561.1,2.428853988647461,13.7377290725708,211.8214569091797,26.348546981811523,0,0,0,1,0,30.6,23.2,65.0,7.0,230.0,7.0,,,0.0,0.0,0.0,0.0,0.0,0.0,0.0,30.43,66.87,1007.35,1.9734612703323364,13.414077758789062,0.0,0.0,0.0,0.0,0.0,0.0,0.0,0.0,0.0,0.0,0.0,0.0,0.0,0.0,29.593333333333337,69.28833333333333,2.2108888888888885,0.0,1.8148149322060978,13.159658600302304,0.0,0.0,0.5100000000000016,-8.560000000000002,2.32786512374878,2.222749948501587,2.128830909729004,13.458352088928224,0.0,0.0,0.0,0.0,0.0,0.0,0.0,0.0,0.0,7,2,0,600,750,,9999,,9000,,,,,,,,,,3,2.0,2.0,0.8508241961354385,0.8508241961354385,935.9066157489823,0.0,0.0,0.0,0.0,1804.1114000000002,12.898886,-1.9412185222070901,0.6495226316612239,0.10098886489868075,0.30002307891845703,0.4553927183151245,0.3236513137817383,0.6140390564413631,0.5780704722684966,0.0,0.0,0.0,0.20000000000000284,0.0,2909.945786775541,7,1,0,600,,7.0,0.0,0.0,0.0
2021-01-05 10:40:00,2021-01-05 11:40:00,0.0,0.0,0.0,0.49999999999999994,-0.8660254037844387,0.49999999999999994,0.8660254037844387,1,1,0.0,0.0,0.0,0.0,,60.21047093655928,1,1.0,31.15,31.0,31.3,60.3,1006.947,1.402,2.758996,273.5,0.0,563.9,2.5616493225097656,13.423762321472168,213.94598388671875,26.62970924377441,0,0,0,1,0,30.6,23.2,65.0,7.0,230.0,7.0,,,0.0,0.0,0.0,0.0,0.0,0.0,0.0,30.57,64.46000000000001,1007.25,,,0.0,0.0,0.0,0.0,0.0,0.0,0.0,0.0,0.0,0.0,0.0,0.0,0.0,0.0,29.81888888888889,68.14166666666665,2.1740555555555554,0.0,1.8954581723493689,13.17645751728731,0.0,0.0,0.5799999999999983,-4.160000000000011,2.428853988647461,2.32786512374878,2.222749948501587,13.582338333129885,0.0,0.0,0.0,0.0,0.0,0.0,0.0,0.0,0.0,7,2,0,600,750,,9999,,9000,,,,,,,,,,3,2.0,2.0,0.8678562620211544,0.8678562620211544,954.6418882232698,0.0,0.0,0.0,0.0,1878.3449999999998,12.36655,-1.3993849873874575,0.08559005242786873,0.1327953338623047,0.3388993740081787,,,0.6661911501603968,0.24730480418485712,0.0,0.0,0.0,0.3000000000000007,0.0,2871.9600373288267,7,1,0,600,,7.0,0.0,0.0,0.0
2021-01-05 10:50:00,2021-01-05 11:50:00,0.0,0.0,0.0,0.49999999999999994,-0.8660254037844387,0.49999999999999994,0.8660254037844387,1,1,0.0,0.0,0.0,0.0,,62.041446262082566,1,1.0,31.31,31.2,31.4,59.21,1006.92,1.694,3.937708,286.0,0.0,608.9,2.744285821914673,13.12197971343994,216.12042236328125,28.09165382385254,0,0,0,1,0,30.6,23.2,65.0,7.0,230.0,7.0,,,0.0,0.0,0.0,0.0,0.0,0.0,0.0,30.69,61.89,1007.149,2.0301427841186523,13.162200927734377,0.0,0.0,0.0,0.0,0.0,0.0,0.0,0.0,0.0,0.0,0.0,0.0,0.0,0.0,30.031666666666663,66.97555555555554,2.1793333333333336,0.0,1.9835875104455387,13.195540764752556,0.0,0.0,0.6199999999999974,-2.6799999999999997,2.5616493225097656,2.428853988647461,2.32786512374878,13.36713409423828,0.0,0.0,0.0,0.0,0.0,0.0,0.0,0.0,0.0,7,2,0,600,750,,9999,,9000,,,,,,,,,,3,2.0,2.0,0.8832869652178309,0.8832869652178309,971.615661739614,0.0,0.0,0.0,0.0,1853.8651,12.771349,-1.628377312919512,0.46692968075399693,0.18263649940490723,0.41642069816589267,0.7141430377960205,-0.040221214294437146,0.7606983114691341,-0.07356105131261614,0.0,0.0,0.0,0.1999999999999993,0.0,2835.927797911048,7,1,0,600,,7.0,0.0,0.0,0.0
2021-01-05 11:00:00,2021-01-05 12:00:00,0.0,0.0,0.0,0.258819045102521,-0.9659258262890682,0.49999999999999994,0.8660254037844387,1,1,0.0,0.0,0.0,0.0,,63.777760600405784,1,1.0,31.14,31.0,31.3,60.42,1006.828,2.149,3.593649,282.1,0.0,668.2,2.9761173725128174,13.195247650146484,215.82081604003903,28.061601638793945,0,0,0,1,0,30.8,22.8,63.0,5.0,280.0,7.0,,,0.0,0.0,0.0,0.0,0.0,0.0,0.0,31.03,60.94,1007.152,2.128830909729004,13.458352088928224,0.0,0.0,0.0,0.0,0.0,0.0,0.0,0.0,0.0,0.0,0.0,0.0,0.0,0.0,30.21222222222222,65.9688888888889,2.2113333333333336,0.0,2.0812885410645428,13.225032918593463,0.0,0.0,0.10999999999999943,-0.519999999999996,2.744285821914673,2.5616493225097656,2.428853988647461,13.7377290725708,0.0,0.0,0.0,0.0,0.0,0.0,0.0,0.0,0.0,7,2,1,450,600,,3000,,9000,,,,,,,,,,2,2.0,2.0,0.8970869312613268,0.8970869312613268,986.7956243874595,0.0,0.0,0.0,0.0,1881.4788,12.325211999999999,-2.1012561757942447,0.45047029168031305,0.23183155059814453,0.5472633838653564,0.8472864627838135,-0.26310443878174006,0.8948288314482746,-0.02978526844697882,0.0,0.0,0.0,0.3000000000000007,0.0,2847.8091157050217,7,1,0,450,,6.0,0.0,0.0,0.0
2021-01-05 11:10:00,2021-01-05 12:10:00,0.0,0.0,0.0,0.258819045102521,-0.9659258262890682,0.49999999999999994,0.8660254037844387,1,1,0.0,0.0,0.0,0.0,,65.3991437258756,1,1.0,30.84,30.5,31.1,63.1,1006.793,2.443,3.811918,277.3,0.0,662.8,3.0983119010925293,12.930792808532717,217.39442443847656,30.18986701965332,0,0,0,1,0,30.8,22.8,63.0,5.0,280.0,7.0,,,0.0,0.0,0.0,0.0,0.0,0.0,0.0,31.26,59.27,1007.13,2.222749948501587,13.582338333129885,0.0,0.0,0.0,0.0,0.0,0.0,0.0,0.0,0.0,0.0,0.0,0.0,0.0,0.0,30.356111111111108,65.25888888888889,2.220166666666667,0.0,2.1855029639075783,13.217053974376006,0.0,0.0,-0.4200000000000017,3.8299999999999983,2.9761173725128174,2.744285821914673,2.5616493225097656,13.423762321472168,0.0,0.0,0.0,0.0,0.0,0.0,0.0,0.0,0.0,7,2,1,450,600,,3000,,9000,,,,,,,,,,2,2.0,2.0,0.9092298877111937,0.9092298877111937,1000.1528764823131,0.0,0.0,0.0,0.0,1946.0040000000001,11.379959999999999,-2.4231981232474427,0.3104188388130989,0.12219452857971191,0.5366625785827637,0.8755619525909424,-0.651545524597168,0.912808937184951,-0.286261165843289,0.0,0.0,0.0,0.6000000000000014,0.0,2811.082260144162,7,1,0,450,,6.0,0.0,0.0,0.0
2021-01-05 11:20:00,2021-01-05 12:20:00,0.0,0.0,0.0,0.258819045102521,-0.9659258262890682,0.49999999999999994,0.8660254037844387,1,1,0.0,0.0,0.0,0.0,,66.88120011048139,1,1.0,30.55,30.3,30.8,66.08,1006.699,2.177,3.235804,272.7,0.0,633.3,3.1161904335021973,13.140158653259276,215.94937133789065,28.189001083374023,0,0,0,1,0,30.8,22.8,63.0,5.0,280.0,7.0,,,0.0,0.0,0.0,0.0,0.0,0.0,0.0,31.36,58.85,1007.101,2.32786512374878,13.36713409423828,0.0,0.0,0.0,0.0,0.0,0.0,0.0,0.0,0.0,0.0,0.0,0.0,0.0,0.0,30.467777777777776,64.78222222222222,2.221055555555556,0.0,2.27923425506143,13.238649536581601,0.0,0.0,-0.8099999999999987,7.229999999999997,3.0983119010925293,2.9761173725128174,2.744285821914673,13.12197971343994,0.0,0.0,0.0,0.0,0.0,0.0,0.0,0.0,0.0,7,2,1,450,600,,3000,,9000,,,,,,,,,,2,2.0,2.0,0.9196927141654423,0.9196927141654423,1011.6619855819865,0.0,0.0,0.0,0.0,2018.744,10.36256,-2.1745832577922086,0.10255074319489109,0.01787853240966797,0.3719046115875244,0.7883253097534171,-0.2269754409790039,0.8369561784407673,-0.09849088332232547,0.0,0.0,0.0,0.5,0.0,2837.6090004514845,7,1,0,450,,6.0,0.0,0.0,0.0
2021-01-05 11:30:00,2021-01-05 12:30:00,0.0,0.0,0.0,0.258819045102521,-0.9659258262890682,0.49999999999999994,0.8660254037844387,1,1,0.0,0.0,0.0,0.0,,68.19531943603567,1,1.0,30.43,30.3,30.6,66.15,1006.631,2.268,3.598159,271.4,0.0,615.6,2.976440668106079,13.28274631500244,214.9496459960937,27.144445419311523,0,0,0,1,0,30.8,22.8,63.0,5.0,280.0,7.0,,,0.0,0.0,0.0,0.0,0.0,0.0,0.0,30.94,58.31,1007.028,2.428853988647461,13.7377290725708,0.0,0.0,0.0,0.0,0.0,0.0,0.0,0.0,0.0,0.0,0.0,0.0,0.0,0.0,30.553333333333327,64.32166666666666,2.248277777777778,0.0,2.3551425372852997,13.262451396268958,0.0,0.0,-0.5100000000000016,7.840000000000003,3.1161904335021973,3.0983119010925293,2.9761173725128174,13.195247650146484,0.0,0.0,0.0,0.0,0.0,0.0,0.0,0.0,0.0,7,2,1,450,600,,3000,,9000,,,,,,,,,,2,2.0,2.0,0.9284554862793916,0.9284554862793916,1021.3010349073307,0.0,0.0,0.0,0.0,2012.9445,10.300554999999997,-2.267322978823723,0.0554121800502155,-0.13974976539611816,0.00032329559326171875,0.5475866794586182,-0.45498275756836115,0.6212981308207794,0.020294918733481992,0.0,0.0,0.0,0.3000000000000007,0.0,2855.1216182656926,7,1,0,450,,6.0,0.0,0.0,0.0
2021-01-05 11:40:00,2021-01-05 12:40:00,0.0,0.0,0.0,0.258819045102521,-0.9659258262890682,0.49999999999999994,0.8660254037844387,1,1,0.0,0.0,0.0,0.0,,69.30931957455657,1,1.0,30.47,30.3,30.6,66.13,1006.459,2.694,4.431679,276.3,0.0,693.7,2.7287497520446777,13.407766342163086,214.12452697753903,28.460174560546875,0,0,0,1,0,30.8,22.8,63.0,5.0,280.0,7.0,,,0.0,0.0,0.0,0.0,0.0,0.0,0.0,31.15,60.3,1006.947,2.5616493225097656,13.423762321472168,0.0,0.0,0.0,0.0,0.0,0.0,0.0,0.0,0.0,0.0,0.0,0.0,0.0,0.0,30.622777777777774,63.95722222222222,2.2795000000000005,0.0,2.411188903976889,13.287706823909984,0.0,0.0,-0.6799999999999997,5.829999999999998,2.976440668106079,3.1161904335021973,3.0983119010925293,12.930792808532717,0.0,0.0,0.0,0.0,0.0,0.0,0.0,0.0,0.0,7,2,1,450,600,,3000,,9000,,,,,,,,,,2,2.0,2.0,0.9355015137047978,0.9355015137047978,1029.0516650752777,0.0,0.0,0.0,0.0,2014.9810999999997,10.320189000000001,-2.677730813996254,0.2956242340792762,-0.24769091606140137,-0.36956214904785156,0.1671004295349121,-0.01599597930908203,0.3175608480677887,0.12005951825310213,0.0,0.0,0.0,0.3000000000000007,0.0,2870.9316258410395,7,1,0,450,,6.0,0.0,0.0,0.0
2021-01-05 11:50:00,2021-01-05 12:50:00,0.0,0.0,0.0,0.258819045102521,-0.9659258262890682,0.49999999999999994,0.8660254037844387,1,1,0.0,0.0,0.0,0.0,,70.1892794957151,1,1.0,30.43,30.3,30.7,65.3,1006.327,2.849,5.320305,284.9,0.0,766.1,2.6593241691589355,13.61606788635254,212.867431640625,28.93077850341797,0,0,0,1,0,30.8,22.8,63.0,5.0,280.0,7.0,,,0.0,0.0,0.0,0.0,0.0,0.0,0.0,31.31,59.21,1006.92,2.744285821914673,13.12197971343994,0.0,0.0,0.0,0.0,0.0,0.0,0.0,0.0,0.0,0.0,0.0,0.0,0.0,0.0,30.673888888888882,63.61055555555556,2.322277777777778,0.0,2.4571062045938827,13.325552996467142,0.0,0.0,-0.879999999999999,6.089999999999996,2.7287497520446777,2.976440668106079,3.1161904335021973,13.140158653259276,0.0,0.0,0.0,0.0,0.0,0.0,0.0,0.0,0.0,7,2,1,450,600,,3000,,9000,,,,,,,,,,2,2.0,2.0,0.9408173718770189,0.9408173718770189,1034.8991090647207,0.0,0.0,0.0,0.0,1987.079,10.55921,-2.7532054499864675,0.7325713276977285,-0.06942558288574219,-0.4568662643432617,-0.0849616527557373,0.4940881729126012,0.2022179645650528,0.2905148898853991,0.0,0.0,0.0,0.3999999999999986,0.0,2898.417400012259,7,1,0,450,,6.0,0.0,0.0,0.0
2021-01-05 12:00:00,2021-01-05 13:00:00,0.0,0.0,0.0,1.2246467991473532e-16,-1.0,0.49999999999999994,0.8660254037844387,1,1,0.0,0.0,0.0,0.0,,70.8028848622912,1,1.0,30.54,30.4,30.6,65.65,1006.18,2.887,5.142488,279.5,0.0,793.3,2.9374680519104004,13.425722122192385,214.1361694335937,29.726287841796875,0,0,0,1,0,30.5,23.2,65.0,7.0,290.0,7.0,,,0.0,0.0,0.0,0.0,0.0,0.0,0.0,31.14,60.42,1006.828,2.9761173725128174,13.195247650146484,0.0,0.0,0.0,0.0,0.0,0.0,0.0,0.0,0.0,0.0,0.0,0.0,0.0,0.0,30.72388888888888,63.35111111111112,2.339555555555556,0.0,2.5161671077503875,13.340996686150046,0.0,0.0,-0.6000000000000014,5.230000000000004,2.6593241691589355,2.7287497520446777,2.976440668106079,13.28274631500244,0.0,0.0,0.0,0.0,0.0,0.0,0.0,0.0,0.0,7,2,1,450,600,,3000,,9000,,,,,,,,,,2,2.0,2.0,0.9443929275896723,0.9443929275896723,1038.8322203486396,0.0,0.0,0.0,0.0,2004.951,10.490489999999998,-2.8474065316379873,0.47649243811977676,0.27814388275146484,-0.03897261619567871,-0.03864932060241699,0.2304744720459002,0.42130094416001285,0.08472543604233884,0.0,0.0,0.0,0.20000000000000284,0.0,2874.9327071261355,7,1,0,450,,6.0,0.0,0.0,0.0
2021-01-05 12:10:00,2021-01-05 13:10:00,2.9,2.9,0.002786201783774665,1.2246467991473532e-16,-1.0,0.49999999999999994,0.8660254037844387,1,1,0.0,0.0,0.0,0.0,,71.1240708888114,1,1.0,30.54,30.4,30.7,66.22999999999999,1006.095,2.629,4.642476,278.5,0.0,710.6,3.3008334636688232,13.829305648803713,211.7133178710937,26.613170623779297,0,0,0,1,0,30.5,23.2,65.0,7.0,290.0,7.0,,,0.0,0.0,0.0,0.0,0.0,0.0,0.0,30.84,63.1,1006.793,3.0983119010925293,12.930792808532717,0.0,0.0,0.0,0.0,0.0,0.0,0.0,0.0,0.0,0.0,0.0,0.0,0.0,0.0,30.75555555555555,63.21055555555555,2.3437222222222225,0.0,2.597080335897558,13.369981204762178,0.0,0.0,-0.3000000000000007,3.1299999999999883,2.9374680519104004,2.6593241691589355,2.7287497520446777,13.407766342163086,0.0,0.0,0.0,0.0,0.0,0.0,0.0,0.0,0.0,7,2,1,450,600,,3000,,9000,,,,,,,,,,2,2.0,2.0,0.9462213583080719,0.9462213583080719,1040.8434941388791,0.0,0.0,0.0,0.0,2022.6641999999997,10.313358000000003,-2.6001227047784794,0.38859094185974724,0.36336541175842285,0.5720837116241455,0.20252156257629395,0.8985128402709961,0.7037531277712654,0.4593244440415347,0.0,0.0,0.0,0.3000000000000007,0.0,2927.848182761692,7,1,0,450,,6.0,0.0,0.0,0.0
2021-01-05 12:20:00,2021-01-05 13:20:00,13.1,13.1,0.012584911143578396,1.2246467991473532e-16,-1.0,0.49999999999999994,0.8660254037844387,1,1,0.0,0.0,0.0,0.0,,71.1378554330264,1,1.0,30.35,30.1,30.6,66.27000000000001,1005.984,3.067,5.277187,272.7,0.0,672.8,3.796363353729248,13.475624084472656,213.98260498046875,25.326141357421875,0,0,0,1,0,30.5,23.2,65.0,7.0,290.0,7.0,,,0.0,0.0,0.0,0.0,0.0,0.0,0.0,30.55,66.08,1006.699,3.1161904335021973,13.140158653259276,0.0,0.0,0.0,0.0,0.0,0.0,0.0,0.0,0.0,0.0,0.0,0.0,0.0,0.0,30.779444444444444,63.079444444444434,2.3761666666666668,0.0,2.706331666778116,13.386529754189883,0.0,0.0,-0.1999999999999993,0.19000000000001194,3.3008334636688232,2.9374680519104004,2.6593241691589355,13.61606788635254,0.0,0.0,0.0,0.0,0.0,0.0,0.0,0.0,0.0,7,2,1,450,600,,3000,,9000,,,,,,,,,,2,2.0,2.0,0.946299165184624,0.946299165184624,1040.9290817030865,0.0,0.0,0.0,0.0,2011.2945000000004,10.237054999999996,-3.063595246508362,0.14447548432647267,0.4955298900604248,1.1370391845703125,0.6801729202270508,0.3354654312133807,1.0900316869511322,0.08909433028277292,0.0,0.0,0.0,0.5,0.0,2883.5491453330033,7,1,0,450,,6.0,0.0,0.0,0.0
2021-01-05 12:30:00,2021-01-05 13:30:00,29.0,29.0,0.027909068082969824,1.2246467991473532e-16,-1.0,0.49999999999999994,0.8660254037844387,1,1,0.0,0.0,0.0,0.0,,70.84356986933456,1,1.0,30.27,30.2,30.4,65.8,1005.793,3.226,5.330082,272.9,0.0,653.6,4.17023515701294,13.273798942565918,215.4439849853516,25.26558303833008,0,0,0,1,0,30.5,23.2,65.0,7.0,290.0,7.0,,,0.0,0.0,0.0,0.0,0.0,0.0,0.0,30.43,66.15,1006.631,2.976440668106079,13.28274631500244,0.0,0.0,0.0,0.0,0.0,0.0,0.0,0.0,0.0,0.0,0.0,0.0,0.0,0.0,30.770555555555557,63.019999999999996,2.412,0.0,2.835553660112269,13.378278059117934,0.0,0.0,-0.16000000000000014,-0.3500000000000085,3.796363353729248,3.3008334636688232,2.9374680519104004,13.425722122192385,0.0,0.0,0.0,0.0,0.0,0.0,0.0,0.0,0.0,7,2,1,450,600,,3000,,9000,,,,,,,,,,2,2.0,2.0,0.9446261797513588,0.9446261797513588,1039.0887977264947,0.0,0.0,0.0,0.0,1991.7659999999998,10.352340000000002,-3.2218686462761847,0.163212824687475,0.3738718032836923,1.23276710510254,1.1937944889068612,-0.008947372436521661,1.3346814969006715,-0.10447911655201558,0.0,0.0,0.0,0.1999999999999993,0.0,2859.7601400807475,7,1,0,450,,6.0,0.0,0.0,0.0
2021-01-05 12:40:00,2021-01-05 13:40:00,49.4,49.4,0.04771443414021707,1.2246467991473532e-16,-1.0,0.49999999999999994,0.8660254037844387,1,1,0.0,0.0,0.0,0.0,,70.25501082158252,1,1.0,30.16,30.1,30.3,66.47999999999999,1005.681,3.01,5.624541,273.6,0.0,645.7,4.417778015136719,13.289594650268556,215.42433166503903,25.73092269897461,0,0,0,1,0,30.5,23.2,65.0,7.0,290.0,7.0,,,0.0,0.0,0.0,0.0,0.0,0.0,0.0,30.47,66.13,1006.459,2.7287497520446777,13.407766342163086,0.0,0.0,0.0,0.0,0.0,0.0,0.0,0.0,0.0,0.0,0.0,0.0,0.0,0.0,30.74777777777778,63.13222222222222,2.413611111111111,0.0,2.9234550131691828,13.373351203070747,0.0,0.0,-0.3099999999999987,0.3499999999999943,4.17023515701294,3.796363353729248,3.3008334636688232,13.829305648803713,0.0,0.0,0.0,0.0,0.0,0.0,0.0,0.0,0.0,7,2,1,450,600,,3000,,9000,,,,,,,,,,2,2.0,2.0,0.9412055642767936,0.9412055642767936,1035.326120704473,0.0,0.0,0.0,0.0,2005.0367999999996,10.109632000000003,-3.0040604525690973,0.1889994637832343,0.2475428581237784,1.1169445514678955,1.689028263092041,-0.11817169189452947,1.494323001967536,-0.08375655280219085,0.0,0.0,0.0,0.1999999999999993,0.0,2862.902045633382,7,1,0,450,,6.0,0.0,0.0,0.0
2021-01-05 12:50:00,2021-01-05 13:50:00,70.7,70.7,0.06866423010911459,1.2246467991473532e-16,-1.0,0.49999999999999994,0.8660254037844387,1,1,0.0,0.0,0.0,0.0,,69.39743860254352,1,1.0,30.35,30.2,30.6,66.73,1005.583,3.022,5.63401,277.9,0.0,725.8,4.47802209854126,13.122990608215332,216.3599090576172,26.541645050048828,0,0,0,1,0,30.5,23.2,65.0,7.0,290.0,7.0,,,0.0,0.0,0.0,0.0,0.0,0.0,0.0,30.43,65.3,1006.327,2.6593241691589355,13.61606788635254,0.0,0.0,0.0,0.0,0.0,0.0,0.0,0.0,0.0,0.0,0.0,0.0,0.0,0.0,30.728888888888896,63.4011111111111,2.426,0.0,3.059448308414883,13.371172851986355,0.0,0.0,-0.0799999999999983,1.4300000000000068,4.417778015136719,4.17023515701294,3.796363353729248,13.475624084472656,0.0,0.0,0.0,0.0,0.0,0.0,0.0,0.0,0.0,7,2,1,450,600,,3000,,9000,,,,,,,,,,2,2.0,2.0,0.9360438057863788,0.9360438057863788,1029.6481863650167,0.0,0.0,0.0,0.0,2025.2555000000002,10.097444999999999,-2.9933195979061695,0.41535741812425486,0.060244083404541016,0.6816587448120117,1.8186979293823242,-0.4930772781372088,1.4185737901263766,-0.24818224377102283,0.0,0.0,0.0,0.40000000000000213,0.0,2839.2890545574337,7,1,0,450,,6.0,0.0,0.0,0.0
2021-01-05 13:00:00,2021-01-05 14:00:00,96.8,96.8,0.09471014728191571,-0.2588190451025208,-0.9659258262890683,0.49999999999999994,0.8660254037844387,1,1,0.0,0.0,0.0,0.0,,68.302809933815,1,1.0,30.29,30.2,30.5,67.53,1005.515,2.698,4.502129,267.2,0.0,676.0,4.629199981689453,12.900260925292969,217.86309814453125,27.35540580749512,0,0,0,1,0,30.4,23.9,68.0,6.0,290.0,7.0,,,0.0,0.0,0.0,0.0,0.0,0.0,0.0,30.54,65.65,1006.18,2.9374680519104004,13.425722122192385,0.0,0.0,0.0,0.0,0.0,0.0,0.0,0.0,0.0,0.0,0.0,0.0,0.0,0.0,30.687777777777782,63.767222222222216,2.448222222222222,0.0,3.1983577013015747,13.340167787339952,0.0,0.0,-0.25,1.8799999999999955,4.47802209854126,4.417778015136719,4.17023515701294,13.273798942565918,0.0,0.0,0.0,0.0,0.0,0.0,0.0,0.0,0.0,7,2,1,450,600,,3000,,9000,,,,,,,,,,2,2.0,2.0,0.929150703757833,0.929150703757833,1022.0657741336164,0.0,0.0,0.0,0.0,2045.4837,9.835163,-2.6947789585471886,-0.13179667890856644,0.15117788314819336,0.4589648246765128,1.6917319297790527,-0.5254611968994158,1.4308422803878784,-0.4399068620469837,0.0,0.0,0.0,0.3000000000000007,0.0,2810.4908120571636,7,1,0,450,,6.0,0.0,0.0,0.0
2021-01-05 13:10:00,2021-01-05 14:10:00,121.5,118.6,0.1199889448210961,-0.2588190451025208,-0.9659258262890683,0.49999999999999994,0.8660254037844387,1,1,2.9,3.4,0.0,0.5,,67.00505923085392,1,1.0,30.37,30.3,30.5,68.35,1005.424,2.499,4.99805,277.4,0.0,608.8,4.270277976989746,12.94575023651123,217.690170288086,28.51717185974121,0,0,0,1,0,30.4,23.9,68.0,6.0,290.0,7.0,,,0.0,0.0,0.0,0.0,0.0,0.0,0.0,30.54,66.22999999999999,1006.095,3.3008334636688232,13.829305648803713,0.9666666666666667,0.0,2.9,1.6743157806499145,0.48333333333333334,0.0,2.9,1.1839200423452028,0.1611111111111111,0.0,2.9,0.683536555146996,0.18888888888888888,0.0,30.63833333333334,64.27166666666666,2.485777777777778,0.0,3.312109258439806,13.30480178197225,2.9,2.9,-0.16999999999999815,2.1200000000000045,4.629199981689453,4.47802209854126,4.417778015136719,13.289594650268556,0.0,0.0,0.0,0.0,0.0,0.0,0.0009546445541321774,0.0004773222770660887,0.0016534928709258686,7,2,1,450,600,,3000,,9000,,,,,,,,,,2,2.0,2.0,0.9205393515147045,0.9205393515147045,1012.5932866661749,0.002863933662396532,0.004763469119579501,0.16999999999999998,0.0,2075.7895,9.612105000000003,-2.478186234795343,0.3218601958473289,-0.35892200469970703,-0.14750003814697266,0.9694445133209229,-0.8835554122924822,0.9581687185499401,-0.3590515454610195,2.9,2.9,0.145,0.1999999999999993,0.0,2818.1625734931595,7,1,0,450,,6.0,0.0005018770913024651,0.0007761153342862539,0.0001642629653579575
2021-01-05 13:20:00,2021-01-05 14:20:00,142.3,129.20000000000002,0.14212252840261322,-0.2588190451025208,-0.9659258262890683,0.49999999999999994,0.8660254037844387,1,1,13.1,13.7,0.0,3.4,,65.53661716263656,1,1.0,30.14,30.0,30.4,68.47,1005.322,2.762,4.621631,275.8,0.0,547.9,4.267938137054443,12.755197525024414,219.0076141357422,28.9294490814209,0,0,0,1,0,30.4,23.9,68.0,6.0,290.0,7.0,,,2.9,0.0,0.0,0.0,0.0,0.0,0.0,30.35,66.27000000000001,1005.984,3.796363353729248,13.475624084472656,5.333333333333333,0.0,13.1,6.880649194177344,2.6666666666666665,0.0,13.1,5.241246671037977,0.8888888888888888,0.0,13.1,3.12294900014655,0.9499999999999998,0.0,30.57055555555556,64.80611111111111,2.529055555555556,0.0,3.4198910925123425,13.270805305904812,10.2,13.1,-0.21000000000000085,2.1999999999999886,4.270277976989746,4.629199981689453,4.47802209854126,13.122990608215332,0.0,0.0,0.002863933662396532,0.0,0.0,0.0,0.00531586526641663,0.002657932633208315,0.00687782888496995,7,2,1,450,600,,3000,,9000,,,,,,,,,,2,2.0,2.0,0.9102261113534886,0.9102261113534886,1001.2487224888375,0.01308366213685336,0.023909472531483848,0.6849999999999999,0.0,2063.6858,9.503142,-2.747860517785113,0.27911749281929704,-0.0023398399353027344,-0.2100839614868164,0.4715747833251953,-0.7204265594482422,0.8480470445421009,-0.5156077808803978,13.1,13.1,0.655,0.3999999999999986,0.0,2793.4853777857206,7,1,0,450,,6.0,0.004654843720127896,0.003417674383677733,0.0012915905213204692
2021-01-05 13:30:00,2021-01-05 14:30:00,171.8,142.8,0.17387719930629916,-0.2588190451025208,-0.9659258262890683,0.49999999999999994,0.8660254037844387,1,1,29.0,29.4,0.4,7.2,,63.92645131026314,1,1.0,30.02,29.9,30.1,69.73,1005.182,2.855,4.47542,280.2,0.0,587.9,,,,,,0,0,0,0,30.4,23.9,68.0,6.0,290.0,7.0,,,13.1,0.0,0.0,0.0,0.0,0.0,0.0,30.27,65.8,1005.793,4.17023515701294,13.273798942565918,15.0,2.9,29.0,13.153326575433303,7.5,0.0,29.0,11.69204858012487,2.5,0.0,29.0,7.310427685243625,2.5833333333333335,0.022222222222222223,30.519444444444453,65.44055555555556,2.5739444444444444,0.0,3.4781873927396885,13.243339201983284,15.9,29.0,-0.25,3.930000000000007,4.267938137054443,4.270277976989746,4.629199981689453,12.900260925292969,2.9,0.0,0.01308366213685336,0.002863933662396532,0.0,0.0,0.015099409658893689,0.0075497048294468445,0.013357909318242614,7,2,1,450,600,,3000,,9000,,,,,,,,,,2,2.0,2.0,0.8982305834515479,0.8982305834515479,988.0536417967028,0.02935063317743117,0.049328117026705226,1.013793103448276,0.013793103448275864,2093.2946,9.087053999999998,-2.809878460752186,0.5055769336124085,,,,,,,29.0,29.0,1.45,0.20000000000000284,,,7,1,0,450,,6.0,0.017711401060623702,0.007157024780372557,0.0051449342698296555
2021-01-05 13:40:00,2021-01-05 14:40:00,197.5,148.1,0.20297356259408073,-0.2588190451025208,-0.9659258262890683,0.49999999999999994,0.8660254037844387,1,1,49.4,48.5,11.0,11.6,,62.19933580437606,1,1.0,30.27,30.1,30.3,70.69,1005.09,2.243,4.761062,275.8,0.0,633.1,4.023882389068604,11.95237636566162,224.92092895507807,32.442928314208984,0,0,0,1,0,30.4,23.9,68.0,6.0,290.0,7.0,,,29.0,2.9,0.0,0.0,0.0,0.0,0.0,30.16,66.47999999999999,1005.681,4.417778015136719,13.289594650268556,30.5,13.1,49.4,18.1964282209449,15.733333333333334,0.0,49.4,19.880409117185355,5.2444444444444445,0.0,49.4,13.209409401333055,5.277777777777778,0.6333333333333333,30.470555555555556,66.01777777777778,2.6206666666666667,0.0,3.5642011025372673,13.156787086935605,20.4,49.4,0.10999999999999943,4.210000000000008,,4.267938137054443,4.270277976989746,12.94575023651123,13.1,0.0,0.02935063317743117,0.01308366213685336,0.002863933662396532,0.0,0.031067792939609762,0.01601121874687097,0.01890130218137752,7,2,1,450,600,,3000,,9000,,,,,,,,,,2,2.0,2.0,0.8845755686149177,0.8845755686149177,973.0331254764095,0.050769083504544746,0.07802874743326488,0.9817813765182186,0.22267206477732795,2139.7862999999998,8.872137,-2.2315174299029716,0.22666927458134803,,-0.2463955879211417,-0.39389562606811435,-1.3372182846069371,0.4596812865313371,-1.2044107212739856,49.4,49.4,2.4699999999999998,0.1999999999999993,0.0,2688.3395953853314,7,1,0,450,,6.0,0.04237963848760252,0.011420822566376788,0.011162840612403665
2021-01-05 13:50:00,2021-01-05 14:50:00,230.9,160.2,0.24147270681321054,-0.2588190451025208,-0.9659258262890683,0.49999999999999994,0.8660254037844387,1,1,70.7,69.0,16.9,16.9,,60.375892618719476,1,1.0,30.04,29.9,30.3,71.44,1005.044,2.689,4.888074,280.4,0.0,528.7,3.4221954345703125,12.157682418823242,223.44827270507807,31.216665267944336,0,0,0,1,0,30.4,23.9,68.0,6.0,290.0,7.0,,,49.4,13.1,0.0,0.0,0.0,0.0,0.0,30.35,66.73,1005.583,4.47802209854126,13.122990608215332,49.70000000000001,29.0,70.7,20.851618642206173,27.51666666666667,0.0,70.7,27.98881324148394,9.172222222222224,0.0,70.7,20.21289063227767,9.11111111111111,1.572222222222222,30.400000000000002,66.69722222222224,2.6759444444444447,0.0,3.6040781385758343,13.100063716664033,21.300000000000004,70.7,-0.3100000000000023,4.709999999999994,4.023882389068604,,4.267938137054443,12.755197525024414,29.0,0.0,0.050769083504544746,0.02935063317743117,0.01308366213685336,0.0,0.05135233572045939,0.028334100493438014,0.022299050197292718,7,2,1,450,600,,3000,,9000,,,,,,,,,,2,2.0,2.0,0.8692870249367958,0.8692870249367958,956.2157274304753,0.07393729047940227,0.13372422924153585,0.9759547383309759,0.23903818953323902,2146.0576,8.579424,-2.644823685017195,0.48541598157875365,-0.6016869544982919,-0.8457427024841309,-1.0558266639709473,-0.9653081893920898,-0.18188270400552176,-0.9423812978407913,70.7,70.7,3.535,0.40000000000000213,0.0,2716.6131365829488,7,1,0,450,,6.0,0.07899543598003289,0.015622296582808398,0.01758938169994753
2021-01-05 14:00:00,2021-01-05 15:00:00,258.0,161.2,0.27516084049041095,-0.4999999999999997,-0.8660254037844388,0.49999999999999994,0.8660254037844387,1,1,96.8,87.6,48.3,23.7,,58.47301867179989,1,1.0,30.21,30.0,30.6,71.54,1004.872,3.185,5.598932,275.7,0.0,799.7,3.2317073345184326,11.968158721923828,224.95391845703125,31.608924865722656,0,0,0,1,0,30.5,24.4,70.0,8.0,280.0,6.0,,,70.7,29.0,0.0,0.0,0.0,0.0,0.0,30.29,67.53,1005.515,4.629199981689453,12.900260925292969,72.3,49.4,96.8,23.740471772902914,43.650000000000006,2.9,96.8,35.77198624622345,14.550000000000002,0.0,96.8,28.71714490969995,13.977777777777778,4.2555555555555555,30.348333333333333,67.315,2.7335000000000003,0.0,3.6191128422232235,13.027882015003877,26.099999999999994,96.8,-0.0799999999999983,4.010000000000005,3.4221954345703125,4.023882389068604,,,49.4,2.9,0.07393729047940227,0.050769083504544746,0.02935063317743117,0.0,0.0759816716373774,0.04554054064813554,0.026294452547970804,7,2,2,450,600,,3000,,9000,,,,,,,,,,2,2.0,2.0,0.8523940184491048,0.8523940184491048,937.6334202940153,0.10323864092818519,0.12104539202200824,0.9049586776859504,0.4989669421487603,2161.2234000000003,8.597765999999998,-3.169251990326506,0.31633340293348977,-0.19048810005187988,,-1.3974926471710205,-0.9321022033691406,-0.3874055077047909,-1.059723293080049,96.8,93.89999999999999,4.84,0.6000000000000014,0.0,2692.28420121246,7,1,0,450,,6.0,0.1254845821348112,0.02104998270012809,0.02356582567775005
2021-01-05 14:10:00,2021-01-05 15:10:00,285.1,163.60000000000002,0.3107961486042093,-0.4999999999999997,-0.8660254037844388,0.49999999999999994,0.8660254037844387,1,1,121.5,104.3,70.3,29.0,,56.50444802069045,1,1.0,30.59,30.5,30.7,70.37,1004.718,3.895,6.213006,273.4,0.0,890.0,3.36350679397583,12.040675163269045,224.21142578125,28.494178771972656,0,0,0,1,0,30.5,24.4,70.0,8.0,280.0,6.0,,,96.8,49.4,2.9,0.0,0.0,3.4,0.0,30.37,68.35,1005.424,4.270277976989746,12.94575023651123,96.33333333333333,70.7,121.5,25.403215019625634,63.416666666666664,13.1,121.5,41.11911558711674,21.3,0.0,121.5,37.90540858505551,19.772222222222222,8.16111111111111,30.33444444444445,67.7188888888889,2.814166666666667,0.0,3.634712541804594,12.97552215351778,24.700000000000003,118.6,0.21999999999999886,2.0200000000000102,3.2317073345184326,3.4221954345703125,4.023882389068604,11.95237636566162,70.7,13.1,0.10323864092818519,0.07393729047940227,0.050769083504544746,0.002863933662396532,0.103208920963071,0.06713835695134036,0.029256781822544303,7,2,2,450,600,,3000,,9000,,,,,,,,,,2,2.0,2.0,0.8339286678609374,0.8339286678609374,917.3215346470312,0.13245083148162548,0.13651685393258428,0.8584362139917695,0.5786008230452675,2152.6183,9.063816999999998,-3.888144129763066,0.23099832507836926,0.13179945945739746,-0.6603755950927743,-0.906771183013916,-0.9050750732421857,-0.27120574782876394,-0.9348469902487349,121.5,108.4,5.93,0.1999999999999993,0.0,2699.6569457254377,7,1,0,450,,6.0,0.1815939874793975,0.02612746970325462,0.030940081199096144
2021-01-05 14:20:00,2021-01-05 15:20:00,330.6,188.3,0.3692539908011601,-0.4999999999999997,-0.8660254037844388,0.49999999999999994,0.8660254037844387,1,1,142.3,118.0,98.6,34.8,,54.48131344489039,1,1.0,30.45,30.2,30.7,69.62,1004.619,3.872,6.296514,269.4,0.0,740.2,3.583500385284424,12.244937896728516,222.6299743652344,27.44661903381348,0,0,0,1,0,30.5,24.4,70.0,8.0,280.0,6.0,,,121.5,70.7,13.1,0.0,0.0,13.7,0.0,30.14,68.47,1005.322,4.267938137054443,12.755197525024414,120.2,96.8,142.3,22.777840108315804,84.95,29.0,142.3,43.272658804376704,29.20555555555556,0.0,142.3,46.95948782442187,26.327777777777776,13.638888888888888,30.32888888888888,67.91555555555556,2.9083333333333337,0.0,3.662201362497666,12.92286210901597,20.80000000000001,129.20000000000002,0.3099999999999987,1.1500000000000057,3.36350679397583,3.2317073345184326,3.4221954345703125,12.157682418823242,96.8,29.0,0.13245083148162548,0.10323864092818519,0.07393729047940227,0.01308366213685336,0.13154243039895996,0.09144738305970969,0.02786069808770305,7,2,2,450,600,,3000,,9000,,,,,,,,,,2,2.0,2.0,0.8139260834889542,0.8139260834889542,895.3186918378497,0.15893781878706922,0.1922453390975412,0.8292340126493323,0.6929023190442726,2119.929,9.250709999999998,-3.871787695783263,-0.04054674809810534,0.21999359130859375,0.16130495071411133,-0.6844377517700195,-0.5102596282958984,-0.07870097721324232,-0.6779242122874543,142.3,113.30000000000001,6.460000000000001,0.5,0.0,2726.090210052557,7,1,0,450,,6.0,0.2428664965715075,0.030002322570738767,0.03922588772248248
2021-01-05 14:30:00,2021-01-05 15:30:00,381.4,209.59999999999997,0.4375525491965807,-0.4999999999999997,-0.8660254037844388,0.49999999999999994,0.8660254037844387,1,1,171.8,130.7,110.8,40.6,,52.41264681292739,1,1.0,30.54,30.3,30.8,70.24,1004.581,3.454,6.20883,275.1,0.0,715.2,3.845882177352905,12.544989585876465,220.5997772216797,26.168331146240234,0,0,0,1,0,30.5,24.4,70.0,8.0,280.0,6.0,,,142.3,96.8,29.0,0.0,0.0,29.4,0.4,30.02,69.73,1005.182,,,145.20000000000002,121.5,171.8,25.275086547824124,108.75,49.4,171.8,45.55544972887438,38.75,0.0,171.8,57.049392944133224,33.58888888888888,19.79444444444444,30.334999999999994,68.14277777777778,2.9742222222222225,0.0,3.7133449806886563,12.8794646543615,29.5,142.8,0.5199999999999996,0.5099999999999909,3.583500385284424,3.36350679397583,3.2317073345184326,11.968158721923828,121.5,49.4,0.15893781878706922,0.13245083148162548,0.10323864092818519,0.02935063317743117,0.16282744202451735,0.11940455683094736,0.03249647992085248,7,2,2,450,600,,3000,,9000,,,,,,,,,,2,2.0,2.0,0.7924243004958414,0.7924243004958414,871.6667305454256,0.1970936758048573,0.2402125279642058,0.7607683352735738,0.6449359720605354,2145.1295999999998,9.088704000000002,-3.440325839928798,0.3070409013766907,0.262381792068481,0.6141748428344722,,,0.13253719666424857,-0.3344750684850357,171.8,122.4,4.924137931034483,0.5,0.0,2767.42190789264,7,1,0,450,,6.0,0.30676686693950955,0.03739923239531303,0.04632633925146053
2021-01-05 14:40:00,2021-01-05 15:40:00,334.5,137.0,0.3951982515845629,-0.4999999999999997,-0.8660254037844388,0.49999999999999994,0.8660254037844387,1,1,197.5,141.0,149.7,46.4,,50.30579942317817,1,1.0,30.52,30.3,30.7,70.18,1004.52,2.779,5.078325,280.4,0.0,580.7,4.147127628326416,12.33726692199707,222.01385498046875,26.41409111022949,0,0,0,1,0,30.5,24.4,70.0,8.0,280.0,6.0,,,171.8,121.5,49.4,0.0,0.0,48.5,11.0,30.27,70.69,1005.09,4.023882389068604,11.95237636566162,170.53333333333333,142.3,197.5,27.621790914662526,133.43333333333334,70.7,197.5,47.0638573288109,49.72222222222222,0.0,197.5,67.24046011981315,41.42222222222222,28.111111111111107,30.337777777777767,68.36777777777779,2.978944444444445,0.0,3.7967789734111115,12.816494100234088,25.69999999999999,148.1,0.25,-0.5099999999999909,3.845882177352905,3.583500385284424,3.36350679397583,12.040675163269045,142.3,70.7,0.1970936758048573,0.15893781878706922,0.13245083148162548,0.050769083504544746,0.19645659155849585,0.14983275626078343,0.03720432189323462,7,2,2,450,600,,3000,,9000,,,,,,,,,,2,2.0,2.0,0.7694642065637807,0.7694642065637807,846.4106272201587,0.23333828008356106,0.3401067676941622,0.7139240506329114,0.7579746835443038,2141.8936000000003,9.101063999999997,-2.7333451173903995,0.5016627046513039,0.3012454509735112,0.7836208343505859,0.12324523925781161,0.384890556335451,0.35034865491530454,-0.4792271782370179,197.5,126.8,2.9979757085020244,0.3999999999999986,0.0,2739.0441892755916,7,1,0,450,,6.0,0.37965985072651887,0.043621994920975994,0.05585486996709872
2021-01-05 14:50:00,2021-01-05 15:50:00,389.6,158.70000000000002,0.4753547529898368,-0.4999999999999997,-0.8660254037844388,0.49999999999999994,0.8660254037844387,1,1,230.9,153.3,186.3,54.1,,48.16678379552339,1,1.0,30.39,30.2,30.7,69.08,1004.478,3.197,5.823466,283.1,0.0,559.9,4.6832356452941895,12.359864234924316,221.85548400878903,25.54551315307617,0,0,0,1,0,30.5,24.4,70.0,8.0,280.0,6.0,,,197.5,142.3,70.7,0.0,0.0,69.0,16.9,30.04,71.44,1005.044,3.4221954345703125,12.157682418823242,200.0666666666667,171.8,230.9,29.633483314206135,160.13333333333335,96.8,230.9,49.72318037562227,62.550000000000004,0.0,230.9,78.31043240545549,49.93888888888888,38.46111111111111,30.335555555555555,68.57777777777778,2.998277777777778,0.0,3.9158325896543613,12.742599767797133,33.400000000000006,160.2,0.3500000000000014,-2.3599999999999994,4.147127628326416,3.845882177352905,3.583500385284424,12.244937896728516,171.8,96.8,0.23333828008356106,0.1970936758048573,0.15893781878706922,0.07393729047940227,0.23738509794616794,0.18446376417256394,0.042459715964826075,7,2,2,450,600,,3000,,9000,,,,,,,,,,2,2.0,2.0,0.74508946414046,0.74508946414046,819.5984105545059,0.28172333795008553,0.4123950705483122,0.6639237765266349,0.8068427890861846,2099.3412,9.396588000000001,-3.1138011673911277,0.7246042298756278,0.5361080169677734,1.0997352600097656,1.261040210723877,0.20218181610107422,0.7674030556398281,-0.38273553287281636,230.9,134.10000000000002,2.2659123055162658,0.5,0.0,2742.103662122055,7,1,0,450,,6.0,0.45922289507050157,0.05259825696057341,0.06684686583841164
2021-01-05 15:00:00,2021-01-05 16:00:00,434.1,176.10000000000002,0.5486040502901044,-0.7071067811865471,-0.7071067811865479,0.49999999999999994,0.8660254037844387,1,1,258.0,165.5,202.4,59.9,,46.00054660657906,1,1.0,30.41,30.1,30.6,70.71,1004.516,2.855,5.944167,278.3,0.0,477.7,4.922448635101318,12.77992057800293,218.6791839599609,24.46278190612793,0,0,0,1,0,30.4,24.5,71.0,7.0,280.0,6.0,,,230.9,171.8,96.8,0.0,0.0,87.6,48.3,30.21,71.54,1004.872,3.2317073345184326,11.968158721923828,228.79999999999998,197.5,258.0,30.304620109811655,187.0,121.5,258.0,52.14947746622203,76.88333333333334,0.0,258.0,89.0614807475217,59.133333333333326,49.70555555555555,30.328333333333326,68.85888888888888,2.9965,0.0,4.0325961533714745,12.704611441668343,27.099999999999994,161.2,0.1999999999999993,-0.8300000000000125,4.6832356452941895,4.147127628326416,3.845882177352905,12.544989585876465,197.5,121.5,0.28172333795008553,0.23333828008356106,0.1970936758048573,0.10323864092818519,0.28037172184846265,0.22159958193649001,0.046372409395397746,7,2,3,450,600,,3000,,9000,,,,,,,,,,7,2.0,2.0,0.7193464274054814,0.7193464274054814,791.2810701460295,0.32605354751174137,0.5400879212895122,0.6414728682170543,0.7844961240310078,2150.2911,8.907089000000003,-2.825096127791908,0.41213695385777765,0.2392129898071289,1.0765664577484135,1.6907413005828857,0.8117618560791016,0.8898524817298439,0.07530913633458702,258.0,136.5,1.665289256198347,0.5,0.0,2794.7026030707925,7,1,0,450,,11.0,0.5509809991884626,0.06007235760974288,0.07998430613727726
2021-01-05 15:10:00,2021-01-05 16:10:00,430.7,145.59999999999997,0.5655849679304714,-0.7071067811865471,-0.7071067811865479,0.49999999999999994,0.8660254037844387,1,1,285.1,183.6,202.8,66.7,,43.81118459948341,1,1.0,29.89,29.7,30.1,72.68,1004.529,3.009,4.880723,276.5,0.0,350.3,5.115809917449951,12.9990873336792,217.32760620117188,25.019132614135746,0,0,0,1,0,30.4,24.5,71.0,7.0,280.0,6.0,,,258.0,197.5,121.5,2.9,0.0,104.3,70.3,30.59,70.37,1004.718,3.36350679397583,12.040675163269045,258.0,230.9,285.1,27.10000000000002,214.26666666666665,142.3,285.1,53.796604601653705,92.72222222222223,0.0,285.1,99.34212160097552,69.33333333333331,60.97222222222222,30.29222222222222,69.21722222222223,3.017611111111111,0.0,4.139359474182129,12.65577507019043,27.100000000000023,163.60000000000002,-0.6999999999999993,2.3100000000000023,4.922448635101318,4.6832356452941895,4.147127628326416,12.33726692199707,230.9,142.3,0.32605354751174137,0.28172333795008553,0.23333828008356106,0.13245083148162548,0.3273878019699607,0.2619221967642283,0.04634599792735584,7,2,3,450,600,,3000,,9000,,,,,,,,,,7,2.0,2.0,0.6922840541150805,0.6922840541150805,761.5124595265886,0.37438652044805526,0.8138738224379104,0.64398456681866,0.7113293581199579,2172.4052,8.165947999999998,-2.989657713730852,0.3406284702276309,0.1933612823486328,0.9686822891235352,1.752303123474121,0.9584121704101545,0.9764504432678223,0.34331226348876953,285.1,142.8,1.346502057613169,0.40000000000000213,0.0,2825.0605330284743,7,1,0,450,,11.0,0.6495792230159138,0.06789586800089092,0.0929725960272526
2021-01-05 15:20:00,2021-01-05 16:20:00,484.5,153.89999999999998,0.6633813032880607,-0.7071067811865471,-0.7071067811865479,0.49999999999999994,0.8660254037844387,1,1,330.6,208.1,229.5,77.8,,41.60211471560236,1,1.0,29.71,29.7,29.8,74.71,1004.589,3.207,5.274401,281.6,0.0,373.2,5.460184574127197,13.464076042175291,214.08583068847656,22.487777709960938,0,0,0,1,0,30.4,24.5,71.0,7.0,280.0,6.0,,,285.1,230.9,142.3,13.1,0.0,118.0,98.6,30.45,69.62,1004.619,3.583500385284424,12.244937896728516,291.23333333333335,258.0,330.6,36.68655521213915,245.65,171.8,330.6,58.163794580477635,111.08888888888889,0.0,330.6,111.06092069029125,80.89444444444443,73.72222222222223,30.256666666666668,69.68611111111112,3.0253888888888887,0.0,4.237231310676126,12.655095773584703,45.5,188.3,-0.7399999999999984,5.089999999999989,5.115809917449951,4.922448635101318,4.6832356452941895,12.359864234924316,258.0,171.8,0.37438652044805526,0.32605354751174137,0.28172333795008553,0.15893781878706922,0.3843667504599617,0.3108759242030648,0.06389063943431078,7,2,3,450,600,,3000,,9000,,,,,,,,,,7,2.0,2.0,0.6639538124927927,0.6639538124927927,730.349193742072,0.45266018342008846,0.8858520900321545,0.6294615849969751,0.6941923774954627,2219.6340999999998,7.513659000000002,-3.141497825465096,0.6448568931151104,0.3443746566772461,0.7769489288330078,1.8766841888427734,1.2191381454467756,1.2229532634510711,0.808980268590588,330.6,158.8,1.3232607167955024,0.10000000000000142,0.0,2882.467903941913,7,1,0,450,,11.0,0.7586685144747183,0.08427664460771193,0.10611204285580993
2021-01-05 15:30:00,2021-01-05 16:30:00,540.6,159.20000000000005,0.7746644413293958,-0.7071067811865471,-0.7071067811865479,0.49999999999999994,0.8660254037844387,1,1,381.4,226.7,270.8,89.4,,39.37620811079848,1,1.0,29.63,29.5,29.7,75.06,1004.697,3.658,6.073274,271.7,0.0,362.1,5.440618515014648,13.316354751586914,215.1746826171875,24.482654571533203,0,0,0,1,0,30.4,24.5,71.0,7.0,280.0,6.0,,,330.6,258.0,171.8,29.0,0.0,130.7,110.8,30.54,70.24,1004.581,3.845882177352905,12.544989585876465,332.3666666666667,285.1,381.4,48.174301586357544,280.5833333333333,197.5,381.4,67.18236127635487,132.27777777777777,0.0,381.4,124.22297104782076,93.48888888888888,88.76666666666667,30.221111111111114,70.20055555555555,3.0493888888888887,0.0,4.311959743499756,12.65759905646829,50.799999999999955,209.59999999999997,-0.9100000000000001,4.820000000000007,5.460184574127197,5.115809917449951,4.922448635101318,12.77992057800293,285.1,197.5,0.45266018342008846,0.37438652044805526,0.32605354751174137,0.1970936758048573,0.4578606893785609,0.36911620561351177,0.08619216932972694,7,2,3,450,600,,3000,,9000,,,,,,,,,,7,2.0,2.0,0.6344095833431621,0.6344095833431621,697.8505416774783,0.5465353642675389,1.0533001933167632,0.5943890928159413,0.7100157315154694,2224.0278,7.389721999999999,-3.6563899683167067,0.10851912086333422,-0.019566059112548828,0.5181698799133301,1.5947363376617436,0.7713651657104492,1.1286587715148926,0.6587556951186233,381.4,183.89999999999998,1.2200232828870776,0.1999999999999993,0.0,2865.342407290591,7,1,0,450,,11.0,0.8988630730495104,0.10256420027972393,0.12875462962435813
2021-01-05 15:40:00,2021-01-05 16:40:00,533.8,199.29999999999995,0.8038208585996202,-0.7071067811865471,-0.7071067811865479,0.49999999999999994,0.8660254037844387,1,1,334.5,241.4,158.4,79.3,,37.135895943201284,1,1.0,29.5,29.4,29.6,76.6,1004.872,3.535,6.838998,272.8,0.0,306.7,5.333333015441895,13.350016593933104,215.02456665039065,25.47593116760254,0,0,0,1,0,30.4,24.5,71.0,7.0,280.0,6.0,,,381.4,285.1,197.5,49.4,0.0,141.0,149.7,30.52,70.18,1004.52,4.147127628326416,12.33726692199707,348.8333333333333,330.6,381.4,28.270891979796676,303.4166666666667,230.9,381.4,55.57580108884323,150.86111111111111,0.0,381.4,128.2261748946157,106.89999999999999,97.56666666666666,30.18444444444445,70.76277777777779,3.0785555555555555,0.0,4.365815919988296,12.661153288448558,-46.89999999999998,137.0,-1.0199999999999996,6.4199999999999875,5.440618515014648,5.460184574127197,5.115809917449951,12.9990873336792,330.6,230.9,0.5465353642675389,0.45266018342008846,0.37438652044805526,0.23333828008356106,0.500967066664936,0.4141774343174483,0.04699747103063434,7,2,3,450,600,,3000,,9000,,,,,,,,,,7,2.0,2.0,0.6037075575746407,0.6037075575746407,664.0783133321047,0.5037056523071805,1.0906423214867949,0.7216741405082212,0.473542600896861,2259.7,6.903000000000002,-3.5307796955019692,0.17268393622749406,-0.10728549957275302,0.21752309799194425,1.1862053871154794,1.0127496719360334,0.9675170954535997,0.6888633054845457,381.4,150.49999999999997,0.6936708860759494,0.20000000000000284,0.0,2870.58153288599,7,1,0,450,,11.0,1.0472667778088005,0.08170015117385405,0.1588355867463473
2021-01-05 15:50:00,2021-01-05 16:50:00,573.0,183.39999999999998,0.9108297047322298,-0.7071067811865471,-0.7071067811865479,0.49999999999999994,0.8660254037844387,1,1,389.6,258.6,203.6,90.9,,34.88325319189487,1,1.0,29.38,29.3,29.5,78.24,1004.881,3.385,5.846368,275.6,0.0,266.4,5.6265177726745605,13.16200065612793,216.48098754882807,26.921875,0,0,0,1,0,30.4,24.5,71.0,7.0,280.0,6.0,,,334.5,330.6,230.9,70.7,0.0,153.3,186.3,30.39,69.08,1004.478,4.6832356452941895,12.359864234924316,368.5,334.5,389.6,29.728942127159524,329.8666666666666,258.0,389.6,51.79697545867585,172.50555555555556,0.0,389.6,134.0144174518821,121.26666666666665,108.87777777777778,30.130555555555556,71.40222222222222,3.098722222222222,0.0,4.433374489054961,12.6634479971493,55.10000000000002,158.70000000000002,-1.0100000000000016,9.159999999999997,5.333333015441895,5.440618515014648,5.460184574127197,13.464076042175291,381.4,258.0,0.5037056523071805,0.5465353642675389,0.45266018342008846,0.28172333795008553,0.5565138775223915,0.4704403139911766,0.058439943124826414,7,2,3,450,600,,3000,,9000,,,,,,,,,,7,2.0,2.0,0.5719061293265906,0.5719061293265906,629.0967422592496,0.6193006159924551,1.4624624624624627,0.6637577002053389,0.5225872689938398,2298.6911999999998,6.393088000000001,-3.3688447489384985,0.3303181156847208,0.2931847572326651,0.16633319854736328,0.9432821273803711,0.8021364212036133,1.1931432836195999,0.49855265897863,389.6,131.60000000000002,0.6873105240363795,0.1999999999999993,0.0,2849.322900156897,7,1,0,450,,11.0,1.1334351752482876,0.11237051914023798,0.15227482795997652
2021-01-05 16:00:00,2021-01-05 17:00:00,567.2,133.10000000000002,0.9565369906170564,-0.8660254037844384,-0.5000000000000004,0.49999999999999994,0.8660254037844387,1,1,434.1,281.1,225.2,102.5,,32.62006539768014,1,1.0,29.27,29.2,29.3,78.58,1004.911,3.335,5.266263,268.1,0.0,230.3,5.402745723724365,13.304325103759766,215.29913330078125,25.074508666992188,0,0,0,1,0,29.4,25.2,78.0,8.0,280.0,6.0,,,389.6,381.4,258.0,96.8,0.0,165.5,202.4,30.41,70.71,1004.516,4.922448635101318,12.77992057800293,386.06666666666666,334.5,434.1,49.89392080537803,359.21666666666664,285.1,434.1,52.81262790911532,196.6222222222222,2.9,434.1,140.0676582544625,136.88333333333333,121.38888888888889,30.073888888888884,72.01611111111112,3.1341111111111113,0.0,4.478877179762897,12.687216478235582,44.5,176.10000000000002,-1.1400000000000006,7.8700000000000045,5.6265177726745605,5.333333015441895,5.440618515014648,13.316354751586914,334.5,285.1,0.6193006159924551,0.5037056523071805,0.5465353642675389,0.32605354751174137,0.6183602862049938,0.5381104877917774,0.11418737288696246,7,2,3,450,600,,3000,,9000,,,,,,,,,,2,2.0,2.0,0.5390657849036551,0.5390657849036551,592.9723633940206,0.7320745903153458,1.8849326964828486,0.6475466482377332,0.5187744759272057,2300.0366,6.269634000000001,-3.3331664701657604,-0.1105725199257348,-0.2237720489501953,-0.0378727912902832,0.4802970886230469,0.5244045257568359,0.9238685439614684,0.6171086255241836,431.20000000000005,149.0,0.6825581395348838,0.10000000000000142,0.0,2864.409663991304,7,1,0,450,,6.0,1.2774160078220655,0.13883735178101514,0.16650505256066916
2021-01-05 16:10:00,2021-01-05 17:10:00,551.7,121.00000000000006,0.9926698850007901,-0.8660254037844384,-0.5000000000000004,0.49999999999999994,0.8660254037844387,1,1,430.7,302.1,181.2,100.5,,30.347882117178962,1,1.0,29.19,29.1,29.2,79.84,1004.913,3.588,6.535455,274.3,0.0,202.5,5.30612325668335,13.201091766357422,215.8653106689453,24.783571243286133,0,0,0,1,0,29.4,25.2,78.0,8.0,280.0,6.0,,,434.1,334.5,285.1,121.5,2.9,183.6,202.8,29.89,72.68,1004.529,5.115809917449951,12.9990873336792,418.1333333333334,389.6,434.1,24.76899944150617,383.4833333333333,330.6,434.1,44.78666840329462,220.38888888888886,13.1,434.1,141.55000317447121,153.47777777777776,131.45555555555555,30.008333333333333,72.65444444444444,3.1946111111111115,0.0,4.539809255038991,12.702236568226533,-3.400000000000034,145.59999999999997,-0.6999999999999993,7.159999999999997,5.402745723724365,5.6265177726745605,5.333333015441895,13.350016593933104,389.6,330.6,0.7320745903153458,0.6193006159924551,0.5037056523071805,0.37438652044805526,0.708776884049214,0.6048719753570749,0.08040021051994749,7,2,3,450,600,,3000,,9000,,,,,,,,,,2,2.0,2.0,0.5052489877287406,0.5052489877287406,555.7738865016147,0.774955445839841,2.1269135802469137,0.7014162990480614,0.4207104713257488,2330.5296000000003,5.884703999999999,-3.5779002590881155,0.26902367185286546,-0.09662246704101562,-0.02720975875854581,0.19031333923339844,0.20200443267822266,0.7663140016443588,0.4988551981308884,421.0,103.5,0.5106980007015081,0.09999999999999787,0.0,2849.657775314001,7,1,0,450,,6.0,1.4516410029458298,0.1341538222019007,0.20830869960211004
2021-01-05 16:20:00,2021-01-05 17:20:00,494.8474237987435,10.347423798743478,0.9560937631619251,-0.8660254037844384,-0.5000000000000004,0.49999999999999994,0.8660254037844387,1,1,484.5,324.6,218.1,113.1,,28.068060019260653,1,1.0,29.1,29.1,29.1,80.09,1004.918,3.677,6.390763,272.0,0.0,185.2,5.415760517120361,13.052490234375,217.080307006836,23.36358642578125,0,0,0,1,0,29.4,25.2,78.0,8.0,280.0,6.0,,,430.7,389.6,330.6,142.3,13.1,208.1,229.5,29.71,74.71,1004.589,5.460184574127197,13.464076042175291,449.76666666666665,430.7,484.5,30.127949371527663,409.1333333333334,334.5,484.5,51.94114618168016,246.57777777777775,29.0,484.5,144.51936794913786,170.74999999999997,143.5722222222222,29.95055555555555,73.3,3.245444444444444,0.0,4.60732821857228,12.719724374658922,53.80000000000001,153.89999999999998,-0.6099999999999994,5.38000000000001,5.30612325668335,5.402745723724365,5.6265177726745605,13.16200065612793,434.1,381.4,0.774955445839841,0.7320745903153458,0.6193006159924551,0.45266018342008846,0.8143771871808109,0.6854455323516011,0.10757463839806337,7,2,3,450,600,,3000,,9000,,,,,,,,,,2,2.0,2.0,0.4705200595334341,0.4705200595334341,517.5720654867775,0.9361015253872459,2.616090712742981,0.6699690402476781,0.4501547987616099,2330.619,5.79381,-3.674760070949215,0.1283254493750972,0.10963726043701172,-0.21075725555419922,-0.04442405700683594,-0.4115858078002912,0.8084322985480812,0.3327658597160781,455.5,150.0,0.4655172413793102,0.0,0.0,2833.438587281854,7,1,0,450,,6.0,1.6177083037914768,0.16923820638535841,0.22308012108374609
2021-01-05 16:30:00,2021-01-05 17:30:00,420.86965580123086,-119.73034419876916,0.879671514719705,-0.8660254037844384,-0.5000000000000004,0.49999999999999994,0.8660254037844387,1,1,540.6,333.4,270.4,125.7,,25.781797886325098,1,1.0,29.1,29.1,29.1,80.48,1004.944,3.256,5.154661,268.9,0.0,158.7,6.176189422607422,12.888178825378418,218.2170562744141,25.206787109375,0,0,0,1,0,29.4,25.2,78.0,8.0,280.0,6.0,,,484.5,434.1,381.4,171.8,29.0,226.7,270.8,29.63,75.06,1004.697,5.440618515014648,13.316354751586914,485.2666666666667,430.7,540.6,54.954011075929046,435.6666666666667,334.5,540.6,71.80480949537201,275.0,49.4,540.6,149.43571901539156,187.63888888888886,158.5722222222222,29.89944444444444,73.89722222222223,3.2677222222222224,0.0,4.69448717435201,12.729082955254448,56.10000000000002,159.20000000000005,-0.5299999999999976,5.420000000000002,5.415760517120361,5.30612325668335,5.402745723724365,13.304325103759766,430.7,334.5,0.9361015253872459,0.774955445839841,0.7320745903153458,0.5465353642675389,0.9469934162219671,0.7826768512134805,0.1777343954669042,7,2,3,450,600,,3000,,9000,,,,,,,,,,2,2.0,2.0,0.43494505801183286,0.43494505801183286,478.43956381301615,1.1299232774388144,3.4064272211720232,0.6167221605623381,0.5001849796522382,2341.9680000000003,5.680319999999999,-3.2553999586680735,-0.06250687245339204,0.7604289054870605,0.7734436988830566,0.7355709075927734,-0.4281759262084961,1.481702248255412,0.15909587012396997,491.20000000000005,206.10000000000002,0.41740954378605155,0.0,0.0,2812.4204440123144,7,1,0,450,,6.0,1.8782730712021118,0.20513161711125152,0.24882977520804825
2021-01-05 16:40:00,2021-01-05 17:40:00,349.03155746952825,-184.7684425304717,0.7960563522833358,-0.8660254037844384,-0.5000000000000004,0.49999999999999994,0.8660254037844387,1,1,533.8,348.1,232.3,124.2,,23.490165271942658,1,1.0,29.06,29.0,29.1,80.25,1005.007,3.162,4.88563,270.7,0.0,146.6,7.160740375518799,12.44033432006836,221.5255584716797,23.61625099182129,0,0,0,1,0,29.4,25.2,78.0,8.0,280.0,6.0,,,540.6,430.7,334.5,197.5,49.4,241.4,158.4,29.5,76.6,1004.872,5.333333015441895,13.350016593933104,519.6333333333333,484.5,540.6,30.61573669427759,468.8833333333334,389.6,540.6,60.91802415268132,301.91111111111115,70.7,540.6,150.03409764955546,204.2833333333333,170.86666666666667,29.832222222222224,74.42833333333334,3.318777777777777,0.0,4.8687570624881324,12.756191730499268,-6.800000000000068,199.29999999999995,-0.4400000000000013,3.6500000000000057,6.176189422607422,5.415760517120361,5.30612325668335,13.201091766357422,484.5,389.6,1.1299232774388144,0.9361015253872459,0.774955445839841,0.5037056523071805,1.0944977237957947,0.9016373039225044,0.14398976525302903,7,2,3,450,600,,3000,,9000,,,,,,,,,,2,2.0,2.0,0.39859165117051165,0.39859165117051165,438.4508162875628,1.2174683685613241,3.641200545702592,0.6521168977144999,0.43518171599850136,2332.065,5.739349999999999,-3.161764018866349,0.03863015664105137,0.984550952911377,1.8546171188354492,1.8274073600769034,-0.9096822738647443,2.2919833130306664,-0.3158574104309082,469.90000000000003,151.0,0.5958146487294468,0.10000000000000142,0.0,2755.852007827547,7,1,0,450,,6.0,2.1910442627511486,0.20630510520998926,0.30654208754707873
2021-01-05 16:50:00,2021-01-05 17:50:00,280.06524309822566,-292.93475690177434,0.7042444021689351,-0.8660254037844384,-0.5000000000000004,0.49999999999999994,0.8660254037844387,1,1,573.0,362.3,260.2,133.4,,21.194126176049224,1,1.0,29.02,29.0,29.1,80.25,1005.138,3.309,5.45823,273.2,0.0,139.0,7.629024505615234,12.346817016601562,222.4204864501953,25.713781356811523,0,0,0,1,0,29.4,25.2,78.0,8.0,280.0,6.0,,,533.8,484.5,389.6,230.9,70.7,258.6,203.6,29.38,78.24,1004.881,5.6265177726745605,13.16200065612793,549.1333333333333,533.8,573.0,20.946917036483754,499.45,430.7,573.0,59.16677276985791,329.81666666666666,96.8,573.0,151.20838075901978,220.57777777777775,184.38333333333333,29.775555555555556,74.91777777777777,3.353222222222222,0.0,5.102469788657294,12.766699208153618,39.200000000000045,183.39999999999998,-0.35999999999999943,2.010000000000005,7.160740375518799,6.176189422607422,5.415760517120361,13.052490234375,540.6,434.1,1.2174683685613241,1.1299232774388144,0.9361015253872459,0.6193006159924551,1.2627472592811408,1.038562223230976,0.16033250031131363,7,2,3,450,600,,3000,,9000,,,,,,,,,,2,2.0,2.0,0.36152898861361127,0.36152898861361127,397.68188747497237,1.440850131843284,4.122302158273381,0.6322862129144852,0.45410122164048866,2328.855,5.73145,-3.3038404886781754,0.18471336002237868,0.46828413009643555,2.213263988494873,2.002506732940674,-0.8151836395263672,2.52655471695794,-0.4198821915520554,476.2,142.3,0.4707392197125256,0.10000000000000142,0.0,2746.1850469440687,7,1,0,450,,6.0,2.4901708111286185,0.24576479076465838,0.3316390710995004
2021-01-05 17:00:00,2021-01-05 18:00:00,215.0034195100565,-352.1965804899436,0.6035855875251379,-0.9659258262890683,-0.25881904510252063,0.49999999999999994,0.8660254037844387,1,1,567.2,369.7,233.0,131.9,,18.894558801308087,1,1.0,29.0,29.0,29.0,80.85,1005.27,2.935,5.833061,276.0,0.0,123.0,17.623065948486328,12.66741943359375,219.90904235839844,26.272804260253903,0,0,0,0,1,29.1,25.5,81.0,6.0,280.0,6.0,,,573.0,540.6,434.1,258.0,96.8,281.1,225.2,29.27,78.58,1004.911,5.402745723724365,13.304325103759766,558.0,533.8,573.0,21.157504578754118,521.6333333333333,430.7,573.0,54.5350773967239,355.95000000000005,121.5,573.0,149.2034783146039,236.25,194.64444444444445,29.708333333333332,75.435,3.3393333333333337,0.0,5.901989711655511,12.805547025468615,-5.7999999999999545,133.10000000000002,-0.2699999999999996,2.269999999999996,7.629024505615234,7.160740375518799,6.176189422607422,12.888178825378418,533.8,430.7,1.440850131843284,1.2174683685613241,1.1299232774388144,0.7320745903153458,1.416878725403013,1.1819360708124902,0.18857086739526566,7,2,4,450,600,,3000,,9000,,,,,,,,,,2,2.0,2.0,0.3238275700078922,0.3238275700078922,356.2103270086814,1.5923176758044313,4.611382113821138,0.6517983074753173,0.41078984485190406,2344.6499999999996,5.553500000000001,-2.9189217629058826,0.30679103969056154,9.994041442871094,11.446876525878906,12.220320224761963,-0.6369056701660156,11.721076236830818,-0.13812759187486456,451.5,142.3,0.30661137986639025,0.0,0.0,2785.6800767937675,7,1,0,450,,6.0,2.8638649219011336,0.26749109800183996,0.3699074447286837
2021-01-05 17:10:00,2021-01-05 18:10:00,155.59157150796,-396.10842849204005,0.495333112309526,-0.9659258262890683,-0.25881904510252063,0.49999999999999994,0.8660254037844387,1,1,551.7,347.9135672932643,193.7,126.6,,16.592272227454128,1,1.0,28.94,28.9,29.0,81.72,1005.404,2.825,4.942826,272.6,0.0,98.7,21.07155418395996,12.39617156982422,221.76690673828125,20.750200271606445,0,0,0,0,1,29.1,25.5,81.0,6.0,280.0,6.0,,,567.2,533.8,430.7,285.1,121.5,302.1,181.2,29.19,79.84,1004.913,5.30612325668335,13.201091766357422,563.9666666666667,551.7,573.0,11.011963191608158,541.7999999999998,484.5,573.0,31.82872916093259,379.85,142.3,573.0,143.79683482567464,249.784087071848,201.49999999999997,29.616666666666667,76.06555555555556,3.2798888888888893,0.0,6.885770122210185,12.82529682583279,-15.5,121.00000000000006,-0.25,1.8799999999999955,17.623065948486328,7.629024505615234,7.160740375518799,12.44033432006836,573.0,484.5,1.5923176758044313,1.440850131843284,1.2174683685613241,0.774955445839841,1.5965102665438031,1.345503995169799,0.15779820845410877,7,2,4,450,600,,3000,,9000,,,,,,,,,,2,2.0,2.0,0.2855591109779606,0.2855591109779606,314.11502207575666,1.756362991983694,5.589665653495441,0.6306209303847458,0.3510966104767083,2364.9768,5.2902320000000005,-2.822091859658769,0.12815044146514346,3.448488235473633,13.910813808441162,15.765430927276611,-0.8049201965332013,14.185784061749775,-0.4291252560085699,430.7,88.5,0.280938007894126,0.10000000000000142,0.0,2749.0606244369415,7,1,0,450,,6.0,3.229723462089593,0.2833880649330455,0.4134220441041742
2021-01-05 17:20:00,2021-01-05 18:20:00,106.46433979498072,-388.38308400376275,0.39216844665341666,-0.9659258262890683,-0.25881904510252063,0.49999999999999994,0.8660254037844387,1,1,494.8474237987435,300.0700350725375,199.2,131.5,,14.288020667616124,1,1.0,28.9,28.9,28.9,82.8,1005.663,2.938,5.666452,273.2,0.0,86.6,22.994508743286133,12.068862915039062,224.19216918945312,18.126365661621094,0,0,0,0,1,29.1,25.5,81.0,6.0,280.0,6.0,,,551.7,573.0,484.5,330.6,142.3,324.6,218.1,29.1,80.09,1004.918,5.415760517120361,13.052490234375,537.9158079329145,494.8474237987435,567.2,38.09497058597613,543.524570633124,494.8474237987435,573.0,28.173567572187224,399.43596798881913,171.8,573.0,133.1534778815707,259.8990890203223,207.08888888888885,29.53055555555556,76.79777777777778,3.228,0.0,7.964159475432502,12.8155148824056,-56.85257620125657,10.347423798743478,-0.20000000000000284,2.7099999999999937,21.07155418395996,17.623065948486328,7.629024505615234,12.346817016601562,567.2,540.6,1.756362991983694,1.5923176758044313,1.440850131843284,0.9361015253872459,1.7238279755209742,1.4932876174010576,0.11863724736131345,7,2,4,450,600,,3000,,9000,,,,,,,,,,2,2.0,2.0,0.24679640668673683,0.24679640668673683,271.4760473554105,1.8228032587747973,5.714173484973943,0.6063890012178325,0.40254832180558237,2392.9199999999996,4.9708000000000006,-2.9334189651666605,0.16400358166991497,1.9229545593261719,15.365484237670898,17.57874822616577,-0.9836273193359375,15.03034926785363,-0.746651967366537,401.2,78.15257620125652,0.021356911865311617,0.0,0.0,2705.744556572754,7,1,0,450,,6.0,3.5717110045081157,0.2826589544497509,0.4457356360526944
2021-01-05 17:30:00,2021-01-05 18:30:00,0.0,-420.86965580123086,0.0,-0.9659258262890683,-0.25881904510252063,0.49999999999999994,0.8660254037844387,1,1,420.86965580123086,253.2174486741129,144.2,123.2,,11.982515839029327,1,1.0,28.9,28.9,28.9,82.9,1005.898,2.665,3.951327,271.1,0.0,72.47,26.54533195495605,12.271288871765137,223.0117645263672,17.667999267578125,0,0,0,0,1,29.1,25.5,81.0,6.0,280.0,6.0,,,494.8474237987435,567.2,540.6,381.4,171.8,333.4,270.4,29.1,80.48,1004.944,6.176189422607422,12.888178825378418,489.1390265333248,420.86965580123086,551.7,65.60170798307756,523.5695132666623,420.86965580123086,573.0,57.6458128241092,413.27317108888747,197.5,573.0,120.44092256004052,266.70561394666197,208.94444444444443,29.439444444444444,77.50111111111111,3.184166666666667,0.0,9.225240018632677,12.800309287177193,-73.97776799751261,-119.73034419876916,-0.20000000000000284,2.4200000000000017,22.994508743286133,21.07155418395996,17.623065948486328,12.66741943359375,551.7,533.8,1.8228032587747973,1.756362991983694,1.5923176758044313,1.1299232774388144,1.8073528865033734,1.6121158059531933,0.045286537668980026,7,2,4,450,600,,3000,,9000,,,,,,,,,,2,2.0,2.0,0.20761319336070042,0.20761319336070042,228.37451269677047,1.8428924087516292,5.807501804901764,0.6016528993805695,0.3426238931991406,2395.81,4.941899999999999,-2.664508872804182,0.051161183995174025,3.5508232116699183,8.922266006469723,20.36914253234863,-0.6168899536132812,17.320091936323372,-0.5290204154120559,375.5,152.13034419876914,-0.22147677432254745,0.0,0.0,2736.6417843051167,7,1,0,450,,6.0,3.835559642909912,0.2657345995781972,0.458905507832923
2021-01-05 17:40:00,2021-01-05 18:40:00,0.0,-349.03155746952825,0.0,-0.9659258262890683,-0.25881904510252063,0.49999999999999994,0.8660254037844387,1,1,349.03155746952825,207.7199863973679,178.8,134.3,,9.676437880599945,1,1.0,28.86,28.8,28.9,83.1,1005.929,2.773,4.780259,270.8,0.0,55.1,,,,,1,1,0,0,0,29.1,25.5,81.0,6.0,280.0,6.0,,,420.86965580123086,551.7,533.8,334.5,197.5,348.1,232.3,29.06,80.25,1005.007,7.160740375518799,12.44033432006836,421.58287902316755,349.03155746952825,494.8474237987435,72.91054953748548,492.7747728449171,349.03155746952825,573.0,90.8670871217368,421.6915909483057,230.9,573.0,109.24756999501508,270.41227985762686,210.5611111111111,29.34722222222222,78.2188888888889,3.1838333333333337,0.0,9.523952512180104,12.827547073364258,-71.83809833170261,-184.7684425304717,-0.1999999999999993,2.8499999999999943,26.54533195495605,22.994508743286133,21.07155418395996,12.39617156982422,494.8474237987435,573.0,1.8428924087516292,1.8228032587747973,1.756362991983694,1.2174683685613241,1.8511502013197692,1.7238302339317861,0.03325392399738257,7,2,4,450,600,,3000,,9000,,,,,,,,,,2,2.0,2.0,0.16808400802328988,0.16808400802328988,184.89240882561887,1.8877549364328803,6.334511024855322,0.5951323940543761,0.512274595730817,2398.2659999999996,4.877340000000001,-2.772729699077801,0.03871712608044938,,,,,,,342.1,223.96844253047175,-0.3461379590304828,0.09999999999999787,,,7,1,0,450,,6.0,3.9904671758908257,0.27063133550255897,0.4479069573267524
2021-01-05 17:50:00,2021-01-05 18:50:00,0.0,-280.06524309822566,0.0,-0.9659258262890683,-0.25881904510252063,0.49999999999999994,0.8660254037844387,1,1,280.06524309822566,164.04132062887626,207.1,144.0,,7.3704451743103485,1,1.0,28.8,28.8,28.8,83.1,1005.895,2.681,3.892555,275.7,0.0,37.81,,,,,1,1,0,0,0,29.1,25.5,81.0,6.0,280.0,6.0,,,349.03155746952825,494.8474237987435,573.0,389.6,230.9,362.3,260.2,29.02,80.25,1005.138,7.629024505615234,12.346817016601562,349.9888187896616,280.06524309822566,420.86965580123086,70.40708715098091,443.9523133612881,280.06524309822566,567.2,114.70971997414769,424.4229933426515,258.0,573.0,104.71750163090513,271.00901989256437,211.71666666666664,29.258888888888887,78.99777777777778,3.155166666666667,0.0,9.826497316360474,12.856777250766754,-68.96631437130259,-292.93475690177434,-0.21999999999999886,2.8499999999999943,,26.54533195495605,22.994508743286133,12.068862915039062,420.86965580123086,567.2,1.8877549364328803,1.8428924087516292,1.8228032587747973,1.440850131843284,1.905114271955844,1.8144711237384092,0.07247783792738839,7,2,4,450,600,,3000,,9000,,,,,,,,,,2,2.0,2.0,0.1282840467033018,0.1282840467033018,141.11245137363196,1.9846954706830229,7.407173845496579,0.5857253788944564,0.7394705523218567,2393.2799999999997,4.867200000000002,-2.667743983066048,0.26627624906269576,,,,,,,315.0,287.1347569017744,-0.5112299422369535,0.0,,,7,1,0,450,,6.0,4.111053074098335,0.2826199836999711,0.42618627967701894
2021-01-05 18:00:00,2021-01-05 19:00:00,0.0,-215.0034195100565,0.0,-1.0,-1.8369701987210297e-16,0.49999999999999994,0.8660254037844387,1,1,215.0034195100565,122.83549902303577,199.6,145.5,,5.0651833711139185,1,1.0,28.73,28.7,28.8,83.5,1005.88,2.332,3.841417,276.7,0.0,22.74,,,,,1,1,0,0,0,28.9,25.7,83.0,6.0,280.0,5.0,,,280.06524309822566,420.86965580123086,567.2,434.1,258.0,369.7,233.0,29.0,80.85,1005.27,17.623065948486328,12.66741943359375,281.3667400259368,215.0034195100565,349.03155746952825,67.0235470704918,385.25288327963085,215.0034195100565,551.7,128.3319636452096,422.0342944265435,215.0034195100565,573.0,109.1343146604223,268.63876983828857,211.56111111111107,29.165555555555557,79.70833333333333,3.1261111111111113,0.0,10.153433895111084,12.861901028951008,-65.06182358816918,-352.1965804899436,-0.2699999999999996,2.6500000000000057,,,26.54533195495605,12.271288871765137,349.03155746952825,551.7,1.9846954706830229,1.8877549364328803,1.8428924087516292,1.5923176758044313,2.028763042373319,1.9180579644383462,0.16744886274033768,6,2,3,600,750,,3000,,9000,,,,,,,,,,5,2.0,2.0,0.08828902138801396,0.08828902138801396,97.11792352681536,2.2138387200040537,9.454855739228519,0.5713188157795337,0.9283573277803797,2398.955,4.74045,-2.3160739547237497,0.27207615891564413,,,,,,,357.99658048994354,336.6965804899436,-0.6209389641924252,0.10000000000000142,,,6,1,0,600,,9.0,4.270047509462436,0.3326719881222711,0.44060388685088625
2021-01-05 18:10:00,2021-01-05 19:10:00,0.0,-155.59157150796,0.0,-1.0,-1.8369701987210297e-16,0.49999999999999994,0.8660254037844387,1,0,155.59157150796,85.20799528837466,200.8,149.8,,2.7612938808365373,1,1.0,28.65,28.6,28.7,84.3,1005.843,2.165,3.934168,272.9,0.0,12.68,,,,,1,1,0,0,0,28.9,25.7,83.0,6.0,280.0,5.0,,,215.0034195100565,349.03155746952825,551.7,430.7,285.1,347.9135672932643,193.7,28.94,81.72,1005.404,21.07155418395996,12.39617156982422,216.88674470541403,155.59157150796,280.06524309822566,62.25820359706765,319.2348118642908,155.59157150796,494.8474237987435,127.46358335221223,414.83938173254126,155.59157150796,573.0,122.18212023543269,263.1725473543094,211.44999999999996,29.096666666666668,80.35388888888889,3.0792222222222225,0.0,10.513264179229736,12.85210200718471,-59.41184800209649,-396.10842849204005,-0.2900000000000027,2.5799999999999983,,,,,280.06524309822566,494.8474237987435,2.2138387200040537,1.9846954706830229,1.8877549364328803,1.756362991983694,2.3782129103466887,2.114681555833229,0.4965470373496006,6,2,3,600,750,,3000,,9000,,,,,,,,,,5,2.0,2.0,0.048175015993146234,0.048175015993146234,52.99251759246086,2.9361045403529897,7.779578575398,0.5476388885500488,1.290558338436264,2415.1949999999997,4.498050000000001,-2.1622274083037634,0.10953371526608288,,,,,,,417.40842849204,339.2558522907835,-0.7179779381766177,0.09999999999999787,,,6,1,0,600,,9.0,4.645911812026804,0.486698430639696,0.5155034378482036
2021-01-05 18:20:00,2021-01-05 19:20:00,0.0,-106.46433979498072,0.0,-1.0,-1.8369701987210297e-16,0.49999999999999994,0.8660254037844387,1,0,106.46433979498072,54.094081870154454,137.1,106.46433979498072,,0.4594220568178603,1,1.0,28.65,28.6,28.7,84.2,1005.956,1.975,3.450575,278.8,0.0,4.62,,,,,1,1,0,0,0,28.9,25.7,83.0,6.0,280.0,5.0,,,155.59157150796,280.06524309822566,494.8474237987435,484.5,330.6,300.0700350725375,199.2,28.9,82.8,1005.663,22.994508743286133,12.068862915039062,159.01977693766574,106.46433979498072,215.0034195100565,54.35068905451052,254.5042978636637,106.46433979498072,420.86965580123086,118.76537632018503,402.38740061004023,106.46433979498072,573.0,141.2115556499614,254.6166630137624,206.31666666666663,29.037777777777777,80.88111111111111,3.010777777777778,0.0,10.90196261039147,12.805027081416203,-49.12723171297928,-388.38308400376275,-0.25,1.4000000000000057,,,,,215.0034195100565,420.86965580123086,2.9361045403529897,2.2138387200040537,1.9846954706830229,1.8228032587747973,3.329743810952055,2.6174290414539496,1.3562669771914337,6,2,3,600,750,,3000,,9000,,,,,,,,,,5,2.0,2.0,0.008018341623658148,0.02,22.0,4.839288172499123,5.323216989749036,0.5080957809377664,1.2877551325074164,2412.33,4.526699999999999,-1.9517510533569418,0.3021470266609752,,,,,,,466.53566020501927,314.40531600625013,-0.7848542102579881,0.09999999999999787,,,6,1,0,600,,9.0,5.747068077212846,0.9497737565464192,0.7549256464276507
2021-01-06 06:10:00,2021-01-06 07:10:00,0.0,0.0,0.0,1.0,6.123233995736766e-17,0.49999999999999994,0.8660254037844387,1,0,0.0,0.0,0.0,0.0,,0.16342958766242124,1,1.0,24.6,24.6,24.6,95.9,1006.048,0.975,1.71625,38.26,0.0,0.718,,,,,1,1,0,0,0,,,,,,,,,0.0,0.0,0.0,0.0,0.0,0.0,0.0,24.9,96.3,1005.414,,,0.0,0.0,0.0,0.0,0.0,0.0,0.0,0.0,0.0,0.0,0.0,0.0,0.0,0.0,24.962777777777774,95.82222222222224,1.0111666666666668,0.0,,,0.0,0.0,-0.29999999999999716,-0.3999999999999915,,,,,0.0,0.0,0.0,0.0,0.0,0.0,0.0,0.0,0.0,,,,,,,,,,,,,,,,,,,,,,0.0028523805320082793,0.02,22.0,0.0,0.0,0.0,0.0,2359.1400000000003,1.0085999999999986,0.6037502284524294,0.7655786449762292,,,,,,,0.0,0.0,0.0,0.0,,,,0,0,,,0.0,0.0,0.0,0.0
2021-01-06 06:20:00,2021-01-06 07:20:00,0.0,0.0,0.0,1.0,6.123233995736766e-17,0.49999999999999994,0.8660254037844387,1,0,0.0,0.0,0.0,0.0,,2.465820146006424,1,1.0,24.6,24.6,24.6,95.4,1006.234,1.495,2.285913,37.51,0.0,8.97,,,,,1,1,0,0,0,,,,,,,,,0.0,0.0,0.0,0.0,0.0,0.0,0.0,24.9,96.4,1005.545,,,0.0,0.0,0.0,0.0,0.0,0.0,0.0,0.0,0.0,0.0,0.0,0.0,0.0,0.0,24.91888888888889,95.91111111111113,1.0323333333333333,0.0,,,0.0,0.0,-0.29999999999999716,-1.0,,,,,0.0,0.0,0.0,0.0,0.0,0.0,0.0,0.0,0.0,,,,,,,,,,,,,,,,,,,,,,0.043023396433521155,0.043023396433521155,47.32573607687327,0.0,0.0,0.0,0.0,2346.84,1.1315999999999986,0.9103053295927969,1.1859043835465615,,,,,,,0.0,0.0,0.0,0.0,,,,0,0,,,0.0,0.0,0.0,0.0
2021-01-06 06:30:00,2021-01-06 07:30:00,0.0,0.0,0.0,1.0,6.123233995736766e-17,0.49999999999999994,0.8660254037844387,1,0,0.0,0.0,0.0,0.0,,4.770359432190543,1,1.0,24.63,24.6,24.7,95.1,1006.419,1.236,1.842036,39.38,0.0,21.64,,,,,1,1,0,0,0,,,,,,,,,0.0,0.0,0.0,0.0,0.0,0.0,0.0,24.8,96.6,1005.63,,,0.0,0.0,0.0,0.0,0.0,0.0,0.0,0.0,0.0,0.0,0.0,0.0,0.0,0.0,24.883333333333336,95.95555555555558,1.0486111111111114,0.0,,,0.0,0.0,-0.1700000000000017,-1.5,,,,,0.0,0.0,0.0,0.0,0.0,0.0,0.0,0.0,0.0,,,,,,,,,,,,,,,,,,,,,,0.08316232099104834,0.08316232099104834,91.47855309015317,0.0,0.0,0.0,0.0,2342.3129999999996,1.2068700000000014,0.7841934741898327,0.9553724902037322,,,,,,,0.0,0.0,0.0,0.09999999999999787,,,,0,0,,,0.0,0.0,0.0,0.0
2021-01-06 06:40:00,2021-01-06 07:40:00,0.0,0.0,0.0,1.0,6.123233995736766e-17,0.49999999999999994,0.8660254037844387,1,1,0.0,0.0,0.0,0.0,,7.076403667902906,1,1.0,24.72,24.7,24.8,95.0,1006.55,1.317,1.888181,36.19,0.0,37.42,,,,,1,1,0,0,0,,,,,,,,,0.0,0.0,0.0,0.0,0.0,0.0,0.0,24.77,96.4,1005.684,,,0.0,0.0,0.0,0.0,0.0,0.0,0.0,0.0,0.0,0.0,0.0,0.0,0.0,0.0,24.85888888888889,95.95555555555558,1.0697222222222225,0.0,,,0.0,0.0,-0.05000000000000071,-1.4000000000000057,,,,,0.0,0.0,0.0,0.0,0.0,0.0,0.0,0.0,0.0,,,,,,,,,,,,,,,,,,,,,,0.12319279055000884,0.12319279055000884,135.5120696050097,0.0,0.0,0.0,0.0,2348.4,1.236,0.7776421646230082,1.0629024714433786,,,,,,,0.0,0.0,0.0,0.10000000000000142,,,,0,0,,,0.0,0.0,0.0,0.0
2021-01-06 06:50:00,2021-01-06 07:50:00,0.0,0.0,0.0,1.0,6.123233995736766e-17,0.49999999999999994,0.8660254037844387,1,1,0.0,0.0,0.0,0.0,,9.383314389135705,1,1.0,24.9,24.8,25.1,94.3,1006.745,1.05,1.794752,28.52,0.0,47.63,2.251282215118408,9.354795455932615,243.53077697753903,18.49833106994629,0,0,0,1,0,,,,,,,,,0.0,0.0,0.0,0.0,0.0,0.0,0.0,24.7,96.3,1005.738,,,0.0,0.0,0.0,0.0,0.0,0.0,0.0,0.0,0.0,0.0,0.0,0.0,0.0,0.0,24.84777777777778,95.88888888888889,1.1055000000000001,0.0,2.251282215118408,9.354795455932615,0.0,0.0,0.1999999999999993,-2.0,,,,,0.0,0.0,0.0,0.0,0.0,0.0,0.0,0.0,0.0,,,,,,,,,,,,,,,,,,,,,,0.1630386469123051,0.1630386469123051,179.3425116035356,0.0,0.0,0.0,0.0,2348.0699999999997,1.4193000000000007,0.5013387710372804,0.922583024261139,,,,,0.0,0.0,0.0,0.0,0.0,0.3000000000000007,0.0,2278.180605849221,,0,0,,,0.0,0.0,0.0,0.0
2021-01-06 07:00:00,2021-01-06 08:00:00,0.0,0.0,0.0,0.9659258262890683,-0.25881904510252063,0.49999999999999994,0.8660254037844387,1,1,0.0,0.0,0.0,0.0,,11.690450322223326,1,1.0,25.25,25.1,25.5,92.5,1006.973,0.76,1.459837,104.3,0.0,71.53,2.07796311378479,8.983369827270508,246.3031311035156,23.688751220703125,0,0,0,1,0,25.0,23.9,94.0,2.0,20.0,5.0,0.0,1275.0,0.0,0.0,0.0,0.0,0.0,0.0,0.0,24.65,96.2,1005.879,,,0.0,0.0,0.0,0.0,0.0,0.0,0.0,0.0,0.0,0.0,0.0,0.0,0.0,0.0,24.861666666666665,95.70555555555556,1.1466111111111112,0.0,2.164622664451599,9.169082641601562,0.0,0.0,0.6000000000000014,-3.700000000000003,2.251282215118408,,,,0.0,0.0,0.0,0.0,0.0,0.0,0.0,0.0,0.0,6,2,3,450,600,,3000,,9000,,,,,,,,,,5,2.0,2.0,0.20262408222397343,0.20262408222397343,222.88649044637077,0.0,0.0,0.0,0.0,2335.625,1.89375,0.7364519558692209,-0.18771924966928458,-0.17331910133361816,,,,-0.08665955066680908,-0.1857128143310547,0.0,0.0,0.0,0.3999999999999986,0.0,2212.632116317574,6,1,0,450,,9.0,0.0,0.0,0.0
2021-01-06 07:10:00,2021-01-06 08:10:00,0.0,0.0,0.0,0.9659258262890683,-0.25881904510252063,0.49999999999999994,0.8660254037844387,1,1,0.0,0.0,0.0,0.0,,13.997158989321877,1,1.0,25.7,25.5,25.9,91.5,1007.148,0.835,2.139316,283.2,0.0,82.2,2.1941378116607666,8.247052192687988,251.3417053222656,22.85709381103516,0,0,0,1,0,25.0,23.9,94.0,2.0,20.0,5.0,0.0,1275.0,0.0,0.0,0.0,0.0,0.0,0.0,0.0,24.6,95.9,1006.048,,,0.0,0.0,0.0,0.0,0.0,0.0,0.0,0.0,0.0,0.0,0.0,0.0,0.0,0.0,24.89777777777778,95.46666666666665,1.1439444444444447,0.0,2.174461046854655,8.861739158630371,0.0,0.0,1.0999999999999979,-4.400000000000006,2.07796311378479,2.251282215118408,,,0.0,0.0,0.0,0.0,0.0,0.0,0.0,0.0,0.0,6,2,3,450,600,,3000,,9000,,,,,,,,,,5,2.0,2.0,0.24187378319799463,0.24187378319799463,266.0611615177941,0.0,0.0,0.0,0.0,2351.5499999999997,2.1845,-0.8129383838990888,0.1906729765423973,0.11617469787597656,,,,0.0196767648061118,-0.6146869659423828,0.0,0.0,0.0,0.3999999999999986,0.0,2072.8281619919285,6,1,0,450,,9.0,0.0,0.0,0.0
2021-01-06 07:20:00,2021-01-06 08:20:00,0.0,0.0,0.0,0.9659258262890683,-0.25881904510252063,0.49999999999999994,0.8660254037844387,1,1,0.0,0.0,0.0,0.0,,16.302767816493937,1,1.0,26.35,25.9,26.7,87.0,1007.332,1.563,3.007537,270.2,0.0,97.8,2.317101240158081,7.255565643310547,257.6951904296875,25.076112747192383,0,0,0,1,0,25.0,23.9,94.0,2.0,20.0,5.0,0.0,1275.0,0.0,0.0,0.0,0.0,0.0,0.0,0.0,24.6,95.4,1006.234,,,0.0,0.0,0.0,0.0,0.0,0.0,0.0,0.0,0.0,0.0,0.0,0.0,0.0,0.0,24.97055555555556,94.97222222222223,1.1700555555555558,0.0,2.2101210951805115,8.460195779800415,0.0,0.0,1.75,-8.400000000000006,2.1941378116607666,2.07796311378479,2.251282215118408,9.354795455932615,0.0,0.0,0.0,0.0,0.0,0.0,0.0,0.0,0.0,6,2,3,450,600,,3000,,9000,,,,,,,,,,5,2.0,2.0,0.2807130743978994,0.2807130743978994,308.78438183768935,0.0,0.0,0.0,0.0,2292.4500000000003,3.4255,-1.5629904776691264,0.0054558881619940665,0.12296342849731445,0.06581902503967285,,,0.10698014497756958,-1.2046301364898682,0.0,0.0,0.0,0.8000000000000007,0.0,1869.7243701280095,6,1,0,450,,9.0,0.0,0.0,0.0
2021-01-06 07:30:00,2021-01-06 08:30:00,0.0,0.0,0.0,0.9659258262890683,-0.25881904510252063,0.49999999999999994,0.8660254037844387,1,1,0.0,0.0,0.0,0.0,,18.606574490387544,1,1.0,27.01,26.7,27.3,83.3,1007.518,1.886,3.414254,269.6,0.0,166.5,3.655362129211426,7.494913578033447,256.22479248046875,22.70758438110352,0,0,0,1,0,25.0,23.9,94.0,2.0,20.0,5.0,0.0,1275.0,0.0,0.0,0.0,0.0,0.0,0.0,0.0,24.63,95.1,1006.419,,,0.0,0.0,0.0,0.0,0.0,0.0,0.0,0.0,0.0,0.0,0.0,0.0,0.0,0.0,25.08222222222222,94.2611111111111,1.2152222222222224,0.0,2.4991693019866945,8.267139339447022,0.0,0.0,2.3800000000000026,-11.799999999999997,2.317101240158081,2.1941378116607666,2.07796311378479,8.983369827270508,0.0,0.0,0.0,0.0,0.0,0.0,0.0,0.0,0.0,6,2,3,450,600,,3000,,9000,,,,,,,,,,5,2.0,2.0,0.3190680603095596,0.3190680603095596,350.9748663405155,0.0,0.0,0.0,0.0,2249.933,4.510670000000001,-1.8859540395103744,-0.013166656921955015,1.3382608890533447,1.5773990154266357,,,1.1561928272247313,-0.7722257614135746,0.0,0.0,0.0,0.6000000000000014,0.0,1920.3826761906676,6,1,0,450,,9.0,0.0,0.0,0.0
2021-01-06 07:40:00,2021-01-06 08:40:00,0.0,0.0,0.0,0.9659258262890683,-0.25881904510252063,0.49999999999999994,0.8660254037844387,1,1,0.0,0.0,0.0,0.0,,20.907836270302717,1,1.0,27.64,27.3,27.9,80.36,1007.714,1.517,2.870637,276.6,0.0,229.8,2.493947505950928,7.670315265655518,254.8781280517578,20.26926040649414,0,0,0,1,0,25.0,23.9,94.0,2.0,20.0,5.0,0.0,1275.0,0.0,0.0,0.0,0.0,0.0,0.0,0.0,24.72,95.0,1006.55,,,0.0,0.0,0.0,0.0,0.0,0.0,0.0,0.0,0.0,0.0,0.0,0.0,0.0,0.0,25.228888888888886,93.3811111111111,1.247111111111111,0.0,2.4982990026474,8.167668660481771,0.0,0.0,2.9200000000000017,-14.64,3.655362129211426,2.317101240158081,2.1941378116607666,8.247052192687988,0.0,0.0,0.0,0.0,0.0,0.0,0.0,0.0,0.0,6,2,3,450,600,,3000,,9000,,,,,,,,,,5,2.0,2.0,0.35686576593088376,0.35686576593088376,392.55234252397213,0.0,0.0,0.0,0.0,2221.1504,5.428496,-1.5069464854158012,0.1743596572976796,-1.1614146232604976,0.2998096942901616,,,-0.004351496696471724,-0.49735339482625385,0.0,0.0,0.0,0.5999999999999979,0.0,1954.9955964770998,6,1,0,450,,9.0,0.0,0.0,0.0
2021-01-06 07:50:00,2021-01-06 08:50:00,0.0,0.0,0.0,0.9659258262890683,-0.25881904510252063,0.49999999999999994,0.8660254037844387,1,1,0.0,0.0,0.0,0.0,,23.20575790847136,1,1.0,28.15,27.9,28.5,78.7,1007.869,1.233,2.404519,273.4,0.0,288.0,5.075205326080322,7.323136806488037,257.4354858398437,16.369998931884766,0,0,0,1,0,25.0,23.9,94.0,2.0,20.0,5.0,0.0,1275.0,0.0,0.0,0.0,0.0,0.0,0.0,0.0,24.9,94.3,1006.745,2.251282215118408,9.354795455932615,0.0,0.0,0.0,0.0,0.0,0.0,0.0,0.0,0.0,0.0,0.0,0.0,0.0,0.0,25.403888888888886,92.41444444444443,1.2807222222222223,0.0,2.866428477423532,8.04702125276838,0.0,0.0,3.25,-15.599999999999994,2.493947505950928,3.655362129211426,2.317101240158081,7.255565643310547,0.0,0.0,0.0,0.0,0.0,0.0,0.0,0.0,0.0,6,2,3,450,600,,3000,,9000,,,,,,,,,,5,2.0,2.0,0.3940342756119291,0.3940342756119291,433.43770317312203,0.0,0.0,0.0,0.0,2215.4049999999997,5.995949999999999,-1.2308297078300028,0.07312475861916029,2.581257820129394,2.758104085922241,2.823923110961914,-2.0316586494445783,2.2087768486567905,-0.7238844462803424,0.0,0.0,0.0,0.6000000000000014,0.0,1885.2352816498892,6,1,0,450,,9.0,0.0,0.0,0.0
2021-01-06 08:00:00,2021-01-06 09:00:00,0.0,0.0,0.0,0.8660254037844387,-0.4999999999999998,0.49999999999999994,0.8660254037844387,1,1,0.0,0.0,0.0,0.0,,25.49947775885617,1,1.0,28.78,28.5,29.0,76.29,1007.878,1.064,2.698299,265.3,0.0,333.3,4.3243937492370605,7.185091018676758,258.3389587402344,14.472776412963867,0,0,0,1,0,27.3,24.2,83.0,3.0,30.0,5.0,,,0.0,0.0,0.0,0.0,0.0,0.0,0.0,25.25,92.5,1006.973,2.07796311378479,8.983369827270508,0.0,0.0,0.0,0.0,0.0,0.0,0.0,0.0,0.0,0.0,0.0,0.0,0.0,0.0,25.613888888888887,91.30833333333332,1.2838333333333332,0.0,3.048674136400223,7.9392799735069275,0.0,0.0,3.530000000000001,-16.209999999999994,5.075205326080322,2.493947505950928,3.655362129211426,7.494913578033447,0.0,0.0,0.0,0.0,0.0,0.0,0.0,0.0,0.0,5,2,3,450,600,,3000,,9000,,,,,,,,,,5,2.0,2.0,0.4305028698812867,0.4305028698812867,473.5531568694154,0.0,0.0,0.0,0.0,2195.6262,6.823737999999999,-1.0604221795743909,-0.08718257318236304,-0.7508115768432617,0.6690316200256348,2.2464306354522705,-1.79827880859375,1.2757196128368378,-0.7541889548301697,0.0,0.0,0.0,0.5,0.0,1856.1889322187635,5,1,0,450,,9.0,0.0,0.0,0.0
2021-01-06 08:10:00,2021-01-06 09:10:00,0.0,0.0,0.0,0.8660254037844387,-0.4999999999999998,0.49999999999999994,0.8660254037844387,1,1,0.0,0.0,0.0,0.0,,27.788051558546346,1,1.0,29.31,29.1,29.6,74.53,1007.865,1.38,2.560714,268.0,0.0,397.8,4.069242477416992,7.495818614959717,256.2333374023437,15.143999099731444,0,0,0,1,0,27.3,24.2,83.0,3.0,30.0,5.0,,,0.0,0.0,0.0,0.0,0.0,0.0,0.0,25.7,91.5,1007.148,2.1941378116607666,8.247052192687988,0.0,0.0,0.0,0.0,0.0,0.0,0.0,0.0,0.0,0.0,0.0,0.0,0.0,0.0,25.858888888888888,90.09888888888888,1.2814444444444444,0.0,3.1620706187354193,7.890006489223904,0.0,0.0,3.6099999999999994,-16.97,4.3243937492370605,5.075205326080322,2.493947505950928,7.670315265655518,0.0,0.0,0.0,0.0,0.0,0.0,0.0,0.0,0.0,5,2,3,450,600,,3000,,9000,,,,,,,,,,5,2.0,2.0,0.46620215999840847,0.46620215999840847,512.8223759982493,0.0,0.0,0.0,0.0,2184.4743,7.465256999999999,-1.379159341286352,-0.04816130544945105,-0.25515127182006836,1.575294971466064,1.8751046657562256,-0.7512335777282715,0.9071718586815729,-0.3941878742641869,0.0,0.0,0.0,0.5,0.0,1920.6786202737417,5,1,0,450,,9.0,0.0,0.0,0.0
2021-01-06 08:20:00,2021-01-06 09:20:00,0.0,0.0,0.0,0.8660254037844387,-0.4999999999999998,0.49999999999999994,0.8660254037844387,1,1,0.0,0.0,0.0,0.0,,30.070433238953438,1,1.0,29.49,29.2,29.7,73.58,1007.85,1.831,4.616558,284.9,0.0,429.1,3.0913331508636475,8.623567581176758,248.8583221435547,11.695554733276367,0,0,0,1,0,27.3,24.2,83.0,3.0,30.0,5.0,,,0.0,0.0,0.0,0.0,0.0,0.0,0.0,26.35,87.0,1007.332,2.317101240158081,7.255565643310547,0.0,0.0,0.0,0.0,0.0,0.0,0.0,0.0,0.0,0.0,0.0,0.0,0.0,0.0,26.11388888888889,88.83111111111108,1.312,0.0,3.154996871948242,7.96336259841919,0.0,0.0,3.139999999999997,-13.420000000000002,4.069242477416992,4.3243937492370605,5.075205326080322,7.323136806488037,0.0,0.0,0.0,0.0,0.0,0.0,0.0,0.0,0.0,5,2,3,450,600,,3000,,9000,,,,,,,,,,5,2.0,2.0,0.501064219975883,0.501064219975883,551.1706419734713,0.0,0.0,0.0,0.0,2169.8741999999997,7.791258,-1.769434601237354,0.47081014426624807,-0.9779093265533447,-1.9838721752166748,0.7742319107055664,1.368001937866211,-0.06366372108459473,0.660204982757568,0.0,0.0,0.0,0.5,0.0,2146.0465591432003,5,1,0,450,,9.0,0.0,0.0,0.0
2021-01-06 08:30:00,2021-01-06 09:30:00,0.0,0.0,0.0,0.8660254037844387,-0.4999999999999998,0.49999999999999994,0.8660254037844387,1,1,0.0,0.0,0.0,0.0,,32.34545195717638,1,1.0,29.39,29.2,29.6,73.36,1007.861,2.059,3.941823,282.9,0.0,467.8,2.008749961853028,7.230599880218506,258.1612548828125,16.908748626708984,0,0,0,1,0,27.3,24.2,83.0,3.0,30.0,5.0,,,0.0,0.0,0.0,0.0,0.0,0.0,0.0,27.01,83.3,1007.518,3.655362129211426,7.494913578033447,0.0,0.0,0.0,0.0,0.0,0.0,0.0,0.0,0.0,0.0,0.0,0.0,0.0,0.0,26.368888888888886,87.53999999999998,1.3656666666666668,0.0,3.050792607394132,7.896747805855491,0.0,0.0,2.379999999999999,-9.939999999999998,3.0913331508636475,4.069242477416992,4.3243937492370605,7.185091018676758,0.0,0.0,0.0,0.0,0.0,0.0,0.0,0.0,0.0,5,2,3,450,600,,3000,,9000,,,,,,,,,,5,2.0,2.0,0.5350227158204565,0.5350227158204565,588.5249874025021,0.0,0.0,0.0,0.0,2156.0504,7.829496000000001,-2.007033298839726,0.45967198886654714,-1.0825831890106197,-2.3156437873840328,-1.646612167358398,-0.2643136978149414,-1.042042645541104,-0.6661479256369853,0.0,0.0,0.0,0.40000000000000213,0.0,1866.6607386327232,5,1,0,450,,9.0,0.0,0.0,0.0
2021-01-06 08:40:00,2021-01-06 09:40:00,0.0,0.0,0.0,0.8660254037844387,-0.4999999999999998,0.49999999999999994,0.8660254037844387,1,1,0.0,0.0,0.0,0.0,,34.611784318705396,1,1.0,29.76,29.6,29.9,71.88,1007.913,1.886,3.818948,271.1,0.0,476.8,1.7202125787734983,6.781936168670654,260.92938232421875,16.212499618530273,0,0,1,0,0,27.3,24.2,83.0,3.0,30.0,5.0,,,0.0,0.0,0.0,0.0,0.0,0.0,0.0,27.64,80.36,1007.714,2.493947505950928,7.670315265655518,0.0,0.0,0.0,0.0,0.0,0.0,0.0,0.0,0.0,0.0,0.0,0.0,0.0,0.0,26.646111111111107,86.17777777777776,1.378722222222222,0.0,2.9399109383424125,7.803846836090088,0.0,0.0,2.120000000000001,-8.480000000000004,2.008749961853028,3.0913331508636475,4.069242477416992,7.495818614959717,0.0,0.0,0.0,0.0,0.0,0.0,0.0,0.0,0.0,5,2,3,450,600,,3000,,9000,,,,,,,,,,5,2.0,2.0,0.5680130317469134,0.5680130317469134,624.8143349216048,0.0,0.0,0.0,0.0,2139.1488,8.368512000000003,-1.8856524330614208,0.03620637636581546,-0.2885373830795295,-2.3490298986434937,-0.7737349271774299,-0.8883790969848633,-1.2196983595689141,-1.0219106674194336,0.0,0.0,0.0,0.29999999999999716,0.0,1769.6064154535125,5,1,0,450,,9.0,0.0,0.0,0.0
2021-01-06 08:50:00,2021-01-06 09:50:00,0.0,0.0,0.0,0.8660254037844387,-0.4999999999999998,0.49999999999999994,0.8660254037844387,1,1,0.0,0.0,0.0,0.0,,36.86792047462601,1,1.0,29.66,29.5,29.9,70.89,1007.983,2.417,5.800693,276.8,0.0,444.6,6.708038330078125,6.130275249481201,265.3139038085937,11.84000015258789,0,0,0,1,0,27.3,24.2,83.0,3.0,30.0,5.0,,,0.0,0.0,0.0,0.0,0.0,0.0,0.0,28.15,78.7,1007.869,5.075205326080322,7.323136806488037,0.0,0.0,0.0,0.0,0.0,0.0,0.0,0.0,0.0,0.0,0.0,0.0,0.0,0.0,26.921666666666663,84.7661111111111,1.431166666666667,0.0,3.2297668915528517,7.675110560197097,0.0,0.0,1.5100000000000016,-7.810000000000002,1.7202125787734983,2.008749961853028,3.0913331508636475,8.623567581176758,0.0,0.0,0.0,0.0,0.0,0.0,0.0,0.0,0.0,5,2,3,450,600,,3000,,9000,,,,,,,,,,5,2.0,2.0,0.5999723931246579,0.5999723931246579,659.9696324371237,0.0,0.0,0.0,0.0,2102.5974,8.634026,-2.3999976330935,0.2861823913968138,4.9878257513046265,3.6167051792144775,1.6328330039978027,-1.192861557006836,3.4782714385252733,-1.5448353107158956,0.0,0.0,0.0,0.3999999999999986,0.0,1626.447257861058,5,1,0,450,,9.0,0.0,0.0,0.0
2021-01-06 09:00:00,2021-01-06 10:00:00,0.0,0.0,0.0,0.7071067811865476,-0.7071067811865475,0.49999999999999994,0.8660254037844387,1,1,0.0,0.0,0.0,0.0,,39.11212239813292,1,1.0,30.09,29.8,30.3,68.39,1007.952,2.551,7.392399,287.4,0.0,600.9,9.577799797058104,5.726020336151123,267.3797912597656,12.287999153137209,0,0,0,1,0,29.5,23.9,72.0,8.0,300.0,6.0,,,0.0,0.0,0.0,0.0,0.0,0.0,0.0,28.78,76.29,1007.878,4.3243937492370605,7.185091018676758,0.0,0.0,0.0,0.0,0.0,0.0,0.0,0.0,0.0,0.0,0.0,0.0,0.0,0.0,27.223888888888887,83.22111111111113,1.5030555555555556,0.0,3.6831978133746555,7.535889829908099,0.0,0.0,1.3099999999999987,-7.900000000000006,6.708038330078125,1.7202125787734983,2.008749961853028,7.230599880218506,0.0,0.0,0.0,0.0,0.0,0.0,0.0,0.0,0.0,5,2,3,450,600,,3000,,9000,,,,,,,,,,2,2.0,2.0,0.6308399859230602,0.6308399859230602,693.9239845153662,0.0,0.0,0.0,0.0,2057.8551,9.511449,-2.434267078045023,0.7628530610452761,2.8697614669799787,7.569049835205076,5.253406047821043,-1.4590706825256348,5.894601983683448,-1.8098694937569757,0.0,0.0,0.0,0.5,0.0,1531.0221222292603,5,1,0,450,,6.0,0.0,0.0,0.0
2021-01-06 09:10:00,2021-01-06 10:10:00,0.0,0.0,0.0,0.7071067811865476,-0.7071067811865475,0.49999999999999994,0.8660254037844387,1,1,0.0,0.0,0.0,0.0,,41.34237214871135,1,1.0,30.34,30.1,30.4,68.02,1007.926,2.5,5.559402,295.9,0.0,661.1,6.579230785369873,5.440185070037842,269.45770263671875,14.65000057220459,0,0,0,1,0,29.5,23.9,72.0,8.0,300.0,6.0,,,0.0,0.0,0.0,0.0,0.0,0.0,0.0,29.31,74.53,1007.865,4.069242477416992,7.495818614959717,0.0,0.0,0.0,0.0,0.0,0.0,0.0,0.0,0.0,0.0,0.0,0.0,0.0,0.0,27.542777777777776,81.67222222222225,1.587777777777778,0.0,3.876266678174337,7.396176179250081,0.0,0.0,1.0300000000000011,-6.510000000000005,9.577799797058104,6.708038330078125,1.7202125787734983,6.781936168670654,0.0,0.0,0.0,0.0,0.0,0.0,0.0,0.0,0.0,5,2,3,450,600,,3000,,9000,,,,,,,,,,2,2.0,2.0,0.6605570724283105,0.6605570724283105,726.6127796711415,0.0,0.0,0.0,0.0,2063.7268,9.702732000000001,-2.2488944473879515,1.0920044709192538,-2.9985690116882306,4.8590182065963745,2.509988307952881,-2.055633544921875,2.702964107195536,-1.9559911092122393,0.0,0.0,0.0,0.29999999999999716,0.0,1465.8997708909737,5,1,0,450,,6.0,0.0,0.0,0.0
2021-01-06 09:20:00,2021-01-06 10:20:00,0.0,0.0,0.0,0.7071067811865476,-0.7071067811865475,0.49999999999999994,0.8660254037844387,1,1,0.0,0.0,0.0,0.0,,43.55630728302954,1,1.0,30.36,30.1,30.7,67.0,1007.929,2.624,7.582419,262.1,0.0,600.5,3.507972955703736,5.536635398864746,268.7685241699219,17.718887329101562,0,0,0,1,0,29.5,23.9,72.0,8.0,300.0,6.0,,,0.0,0.0,0.0,0.0,0.0,0.0,0.0,29.49,73.58,1007.85,3.0913331508636475,8.623567581176758,0.0,0.0,0.0,0.0,0.0,0.0,0.0,0.0,0.0,0.0,0.0,0.0,0.0,0.0,27.862777777777776,80.09444444444446,1.6505,0.0,3.853248320519924,7.279954880475998,0.0,0.0,0.870000000000001,-6.579999999999998,6.579230785369873,9.577799797058104,6.708038330078125,6.130275249481201,0.0,0.0,0.0,0.0,0.0,0.0,0.0,0.0,0.0,5,2,3,450,600,,3000,,9000,,,,,,,,,,2,2.0,2.0,0.6890671030115678,0.6890671030115678,757.9738133127246,0.0,0.0,0.0,0.0,2034.12,10.0188,-2.599096831537323,-0.3606544888014718,-3.0712578296661373,-3.200065374374389,0.41663980484008833,-3.0869321823120117,-0.34527536481618837,-1.7433194816112518,0.0,0.0,0.0,0.5999999999999979,0.0,1488.0733250198246,5,1,0,450,,6.0,0.0,0.0,0.0
2021-01-06 09:30:00,2021-01-06 10:30:00,0.0,0.0,0.0,0.7071067811865476,-0.7071067811865475,0.49999999999999994,0.8660254037844387,1,1,0.0,0.0,0.0,0.0,,45.75113972805592,1,1.0,30.19,30.1,30.3,68.19,1007.958,2.927,6.624856,289.5,0.0,607.6,2.2773332595825195,6.180240154266357,265.1197509765625,16.150768280029297,0,0,0,1,0,29.5,23.9,72.0,8.0,300.0,6.0,,,0.0,0.0,0.0,0.0,0.0,0.0,0.0,29.39,73.36,1007.861,2.008749961853028,7.230599880218506,0.0,0.0,0.0,0.0,0.0,0.0,0.0,0.0,0.0,0.0,0.0,0.0,0.0,0.0,28.171666666666667,78.59944444444447,1.7444444444444445,0.0,3.76054743458243,7.2152657789342545,0.0,0.0,0.8000000000000007,-5.170000000000002,3.507972955703736,6.579230785369873,9.577799797058104,5.726020336151123,0.0,0.0,0.0,0.0,0.0,0.0,0.0,0.0,0.0,5,2,3,450,600,,3000,,9000,,,,,,,,,,2,2.0,2.0,0.7163158237357544,0.7163158237357544,787.9474061093299,0.0,0.0,0.0,0.0,2058.6561,9.603439000000002,-2.7591116444268065,0.9770526769772474,-1.2306396961212163,-7.300466537475584,0.26858329772949174,-1.0503597259521484,-1.4832141749999104,-1.035025624667897,0.0,0.0,0.0,0.1999999999999993,0.0,1638.503730674449,5,1,0,450,,6.0,0.0,0.0,0.0
2021-01-06 09:40:00,2021-01-06 10:40:00,0.0,0.0,0.0,0.7071067811865476,-0.7071067811865475,0.49999999999999994,0.8660254037844387,1,1,0.0,0.0,0.0,0.0,,47.923553349617066,1,1.0,30.43,30.1,30.7,68.26,1007.946,2.701,6.321231,302.1,0.0,570.4,,,,,,0,0,0,0,29.5,23.9,72.0,8.0,300.0,6.0,,,0.0,0.0,0.0,0.0,0.0,0.0,0.0,29.76,71.88,1007.913,1.7202125787734983,6.781936168670654,0.0,0.0,0.0,0.0,0.0,0.0,0.0,0.0,0.0,0.0,0.0,0.0,0.0,0.0,28.488888888888887,77.1138888888889,1.8213333333333332,0.0,3.76054743458243,7.2152657789342545,0.0,0.0,0.6699999999999982,-3.6199999999999903,2.2773332595825195,3.507972955703736,6.579230785369873,5.440185070037842,0.0,0.0,0.0,0.0,0.0,0.0,0.0,0.0,0.0,5,2,3,450,600,,3000,,9000,,,,,,,,,,2,2.0,2.0,0.7422513795962162,0.7422513795962162,816.4765175558379,0.0,0.0,0.0,0.0,2077.1518,9.658481999999998,-2.288076309653152,1.4353075632783427,,,,,,,0.0,0.0,0.0,0.5999999999999979,,,5,1,0,450,,6.0,0.0,0.0,0.0
2021-01-06 09:50:00,2021-01-06 10:50:00,0.0,0.0,0.0,0.7071067811865476,-0.7071067811865475,0.49999999999999994,0.8660254037844387,1,1,0.0,0.0,0.0,0.0,,50.0695740912427,1,1.0,30.04,29.9,30.2,69.77,1007.951,2.955,5.594047,301.6,0.0,386.0,3.581099033355713,5.97730827331543,266.0608825683594,14.065383911132812,0,0,0,1,0,29.5,23.9,72.0,8.0,300.0,6.0,,,0.0,0.0,0.0,0.0,0.0,0.0,0.0,29.66,70.89,1007.983,6.708038330078125,6.130275249481201,0.0,0.0,0.0,0.0,0.0,0.0,0.0,0.0,0.0,0.0,0.0,0.0,0.0,0.0,28.77444444444445,75.75111111111111,1.9271666666666667,0.0,3.8387719533022713,7.016590062309714,0.0,0.0,0.379999999999999,-1.1200000000000045,,2.2773332595825195,3.507972955703736,5.536635398864746,0.0,0.0,0.0,0.0,0.0,0.0,0.0,0.0,0.0,5,2,3,450,600,,3000,,9000,,,,,,,,,,2,2.0,2.0,0.7668244131988019,0.7668244131988019,843.5068545186821,0.0,0.0,0.0,0.0,2095.8907999999997,9.081092000000002,-2.5168530903927055,1.5483783521415841,,0.0731260776519771,-3.126939296722412,-0.15296697616577148,-0.2576729199465584,-1.039281788994284,0.0,0.0,0.0,0.3000000000000007,0.0,1590.3279145814595,5,1,0,450,,6.0,0.0,0.0,0.0
2021-01-06 10:00:00,2021-01-06 11:00:00,0.0,0.0,0.0,0.49999999999999994,-0.8660254037844387,0.49999999999999994,0.8660254037844387,1,1,0.0,0.0,0.0,0.0,,52.18440491885489,1,1.0,30.1,29.9,30.3,70.99,1007.755,3.016,6.009972,286.0,0.0,667.0,4.436530590057373,5.998949527740479,265.818359375,17.23384666442871,0,0,0,1,0,29.8,24.2,72.0,8.0,280.0,6.0,,,0.0,0.0,0.0,0.0,0.0,0.0,0.0,30.09,68.39,1007.952,9.577799797058104,5.726020336151123,0.0,0.0,0.0,0.0,0.0,0.0,0.0,0.0,0.0,0.0,0.0,0.0,0.0,0.0,29.043888888888887,74.55611111111112,2.0525,0.0,3.9775112166124234,6.841035927043242,0.0,0.0,0.010000000000001563,2.5999999999999943,3.581099033355713,,2.2773332595825195,6.180240154266357,0.0,0.0,0.0,0.0,0.0,0.0,0.0,0.0,0.0,6,3,3,450,600,750,3000,,9000,,,,,,,,,,3,2.0,2.0,0.7899881586875719,0.7899881586875719,868.9869745563291,0.0,0.0,0.0,0.0,2136.799,8.732010000000002,-2.8991652749499695,0.8313222651440701,0.8554315567016602,2.1591973304748535,-5.141269207000731,0.27292919158935636,0.4590193734449497,-0.8420863993027625,0.0,0.0,0.0,0.40000000000000213,0.0,1594.6309214374053,6,1,0,450,,7.0,0.0,0.0,0.0
2021-01-06 10:10:00,2021-01-06 11:10:00,0.0,0.0,0.0,0.49999999999999994,-0.8660254037844387,0.49999999999999994,0.8660254037844387,1,1,0.0,0.0,0.0,0.0,,54.262215969838095,1,1.0,30.34,30.1,30.8,71.4,1007.64,2.79,5.102414,285.7,0.0,788.8,4.138020992279053,6.285874843597412,264.0965576171875,17.53416633605957,0,0,0,1,0,29.8,24.2,72.0,8.0,280.0,6.0,,,0.0,0.0,0.0,0.0,0.0,0.0,0.0,30.34,68.02,1007.926,6.579230785369873,5.440185070037842,0.0,0.0,0.0,0.0,0.0,0.0,0.0,0.0,0.0,0.0,0.0,0.0,0.0,0.0,29.30166666666667,73.43944444444445,2.161111111111111,0.0,4.0918572860605575,6.725672553567326,0.0,0.0,0.0,3.3800000000000097,4.436530590057373,3.581099033355713,,,0.0,0.0,0.0,0.0,0.0,0.0,0.0,0.0,0.0,6,3,3,450,600,750,3000,,9000,,,,,,,,,,3,2.0,2.0,0.8116985307434044,0.8116985307434044,892.8683838177448,0.0,0.0,0.0,0.0,2166.2760000000003,8.677239999999998,-2.6859099725298763,0.7549752442726586,-0.2985095977783203,,-2.4412097930908203,0.8456897735595703,0.04616370621849519,-0.4397977099699135,0.0,0.0,0.0,0.6999999999999993,0.0,1660.0779078065534,6,1,0,450,,7.0,0.0,0.0,0.0
2021-01-06 10:20:00,2021-01-06 11:20:00,0.0,0.0,0.0,0.49999999999999994,-0.8660254037844387,0.49999999999999994,0.8660254037844387,1,1,0.0,0.0,0.0,0.0,,56.29587855613665,1,1.0,30.51,30.2,30.8,70.49,1007.591,2.648,6.131657,286.3,0.0,639.4,2.53165054321289,7.677592277526855,254.9146728515625,22.64875030517578,0,0,0,1,0,29.8,24.2,72.0,8.0,280.0,6.0,,,0.0,0.0,0.0,0.0,0.0,0.0,0.0,30.36,67.0,1007.929,3.507972955703736,5.536635398864746,0.0,0.0,0.0,0.0,0.0,0.0,0.0,0.0,0.0,0.0,0.0,0.0,0.0,0.0,29.53277777777778,72.52222222222223,2.221388888888889,0.0,4.104477833299076,6.750497649697697,0.0,0.0,0.15000000000000213,3.489999999999995,4.138020992279053,4.436530590057373,3.581099033355713,5.97730827331543,0.0,0.0,0.0,0.0,0.0,0.0,0.0,0.0,0.0,6,3,3,450,600,750,3000,,9000,,,,,,,,,,3,2.0,2.0,0.8319142084841111,0.8319142084841111,915.1056293325222,0.0,0.0,0.0,0.0,2150.6499,9.003501000000002,-2.541564413150295,0.7432054452222457,-1.6063704490661626,-1.0494484901428227,-0.9763224124908456,2.1409568786621085,-1.572827290086186,0.9270946278291579,0.0,0.0,0.0,0.6000000000000014,0.0,1957.1309237134408,6,1,0,450,,7.0,0.0,0.0,0.0
2021-01-06 10:30:00,2021-01-06 11:30:00,0.0,0.0,0.0,0.49999999999999994,-0.8660254037844387,0.49999999999999994,0.8660254037844387,1,1,0.0,0.0,0.0,0.0,,58.27663072337286,1,1.0,30.29,30.2,30.4,71.78,1007.519,3.316,5.978201,288.2,0.0,762.2,2.2097978591918945,8.870757102966309,246.91232299804688,25.55666923522949,0,0,0,1,0,29.8,24.2,72.0,8.0,280.0,6.0,,,0.0,0.0,0.0,0.0,0.0,0.0,0.0,30.19,68.19,1007.958,2.2773332595825195,6.180240154266357,0.0,0.0,0.0,0.0,0.0,0.0,0.0,0.0,0.0,0.0,0.0,0.0,0.0,0.0,29.715,71.88222222222223,2.3008333333333333,0.0,4.019444640944986,6.83142962175257,0.0,0.0,0.09999999999999787,3.5900000000000034,2.53165054321289,4.138020992279053,4.436530590057373,5.998949527740479,0.0,0.0,0.0,0.0,0.0,0.0,0.0,0.0,0.0,6,3,3,450,600,750,3000,,9000,,,,,,,,,,3,2.0,2.0,0.8505967141064089,0.8505967141064089,935.6563855170498,0.0,0.0,0.0,0.0,2174.2162,8.547837999999999,-3.150107322855748,1.0357025897865617,-0.32185268402099565,-2.2267327308654785,-0.067535400390625,2.690516948699951,-1.8096467817530915,2.0393274812137383,0.0,0.0,0.0,0.1999999999999993,0.0,2190.2992430448357,6,1,0,450,,7.0,0.0,0.0,0.0
2021-01-06 10:40:00,2021-01-06 11:40:00,0.0,0.0,0.0,0.49999999999999994,-0.8660254037844387,0.49999999999999994,0.8660254037844387,1,1,0.0,0.0,0.0,0.0,,60.19366347621783,1,1.0,30.55,30.3,30.9,72.15,1007.356,2.82,6.21488,292.6,0.0,883.0,2.01737380027771,8.746606826782227,247.35585021972656,26.479475021362305,0,0,0,1,0,29.8,24.2,72.0,8.0,280.0,6.0,,,0.0,0.0,0.0,0.0,0.0,0.0,0.0,30.43,68.26,1007.946,,,0.0,0.0,0.0,0.0,0.0,0.0,0.0,0.0,0.0,0.0,0.0,0.0,0.0,0.0,29.876666666666665,71.42611111111111,2.3732222222222226,0.0,3.9914108935524437,6.894740890054142,0.0,0.0,0.120000000000001,3.8900000000000006,2.2097978591918945,2.53165054321289,4.138020992279053,6.285874843597412,0.0,0.0,0.0,0.0,0.0,0.0,0.0,0.0,0.0,6,3,3,450,600,750,3000,,9000,,,,,,,,,,3,2.0,2.0,0.8677104861200609,0.8677104861200609,954.481534732067,0.0,0.0,0.0,0.0,2204.1825000000003,8.508175,-2.603452812258606,1.0837128099006468,-0.19242405891418457,-2.1206471920013428,,,-1.9740370932747338,1.8518659367280845,0.0,0.0,0.0,0.5999999999999979,0.0,2163.5243681763823,6,1,0,450,,7.0,0.0,0.0,0.0
2021-01-06 10:50:00,2021-01-06 11:50:00,0.0,0.0,0.0,0.49999999999999994,-0.8660254037844387,0.49999999999999994,0.8660254037844387,1,1,0.0,0.0,0.0,0.0,,62.0336236427994,1,1.0,30.77,30.4,31.1,72.42,1007.232,2.975,5.77255,280.7,0.0,910.0,2.320485591888428,8.155826568603516,251.5157165527344,27.05764579772949,0,0,0,1,0,29.8,24.2,72.0,8.0,280.0,6.0,,,0.0,0.0,0.0,0.0,0.0,0.0,0.0,30.04,69.77,1007.951,3.581099033355713,5.97730827331543,0.0,0.0,0.0,0.0,0.0,0.0,0.0,0.0,0.0,0.0,0.0,0.0,0.0,0.0,30.022222222222226,71.07722222222222,2.4700000000000006,0.0,3.829368556247038,6.943722640766817,0.0,0.0,0.7300000000000004,2.6500000000000057,2.01737380027771,2.2097978591918945,2.53165054321289,7.677592277526855,0.0,0.0,0.0,0.0,0.0,0.0,0.0,0.0,0.0,6,3,3,450,600,750,3000,,9000,,,,,,,,,,3,2.0,2.0,0.883222947034809,0.883222947034809,971.5452417382899,0.0,0.0,0.0,0.0,2228.3634,8.486365999999999,-2.9232730697172555,0.5523581807720914,0.3031117916107182,-0.211164951324462,-1.2606134414672847,2.178518295288086,-1.5088829643586097,1.212103927836699,0.0,0.0,0.0,0.7000000000000028,0.0,2051.3185634821425,6,1,0,450,,7.0,0.0,0.0,0.0
2021-01-06 11:00:00,2021-01-06 12:00:00,0.0,0.0,0.0,0.258819045102521,-0.9659258262890682,0.49999999999999994,0.8660254037844387,1,1,0.0,0.0,0.0,0.0,,63.780047330420125,1,1.0,30.52,30.2,30.9,73.88,1007.132,2.917,6.296451,280.1,0.0,927.0,3.139120817184448,7.722912311553955,255.2642974853516,26.97217559814453,0,0,0,1,0,30.2,25.1,74.0,8.0,290.0,6.0,,,0.0,0.0,0.0,0.0,0.0,0.0,0.0,30.1,70.99,1007.755,4.436530590057373,5.998949527740479,0.0,0.0,0.0,0.0,0.0,0.0,0.0,0.0,0.0,0.0,0.0,0.0,0.0,0.0,30.118888888888893,70.94333333333333,2.572944444444445,0.0,3.7596466190674724,6.975359187406652,0.0,0.0,0.41999999999999815,2.8900000000000006,2.320485591888428,2.01737380027771,2.2097978591918945,8.870757102966309,0.0,0.0,0.0,0.0,0.0,0.0,0.0,0.0,0.0,5,3,2,450,600,750,3000,,9000,,,,,,,,,,1,2.0,2.0,0.8971045653712673,0.8971045653712673,986.815021908394,0.0,0.0,0.0,0.0,2254.8176,7.971824000000002,-2.8717957759854316,0.5115447400103275,0.8186352252960196,0.9293229579925533,-1.2974097728729252,1.7239627838134757,-0.6205258018830246,0.747553124147303,0.0,0.0,0.0,0.6999999999999993,0.0,1971.383785749793,5,1,0,450,,5.0,0.0,0.0,0.0
2021-01-06 11:10:00,2021-01-06 12:10:00,0.0,0.0,0.0,0.258819045102521,-0.9659258262890682,0.49999999999999994,0.8660254037844387,1,1,0.0,0.0,0.0,0.0,,65.41277624586053,1,1.0,30.4,30.3,30.6,74.25,1007.008,3.295,5.752525,276.4,0.0,933.0,4.891628265380859,7.079057693481445,259.2215270996094,29.21210670471192,0,0,0,1,0,30.2,25.1,74.0,8.0,290.0,6.0,,,0.0,0.0,0.0,0.0,0.0,0.0,0.0,30.34,71.4,1007.64,4.138020992279053,6.285874843597412,0.0,0.0,0.0,0.0,0.0,0.0,0.0,0.0,0.0,0.0,0.0,0.0,0.0,0.0,30.179444444444446,70.92777777777776,2.679333333333334,0.0,3.8080222536535824,6.950843839084401,0.0,0.0,0.05999999999999872,2.8499999999999943,3.139120817184448,2.320485591888428,2.01737380027771,8.746606826782227,0.0,0.0,0.0,0.0,0.0,0.0,0.0,0.0,0.0,5,3,2,450,600,750,3000,,9000,,,,,,,,,,1,2.0,2.0,0.9093289118777262,0.9093289118777262,1000.2618030654988,0.0,0.0,0.0,0.0,2257.2,7.827999999999999,-3.274465293634165,0.3672901316198394,1.7525074481964116,2.8742544651031494,0.7536072731018066,0.7931828498840332,1.083606011727277,0.12821385439704436,0.0,0.0,0.0,0.3000000000000007,0.0,1835.0441457304987,5,1,0,450,,5.0,0.0,0.0,0.0
2021-01-06 11:20:00,2021-01-06 12:20:00,0.0,0.0,0.0,0.258819045102521,-0.9659258262890682,0.49999999999999994,0.8660254037844387,1,1,0.0,0.0,0.0,0.0,,66.90748007388412,1,1.0,30.08,29.9,30.4,75.59,1006.906,3.604,6.056738,281.9,0.0,962.0,6.6636576652526855,7.2577924728393555,258.0118408203125,31.921424865722656,0,0,0,1,0,30.2,25.1,74.0,8.0,290.0,6.0,,,0.0,0.0,0.0,0.0,0.0,0.0,0.0,30.51,70.49,1007.591,2.53165054321289,7.677592277526855,0.0,0.0,0.0,0.0,0.0,0.0,0.0,0.0,0.0,0.0,0.0,0.0,0.0,0.0,30.212222222222223,71.03944444444443,2.7778333333333336,0.0,4.018158989794114,6.8705041268292595,0.0,0.0,-0.43000000000000327,5.1000000000000085,4.891628265380859,3.139120817184448,2.320485591888428,8.155826568603516,0.0,0.0,0.0,0.0,0.0,0.0,0.0,0.0,0.0,5,3,2,450,600,750,3000,,9000,,,,,,,,,,1,2.0,2.0,0.9198727098458704,0.9198727098458704,1011.8599808304575,0.0,0.0,0.0,0.0,2273.7472,7.342527999999999,-3.52654638230681,0.7431598841694508,1.7720293998718262,4.343172073364258,4.132007122039795,-0.4197998046874991,2.6454986754585716,0.387288346010096,0.0,0.0,0.0,0.5,0.0,1872.59639620909,5,1,0,450,,5.0,0.0,0.0,0.0
2021-01-06 11:30:00,2021-01-06 12:30:00,0.0,0.0,0.0,0.258819045102521,-0.9659258262890682,0.49999999999999994,0.8660254037844387,1,1,0.0,0.0,0.0,0.0,,68.2355207502893,1,1.0,30.07,30.0,30.2,76.73,1006.722,3.415,5.618125,280.8,0.0,976.0,5.768571376800537,8.505868911743164,249.80596923828125,33.046390533447266,0,0,0,1,0,30.2,25.1,74.0,8.0,290.0,6.0,,,0.0,0.0,0.0,0.0,0.0,0.0,0.0,30.29,71.78,1007.519,2.2097978591918945,8.870757102966309,0.0,0.0,0.0,0.0,0.0,0.0,0.0,0.0,0.0,0.0,0.0,0.0,0.0,0.0,30.25,71.22666666666665,2.8531666666666666,0.0,4.239324955379262,6.945519952213063,0.0,0.0,-0.21999999999999886,4.950000000000003,6.6636576652526855,4.891628265380859,3.139120817184448,7.722912311553955,0.0,0.0,0.0,0.0,0.0,0.0,0.0,0.0,0.0,5,3,2,450,600,750,3000,,9000,,,,,,,,,,1,2.0,2.0,0.9287158794296024,0.9287158794296024,1021.5874673725626,0.0,0.0,0.0,0.0,2307.2711,6.9972889999999985,-3.354510961238472,0.6399071893102514,-0.8950862884521484,2.6294505596160893,3.5587735176086426,-0.36488819122314453,1.5292464214212753,1.560348959530101,0.0,0.0,0.0,0.1999999999999993,0.0,2124.8168277117657,5,1,0,450,,5.0,0.0,0.0,0.0
2021-01-06 11:40:00,2021-01-06 12:40:00,0.0,0.0,0.0,0.258819045102521,-0.9659258262890682,0.49999999999999994,0.8660254037844387,1,1,0.0,0.0,0.0,0.0,,69.36453544734914,1,1.0,30.31,30.1,30.4,76.93,1006.607,3.488,5.888524,276.1,0.0,985.0,3.979886054992676,9.140182495117188,245.8614654541016,38.44780349731445,0,0,0,1,0,30.2,25.1,74.0,8.0,290.0,6.0,,,0.0,0.0,0.0,0.0,0.0,0.0,0.0,30.55,72.15,1007.356,2.01737380027771,8.746606826782227,0.0,0.0,0.0,0.0,0.0,0.0,0.0,0.0,0.0,0.0,0.0,0.0,0.0,0.0,30.28055555555555,71.50722222222221,2.942166666666667,0.0,4.372246924568625,7.084240324356976,0.0,0.0,-0.240000000000002,4.780000000000001,5.768571376800537,6.6636576652526855,4.891628265380859,7.079057693481445,0.0,0.0,0.0,0.0,0.0,0.0,0.0,0.0,0.0,5,3,2,450,600,750,3000,,9000,,,,,,,,,,1,2.0,2.0,0.9358415758825989,0.9358415758825989,1029.4257334708589,0.0,0.0,0.0,0.0,2331.7483,6.992516999999998,-3.4682507491366175,0.37064908082078246,-1.7886853218078613,-0.9117422103881836,1.9625122547149658,0.39357566833496094,-0.39236086957594907,2.0559421707602112,0.0,0.0,0.0,0.29999999999999716,0.0,2247.2186627674387,5,1,0,450,,5.0,0.0,0.0,0.0
2021-01-06 11:50:00,2021-01-06 12:50:00,0.0,0.0,0.0,0.258819045102521,-0.9659258262890682,0.49999999999999994,0.8660254037844387,1,1,0.0,0.0,0.0,0.0,,70.26021088320164,1,1.0,30.14,29.8,30.4,77.43,1006.388,3.341,5.828864,281.3,0.0,781.3,5.1761250495910645,8.62536334991455,249.0322265625,37.63923263549805,0,0,0,1,0,30.2,25.1,74.0,8.0,290.0,6.0,,,0.0,0.0,0.0,0.0,0.0,0.0,0.0,30.77,72.42,1007.232,2.320485591888428,8.155826568603516,0.0,0.0,0.0,0.0,0.0,0.0,0.0,0.0,0.0,0.0,0.0,0.0,0.0,0.0,30.307222222222215,71.87055555555555,2.9935,0.0,4.282134378657622,7.231010212617762,0.0,0.0,-0.629999999999999,5.010000000000005,3.979886054992676,5.768571376800537,6.6636576652526855,7.2577924728393555,0.0,0.0,0.0,0.0,0.0,0.0,0.0,0.0,0.0,5,3,2,450,600,750,3000,,9000,,,,,,,,,,1,2.0,2.0,0.9412362216417834,0.9412362216417834,1035.3598438059619,0.0,0.0,0.0,0.0,2333.7402,6.802597999999998,-3.2762335742042343,0.6546560679142516,1.1962389945983887,-1.487532615661621,2.8556394577026363,0.46953678131103516,0.8939906709334426,1.3943531372967888,0.0,0.0,0.0,0.5999999999999979,0.0,2147.9934399398044,5,1,0,450,,5.0,0.0,0.0,0.0
2021-01-06 12:00:00,2021-01-06 13:00:00,0.0,0.0,0.0,1.2246467991473532e-16,-1.0,0.49999999999999994,0.8660254037844387,1,1,0.0,0.0,0.0,0.0,,70.88960530511197,1,1.0,30.36,30.1,30.6,76.66,1006.174,3.171,6.0307,278.1,0.0,905.0,5.755731582641602,9.262866973876951,244.71450805664065,37.23374938964844,0,0,0,1,0,30.5,25.7,76.0,9.0,290.0,5.0,,,0.0,0.0,0.0,0.0,0.0,0.0,0.0,30.52,73.88,1007.132,3.139120817184448,7.722912311553955,0.0,0.0,0.0,0.0,0.0,0.0,0.0,0.0,0.0,0.0,0.0,0.0,0.0,0.0,30.32222222222222,72.33,3.0279444444444445,0.0,4.0573068366331215,7.439060014836929,0.0,0.0,-0.16000000000000014,2.780000000000001,5.1761250495910645,3.979886054992676,5.768571376800537,8.505868911743164,0.0,0.0,0.0,0.0,0.0,0.0,0.0,0.0,0.0,5,3,2,600,750,,3000,,9000,,,,,,,,,,5,2.0,2.0,0.9448895321956017,0.9448895321956017,1039.3784854151618,0.0,0.0,0.0,0.0,2327.3976,7.086024000000001,-3.1393650186192037,0.44679780647407424,0.5796065330505371,-0.012839794158935547,2.6166107654571538,1.5399546623229963,1.69842474600848,1.8238069590400228,0.0,0.0,0.0,0.5,0.0,2266.757934706402,5,1,0,600,,9.0,0.0,0.0,0.0
2021-01-06 12:10:00,2021-01-06 13:10:00,3.9,3.9,0.0037446926569753214,1.2246467991473532e-16,-1.0,0.49999999999999994,0.8660254037844387,1,1,0.0,0.0,0.0,0.0,,71.22584574148334,1,1.0,30.62,30.5,30.7,75.09,1005.954,3.667,7.413008,276.3,0.0,858.0,5.13890266418457,9.667597770690918,241.8964385986328,41.97175216674805,0,0,0,1,0,30.5,25.7,76.0,9.0,290.0,5.0,,,0.0,0.0,0.0,0.0,0.0,0.0,0.0,30.4,74.25,1007.008,4.891628265380859,7.079057693481445,0.0,0.0,0.0,0.0,0.0,0.0,0.0,0.0,0.0,0.0,0.0,0.0,0.0,0.0,30.337777777777767,72.72277777777778,3.092777777777778,0.0,3.972581653033986,7.687731350169463,0.0,0.0,0.22000000000000242,0.8400000000000034,5.755731582641602,5.1761250495910645,3.979886054992676,9.140182495117188,0.0,0.0,0.0,0.0,0.0,0.0,0.0,0.0,0.0,5,3,2,600,750,,3000,,9000,,,,,,,,,,5,2.0,2.0,0.9467945356878219,0.9467945356878219,1041.473989256604,0.0,0.0,0.0,0.0,2299.2558000000004,7.6274419999999985,-3.6448548236541436,0.4023957187708633,-0.6168289184570312,1.1590166091918945,0.24727439880371094,2.5885400772094727,1.1663210111505844,1.9798664205214553,0.0,0.0,0.0,0.1999999999999993,0.0,2338.557470534215,5,1,0,600,,9.0,0.0,0.0,0.0
2021-01-06 12:20:00,2021-01-06 13:20:00,13.6,13.6,0.013056304851038167,1.2246467991473532e-16,-1.0,0.49999999999999994,0.8660254037844387,1,1,0.0,0.0,0.0,0.0,,71.25311186634248,1,1.0,30.46,30.3,30.7,78.33,1005.751,3.715,5.979727,275.9,0.0,796.9,4.579999923706055,10.137147903442385,238.79624938964844,40.76705551147461,0,0,0,1,0,30.5,25.7,76.0,9.0,290.0,5.0,,,0.0,0.0,0.0,0.0,0.0,0.0,0.0,30.08,75.59,1006.906,6.6636576652526855,7.2577924728393555,0.0,0.0,0.0,0.0,0.0,0.0,0.0,0.0,0.0,0.0,0.0,0.0,0.0,0.0,30.34333333333333,73.35222222222222,3.153388888888889,0.0,4.035642062916475,7.958349732791676,0.0,0.0,0.38000000000000256,2.739999999999995,5.13890266418457,5.755731582641602,5.1761250495910645,8.62536334991455,0.0,0.0,0.0,0.0,0.0,0.0,0.0,0.0,0.0,5,3,2,600,750,,3000,,9000,,,,,,,,,,5,2.0,2.0,0.9469475862194864,0.9469475862194864,1041.642344841435,0.0,0.0,0.0,0.0,2385.9318,6.600682000000001,-3.695320965590302,0.3818742741646205,-0.5589027404785156,-0.5961251258850098,-2.083657741546631,2.879355430603029,0.5443578607895798,2.1787981706507082,0.0,0.0,0.0,0.3999999999999986,0.0,2420.7128988501795,5,1,0,600,,9.0,0.0,0.0,0.0
2021-01-06 12:30:00,2021-01-06 13:30:00,28.1,28.1,0.02702226537207442,1.2246467991473532e-16,-1.0,0.49999999999999994,0.8660254037844387,1,1,0.0,0.0,0.0,0.0,,70.97006886705934,1,1.0,29.91,29.7,30.2,79.24,1005.583,3.138,6.68191,282.6,0.0,355.4,4.911489486694336,10.487862586975098,236.38804626464844,42.65202713012695,0,0,0,1,0,30.5,25.7,76.0,9.0,290.0,5.0,,,0.0,0.0,0.0,0.0,0.0,0.0,0.0,30.07,76.73,1006.722,5.768571376800537,8.505868911743164,0.0,0.0,0.0,0.0,0.0,0.0,0.0,0.0,0.0,0.0,0.0,0.0,0.0,0.0,30.327777777777776,73.9661111111111,3.165111111111111,0.0,4.19059242921717,8.211739287656897,0.0,0.0,-0.16000000000000014,2.509999999999991,4.579999923706055,5.13890266418457,5.755731582641602,9.262866973876951,0.0,0.0,0.0,0.0,0.0,0.0,0.0,0.0,0.0,5,3,2,600,750,,3000,,9000,,,,,,,,,,5,2.0,2.0,0.9453483708236374,0.9453483708236374,1039.8832079060012,0.0,0.0,0.0,0.0,2370.0683999999997,6.209316000000001,-3.062426798963789,0.6845334915023515,0.33148956298828125,-0.8442420959472656,-0.8570818901062012,1.9819936752319336,0.720897057477166,2.2761232993182006,0.0,0.0,0.0,0.5,0.0,2479.205346427145,5,1,0,600,,9.0,0.0,0.0,0.0
2021-01-06 12:40:00,2021-01-06 13:40:00,41.6,41.6,0.04014669365965055,1.2246467991473532e-16,-1.0,0.49999999999999994,0.8660254037844387,1,1,0.0,0.0,0.0,0.0,,70.39017396333273,1,1.0,29.51,29.3,29.9,78.85,1005.445,3.311,6.804893,282.6,0.0,201.3,5.3640618324279785,10.215052604675291,238.125732421875,41.67853546142578,0,0,0,1,0,30.5,25.7,76.0,9.0,290.0,5.0,,,0.0,0.0,0.0,0.0,0.0,0.0,0.0,30.31,76.93,1006.607,3.979886054992676,9.140182495117188,0.0,0.0,0.0,0.0,0.0,0.0,0.0,0.0,0.0,0.0,0.0,0.0,0.0,0.0,30.276666666666667,74.55444444444443,3.199,0.0,4.2557851738399926,8.323034471935696,0.0,0.0,-0.7999999999999972,1.9199999999999875,4.911489486694336,4.579999923706055,5.13890266418457,9.667597770690918,0.0,0.0,0.0,0.0,0.0,0.0,0.0,0.0,0.0,5,3,2,600,750,,3000,,9000,,,,,,,,,,5,2.0,2.0,0.941999910099471,0.941999910099471,1036.199901109418,0.0,0.0,0.0,0.0,2326.8635,6.241365000000002,-3.231260398779192,0.7222722722639535,0.4525723457336426,0.2251591682434082,1.3841757774353027,1.0748701095581037,1.108276658587986,1.8920181327395955,0.0,0.0,0.0,0.5999999999999979,0.0,2432.4668832162856,5,1,0,600,,9.0,0.0,0.0,0.0
2021-01-06 12:50:00,2021-01-06 13:50:00,52.8,52.8,0.05123232130999469,1.2246467991473532e-16,-1.0,0.49999999999999994,0.8660254037844387,1,1,0.0,0.0,0.0,0.0,,69.53870524786026,1,1.0,29.45,29.3,29.8,77.28,1005.311,4.322,8.693896,283.5,0.0,409.6,5.584666728973389,10.243029594421388,237.9442749023437,45.37191009521485,0,0,0,1,0,30.5,25.7,76.0,9.0,290.0,5.0,,,0.0,0.0,0.0,0.0,0.0,0.0,0.0,30.14,77.43,1006.388,5.1761250495910645,8.62536334991455,0.0,0.0,0.0,0.0,0.0,0.0,0.0,0.0,0.0,0.0,0.0,0.0,0.0,0.0,30.243888888888893,74.97166666666665,3.2749444444444444,0.0,4.367094490263197,8.560018989774916,0.0,0.0,-0.6900000000000013,-0.15000000000000568,5.3640618324279785,4.911489486694336,4.579999923706055,10.137147903442385,0.0,0.0,0.0,0.0,0.0,0.0,0.0,0.0,0.0,5,3,2,600,750,,3000,,9000,,,,,,,,,,5,2.0,2.0,0.936908552504645,0.936908552504645,1030.5994077551095,0.0,0.0,0.0,0.0,2275.896,6.691039999999999,-4.202582795958758,1.0089508625852244,0.22060489654541016,1.004666805267334,0.4085416793823242,1.6176662445068377,1.2175722387101917,1.6830106046464728,0.0,0.0,0.0,0.5,0.0,2437.270249647845,5,1,0,600,,9.0,0.0,0.0,0.0
2021-01-06 13:00:00,2021-01-06 14:00:00,66.8,66.8,0.06529224799879617,-0.2588190451025208,-0.9659258262890683,0.49999999999999994,0.8660254037844387,1,1,0.0,0.0,0.0,0.0,,68.44790695274997,1,1.0,30.42,29.8,30.8,74.33,1005.104,4.627,9.095213,288.7,0.0,1046.0,5.6892852783203125,10.97526741027832,232.6578521728516,42.79249954223633,0,0,0,1,0,29.9,24.8,74.0,13.0,290.0,5.0,,,0.0,0.0,0.0,0.0,0.0,0.0,0.0,30.36,76.66,1006.174,5.755731582641602,9.262866973876951,0.0,0.0,0.0,0.0,0.0,0.0,0.0,0.0,0.0,0.0,0.0,0.0,0.0,0.0,30.26166666666667,75.15722222222222,3.364444444444445,0.0,4.436691972944471,8.836481094360352,0.0,0.0,0.060000000000002274,-2.3299999999999983,5.584666728973389,5.3640618324279785,4.911489486694336,10.487862586975098,0.0,0.0,0.0,0.0,0.0,0.0,0.0,0.0,0.0,6,4,3,450,600,750,3000,,9000,,,,,,,,,,21,6.0,2.0,0.9300839623165125,0.9300839623165125,1023.0923585481637,0.0,0.0,0.0,0.0,2261.1186000000002,7.808814000000001,-4.382741955130875,1.4834763074399238,0.10461854934692383,0.7777957916259766,-0.06644630432128906,1.712400436401369,1.2525933053758411,2.1387863159179688,0.0,0.0,0.0,1.0,0.0,2553.4821426980493,6,1,0,450,,29.0,0.0,0.0,0.0
2021-01-06 13:10:00,2021-01-06 14:10:00,94.4,90.5,0.09312484049619235,-0.2588190451025208,-0.9659258262890683,0.49999999999999994,0.8660254037844387,1,1,3.9,3.4,0.0,1.0,,67.1521353803862,1,1.0,30.53,30.3,30.8,73.67,1004.919,5.25,10.0165,281.0,0.0,761.6,5.397787570953369,11.200017929077148,231.05337524414065,43.07746505737305,0,0,0,1,0,29.9,24.8,74.0,13.0,290.0,5.0,,,0.0,0.0,0.0,0.0,0.0,0.0,0.0,30.62,75.09,1005.954,5.13890266418457,9.667597770690918,1.3,0.0,3.9,2.25166604983954,0.65,0.0,3.9,1.5921683328090657,0.21666666666666667,0.0,3.9,0.9192388155425117,0.18888888888888888,0.0,30.272222222222222,75.28333333333333,3.5011111111111113,0.0,4.506679005093044,9.10948904355367,3.9,3.9,-0.08999999999999986,-1.4200000000000017,5.6892852783203125,5.584666728973389,5.3640618324279785,10.215052604675291,0.0,0.0,0.0,0.0,0.0,0.0,0.0012824395407314622,0.0006412197703657311,0.0022212504421821894,6,4,3,450,600,750,3000,,9000,,,,,,,,,,21,6.0,2.0,0.9215391012851262,0.9215391012851262,1013.6930114136388,0.003847318622194387,0.005120798319327731,0.16999999999999998,0.0,2249.1451,8.038549,-5.153542713100236,1.0017472257268618,-0.29149770736694336,0.033725738525390625,0.25888490676879883,1.5324201583862305,0.8911085658603248,2.0905288855234776,3.9,3.9,0.195,0.5,0.0,2587.8019453081656,6,1,0,450,,29.0,0.000674205937369712,0.0010426089883909815,0.00022066571368476072
2021-01-06 13:20:00,2021-01-06 14:20:00,118.1,104.5,0.11781497912615037,-0.2588190451025208,-0.9659258262890683,0.49999999999999994,0.8660254037844387,1,1,13.6,13.2,0.0,3.9,,65.6842615113666,1,1.0,30.31,30.2,30.4,73.44,1004.847,4.635,7.368046,283.2,0.0,867.0,6.001455783843994,10.9375638961792,232.65252685546875,40.54056167602539,0,0,0,1,0,29.9,24.8,74.0,13.0,290.0,5.0,,,3.9,0.0,0.0,0.0,0.0,0.0,0.0,30.46,78.33,1005.751,4.579999923706055,10.137147903442385,5.833333333333333,0.0,13.6,7.0030945540763145,2.9166666666666665,0.0,13.6,5.461288004369178,0.9722222222222222,0.0,13.6,3.2823602618982717,0.922222222222222,0.0,30.261111111111106,75.44722222222224,3.6115000000000004,0.0,4.699445962905884,9.290598577923245,9.7,13.6,-0.15000000000000213,-4.890000000000001,5.397787570953369,5.6892852783203125,5.584666728973389,10.243029594421388,0.0,0.0,0.003847318622194387,0.0,0.0,0.0,0.005804832191354226,0.002902416095677113,0.006992208086470177,6,4,3,450,600,750,3000,,9000,,,,,,,,,,21,6.0,2.0,0.9112902040128256,0.9112902040128256,1002.4192244141082,0.01356717795186829,0.01568627450980392,0.6599999999999999,0.0,2225.9664,8.050336,-4.512538214817098,1.058406282962888,0.603668212890625,0.41678905487060547,1.4214558601379395,0.8004159927368146,1.3020098209381104,1.6469653182559547,13.6,13.6,0.6799999999999999,0.1999999999999993,0.0,2544.6518780892366,6,1,0,450,,29.0,0.005550631374265545,0.0035159909745760064,0.0015867708496053567
2021-01-06 17:30:00,2021-01-06 18:30:00,0.0,-424.01768884690995,0.0,-0.9659258262890683,-0.25881904510252063,0.49999999999999994,0.8660254037844387,1,1,424.01768884690995,202.7,754.9,201.0,,12.082404756015578,1,1.0,28.6,28.6,28.6,80.63,1005.004,4.513,8.477887,280.5,0.0,90.1,24.439796447753903,12.950377464294434,217.66079711914065,17.07074546813965,0,0,0,0,1,28.8,23.9,75.0,11.0,300.0,6.0,,,448.6,650.5169590595893,700.8,474.8,199.9,174.3,699.5,29.11,77.42,1004.276,32.58052444458008,14.427667617797852,482.1364841407112,424.01768884690995,573.7917635752237,80.32179151121295,522.3377352469538,424.01768884690995,650.5169590595893,83.05546875248466,491.8236895267624,250.2,700.8,131.79439066682323,218.14547244038025,481.3777777777776,29.24777777777778,76.78222222222222,4.635222222222223,0.0,22.111335886849297,12.463845147026909,-24.582311153090075,-276.78231115309,-0.509999999999998,3.2099999999999937,33.12693786621094,34.88373565673828,37.5984001159668,13.595422744750977,573.7917635752237,530.4,1.641007683196086,1.815677911532524,1.8164514468022896,1.4589109594315086,1.7660794015884695,1.5978561924565209,0.10908517801190755,7,4,3,450,600,600,3000,,9000,,,,,,,,,,2,2.0,2.0,0.20931828073962053,0.20931828073962053,230.25010881358259,1.841552610036799,4.706078677546171,0.4780460941410963,1.7803502539078124,2306.018,5.539820000000002,-4.437429397836127,0.8224289265460613,-8.687141418457035,-13.158603668212894,-8.140727996826175,-1.477290153503418,2.328460560904606,0.48653231726752466,450.59999999999997,226.4992702126794,-0.39495192801525403,0.0,0.0,2818.789481872082,7,1,0,450,,6.0,3.7568091349891346,0.2910238034579983,0.3807499101456492
2021-01-06 17:40:00,2021-01-06 18:40:00,0.0,-352.01927813975226,0.0,-0.9659258262890683,-0.25881904510252063,0.49999999999999994,0.8660254037844387,1,1,352.01927813975226,164.0,774.2,199.6,,9.774456032556142,1,1.0,28.5,28.5,28.5,80.79,1004.997,3.527,7.062358,281.1,0.0,65.36,,,,,1,1,0,0,0,28.8,23.9,75.0,11.0,300.0,6.0,,,424.01768884690995,573.7917635752237,530.4,510.6,250.2,449.0,95.9,28.98,78.54,1004.411,35.99052429199219,14.28286075592041,408.2123223288874,352.01927813975226,448.6,50.19278998858706,492.60761493691257,352.01927813975226,650.5169590595893,107.82499788546909,497.48031609008206,294.8,700.8,122.68401699929751,222.11769466260247,500.87222222222215,29.19166666666667,77.07999999999998,4.5566111111111125,0.0,22.98401871849509,12.61814723295324,-71.99841070715769,-178.38072186024772,-0.4800000000000004,2.25,24.439796447753903,33.12693786621094,34.88373565673828,13.319878578186035,448.6,506.7,1.841552610036799,1.641007683196086,1.815677911532524,1.2044357115573467,1.789188278627379,1.7112843309718386,0.13015427099683935,7,4,3,450,600,600,3000,,9000,,,,,,,,,,2,2.0,2.0,0.16977016147230553,0.16977016147230553,186.74717761953607,1.885004542649252,5.38585186872326,0.46588357565715965,2.199311367523006,2302.5150000000003,5.474849999999998,-3.4610192259006487,0.6790249759368763,,,,,,,405.99999999999994,298.4976809198371,-0.33631357816788787,0.0,,,7,1,0,450,,6.0,3.9327686514355022,0.29303607939752996,0.39178064168612814
2021-01-06 17:50:00,2021-01-06 18:50:00,0.0,-282.8617371256623,0.0,-0.9659258262890683,-0.25881904510252063,0.49999999999999994,0.8660254037844387,1,1,282.8617371256623,155.2,786.7,199.1,,7.466575807135939,1,1.0,28.5,28.5,28.5,80.48,1005.032,3.238,8.280425,282.6,0.0,47.45,,,,,1,1,0,0,0,28.8,23.9,75.0,11.0,300.0,6.0,,,352.01927813975226,448.6,506.7,564.8,294.8,394.7,165.4,28.88,75.87,1004.412,36.777191162109375,13.790132522583008,352.9662347041082,282.8617371256623,424.01768884690995,70.5827402530809,455.3012377911896,282.8617371256623,650.5169590595893,136.80299275426623,496.8170792637299,282.8617371256623,700.8,123.87070167557235,225.13436132926913,518.311111111111,29.117222222222228,77.44166666666666,4.455666666666667,0.0,23.884588181972504,12.799852669239044,-69.15754101408999,-223.83826287433772,-0.379999999999999,4.609999999999999,,24.439796447753903,33.12693786621094,13.129326820373535,424.01768884690995,650.5169590595893,1.885004542649252,1.841552610036799,1.641007683196086,1.26801179161408,1.9018019546859766,1.8297571509314716,0.07017242798137865,7,4,3,450,600,600,3000,,9000,,,,,,,,,,2,2.0,2.0,0.12994779857239788,0.12994779857239788,142.94257842963768,1.9788487113718791,5.961258948907529,0.5486779568600749,2.781217452717919,2293.6800000000003,5.563199999999999,-3.160018475157664,0.7063478156420059,,,,,,,417.9382628743377,367.65522193392707,-0.44175698218736476,0.0,,,7,1,0,450,,6.0,4.017190107154952,0.28128795952655083,0.4506982776830091
2021-01-06 18:00:00,2021-01-06 19:00:00,0.0,-217.56226594726922,0.0,-1.0,-1.8369701987210297e-16,0.49999999999999994,0.8660254037844387,1,1,217.56226594726922,124.45610176660385,783.2,202.0,,5.159404417725602,1,1.0,28.47,28.4,28.5,81.22,1005.34,3.643,6.281801,288.8,0.0,24.75,,,,,1,1,0,0,0,28.5,24.7,80.0,10.0,290.0,5.0,,,282.8617371256623,424.01768884690995,650.5169590595893,608.8,342.2,302.6,681.4,28.8,76.1,1004.604,37.5984001159668,13.595422744750977,284.14776040422794,217.56226594726922,352.01927813975226,67.23773065650822,383.1421222724696,217.56226594726922,573.7917635752237,127.07817068325943,489.8927607052449,217.56226594726922,700.8,135.9197299136414,226.2541447607471,531.6722222222221,29.019444444444446,77.90944444444445,4.35,0.0,25.01110766728719,12.991152826944987,-65.29947117839305,-432.9546931123201,-0.33000000000000185,5.1200000000000045,,,24.439796447753903,12.950377464294434,352.01927813975226,573.7917635752237,1.9788487113718791,1.885004542649252,1.841552610036799,1.8164514468022896,2.0210790470410216,1.8935792243147453,0.16138817798299457,8,5,3,450,600,600,3000,,9000,,,,,,,,,,14,2.0,2.0,0.08992694694808163,0.08992694694808163,98.9196416428898,2.1993838871019333,8.79039458372805,0.572048196063413,3.599888963235127,2312.3334,5.346666,-3.448643254601482,1.1740139277247512,,,,,,,483.23773405273073,356.2294976279545,-0.6655548131108141,0.10000000000000142,,,8,1,0,450,,18.0,4.183936643568593,0.3386945833811168,0.4633474609871105
2021-01-06 18:10:00,2021-01-06 19:10:00,0.0,-157.82360352644565,0.0,-1.0,-1.8369701987210297e-16,0.49999999999999994,0.8660254037844387,1,0,157.82360352644565,86.62161556674891,745.6139888409128,157.82360352644565,,2.8535777473457906,1,1.0,28.49,28.4,28.5,80.15,1005.674,4.173,8.773662,287.2,0.0,12.49,,,,,1,1,0,0,0,28.5,24.7,80.0,10.0,290.0,5.0,,,217.56226594726922,352.01927813975226,573.7917635752237,673.2,398.4,350.068116930975,464.9,28.75,78.32,1004.968,34.88373565673828,13.319878578186035,219.41586886645905,157.82360352644565,282.8617371256623,62.53967217958859,313.8140955976732,157.82360352644565,448.6,115.17569603551257,476.52740534560286,157.82360352644565,700.8,155.81749345166472,224.51090118112202,540.9118882689395,28.951111111111118,78.07444444444444,4.261722222222222,0.0,26.232857976640975,13.203438622610909,-59.73866242082357,-415.9681600487781,-0.26000000000000156,1.8300000000000125,,,,,282.8617371256623,448.6,2.1993838871019333,1.9788487113718791,1.885004542649252,1.815677911532524,2.3534059415421704,2.0712971100847746,0.4708566512465393,8,5,3,450,600,600,3000,,9000,,,,,,,,,,14,2.0,2.0,0.049783740008061295,0.049783740008061295,54.76211400886742,2.881985226152699,7.891180176322282,0.5488508285912646,4.724350301100395,2283.4735,5.655264999999998,-3.9863766051365404,1.233989692833806,,,,,,,542.9763964735544,290.77639647355437,-0.7249462025333602,0.10000000000000142,,,8,1,0,450,,18.0,4.619328283466409,0.4861285568508009,0.5046014847745752
2021-01-06 18:20:00,2021-01-06 19:20:00,0.0,-108.01732300108586,0.0,-1.0,-1.8369701987210297e-16,0.49999999999999994,0.8660254037844387,1,0,108.01732300108586,55.07763790068771,539.2213431781653,108.01732300108586,,0.5497353595148233,1,1.0,28.37,27.8,28.5,79.98,1005.856,4.991,8.759502,286.9,0.0,4.876,,,,,1,1,0,0,0,28.5,24.7,80.0,10.0,290.0,5.0,,,157.82360352644565,282.8617371256623,448.6,566.7,333.5,302.15038699586955,49.9,28.62,79.74,1005.069,33.12693786621094,13.129326820373535,161.13439749160025,108.01732300108586,217.56226594726922,54.84746711362723,257.0503160978542,108.01732300108586,424.01768884690995,119.31430458525736,464.0005899567744,108.01732300108586,700.8,175.7777362861533,220.0318810644936,553.485296223282,28.90888888888889,78.14111111111112,4.273944444444445,0.0,27.567187309265137,13.396701079148512,-49.806280525359796,-340.58267699891417,-0.25,0.2400000000000091,,,,,217.56226594726922,424.01768884690995,2.881985226152699,2.1993838871019333,1.9788487113718791,1.641007683196086,3.3304158104952695,2.616108882590623,1.4097916537652018,8,5,3,450,600,600,3000,,9000,,,,,,,,,,14,2.0,2.0,0.009594544827301672,0.02,22.0,4.909878318231176,5.400866150054293,0.5098963422758962,4.991989508689682,2269.0326,5.679673999999999,-4.77545659803152,1.4508946482488743,,,,,,,592.7826769989141,316.0003658458241,-0.7592123874251319,0.6999999999999993,,,8,1,0,450,,18.0,5.667394590927034,0.9584612839565069,0.7256966523675009
2021-01-07 18:10:00,2021-01-07 19:10:00,0.0,-160.02973129405783,0.0,-1.0,-1.8369701987210297e-16,0.49999999999999994,0.8660254037844387,1,0,160.02973129405783,88.01882981956996,4.3,106.8,,2.9442492166207015,1,1.0,28.65,28.6,28.7,77.73,1005.043,1.493,3.566043,293.1,0.2,42.16,,,,,1,1,0,0,0,28.8,24.5,77.0,3.0,280.0,5.0,,,45.41214582980024,73.73413747129509,132.41185484154212,170.0742503894413,442.37820083548695,33.01091412389576,343.9387730800178,28.9,74.93,1004.573,12.976112365722656,9.394145011901855,89.10781981030595,45.41214582980024,160.02973129405783,61.96974044524855,88.5459226811074,45.41214582980024,160.02973129405783,41.167758909143615,239.30502653412452,45.41214582980024,673.0440528177724,194.41701196503487,96.2189264604486,344.149742186927,29.10166666666667,75.54611111111112,2.0871111111111116,3.600000000000001,13.557223728724889,8.367545400347028,114.61758546425759,27.617876452515702,-0.25,2.799999999999997,,,,,61.8815823070598,110.71251198707088,0.4509986873435991,0.4275187040904673,0.3910021289962336,0.41650941920534884,1.2369564196886549,0.8077755146632563,1.3817028638212734,7,2,4,450,600,,3000,,9000,,,,,,,,,,5,2.0,2.0,0.05136423040027321,0.05136423040027321,56.500653440300525,2.8323518676318984,3.7957716151341994,0.5500154821720822,0.02687000699950351,2226.9645,6.380354999999998,-1.373293495501354,0.5857593150891179,,,,,,,627.6319069879721,114.61758546425759,0.2085755575704769,0.09999999999999787,,,7,1,0,450,,9.0,1.2198057400367408,0.6279494518679518,0.19301659979339494
2021-01-07 18:20:00,2021-01-07 19:20:00,0.0,-109.59103342769926,0.0,-1.0,-1.8369701987210297e-16,0.49999999999999994,0.8660254037844387,1,0,109.59103342769926,56.074321170876196,23.6,109.59103342769926,,0.6383245870078318,1,1.0,28.57,28.5,28.6,77.99,1005.071,1.522,3.90767,296.2,0.2,19.0,,,,,1,1,0,0,0,28.8,24.5,77.0,3.0,280.0,5.0,,,160.02973129405783,61.8815823070598,110.71251198707088,150.61761066344198,433.8978108636729,21.914395357700975,354.88143457472864,28.89,76.37,1004.611,19.3960018157959,8.987052917480469,105.01097018385245,45.41214582980024,160.02973129405783,57.44589157548454,88.35900958787879,45.41214582980024,160.02973129405783,41.04936358546235,221.2879833432371,45.41214582980024,673.0440528177724,190.3065462510944,93.44173105903833,318.16389765626496,29.068333333333335,75.71444444444447,2.0403888888888893,3.600000000000001,13.939587593078613,8.398276549119215,-50.43869786635857,-1.1214785593716243,-0.3200000000000003,1.6199999999999903,,,,,45.41214582980024,79.50542719736052,2.8323518676318984,0.4509986873435991,0.4275187040904673,0.40223841523098747,2.754920388441821,1.5709708805164195,2.2661983085129016,7,2,4,450,600,,3000,,9000,,,,,,,,,,5,2.0,2.0,0.011140635275836117,0.02,22.0,4.9814106103499665,5.479551671384963,0.5116688785298319,0.2153460850021976,2228.1742999999997,6.288257000000001,-1.365627238644328,0.6719719079490359,,,,,,,627.6319069879721,114.61758546425759,-0.010129646046714139,0.10000000000000142,,,7,1,0,450,,9.0,3.541039962747268,1.0944418382828964,0.7672907273847683
2021-01-08 06:20:00,2021-01-08 07:20:00,0.0,0.0,0.0,1.0,6.123233995736766e-17,0.49999999999999994,0.8660254037844387,1,0,0.0,0.0,0.0,0.0,,2.258869595366636,1,1.0,23.63,23.6,23.7,99.9,1006.413,1.362,2.102315,60.1,43.4,3.301,,,,,1,1,0,0,0,,,,,,,,,0.0,0.0,0.0,0.0,0.0,0.0,0.0,23.23,100.0,1005.927,,,0.0,0.0,0.0,0.0,0.0,0.0,0.0,0.0,0.0,0.0,0.0,0.0,0.0,0.0,23.671111111111113,99.97777777777779,1.6424444444444444,740.3999999999999,,,0.0,0.0,0.3999999999999986,-0.09999999999999432,,,,,0.0,0.0,0.0,0.0,0.0,0.0,0.0,0.0,0.0,,,,,,,,,,,,,,,,,,,,,,0.039414499582505674,0.039414499582505674,43.35594954075624,0.0,0.0,0.0,0.0,2360.637,0.023629999999998656,1.1807133720502911,0.678940301544717,,,,,,,0.0,0.0,0.0,0.09999999999999787,,,,0,0,,,0.0,0.0,0.0,0.0
2021-01-08 06:30:00,2021-01-08 07:30:00,0.0,0.0,0.0,1.0,6.123233995736766e-17,0.49999999999999994,0.8660254037844387,1,0,0.0,0.0,0.0,0.0,,4.567207362074186,1,1.0,23.59,23.5,23.7,99.8,1006.673,1.086,1.905228,43.19,43.4,11.57,,,,,1,1,0,0,0,,,,,,,,,0.0,0.0,0.0,0.0,0.0,0.0,0.0,23.39,100.0,1005.985,,,0.0,0.0,0.0,0.0,0.0,0.0,0.0,0.0,0.0,0.0,0.0,0.0,0.0,0.0,23.635,99.97777777777779,1.5899444444444444,756.3999999999997,,,0.0,0.0,0.1999999999999993,-0.20000000000000284,,,,,0.0,0.0,0.0,0.0,0.0,0.0,0.0,0.0,0.0,,,,,,,,,,,,,,,,,,,,,,0.07962841529740557,0.07962841529740557,87.59125682714613,0.0,0.0,0.0,0.0,2354.2819999999997,0.047180000000000666,0.7432799749931136,0.7917896682669183,,,,,,,0.0,0.0,0.0,0.1999999999999993,,,,0,0,,,0.0,0.0,0.0,0.0
2021-01-08 06:40:00,2021-01-08 07:40:00,0.0,0.0,0.0,1.0,6.123233995736766e-17,0.49999999999999994,0.8660254037844387,1,1,0.0,0.0,0.0,0.0,,6.877106735182592,1,1.0,23.6,23.6,23.7,99.9,1006.744,0.97,1.777785,58.51,43.4,26.98,,,,,1,1,0,0,0,,,,,,,,,0.0,0.0,0.0,0.0,0.0,0.0,0.0,23.4,100.0,1006.087,,,0.0,0.0,0.0,0.0,0.0,0.0,0.0,0.0,0.0,0.0,0.0,0.0,0.0,0.0,23.62222222222222,99.97222222222223,1.549,765.3999999999997,,,0.0,0.0,0.20000000000000284,-0.09999999999999432,,,,,0.0,0.0,0.0,0.0,0.0,0.0,0.0,0.0,0.0,,,,,,,,,,,,,,,,,,,,,,0.11974016030473869,0.11974016030473869,131.71417633521256,0.0,0.0,0.0,0.0,2357.6400000000003,0.023599999999998664,0.8271494042329866,0.5066792506872719,,,,,,,0.0,0.0,0.0,0.09999999999999787,,,,0,0,,,0.0,0.0,0.0,0.0
2021-01-08 06:50:00,2021-01-08 07:50:00,0.0,0.0,0.0,1.0,6.123233995736766e-17,0.49999999999999994,0.8660254037844387,1,1,0.0,0.0,0.0,0.0,,9.187940872762965,1,1.0,23.64,23.6,23.7,99.9,1006.832,1.12,1.757356,43.25,43.4,47.91,4.218915939331055,12.49160385131836,220.7989501953125,17.270936965942383,0,0,0,1,0,,,,,,,,,0.0,0.0,0.0,0.0,0.0,0.0,0.0,23.46,100.0,1006.099,,,0.0,0.0,0.0,0.0,0.0,0.0,0.0,0.0,0.0,0.0,0.0,0.0,0.0,0.0,23.625,99.96666666666668,1.532888888888889,769.7999999999997,4.218915939331055,12.49160385131836,0.0,0.0,0.17999999999999972,-0.09999999999999432,,,,,0.0,0.0,0.0,0.0,0.0,0.0,0.0,0.0,0.0,,,,,,,,,,,,,,,,,,,,,,0.15967342012620458,0.15967342012620458,175.64076213882504,0.0,0.0,0.0,0.0,2361.636,0.02363999999999866,0.7674049491655223,0.8157754862682883,,,,,0.0,0.0,0.0,0.0,0.0,0.09999999999999787,0.0,2758.1330166268162,,0,0,,,0.0,0.0,0.0,0.0
2021-01-08 07:00:00,2021-01-08 08:00:00,0.0,0.0,0.0,0.9659258262890683,-0.25881904510252063,0.49999999999999994,0.8660254037844387,1,1,0.0,0.0,0.0,0.0,,11.499081120146213,1,1.0,23.73,23.7,23.8,99.8,1007.061,1.179,1.766219,47.56,43.4,69.97,3.990990400314331,12.624863624572754,219.7545623779297,13.58856964111328,0,0,0,1,0,24.1,23.5,97.0,4.0,50.0,5.0,44.3,928.0,0.0,0.0,0.0,0.0,0.0,0.0,0.0,23.55,100.0,1006.154,,,0.0,0.0,0.0,0.0,0.0,0.0,0.0,0.0,0.0,0.0,0.0,0.0,0.0,0.0,23.635000000000005,99.95555555555558,1.5203888888888883,772.5999999999998,4.104953169822693,12.558233737945557,0.0,0.0,0.17999999999999972,-0.20000000000000284,4.218915939331055,,,,0.0,0.0,0.0,0.0,0.0,0.0,0.0,0.0,0.0,8,3,5,450,600,,3000,,9000,,,,,,,,,,5,2.0,2.0,0.19935221886980586,0.19935221886980586,219.28744075678645,0.0,0.0,0.0,0.0,2368.254,0.04746000000000068,0.8700836180156949,0.7956101417533077,-0.22792553901672363,,,,-0.11396276950836182,0.06662988662719727,0.0,0.0,0.0,0.10000000000000142,0.0,2774.3713808990287,8,1,0,450,,9.0,0.0,0.0,0.0
2021-01-08 07:10:00,2021-01-08 08:10:00,0.0,0.0,0.0,0.9659258262890683,-0.25881904510252063,0.49999999999999994,0.8660254037844387,1,1,0.0,0.0,0.0,0.0,,13.809888777993729,1,1.0,23.86,23.8,24.0,99.5,1007.203,1.16,2.571518,40.65,0.0,95.0,3.84458327293396,12.472416877746582,220.7559356689453,15.501935005187988,0,0,0,1,0,24.1,23.5,97.0,4.0,50.0,5.0,44.3,928.0,0.0,0.0,0.0,0.0,0.0,0.0,0.0,23.6,99.9,1006.291,,,0.0,0.0,0.0,0.0,0.0,0.0,0.0,0.0,0.0,0.0,0.0,0.0,0.0,0.0,23.648333333333337,99.92777777777779,1.4791666666666665,731.1999999999998,4.018163204193115,12.529628117879232,0.0,0.0,0.259999999999998,-0.4000000000000057,3.990990400314331,4.218915939331055,,,0.0,0.0,0.0,0.0,0.0,0.0,0.0,0.0,0.0,8,3,5,450,600,,3000,,9000,,,,,,,,,,5,2.0,2.0,0.23870106377531974,0.23870106377531974,262.5711701528517,0.0,0.0,0.0,0.0,2374.07,0.1193,0.7556664079722419,0.8800956083644146,-0.1464071273803711,,,,-0.17357993125915527,-0.05721124013265033,0.0,0.0,0.0,0.1999999999999993,0.0,2753.360057900092,8,1,0,450,,9.0,0.0,0.0,0.0
2021-01-08 07:20:00,2021-01-08 08:20:00,0.0,0.0,0.0,0.9659258262890683,-0.25881904510252063,0.49999999999999994,0.8660254037844387,1,1,0.0,0.0,0.0,0.0,,16.11970640384963,1,1.0,24.1,23.9,24.3,99.0,1007.391,1.192,2.185796,40.36,0.0,119.3,3.556767702102661,12.421172142028809,221.26071166992188,14.964045524597168,0,0,0,1,0,24.1,23.5,97.0,4.0,50.0,5.0,44.3,928.0,0.0,0.0,0.0,0.0,0.0,0.0,0.0,23.63,99.9,1006.413,,,0.0,0.0,0.0,0.0,0.0,0.0,0.0,0.0,0.0,0.0,0.0,0.0,0.0,0.0,23.66722222222223,99.87222222222223,1.4431666666666663,689.3999999999999,3.9028143286705017,12.502514123916626,0.0,0.0,0.4700000000000024,-0.9000000000000057,3.84458327293396,3.990990400314331,4.218915939331055,12.49160385131836,0.0,0.0,0.0,0.0,0.0,0.0,0.0,0.0,0.0,8,3,5,450,600,,3000,,9000,,,,,,,,,,5,2.0,2.0,0.27764508884249633,0.27764508884249633,305.409597726746,0.0,0.0,0.0,0.0,2385.9,0.24100000000000002,0.7719250022424491,0.9082927892001538,-0.28781557083129883,-0.6621482372283936,,,-0.3460466265678406,-0.08134198188781738,0.0,0.0,0.0,0.40000000000000213,0.0,2748.317387919902,8,1,0,450,,9.0,0.0,0.0,0.0
2021-01-08 07:30:00,2021-01-08 08:30:00,0.0,0.0,0.0,0.9659258262890683,-0.25881904510252063,0.49999999999999994,0.8660254037844387,1,1,0.0,0.0,0.0,0.0,,18.427848398605796,1,1.0,24.3,24.2,24.4,97.9,1007.42,1.864,3.215186,28.33,0.0,138.0,3.160515308380127,12.689216613769531,219.2962951660156,14.63547134399414,0,0,0,1,0,24.1,23.5,97.0,4.0,50.0,5.0,44.3,928.0,0.0,0.0,0.0,0.0,0.0,0.0,0.0,23.59,99.8,1006.673,,,0.0,0.0,0.0,0.0,0.0,0.0,0.0,0.0,0.0,0.0,0.0,0.0,0.0,0.0,23.690000000000005,99.75555555555556,1.4813888888888889,647.1999999999998,3.7543545246124266,12.539854621887207,0.0,0.0,0.7100000000000009,-1.8999999999999915,3.556767702102661,3.84458327293396,3.990990400314331,12.624863624572754,0.0,0.0,0.0,0.0,0.0,0.0,0.0,0.0,0.0,8,3,5,450,600,,3000,,9000,,,,,,,,,,5,2.0,2.0,0.3161101972687324,0.3161101972687324,347.72121699560563,0.0,0.0,0.0,0.0,2378.9700000000003,0.5102999999999986,0.8845596359237605,1.6407468575299555,-0.3962523937225342,-0.8304750919342041,,,-0.5938392162322996,0.14936199188232457,0.0,0.0,0.0,0.1999999999999993,0.0,2782.698191958712,8,1,0,450,,9.0,0.0,0.0,0.0
2021-01-08 07:40:00,2021-01-08 08:40:00,0.0,0.0,0.0,0.9659258262890683,-0.25881904510252063,0.49999999999999994,0.8660254037844387,1,1,0.0,0.0,0.0,0.0,,20.73359059156259,1,1.0,24.52,24.4,24.6,97.3,1007.475,1.52,2.565032,34.56,0.0,159.9,2.7498958110809326,12.8301362991333,218.2960205078125,20.072263717651367,0,0,0,1,0,24.1,23.5,97.0,4.0,50.0,5.0,44.3,928.0,0.0,0.0,0.0,0.0,0.0,0.0,0.0,23.6,99.9,1006.744,,,0.0,0.0,0.0,0.0,0.0,0.0,0.0,0.0,0.0,0.0,0.0,0.0,0.0,0.0,23.717777777777783,99.60555555555555,1.5057222222222222,604.9999999999999,3.5869447390238443,12.588234901428223,0.0,0.0,0.9199999999999982,-2.6000000000000085,3.160515308380127,3.556767702102661,3.84458327293396,12.472416877746582,0.0,0.0,0.0,0.0,0.0,0.0,0.0,0.0,0.0,8,3,5,450,600,,3000,,9000,,,,,,,,,,5,2.0,2.0,0.3540232024252163,0.3540232024252163,389.42552266773794,0.0,0.0,0.0,0.0,2385.796,0.6620400000000006,0.8622488026726699,1.2517695483952098,-0.41061949729919434,-1.0946874618530273,,,-0.8370489279429116,0.24190139770507812,0.0,0.0,0.0,0.20000000000000284,0.0,2800.7676966736326,8,1,0,450,,9.0,0.0,0.0,0.0
2021-01-08 07:50:00,2021-01-08 08:50:00,0.0,0.0,0.0,0.9659258262890683,-0.25881904510252063,0.49999999999999994,0.8660254037844387,1,1,0.0,0.0,0.0,0.0,,23.036158485539044,1,1.0,24.75,24.6,24.8,96.5,1007.475,1.737,2.933945,46.04,0.0,174.7,2.804482936859131,12.823896408081056,218.3741455078125,22.50226402282715,0,0,0,1,0,24.1,23.5,97.0,4.0,50.0,5.0,44.3,928.0,0.0,0.0,0.0,0.0,0.0,0.0,0.0,23.64,99.9,1006.832,4.218915939331055,12.49160385131836,0.0,0.0,0.0,0.0,0.0,0.0,0.0,0.0,0.0,0.0,0.0,0.0,0.0,0.0,23.75277777777778,99.41111111111111,1.5342777777777776,562.7999999999998,3.4751644815717424,12.621900830950056,0.0,0.0,1.1099999999999994,-3.4000000000000057,2.7498958110809326,3.160515308380127,3.556767702102661,12.421172142028809,0.0,0.0,0.0,0.0,0.0,0.0,0.0,0.0,0.0,8,3,5,450,600,,3000,,9000,,,,,,,,,,5,2.0,2.0,0.3913119671033296,0.3913119671033296,430.4431638136626,0.0,0.0,0.0,0.0,2388.375,0.86625,1.250335309408386,1.2057489846757643,0.05458712577819824,-0.7522847652435303,-1.4144330024719238,0.3322925567626971,-0.6706815447126115,0.20199557713100091,0.0,0.0,0.0,0.1999999999999993,0.0,2800.4074201954068,8,1,0,450,,9.0,0.0,0.0,0.0
2021-01-08 08:00:00,2021-01-08 09:00:00,0.0,0.0,0.0,0.8660254037844387,-0.4999999999999998,0.49999999999999994,0.8660254037844387,1,1,0.0,0.0,0.0,0.0,,25.33471375306168,1,1.0,24.87,24.8,24.9,95.6,1007.408,2.185,3.847213,36.18,0.0,192.4,2.8889410495758057,12.753153800964355,218.70681762695312,21.79642868041992,0,0,0,1,0,25.4,23.5,89.0,5.0,30.0,5.0,,,0.0,0.0,0.0,0.0,0.0,0.0,0.0,23.73,99.8,1007.061,3.990990400314331,12.624863624572754,0.0,0.0,0.0,0.0,0.0,0.0,0.0,0.0,0.0,0.0,0.0,0.0,0.0,0.0,23.807222222222226,99.16666666666666,1.539611111111111,520.3999999999999,3.4018865525722504,12.638307452201843,0.0,0.0,1.1400000000000006,-4.200000000000003,2.804482936859131,2.7498958110809326,3.160515308380127,12.689216613769531,0.0,0.0,0.0,0.0,0.0,0.0,0.0,0.0,0.0,8,3,4,600,750,,3000,,9000,,,,,,,,,,5,2.0,2.0,0.4279055407663717,0.4279055407663717,470.6960948430089,0.0,0.0,0.0,0.0,2377.572,1.0942800000000015,1.2898578293435035,1.7636586347933847,0.0844581127166748,-0.2715742588043213,-1.1020493507385254,0.12829017639160156,-0.5129455029964447,0.11484634876251221,0.0,0.0,0.0,0.09999999999999787,0.0,2789.2016825159953,8,1,0,600,,9.0,0.0,0.0,0.0
2021-01-08 08:10:00,2021-01-08 09:10:00,0.0,0.0,0.0,0.8660254037844387,-0.4999999999999998,0.49999999999999994,0.8660254037844387,1,1,0.0,0.0,0.0,0.0,,27.628338480974662,1,1.0,25.15,24.9,25.4,95.2,1007.448,1.611,2.878911,38.66,0.0,227.6,2.793975830078125,12.885746955871582,217.6374664306641,24.05090713500977,0,0,0,1,0,25.4,23.5,89.0,5.0,30.0,5.0,,,0.0,0.0,0.0,0.0,0.0,0.0,0.0,23.86,99.5,1007.203,3.84458327293396,12.472416877746582,0.0,0.0,0.0,0.0,0.0,0.0,0.0,0.0,0.0,0.0,0.0,0.0,0.0,0.0,23.909444444444446,98.89999999999999,1.4854999999999998,477.39999999999986,3.3343409167395697,12.66580073038737,0.0,0.0,1.2899999999999991,-4.299999999999997,2.8889410495758057,2.804482936859131,2.7498958110809326,12.8301362991333,0.0,0.0,0.0,0.0,0.0,0.0,0.0,0.0,0.0,8,3,4,600,750,,3000,,9000,,,,,,,,,,5,2.0,2.0,0.4637342945454722,0.4637342945454722,510.10772400001946,0.0,0.0,0.0,0.0,2394.2799999999997,1.2071999999999994,1.0063879315560438,1.2579762840444757,-0.09496521949768066,0.04408001899719238,-1.050607442855835,0.413330078125,-0.5403650866614447,0.21994622548421283,0.0,0.0,0.0,0.5,0.0,2804.4213205425335,8,1,0,600,,9.0,0.0,0.0,0.0
2021-01-08 08:20:00,2021-01-08 09:20:00,0.0,0.0,0.0,0.8660254037844387,-0.4999999999999998,0.49999999999999994,0.8660254037844387,1,1,0.0,0.0,0.0,0.0,,29.916016537002683,1,1.0,25.51,25.4,25.7,93.8,1007.459,1.559,2.623935,64.65,0.0,309.1,2.72253155708313,13.194416046142578,215.26670837402344,21.338111877441406,0,0,0,1,0,25.4,23.5,89.0,5.0,30.0,5.0,,,0.0,0.0,0.0,0.0,0.0,0.0,0.0,24.1,99.0,1007.391,3.556767702102661,12.421172142028809,0.0,0.0,0.0,0.0,0.0,0.0,0.0,0.0,0.0,0.0,0.0,0.0,0.0,0.0,24.03611111111111,98.55555555555554,1.4627222222222225,433.9999999999999,3.273159980773926,12.71866226196289,0.0,0.0,1.4100000000000001,-5.200000000000003,2.793975830078125,2.8889410495758057,2.804482936859131,12.823896408081056,0.0,0.0,0.0,0.0,0.0,0.0,0.0,0.0,0.0,8,3,4,600,750,,3000,,9000,,,,,,,,,,5,2.0,2.0,0.49873005372282575,0.49873005372282575,548.6030590951083,0.0,0.0,0.0,0.0,2392.838,1.581620000000001,1.4088827447102688,0.6674806451558422,-0.07144427299499512,-0.08195137977600098,-0.8342361450195312,0.7732439041137695,-0.5506284236907959,0.4757537841796875,0.0,0.0,0.0,0.3000000000000007,0.0,2840.3185111705097,8,1,0,600,,9.0,0.0,0.0,0.0
2021-01-08 08:30:00,2021-01-08 09:30:00,0.0,0.0,0.0,0.8660254037844387,-0.4999999999999998,0.49999999999999994,0.8660254037844387,1,1,0.0,0.0,0.0,0.0,,32.19661126862848,1,1.0,25.89,25.7,26.2,91.5,1007.445,1.813,2.92981,50.75,0.0,383.6,2.7570929527282715,13.266222953796388,214.61453247070312,20.686723709106445,0,0,0,1,0,25.4,23.5,89.0,5.0,30.0,5.0,,,0.0,0.0,0.0,0.0,0.0,0.0,0.0,24.3,97.9,1007.42,3.160515308380127,12.689216613769531,0.0,0.0,0.0,0.0,0.0,0.0,0.0,0.0,0.0,0.0,0.0,0.0,0.0,0.0,24.174999999999997,98.08333333333331,1.4460555555555556,390.59999999999997,3.226244796406139,12.768440506675027,0.0,0.0,1.5899999999999999,-6.400000000000006,2.72253155708313,2.793975830078125,2.8889410495758057,12.753153800964355,0.0,0.0,0.0,0.0,0.0,0.0,0.0,0.0,0.0,8,3,4,600,750,,3000,,9000,,,,,,,,,,5,2.0,2.0,0.5328262274501867,0.5328262274501867,586.1088501952054,0.0,0.0,0.0,0.0,2368.935,2.20065,1.4039738637210024,1.1470947606838418,0.0345613956451416,-0.13184809684753418,-0.40342235565185547,0.5770063400268572,-0.46915184367786766,0.4977824471213612,0.0,0.0,0.0,0.5,0.0,2847.124236881122,8,1,0,600,,9.0,0.0,0.0,0.0
2021-01-08 08:40:00,2021-01-08 09:40:00,0.0,0.0,0.0,0.8660254037844387,-0.4999999999999998,0.49999999999999994,0.8660254037844387,1,1,0.0,0.0,0.0,0.0,,34.46883852973377,1,1.0,26.24,26.1,26.4,89.8,1007.505,2.173,3.544073,96.9,0.0,330.0,2.687608480453491,13.158066749572754,215.4525909423828,21.510459899902344,0,0,0,1,0,25.4,23.5,89.0,5.0,30.0,5.0,,,0.0,0.0,0.0,0.0,0.0,0.0,0.0,24.52,97.3,1007.475,2.7498958110809326,12.8301362991333,0.0,0.0,0.0,0.0,0.0,0.0,0.0,0.0,0.0,0.0,0.0,0.0,0.0,0.0,24.332777777777775,97.51666666666665,1.4753333333333336,347.19999999999993,3.1813584367434182,12.800909360249838,0.0,0.0,1.7199999999999989,-7.5,2.7570929527282715,2.72253155708313,2.793975830078125,12.885746955871582,0.0,0.0,0.0,0.0,0.0,0.0,0.0,0.0,0.0,8,3,4,600,750,,3000,,9000,,,,,,,,,,5,2.0,2.0,0.5659579354557999,0.5659579354557999,622.5537290013799,0.0,0.0,0.0,0.0,2356.352,2.6764800000000006,2.157261704012685,-0.26105735078768816,-0.06948447227478027,-0.10636734962463379,-0.062287330627441406,0.3279304504394531,-0.493749956289927,0.3571573893229161,0.0,0.0,0.0,0.29999999999999716,0.0,2834.939572988267,8,1,0,600,,9.0,0.0,0.0,0.0
2021-01-08 08:50:00,2021-01-08 09:50:00,0.0,0.0,0.0,0.8660254037844387,-0.4999999999999998,0.49999999999999994,0.8660254037844387,1,1,0.0,0.0,0.0,0.0,,36.731233747299825,1,1.0,26.43,26.4,26.5,87.8,1007.575,2.395,3.789116,36.78,0.0,269.6,2.832359552383423,13.81346321105957,210.5854949951172,19.28777885437012,0,0,0,1,0,25.4,23.5,89.0,5.0,30.0,5.0,,,0.0,0.0,0.0,0.0,0.0,0.0,0.0,24.75,96.5,1007.475,2.804482936859131,12.823896408081056,0.0,0.0,0.0,0.0,0.0,0.0,0.0,0.0,0.0,0.0,0.0,0.0,0.0,0.0,24.497777777777777,96.83888888888887,1.5347222222222223,303.79999999999995,3.1545123687157264,12.878798118004433,0.0,0.0,1.6799999999999997,-8.700000000000003,2.687608480453491,2.7570929527282715,2.72253155708313,13.194416046142578,0.0,0.0,0.0,0.0,0.0,0.0,0.0,0.0,0.0,8,3,4,600,750,,3000,,9000,,,,,,,,,,5,2.0,2.0,0.5980621314986709,0.5980621314986709,657.868344648538,0.0,0.0,0.0,0.0,2320.554,3.224460000000001,1.433992009449071,1.9182523079189073,0.14475107192993164,0.10982799530029297,0.027876615524291992,0.9895668029785138,-0.3221528163323035,0.9346650930551377,0.0,0.0,0.0,0.10000000000000142,0.0,2908.9149878978205,8,1,0,600,,9.0,0.0,0.0,0.0
2021-01-08 09:00:00,2021-01-08 10:00:00,0.0,0.0,0.0,0.7071067811865476,-0.7071067811865475,0.49999999999999994,0.8660254037844387,1,1,0.0,0.0,0.0,0.0,,38.98211136726887,1,1.0,26.62,26.5,26.8,85.7,1007.678,2.169,3.047208,57.3,0.0,337.0,2.915217638015747,13.80117416381836,210.6293792724609,18.39672470092773,0,0,0,1,0,27.3,23.9,82.0,4.0,30.0,5.0,,,0.0,0.0,0.0,0.0,0.0,0.0,0.0,24.87,95.6,1007.408,2.8889410495758057,12.753153800964355,0.0,0.0,0.0,0.0,0.0,0.0,0.0,0.0,0.0,0.0,0.0,0.0,0.0,0.0,24.668333333333337,96.04444444444442,1.5656666666666668,260.4,3.137419887951442,12.944682121276855,0.0,0.0,1.75,-9.899999999999991,2.832359552383423,2.687608480453491,2.7570929527282715,13.266222953796388,0.0,0.0,0.0,0.0,0.0,0.0,0.0,0.0,0.0,8,3,4,600,750,,3000,,9000,,,,,,,,,,5,2.0,2.0,0.6290777233352728,0.6290777233352728,691.9854956688,0.0,0.0,0.0,0.0,2281.3340000000003,3.8066599999999995,1.825236886039369,1.171781255116034,0.08285808563232422,0.15812468528747559,0.026276588439941406,1.048020362854004,-0.22220224993569504,0.8564920425415039,0.0,0.0,0.0,0.3000000000000007,0.0,2906.9327473561857,8,1,0,600,,9.0,0.0,0.0,0.0
2021-01-08 09:10:00,2021-01-08 10:10:00,0.0,0.0,0.0,0.7071067811865476,-0.7071067811865475,0.49999999999999994,0.8660254037844387,1,1,0.0,0.0,0.0,0.0,,41.21951452701895,1,1.0,27.25,26.8,27.5,82.41,1007.67,1.912,3.097984,68.9,0.0,430.0,3.0984537601470947,13.696660041809082,211.32742309570312,18.770484924316406,0,0,0,1,0,27.3,23.9,82.0,4.0,30.0,5.0,,,0.0,0.0,0.0,0.0,0.0,0.0,0.0,25.15,95.2,1007.448,2.793975830078125,12.885746955871582,0.0,0.0,0.0,0.0,0.0,0.0,0.0,0.0,0.0,0.0,0.0,0.0,0.0,0.0,24.871111111111112,95.07277777777777,1.6115,217.0,3.134822146097819,12.99481398264567,0.0,0.0,2.1000000000000014,-12.790000000000006,2.915217638015747,2.832359552383423,2.687608480453491,13.158066749572754,0.0,0.0,0.0,0.0,0.0,0.0,0.0,0.0,0.0,8,3,4,600,750,,3000,,9000,,,,,,,,,,5,2.0,2.0,0.6589456889704067,0.6589456889704067,724.8402578674473,0.0,0.0,0.0,0.0,2245.6725,4.793275000000001,1.7838071585863349,0.6883138971255379,0.18323612213134766,0.4108452796936035,0.3044779300689697,0.8109130859375,-0.036368385950724225,0.7018460591634117,0.0,0.0,0.0,0.6999999999999993,0.0,2894.4798716533987,8,1,0,600,,9.0,0.0,0.0,0.0
2021-01-08 09:20:00,2021-01-08 10:20:00,0.0,0.0,0.0,0.7071067811865476,-0.7071067811865475,0.49999999999999994,0.8660254037844387,1,1,0.0,0.0,0.0,0.0,,43.44115215565441,1,1.0,27.7,27.4,28.1,79.77,1007.708,1.891,3.075473,173.2,0.0,450.1,3.1332690715789795,13.476530075073242,212.95518493652344,19.595626831054688,0,0,0,1,0,27.3,23.9,82.0,4.0,30.0,5.0,,,0.0,0.0,0.0,0.0,0.0,0.0,0.0,25.51,93.8,1007.459,2.72253155708313,13.194416046142578,0.0,0.0,0.0,0.0,0.0,0.0,0.0,0.0,0.0,0.0,0.0,0.0,0.0,0.0,25.09722222222222,93.95444444444445,1.640888888888889,173.6,3.1347250789403915,13.024921238422394,0.0,0.0,2.1899999999999977,-14.030000000000001,3.0984537601470947,2.915217638015747,2.832359552383423,13.81346321105957,0.0,0.0,0.0,0.0,0.0,0.0,0.0,0.0,0.0,8,3,4,600,750,,3000,,9000,,,,,,,,,,5,2.0,2.0,0.6876091889710163,0.6876091889710163,756.3701078681179,0.0,0.0,0.0,0.0,2209.629,5.603710000000001,0.22390190406759383,-1.8776977758294613,0.034815311431884766,0.30090951919555664,0.4107375144958496,0.28211402893066406,-0.0014560073614120483,0.4516088366508484,0.0,0.0,0.0,0.7000000000000028,0.0,2869.8969544398424,8,1,0,600,,9.0,0.0,0.0,0.0
2021-01-08 09:30:00,2021-01-08 10:30:00,548.7015306091066,548.7015306091066,0.697636410296171,0.7071067811865476,-0.7071067811865475,0.49999999999999994,0.8660254037844387,1,1,0.0,0.0,0.0,0.0,,45.64431985832183,1,1.0,28.22,28.1,28.4,77.6,1007.714,1.67,3.101592,231.1,0.0,412.1,3.0938093662261963,13.702534675598145,211.29286193847656,18.64671897888184,0,0,0,1,0,27.3,23.9,82.0,4.0,30.0,5.0,,,0.0,0.0,0.0,0.0,0.0,0.0,0.0,25.89,91.5,1007.445,2.7570929527282715,13.266222953796388,0.0,0.0,0.0,0.0,0.0,0.0,0.0,0.0,0.0,0.0,0.0,0.0,0.0,0.0,25.354444444444443,92.72111111111111,1.6733333333333331,130.2,3.132318272310145,13.064780852373909,0.0,0.0,2.3299999999999983,-13.900000000000006,3.1332690715789795,3.0984537601470947,2.915217638015747,13.80117416381836,0.0,0.0,0.0,0.0,0.0,0.0,0.0,0.0,0.0,8,3,4,600,750,,3000,,9000,,,,,,,,,,5,2.0,2.0,0.7150136746292237,0.7150136746292237,786.5150420921461,0.0,0.0,0.0,0.0,2189.872,6.321280000000002,-1.2996660580384545,-1.048698306274395,-0.0394597053527832,0.17859172821044922,0.3367164134979248,0.43631172180175604,-0.038508906083948524,0.6377538232242355,0.0,0.0,0.0,0.29999999999999716,0.0,2895.2477674183465,8,1,0,600,,9.0,0.0,0.0,0.0
2021-01-08 09:40:00,2021-01-08 10:40:00,560.2022161835936,560.2022161835936,0.6871811326049265,0.7071067811865476,-0.7071067811865475,0.49999999999999994,0.8660254037844387,1,1,0.0,0.0,0.0,0.0,,47.82579984723153,1,1.0,28.33,28.1,28.6,78.23,1007.695,1.282,2.92059,249.9,0.0,421.5,,,,,,0,0,0,0,27.3,23.9,82.0,4.0,30.0,5.0,,,0.0,0.0,0.0,0.0,0.0,0.0,0.0,26.24,89.8,1007.505,2.687608480453491,13.158066749572754,0.0,0.0,0.0,0.0,0.0,0.0,0.0,0.0,0.0,0.0,0.0,0.0,0.0,0.0,25.61722222222222,91.51722222222222,1.6906666666666665,86.8,3.132318272310145,13.064780852373909,0.0,0.0,2.09,-11.569999999999993,3.0938093662261963,3.1332690715789795,3.0984537601470947,13.696660041809082,0.0,0.0,0.0,0.0,0.0,0.0,0.0,0.0,0.0,8,3,4,600,750,,3000,,9000,,,,,,,,,,5,2.0,2.0,0.7411069917687579,0.7411069917687579,815.2176909456338,0.0,0.0,0.0,0.0,2216.2559,6.167440999999999,-1.2039188311854172,-0.44057172845875936,,,,,,,0.0,0.0,0.0,0.5,,,8,1,0,600,,9.0,0.0,0.0,0.0
2021-01-08 09:50:00,2021-01-08 10:50:00,588.7659816451084,588.7659816451084,0.6988955459667378,0.7071067811865476,-0.7071067811865475,0.49999999999999994,0.8660254037844387,1,1,0.0,0.0,0.0,0.0,,49.98173379297503,1,1.0,28.84,28.6,29.1,76.22,1007.654,1.482,2.940696,133.4,0.0,435.1,3.3053572177886963,13.090107917785645,216.0098419189453,19.98547744750977,0,0,0,1,0,27.3,23.9,82.0,4.0,30.0,5.0,,,0.0,0.0,0.0,0.0,0.0,0.0,0.0,26.43,87.8,1007.575,2.832359552383423,13.81346321105957,0.0,0.0,0.0,0.0,0.0,0.0,0.0,0.0,0.0,0.0,0.0,0.0,0.0,0.0,25.90611111111111,90.20166666666667,1.7107777777777777,43.4,3.0785795239841236,13.099986973930807,0.0,0.0,2.41,-11.579999999999998,,3.0938093662261963,3.1332690715789795,13.476530075073242,0.0,0.0,0.0,0.0,0.0,0.0,0.0,0.0,0.0,8,3,4,600,750,,3000,,9000,,,,,,,,,,5,2.0,2.0,0.7658394799972392,0.7658394799972392,842.4234279969631,0.0,0.0,0.0,0.0,2198.1848,6.8581520000000005,1.0767836623789864,-1.0182636910121547,,0.1720881462097168,0.47299766540527344,-0.7233552932739258,0.2267776938045727,-0.009879056145162934,0.0,0.0,0.0,0.5,0.0,2827.5921420228115,8,1,0,600,,9.0,0.0,0.0,0.0
2021-01-08 10:00:00,2021-01-08 11:00:00,546.0294455431236,546.0294455431236,0.6290078649813836,0.49999999999999994,-0.8660254037844387,0.49999999999999994,0.8660254037844387,1,1,0.0,0.0,0.0,0.0,,52.107460762789884,1,1.0,28.96,28.8,29.2,75.24,1007.659,1.635,3.557454,197.9,0.0,482.5,3.5190086364746094,13.42880153656006,213.41424560546875,19.60325050354004,0,0,0,1,0,28.5,24.4,79.0,4.0,190.0,5.0,,,0.0,0.0,0.0,0.0,0.0,0.0,0.0,26.62,85.7,1007.678,2.915217638015747,13.80117416381836,0.0,0.0,0.0,0.0,0.0,0.0,0.0,0.0,0.0,0.0,0.0,0.0,0.0,0.0,26.196666666666662,88.83722222222222,1.7361111111111112,0.0,3.050815890817081,13.147277439341826,0.0,0.0,2.34,-10.460000000000008,3.3053572177886963,,3.0938093662261963,13.702534675598145,0.0,0.0,0.0,0.0,0.0,0.0,0.0,0.0,0.0,8,3,4,600,750,,3000,,9000,,,,,,,,,,5,2.0,2.0,0.7891640672154309,0.7891640672154309,868.0804739369739,0.0,0.0,0.0,0.0,2178.9503999999997,7.170496000000002,-0.5025280701026845,-1.5558568503428813,0.21365141868591309,0.4251992702484131,0.6037909984588623,-0.372372627258299,0.46819274565752833,0.28152409721823446,0.0,0.0,0.0,0.3999999999999986,0.0,2865.897549310525,8,1,0,600,,9.0,0.0,0.0,0.0
2021-01-08 10:10:00,2021-01-08 11:10:00,530.0034658539447,530.0034658539447,0.5940810509008763,0.49999999999999994,-0.8660254037844387,0.49999999999999994,0.8660254037844387,1,1,0.0,0.0,0.0,0.0,,54.19731044023024,1,1.0,29.34,29.2,29.4,73.52,1007.559,1.461,2.557318,205.5,0.0,493.0,3.711140394210816,13.560439109802246,212.22499084472656,21.811880111694336,0,0,0,1,0,28.5,24.4,79.0,4.0,190.0,5.0,,,0.0,0.0,0.0,0.0,0.0,0.0,0.0,27.25,82.41,1007.67,3.0984537601470947,13.696660041809082,0.0,0.0,0.0,0.0,0.0,0.0,0.0,0.0,0.0,0.0,0.0,0.0,0.0,0.0,26.501111111111104,87.39388888888888,1.7528333333333335,0.0,3.0429663097157196,13.211278747109805,0.0,0.0,2.09,-8.89,3.5190086364746094,3.3053572177886963,,,0.0,0.0,0.0,0.0,0.0,0.0,0.0,0.0,0.0,8,3,4,600,750,,3000,,9000,,,,,,,,,,5,2.0,2.0,0.8110363592036,0.8110363592036,892.1399951239599,0.0,0.0,0.0,0.0,2157.0768,7.769232000000001,-0.6289767124369194,-1.3186771004351463,0.1921317577362065,,0.6126866340637211,-0.13622093200683594,0.6681740844950963,0.3491603626924409,0.0,0.0,0.0,0.1999999999999993,0.0,2877.8640659282537,8,1,0,600,,9.0,0.0,0.0,0.0
2021-01-08 10:20:00,2021-01-08 11:20:00,482.65627855567374,482.65627855567374,0.5277491753804826,0.49999999999999994,-0.8660254037844387,0.49999999999999994,0.8660254037844387,1,1,0.0,0.0,0.0,0.0,,56.24433981722638,1,1.0,29.48,29.4,29.6,73.98,1007.536,1.126,2.9392,210.2,0.0,446.5,4.028956413269043,13.301166534423828,214.1522521972656,25.67381477355957,0,0,0,1,0,28.5,24.4,79.0,4.0,190.0,5.0,,,0.0,0.0,0.0,0.0,0.0,0.0,0.0,27.7,79.77,1007.708,3.1332690715789795,13.476530075073242,0.0,0.0,0.0,0.0,0.0,0.0,0.0,0.0,0.0,0.0,0.0,0.0,0.0,0.0,26.799999999999997,86.00388888888888,1.7491666666666668,0.0,3.0707421162549187,13.263043123133043,0.0,0.0,1.7800000000000011,-5.789999999999992,3.711140394210816,3.5190086364746094,3.3053572177886963,13.090107917785645,0.0,0.0,0.0,0.0,0.0,0.0,0.0,0.0,0.0,8,3,4,600,750,,3000,,9000,,,,,,,,,,5,2.0,2.0,0.831414724114488,0.831414724114488,914.5561965259368,0.0,0.0,0.0,0.0,2180.9304,7.6706959999999995,-0.5664004599056445,-0.9731734269998714,0.3178160190582271,0.7235991954803467,0.8956873416900635,-0.17536354064941406,0.9582142970141243,0.038123411290785114,0.0,0.0,0.0,0.20000000000000284,0.0,2848.474770197761,8,1,0,600,,9.0,0.0,0.0,0.0
2021-01-09 06:20:00,2021-01-09 07:20:00,0.0,-1.0,0.0,1.0,6.123233995736766e-17,0.49999999999999994,0.8660254037844387,1,0,1.0,1.0,0.0,0.0,,2.156728358513937,1,1.0,22.6,22.6,22.6,98.6,1008.119,2.611,4.31948,20.68,72.4,1.389,,,,,1,1,0,0,0,,,,,,,,,0.0,0.0,0.0,0.0,0.0,0.0,0.0,22.7,100.0,1007.677,,,0.3333333333333333,0.0,1.0,0.5773502691896258,0.16666666666666666,0.0,1.0,0.408248290463863,0.05555555555555555,0.0,1.0,0.23570226039551584,0.05555555555555555,0.0,22.83444444444445,99.83888888888889,2.8221111111111106,1275.4000000000003,,,1.0,1.0,-0.09999999999999787,-1.4000000000000057,,,,,0.0,0.0,0.0,0.0,0.0,0.0,0.00805222327558254,0.00402611163779127,0.013946859827197648,,,,,,,,,,,,,,,,,,,,,,0.03763312226440718,0.03763312226440718,41.3964344908479,0.02415666982674762,0.05,0.05,0.0,2228.36,0.31640000000000135,0.9220701869781365,2.4427663765260292,,,,,,,1.0,1.0,0.05,0.0,,,,0,0,,,0.0,0.004233226260575133,0.006546367370164683,0.0013855230905014087
2021-01-09 06:30:00,2021-01-09 07:30:00,0.0,0.0,0.0,1.0,6.123233995736766e-17,0.49999999999999994,0.8660254037844387,1,0,0.0,0.0,0.0,0.0,,4.467132772188732,1,1.0,22.6,22.6,22.6,98.4,1008.026,3.13,4.712188,27.86,72.4,3.325,,,,,1,1,0,0,0,,,,,,,,,1.0,0.0,0.0,0.0,0.0,0.0,0.0,22.66,100.0,1007.779,,,0.3333333333333333,0.0,1.0,0.5773502691896258,0.16666666666666666,0.0,1.0,0.408248290463863,0.05555555555555555,0.0,1.0,0.23570226039551584,0.05555555555555555,0.0,22.795555555555563,99.75,2.8403888888888886,1280.6000000000004,,,-1.0,0.0,-0.05999999999999872,-1.5999999999999943,,,,,0.0,0.0,0.02415666982674762,0.0,0.0,0.0,0.00805222327558254,0.00402611163779127,0.01394685982719765,,,,,,,,,,,,,,,,,,,,,,0.07788720985366442,0.07788720985366442,85.67593083903085,0.0,0.0,0.0,0.0,2223.84,0.36159999999999876,1.4626887994417517,2.7672082458657945,,,,,,,1.0,1.0,0.0,0.0,,,,0,0,,,0.0,0.019923443566172486,0.0038443618995478135,0.008028607292857004
2021-01-09 06:40:00,2021-01-09 07:40:00,1.0,1.0,0.007701406298277152,1.0,6.123233995736766e-17,0.49999999999999994,0.8660254037844387,1,1,0.0,0.0,0.0,0.0,,6.7791255627285425,1,1.0,22.66,22.6,22.7,98.0,1007.774,3.908,6.492695,35.93,72.4,6.675,,,,,1,1,0,0,0,,,,,,,,,0.0,0.0,0.0,0.0,0.0,0.0,0.0,22.6,100.0,1007.86,,,0.3333333333333333,0.0,1.0,0.5773502691896258,0.16666666666666666,0.0,1.0,0.408248290463863,0.05555555555555555,0.0,1.0,0.23570226039551584,0.05555555555555555,0.0,22.761111111111116,99.63888888888889,2.8880555555555554,1285.2000000000005,,,0.0,0.0,0.05999999999999872,-2.0,,,,,1.0,0.0,0.0,0.02415666982674762,0.0,0.0,0.00805222327558254,0.00402611163779127,0.01394685982719765,,,,,,,,,,,,,,,,,,,,,,0.11804219565643197,0.11804219565643197,129.84641522207517,0.0,0.0,0.0,0.0,2220.68,0.4532,2.2932003825858103,3.1644424477794337,,,,,,,1.0,1.0,0.0,0.09999999999999787,,,,0,0,,,0.0,0.014989520462913417,0.006546367370164683,0.002901404588867712
2021-01-09 06:50:00,2021-01-09 07:50:00,0.0,0.0,0.0,1.0,6.123233995736766e-17,0.49999999999999994,0.8660254037844387,1,1,0.0,0.0,0.0,0.0,,9.092086184945744,1,1.0,22.76,22.7,22.8,97.4,1007.74,3.331,7.256818,62.83,72.4,10.18,30.002403259277344,13.27268409729004,214.0201873779297,26.67999839782715,0,0,0,0,1,,,,,,,,,0.0,1.0,0.0,0.0,0.0,0.0,0.0,22.56,99.9,1007.948,,,0.0,0.0,0.0,0.0,0.16666666666666666,0.0,1.0,0.408248290463863,0.05555555555555555,0.0,1.0,0.23570226039551584,0.05555555555555555,0.0,22.736111111111114,99.49444444444445,2.905,1289.2000000000005,30.002403259277344,13.27268409729004,0.0,0.0,0.20000000000000284,-2.5,,,,,0.0,0.0,0.0,0.0,0.02415666982674762,0.0,0.0,0.00402611163779127,0.0,,,,,,,,,,,,,,,,,,,,,,0.1580216820489874,0.1580216820489874,173.82385025388612,0.0,0.0,0.0,0.0,2216.824,0.5917599999999987,2.9634427612164442,1.5210417486031922,,,,,0.0,0.0,1.0,1.0,0.0,0.10000000000000142,0.0,2840.622337510082,,0,0,,,0.0,0.009759448027714298,0.0038443618995478135,0.00727451497155006
2021-01-09 07:00:00,2021-01-09 08:00:00,77.68167993224878,77.68167993224878,0.3571168159424202,0.9659258262890683,-0.25881904510252063,0.49999999999999994,0.8660254037844387,1,1,0.0,0.0,0.0,0.0,,11.405392774593679,1,1.0,22.82,22.8,22.9,97.1,1007.872,3.087,6.021611,36.06,72.4,18.18,31.22633552551269,13.14621639251709,214.9498443603516,26.72425651550293,0,0,0,0,1,22.9,22.2,96.0,7.0,30.0,4.0,74.4,1145.0,0.0,0.0,0.0,0.0,0.0,0.0,0.0,22.6,99.6,1008.035,,,0.0,0.0,0.0,0.0,0.16666666666666666,0.0,1.0,0.408248290463863,0.05555555555555555,0.0,1.0,0.23570226039551584,0.05555555555555555,0.0,22.717222222222226,99.33333333333333,2.896944444444445,1292.4000000000003,30.61436939239502,13.209450244903564,0.0,0.0,0.21999999999999886,-2.5,30.002403259277344,,,,0.0,0.0,0.0,0.0,0.0,0.0,0.0,0.00402611163779127,0.0,8,4,4,300,450,,3000,,,,,,,,,,,,61,6.0,6.0,0.19774960426591467,0.19774960426591467,217.52456469250615,0.0,0.0,0.0,0.0,2215.822,0.6617800000000013,1.8171073867414937,2.495533959907078,1.223932266235348,,,,0.6119661331176722,-0.06323385238647461,1.0,1.0,0.0,0.09999999999999787,0.0,2825.7771674990513,8,1,0,300,,73.0,0.005634619945943012,0.006546367370164684,0.003955746938331326
2021-01-09 07:10:00,2021-01-09 08:10:00,107.08673946836322,107.08673946836322,0.41050570249850393,0.9659258262890683,-0.25881904510252063,0.49999999999999994,0.8660254037844387,1,1,0.0,0.0,0.0,0.0,,13.71841400252836,1,1.0,22.93,22.9,23.0,96.6,1008.042,2.499,4.26152,46.63,0.0,26.79,32.10224914550781,13.01685905456543,215.9112701416016,29.42439079284668,0,0,0,0,1,22.9,22.2,96.0,7.0,30.0,4.0,74.4,1145.0,0.0,0.0,0.0,0.0,0.0,0.0,0.0,22.6,99.0,1008.125,,,0.0,0.0,0.0,0.0,0.16666666666666666,0.0,1.0,0.408248290463863,0.05555555555555555,0.0,1.0,0.23570226039551584,0.05555555555555555,0.0,22.709444444444447,99.14444444444445,2.8422777777777783,1222.6000000000004,31.110329310099285,13.14525318145752,0.0,0.0,0.3299999999999983,-2.4000000000000057,31.22633552551269,30.002403259277344,,,0.0,1.0,0.0,0.0,0.0,0.0,0.0,0.00402611163779127,0.0,8,4,4,300,450,,3000,,,,,,,,,,,,61,6.0,6.0,0.23715037511623957,0.23715037511623957,260.8654126278635,0.0,0.0,0.0,0.0,2215.038,0.7796200000000013,1.8166088895120645,1.7160807505900604,0.8759136199951207,,,,0.9919198354085275,-0.12839412689208984,1.0,1.0,0.0,0.10000000000000142,0.0,2810.4865717254293,8,1,0,300,,73.0,0.0,0.0038443618995478135,0.004810334823863077
2021-01-09 07:20:00,2021-01-09 08:20:00,123.68800086897986,123.68800086897986,0.40718461928005784,0.9659258262890683,-0.25881904510252063,0.49999999999999994,0.8660254037844387,1,1,0.0,0.0,0.0,0.0,,16.03050047786752,1,1.0,23.0,23.0,23.0,96.6,1008.044,2.499,4.728632,47.12,0.0,32.7,27.827167510986328,12.933442115783691,216.54383850097656,29.628034591674805,0,0,0,0,1,22.9,22.2,96.0,7.0,30.0,4.0,74.4,1145.0,0.0,0.0,1.0,0.0,0.0,1.0,0.0,22.6,98.6,1008.119,,,0.0,0.0,0.0,0.0,0.0,0.0,0.0,0.0,0.05555555555555555,0.0,1.0,0.2357022603955158,0.05555555555555555,0.0,22.714444444444446,98.95555555555555,2.7995000000000005,1152.2,30.289538860321045,13.092300415039062,0.0,-1.0,0.3999999999999986,-2.0,32.10224914550781,31.22633552551269,30.002403259277344,13.27268409729004,0.0,0.0,0.0,0.0,0.0,0.02415666982674762,0.0,0.0,0.0,8,4,4,300,450,,3000,,,,,,,,,,,,61,6.0,6.0,0.2761490287929573,0.2761490287929573,303.763931672253,0.0,0.0,0.0,0.0,2221.7999999999997,0.7820000000000014,1.8312183959356763,1.7004823393339812,-4.275081634521484,-2.1752357482910156,,,-2.462371349334717,-0.1588582992553711,1.0,0.0,-0.05,0.0,0.0,2800.6572007819923,8,1,0,300,,73.0,0.0,0.006546367370164684,0.0012889253313774184
2021-01-09 07:30:00,2021-01-09 08:30:00,137.22319700267067,137.22319700267067,0.3964401448007574,0.9659258262890683,-0.25881904510252063,0.49999999999999994,0.8660254037844387,1,1,0.0,0.0,0.0,0.0,,18.34097545437729,1,1.0,23.1,23.0,23.2,96.1,1008.061,2.483,4.317582,51.37,0.0,38.36,22.88658332824707,12.865942001342772,217.0709991455078,29.64948463439941,0,0,0,0,1,22.9,22.2,96.0,7.0,30.0,4.0,74.4,1145.0,0.0,0.0,0.0,0.0,0.0,0.0,0.0,22.6,98.4,1008.026,,,0.0,0.0,0.0,0.0,0.0,0.0,0.0,0.0,0.05555555555555555,0.0,1.0,0.2357022603955158,0.05555555555555555,0.0,22.728333333333335,98.73888888888888,2.7479444444444447,1081.4,28.80894775390625,13.047028732299804,0.0,0.0,0.5,-2.3000000000000114,27.827167510986328,32.10224914550781,31.22633552551269,13.14621639251709,0.0,0.0,0.0,0.0,0.0,0.0,0.0,0.0,0.0,8,4,4,300,450,,3000,,,,,,,,,,,,61,6.0,6.0,0.3146713635023384,0.3146713635023384,346.13849985257224,0.0,0.0,0.0,0.0,2219.91,0.9009000000000014,1.939703963833032,1.550108877689056,-4.940584182739258,-8.339752197265621,,,-5.922364425659179,-0.18108673095703232,1.0,0.0,0.0,0.1999999999999993,0.0,2792.82288517963,8,1,0,300,,73.0,0.0,0.0038443618995478135,0.00727451497155006
2021-01-09 07:40:00,2021-01-09 08:40:00,146.59426100762232,145.59426100762232,0.37790938957098286,0.9659258262890683,-0.25881904510252063,0.49999999999999994,0.8660254037844387,1,1,1.0,1.0,0.4,0.5,,20.649124557299746,1,1.0,23.28,23.2,23.4,95.2,1007.969,2.618,4.857938,41.99,0.0,48.01,19.855669021606445,12.768534660339355,217.83741760253903,30.331846237182617,0,0,0,0,1,22.9,22.2,96.0,7.0,30.0,4.0,74.4,1145.0,0.0,0.0,0.0,0.0,0.0,0.0,0.0,22.66,98.0,1007.774,,,0.3333333333333333,0.0,1.0,0.5773502691896258,0.16666666666666666,0.0,1.0,0.408248290463863,0.1111111111111111,0.0,1.0,0.32338083338177726,0.1111111111111111,0.022222222222222223,22.755000000000003,98.47222222222221,2.7282777777777785,1010.1999999999998,27.31673463185628,13.00061305363973,1.0,1.0,0.620000000000001,-2.799999999999997,22.88658332824707,27.827167510986328,32.10224914550781,13.01685905456543,0.0,0.0,0.0,0.0,0.0,0.0,0.0008593091957202269,0.00042965459786011343,0.0014883671863985812,8,4,4,300,450,,3000,,,,,,,,,,,,61,6.0,6.0,0.35264408264166114,0.35264408264166114,387.90849090582725,0.0025779275871606806,0.020828993959591754,0.05,0.02,2216.2560000000003,1.1174399999999993,1.7514443376850781,1.9458588674389714,-3.030914306640625,-12.246580123901367,,,-7.461065610249836,-0.23207839330037494,1.0,1.0,0.05,0.1999999999999993,0.0,2781.464616976838,8,1,0,300,,73.0,0.00045175725123113833,0.0065248879933871,0.004018669079076624
2021-01-09 07:50:00,2021-01-09 08:50:00,155.10929639556545,155.10929639556545,0.3615648278545665,0.9659258262890683,-0.25881904510252063,0.49999999999999994,0.8660254037844387,1,1,0.0,0.0,0.0,0.0,,22.954184196476252,1,1.0,23.49,23.4,23.6,93.9,1007.827,3.172,5.529576,38.82,0.0,58.9,17.885082244873047,12.675775527954102,218.54400634765625,30.26525115966797,0,0,0,0,1,22.9,22.2,96.0,7.0,30.0,4.0,74.4,1145.0,1.0,0.0,0.0,0.0,0.0,0.0,0.0,22.76,97.4,1007.74,30.002403259277344,13.27268409729004,0.3333333333333333,0.0,1.0,0.5773502691896258,0.16666666666666666,0.0,1.0,0.408248290463863,0.1111111111111111,0.0,1.0,0.32338083338177726,0.1111111111111111,0.022222222222222223,22.79888888888889,98.13333333333333,2.7351111111111113,938.5999999999999,25.969355719430105,12.954207692827497,-1.0,0.0,0.7299999999999969,-3.5,19.855669021606445,22.88658332824707,27.827167510986328,12.933442115783691,0.0,0.0,0.0025779275871606806,0.0,0.0,0.0,0.0008593091957202269,0.00042965459786011343,0.0014883671863985812,8,4,4,300,450,,3000,,,,,,,,,,,,61,6.0,6.0,0.38999493425675297,0.38999493425675297,428.99442768242824,0.0,0.0,0.0,0.0,2205.711,1.4328899999999984,1.9884500802745848,2.471366075322715,-1.9705867767333984,-9.942085266113281,-12.117321014404297,-0.5969085693359393,-8.084273474557058,-0.2784321648733954,1.0,1.0,0.0,0.20000000000000284,0.0,2770.214767442667,8,1,0,300,,73.0,0.0021261703359295426,0.0037654500518948613,0.0048540743429266245
2021-01-11 15:40:00,2021-01-11 16:40:00,572.5,146.5,0.8479427706705635,-0.7071067811865471,-0.7071067811865479,0.49999999999999994,0.8660254037844387,1,1,426.0,282.6,238.6,100.5,,37.86368849370658,1,1.0,29.77,29.5,30.1,74.36,1005.212,2.815,4.484106,266.9,0.0,562.0,50.81400680541992,11.868301391601562,225.4188842773437,37.59882354736328,0,0,0,0,1,29.7,24.7,75.0,9.0,280.0,7.0,,,676.0390635197238,605.381946741433,812.0119174658275,796.9979006552848,798.8389522920282,376.8268243175251,558.9533478494537,29.47,76.42,1005.413,21.91108512878418,11.134325981140137,563.8684364218095,426.0,676.0390635197238,126.98490608923004,641.0596739035909,426.0,782.4098246813093,132.08307541106785,768.9855228908797,426.0,979.4017046491136,138.18091149092666,334.00290936160087,525.2752724244576,29.33444444444445,77.14333333333332,3.1664999999999996,0.0,15.293686972724068,11.05790180630154,-250.03906351972375,-386.01191746582754,0.3000000000000007,-2.0600000000000023,35.77952194213867,37.19038391113281,33.209999084472656,11.56506633758545,589.5662457457048,766.9609627333746,0.9537610726228615,0.7954557989725591,0.78400708769739,0.9481373806793817,0.7933917201129771,0.8440476129513895,0.1614112902997142,6,3,3,450,600,,3000,,9000,,,,,,,,,,1,2.0,2.0,0.6137849905164752,0.6137849905164752,675.1634895681227,0.6309582887435109,0.7580071174377224,0.6633802816901408,0.560093896713615,2213.6972,7.633028,-2.810880726968286,-0.1522318585521435,15.03448486328125,17.604007720947266,28.902921676635742,0.7339754104614258,35.520319832695854,0.8103995853000221,553.4017046491136,356.40982468130926,-0.4753771578507311,0.6000000000000014,0.0,2675.33925796207,6,1,0,450,,5.0,1.7225482030205583,0.0843303000706351,0.05973551995559541
2021-01-11 15:50:00,2021-01-11 16:50:00,454.9,-6.400000000000034,0.710469612452264,-0.7071067811865471,-0.7071067811865479,0.49999999999999994,0.8660254037844387,1,1,461.3,301.2,249.6,108.3,,35.59650624616671,1,1.0,29.35,29.1,29.7,75.65,1005.19,3.517,5.568614,268.1,0.0,484.5,46.49550628662109,12.100491523742676,223.46664428710932,35.827720642089844,0,0,0,0,1,29.7,24.7,75.0,9.0,280.0,7.0,,,426.0,589.5662457457048,766.9609627333746,771.1854675860576,852.9615507448221,415.55467603886507,465.8038737544269,29.66,73.73,1005.269,22.236461639404297,11.158401489257812,521.1130211732412,426.0,676.0390635197238,135.32583436970953,590.1161801146951,426.0,782.4098246813093,132.75591325936364,747.2265478495007,426.0,979.4017046491136,154.099594789531,334.75017870404395,505.79646441600096,29.356666666666666,76.88055555555553,3.198611111111111,0.0,17.752326223585342,11.071731726328531,35.30000000000001,-305.66096273337456,-0.3099999999999987,1.9200000000000017,50.81400680541992,35.77952194213867,37.19038391113281,11.575295448303224,676.0390635197238,782.4098246813093,0.6309582887435109,0.9537610726228615,0.7954557989725591,0.9242174061155084,0.7683948631272749,0.8100889166013804,0.16665337308776262,6,3,3,450,600,,3000,,9000,,,,,,,,,,1,2.0,2.0,0.582073388217206,0.582073388217206,640.2807270389266,0.7204652280154527,0.9521155830753354,0.652937350964665,0.5410795577715153,2220.3275000000003,7.146724999999999,-3.51506640946716,-0.11660676239244656,-4.318500518798835,9.305122375488274,24.25904464721679,0.9420900344848633,28.743180063035744,1.0287597974141445,553.4017046491136,356.40982468130926,-0.3985352287605728,0.5999999999999979,0.0,2704.0562350353857,6,1,0,450,,5.0,1.5055148271257957,0.0925273303364266,0.08661741664181355
2021-01-11 16:00:00,2021-01-11 17:00:00,477.7,46.0,0.7905904825680092,-0.8660254037844384,-0.5000000000000004,0.49999999999999994,0.8660254037844387,1,1,431.7,306.0,170.9,101.5,,33.31912255792961,1,1.0,29.2,29.1,29.3,76.99,1005.167,3.567,6.190947,276.0,0.0,481.8,45.191349029541016,12.31551456451416,221.75767517089844,32.8195686340332,0,0,0,0,1,29.4,24.5,75.0,7.0,280.0,7.0,,,461.3,676.0390635197238,782.4098246813093,731.5751516589356,940.7777031109704,424.00879748246035,491.7300326021948,29.57,75.5,1005.2,28.93190193176269,11.420523643493652,439.6666666666667,426.0,461.3,18.95054968420003,531.6645426678102,426.0,676.0390635197238,105.58403230292551,718.9444532322246,426.0,979.4017046491136,162.94907466316758,333.6522341739676,478.7550332122459,29.35055555555556,76.7622222222222,3.229166666666666,0.0,20.143152435620625,11.121651702457005,-29.600000000000023,-350.70982468130927,-0.370000000000001,1.4899999999999949,46.49550628662109,50.81400680541992,35.77952194213867,11.664512634277344,426.0,605.381946741433,0.7204652280154527,0.6309582887435109,0.9537610726228615,0.9758860235565079,0.6886280966299396,0.7665180415304382,0.05003367291992949,7,3,3,450,600,,3000,,9000,,,,,,,,,,3,2.0,2.0,0.549301739456963,0.549301739456963,604.2319134026593,0.7144607731308553,0.8960149439601494,0.708825573314802,0.3958767662728747,2248.1079999999997,6.718920000000002,-3.547459600778631,0.3728530284757182,-1.304157257080071,9.411827087402344,16.259447097778324,0.8949909210205078,25.04819659392039,1.1938628620571556,553.4017046491136,250.03906351972375,-0.44824312478969724,0.1999999999999993,0.0,2731.05987836,7,1,0,450,,7.0,1.4353080689321822,0.07886162565481379,0.13747359915379911
2021-01-11 16:10:00,2021-01-11 17:10:00,519.8,41.599999999999966,0.9166164472138323,-0.8660254037844384,-0.5000000000000004,0.49999999999999994,0.8660254037844387,1,1,478.2,329.0,197.7,113.1,,31.03304635300077,1,1.0,29.12,28.9,29.4,77.7,1005.263,3.338,5.834285,272.1,0.0,509.9,39.98401641845703,12.496901512145996,220.18589782714844,32.91322708129883,0,0,0,0,1,29.4,24.5,75.0,7.0,280.0,7.0,,,431.7,426.0,605.381946741433,702.4197852971441,979.4017046491136,286.5742216642846,454.16330823937415,29.31,77.81,1005.211,33.209999084472656,11.56506633758545,457.06666666666666,431.7,478.2,23.537275401654572,510.467551544238,426.0,676.0390635197238,100.46717518661866,691.0999140850518,426.0,931.4213763259988,158.5884420778613,329.5319939696972,455.20207531275497,29.33,76.795,3.2423333333333333,0.0,22.237498389350044,11.201415220896402,46.5,-127.18194674143302,-0.18999999999999773,-0.10999999999999943,45.191349029541016,46.49550628662109,50.81400680541992,11.868301391601562,461.3,589.5662457457048,0.7144607731308553,0.7204652280154527,0.6309582887435109,0.78400708769739,0.7593949727161123,0.7763933464145447,0.07269033108336208,7,3,3,450,600,,3000,,9000,,,,,,,,,,3,2.0,2.0,0.5155323755992096,0.5155323755992096,567.0856131591306,0.8432589170020289,0.9378309472445577,0.6879966541196152,0.41342534504391465,2262.6240000000003,6.49376,-3.3357581784331547,0.12231669966248553,-5.207332611083984,-10.82999038696289,6.774017333984375,0.9318351745605469,17.746518029106987,1.2954862912495937,505.42137632599884,250.03906351972375,-0.21008546327820077,0.5,0.0,2751.641479509315,7,1,0,450,,7.0,1.4250904588410536,0.08396232811529847,0.08456428853010481
2021-01-11 16:20:00,2021-01-11 17:20:00,513.969570479609,129.16957047960904,0.971747860141158,-0.8660254037844384,-0.5000000000000004,0.49999999999999994,0.8660254037844387,1,1,384.8,345.2,52.7,89.9,,28.739593760620096,1,1.0,29.18,28.9,29.5,78.49,1005.248,3.245,5.49134,278.3,0.0,448.0,44.71464920043945,12.786991119384766,217.83624267578125,30.94474029541016,0,0,0,0,1,29.4,24.5,75.0,7.0,280.0,7.0,,,478.2,461.3,589.5662457457048,809.8657328904134,915.5899242850385,309.19830792209626,416.1064748139566,29.25,77.58,1005.182,37.19038391113281,11.575295448303224,431.56666666666666,384.8,478.2,46.70014275495667,476.3398439199539,384.8,676.0390635197238,102.97164072744347,661.6115849581051,384.8,931.4213763259988,163.65795788346273,328.79198797452597,424.38012673061104,29.32222222222222,76.86166666666666,3.2270555555555553,0.0,24.590401609738667,11.274979909261068,-93.39999999999998,-204.7662457457048,-0.07000000000000028,0.9099999999999966,39.98401641845703,45.191349029541016,46.49550628662109,12.100491523742676,431.7,676.0390635197238,0.8432589170020289,0.7144607731308553,0.7204652280154527,0.7954557989725591,0.7617500880136537,0.7650724755704643,0.07089056231531261,7,3,3,450,600,,3000,,9000,,,,,,,,,,3,2.0,2.0,0.48082952712085103,0.48082952712085103,528.9124798329361,0.7275305739080766,0.8589285714285715,0.8970893970893971,0.13695426195426197,2290.3381999999997,6.276618000000002,-3.211011185528806,0.4684358722481571,4.730632781982422,-1.7808570861816335,7.524265289306641,1.2116956710815412,20.124247590700787,1.5120112101236973,546.6213763259989,291.23906351972374,-0.3473167726668426,0.6000000000000014,0.0,2785.4701005753595,7,1,0,450,,7.0,1.4647617103458765,0.0812528533275068,0.057050041912323546
2021-01-11 16:30:00,2021-01-11 17:30:00,439.15399186605646,-99.54600813394359,0.8966258314369427,-0.8660254037844384,-0.5000000000000004,0.49999999999999994,0.8660254037844387,1,1,538.7,390.7,188.6,128.1,,26.43992358995581,1,1.0,28.82,28.6,29.0,80.37,1005.385,2.912,4.993333,271.8,0.0,267.7,53.08152389526367,12.7763671875,217.8967742919922,30.039894104003903,0,0,0,0,1,29.4,24.5,75.0,7.0,280.0,7.0,,,384.8,431.7,676.0390635197238,751.1731539446848,931.4213763259988,386.4873859518252,449.3518893020828,29.38,76.13,1005.195,35.77952194213867,11.664512634277344,467.23333333333335,384.8,538.7,77.53388506539147,453.45,384.8,538.7,52.689913645782354,639.7937307177718,384.8,812.0119174658275,151.28243132886425,329.90542130242756,400.4474167310524,29.296111111111106,77.02277777777778,3.206833333333333,0.0,27.409358819325764,11.334301948547363,153.90000000000003,-137.3390635197237,-0.5599999999999987,4.240000000000009,44.71464920043945,39.98401641845703,45.191349029541016,12.31551456451416,478.2,426.0,0.7275305739080766,0.8432589170020289,0.7144607731308553,0.9537610726228615,0.8902198563848511,0.7894239765073953,0.1905601584622333,7,3,3,450,600,,3000,,9000,,,,,,,,,,3,2.0,2.0,0.44525920144036335,0.44525920144036335,489.7851215843997,1.0998700782444477,2.012327231976093,0.7252645257100426,0.3501020976424726,2316.2634000000003,5.657365999999999,-2.91056310378501,0.09146813043551112,8.366874694824219,7.890174865722656,17.302001953125,1.1118545532226562,25.672165075937908,1.4420652389526367,427.2119174658275,153.90000000000003,-0.20315255571872257,0.3999999999999986,0.0,2783.9291973263025,7,1,0,450,,7.0,1.563071736897406,0.11660442953476936,0.04833077015486727
2021-01-11 16:40:00,2021-01-11 17:40:00,366.348052855943,-206.15194714405698,0.8145086751942076,-0.8660254037844384,-0.5000000000000004,0.49999999999999994,0.8660254037844387,1,1,572.5,413.7,197.3,135.8,,24.135066208033162,1,1.0,28.46,28.3,28.6,81.37,1005.51,2.854,5.244221,284.9,0.0,169.3,60.78649139404297,12.787483215332031,217.6532287597656,29.526391983032227,0,0,0,0,1,29.4,24.5,75.0,7.0,280.0,7.0,,,538.7,478.2,426.0,812.0119174658275,796.9979006552848,282.6,238.6,29.77,74.36,1005.212,50.81400680541992,11.868301391601562,498.6666666666667,384.8,572.5,100.0491046103529,477.8666666666666,384.8,572.5,68.88177310919535,627.3216251258116,384.8,812.0119174658275,146.74581707940962,335.50065570253287,381.2642580212622,29.25444444444444,77.195,3.174944444444444,0.0,30.63310776816474,11.467932171291775,33.799999999999955,146.5,-1.3099999999999987,7.010000000000005,53.08152389526367,44.71464920043945,39.98401641845703,12.496901512145996,384.8,461.3,1.0998700782444477,0.7275305739080766,0.8432589170020289,0.6309582887435109,1.0334169727379028,0.8964059727270075,0.2786671905447212,7,3,3,450,600,,3000,,9000,,,,,,,,,,3,2.0,2.0,0.4088890573634275,0.4088890573634275,449.77796309977026,1.272850266061184,3.381571175428234,0.7226200873362445,0.3446288209606987,2315.7902000000004,5.302097999999998,-2.758037330383074,0.7338569916635019,7.704967498779297,20.802474975585938,9.972484588623047,0.9191818237304688,30.153383625878227,1.3195510440402565,427.2119174658275,187.7,0.3438967136150235,0.3000000000000007,0.0,2783.2370095283254,7,1,0,450,,7.0,1.8829835228106853,0.1522595357037048,0.1456056836923768
2021-01-11 16:50:00,2021-01-11 17:50:00,296.2453544372563,-158.65464556274367,0.7243745316502359,-0.8660254037844384,-0.5000000000000004,0.49999999999999994,0.8660254037844387,1,1,454.9,421.6,34.6,106.8,,21.825947265304812,1,1.0,28.15,28.1,28.3,83.0,1005.736,2.598,4.52667,281.0,0.0,86.2,74.0259017944336,12.904242515563965,216.68121337890625,27.23065757751465,0,0,0,0,1,29.4,24.5,75.0,7.0,280.0,7.0,,,572.5,384.8,461.3,766.9609627333746,771.1854675860576,301.2,249.6,29.35,75.65,1005.19,46.49550628662109,12.100491523742676,522.0333333333333,454.9,572.5,60.54563017537544,476.8,384.8,572.5,69.23825532175114,609.7502102599196,384.8,812.0119174658275,147.44062026930433,342.4424224824312,353.12787041085073,29.20444444444444,77.5122222222222,3.122444444444444,0.0,34.57572360833486,11.649320761362711,-117.60000000000002,-6.400000000000034,-1.2000000000000028,7.349999999999994,60.78649139404297,53.08152389526367,44.71464920043945,12.786991119384766,538.7,431.7,1.272850266061184,1.0998700782444477,0.7275305739080766,0.7204652280154527,1.1616782489728086,0.9617141684932311,0.09647864188445891,7,3,3,450,600,,3000,,9000,,,,,,,,,,3,2.0,2.0,0.3717882763848497,0.3717882763848497,408.9671040233346,1.1123144026127942,5.2772621809744775,0.9267970982633547,0.07606067267531326,2336.45,4.7855,-2.5502674225970305,0.49572176998826417,13.239410400390625,29.31125259399414,27.530395507812507,0.8037509918212891,39.45017818609873,1.2549217542012538,427.2119174658275,187.7,-0.01387383481465431,0.1999999999999993,0.0,2796.1069260080694,7,1,0,450,,7.0,2.2210597756123867,0.09897372611220777,0.2131837702355348
2021-01-11 17:00:00,2021-01-11 18:00:00,229.7979255135435,-247.90207448645648,0.6254193086166916,-0.9659258262890683,-0.25881904510252063,0.49999999999999994,0.8660254037844387,1,1,477.7,409.4155976330535,36.9,112.1,,19.51340738807384,1,1.0,28.09,28.0,28.1,83.9,1005.921,2.252,4.408651,283.0,0.0,76.26,79.3539047241211,13.094050407409668,215.830795288086,23.515411376953125,0,0,0,0,1,28.4,25.2,83.0,8.0,290.0,6.0,,,454.9,538.7,431.7,782.4098246813093,731.5751516589356,306.0,170.9,29.2,76.99,1005.167,45.191349029541016,12.31551456451416,501.70000000000005,454.9,572.5,62.36537500889421,484.46666666666664,384.8,572.5,65.70207505601834,595.6460351677565,384.8,812.0119174658275,147.24404765439002,348.9627776215957,326.8001812388932,29.15277777777778,77.83722222222224,3.070777777777778,0.0,38.81886189513736,11.869528876410591,22.80000000000001,46.0,-1.1099999999999994,6.910000000000011,74.0259017944336,60.78649139404297,53.08152389526367,12.7763671875,572.5,478.2,1.1123144026127942,1.272850266061184,1.0998700782444477,0.7144607731308553,1.228425212721311,1.059322534553081,0.10147451234620403,8,4,3,450,600,,3000,,9000,,,,,,,,,,3,2.0,2.0,0.3340274310915908,0.3340274310915908,367.43017420074983,1.3001109694899553,6.264096511932861,0.8570558878648807,0.07724513292861629,2356.751,4.522489999999999,-2.1942813858963497,0.5065897743823837,5.3280029296875,26.272380828857422,34.16255569458008,0.7785358428955078,40.535042828983734,1.224521530999077,427.2119174658275,187.7,0.10655547834144082,0.10000000000000142,0.0,2826.099312973515,8,1,0,450,,7.0,2.3512759752287398,0.15374713142955918,0.13736954060156994
2021-01-11 17:10:00,2021-01-11 18:10:00,168.53469791725564,-351.2653020827443,0.5181757855036299,-0.9659258262890683,-0.25881904510252063,0.49999999999999994,0.8660254037844387,1,1,519.8,360.48583599572936,79.4,124.7,,17.198218711423948,1,1.0,28.04,28.0,28.1,84.3,1006.015,2.534,4.925527,279.5,0.0,72.45,88.83429718017578,13.25283908843994,214.5070953369141,23.585487365722656,0,0,0,0,1,28.4,25.2,83.0,8.0,290.0,6.0,,,477.7,572.5,478.2,605.381946741433,702.4197852971441,329.0,197.7,29.12,77.7,1005.263,39.98401641845703,12.496901512145996,484.13333333333327,454.9,519.8,32.92481333786623,491.3999999999999,384.8,572.5,67.0888366272661,585.5004915401373,384.8,812.0119174658275,145.73807549222118,354.77154570543576,301.7616400573822,29.088333333333328,78.19444444444446,3.067944444444444,0.0,43.58565619256761,12.063297695583767,42.099999999999966,41.599999999999966,-1.0800000000000018,6.599999999999994,79.3539047241211,74.0259017944336,60.78649139404297,12.787483215332031,454.9,384.8,1.3001109694899553,1.1123144026127942,1.272850266061184,0.8432589170020289,1.3368664593366626,1.1851417160372828,0.24500635308857266,8,4,3,450,600,,3000,,9000,,,,,,,,,,3,2.0,2.0,0.29567835091724176,0.29567835091724176,325.24618600896594,1.5981740059072387,7.174603174603174,0.6935087264250277,0.15275105809926898,2363.772,4.402280000000001,-2.499247714295344,0.4182306332509575,9.480392456054688,28.047805786132812,48.85028076171875,0.7559375762939435,45.24864098760817,1.1895413928561727,427.2119174658275,187.7,0.08699289000418228,0.10000000000000142,0.0,2842.8280178287678,8,1,0,450,,7.0,2.584744461620901,0.18223281370826308,0.11767975566416872
2021-01-11 17:20:00,2021-01-11 18:20:00,115.91831951608029,-398.0512509635288,0.4103370393269434,-0.9659258262890683,-0.25881904510252063,0.49999999999999994,0.8660254037844387,1,1,513.969570479609,312.18072797041907,188.2,153.7,,14.881098940682035,1,1.0,28.01,28.0,28.1,84.6,1006.138,2.528,4.261324,284.9,0.0,49.01,98.26238250732422,13.226046562194824,214.72589111328125,25.4102783203125,0,0,0,0,1,28.4,25.2,83.0,8.0,290.0,6.0,,,519.8,454.9,384.8,589.5662457457048,809.8657328904134,345.2,52.7,29.18,78.49,1005.248,44.71464920043945,12.786991119384766,503.8231901598697,477.7,519.8,22.810398400610946,512.9282617466015,454.9,572.5,42.11790400447991,569.0618158506481,384.8,812.0119174658275,135.25264879627878,354.5746697590814,278.84271114591206,29.00944444444444,78.61277777777778,3.043333333333333,0.0,48.70068566004435,12.211924764845106,-5.830429520390908,129.16957047960904,-1.1699999999999982,6.109999999999999,88.83429718017578,79.3539047241211,74.0259017944336,12.904242515563965,477.7,538.7,1.5981740059072387,1.3001109694899553,1.1123144026127942,0.7275305739080766,1.5725586716706121,1.3671184603217104,0.26058598737886,8,4,3,450,600,,3000,,9000,,,,,,,,,,3,2.0,2.0,0.25681398550326884,0.25681398550326884,282.4953840535957,1.8193910396146418,10.487034696584555,0.6073914603137082,0.36616953767201,2369.646,4.3135400000000015,-2.4429987285243207,0.6500317010950711,9.428085327148438,24.236480712890625,53.547733306884766,0.4390554428100586,49.56169684727987,1.014121797349718,427.2119174658275,117.60000000000002,0.33567975696364094,0.10000000000000142,0.0,2839.9746339730336,8,1,0,450,,7.0,2.9686988372148724,0.22882218290240622,0.20916384908292965
2021-01-11 17:30:00,2021-01-11 18:30:00,0.0,-439.15399186605646,0.0,-0.9659258262890683,-0.25881904510252063,0.49999999999999994,0.8660254037844387,1,1,439.15399186605646,264.7975281818358,270.4,167.2,,12.562723489053516,1,1.0,28.0,28.0,28.0,84.3,1006.16,2.582,4.949134,276.3,0.0,45.17,107.684814453125,13.329044342041016,213.86932373046875,27.122257232666016,0,0,0,0,1,28.4,25.2,83.0,8.0,290.0,6.0,,,513.969570479609,477.7,538.7,676.0390635197238,751.1731539446848,390.7,188.6,28.82,80.37,1005.385,53.08152389526367,12.7763671875,490.9745207818885,439.15399186605646,519.8,44.97247925048717,496.33726039094427,439.15399186605646,572.5,48.982612499862086,551.727417957391,384.8,812.0119174658275,130.44912961024122,351.97388350878305,263.38938480897156,28.934999999999995,79.0111111111111,3.0093333333333327,0.0,53.80489985148112,12.30313327577379,-74.81557861355259,-99.54600813394359,-0.8200000000000003,3.9299999999999926,98.26238250732422,88.83429718017578,79.3539047241211,13.094050407409668,519.8,572.5,1.8193910396146418,1.5981740059072387,1.3001109694899553,1.0998700782444477,1.751013221759731,1.489719217240521,0.13260671104568958,8,4,3,450,600,,3000,,9000,,,,,,,,,,3,2.0,2.0,0.2175082659269903,0.2175082659269903,239.25909251968932,1.8354746197573126,9.722249100421882,0.6029719257626605,0.6157293455332473,2360.4,4.396000000000001,-2.566407186985274,0.2833339912370791,9.422431945800781,28.330909729003906,54.60329055786133,0.5526771545410156,53.87991460164388,1.0259110662672253,427.2119174658275,133.34600813394354,-0.18478932269156037,0.0,0.0,2850.673699405743,8,1,0,450,,7.0,3.355355806924528,0.1787076943045932,0.2944834487417844
2021-01-11 17:40:00,2021-01-11 18:40:00,0.0,-366.348052855943,0.0,-0.9659258262890683,-0.25881904510252063,0.49999999999999994,0.8660254037844387,1,1,366.348052855943,218.68710014209725,145.0,139.2,,10.243736133015478,1,1.0,27.92,27.9,28.0,84.9,1006.253,2.511,4.438302,281.0,0.0,22.32,,,,,1,1,0,0,0,28.4,25.2,83.0,8.0,290.0,6.0,,,439.15399186605646,519.8,572.5,426.0,812.0119174658275,413.7,197.3,28.46,81.37,1005.51,60.78649139404297,12.787483215332031,439.8238717338695,366.348052855943,513.969570479609,73.81303862229599,461.9786025336014,366.348052855943,519.8,56.58587913752214,526.968314367953,366.348052855943,782.4098246813093,120.0176047391026,343.18834327681475,240.39197659511305,28.848888888888887,79.48222222222222,3.0001111111111114,0.0,55.681006599875055,12.371886646046358,-72.80593901011343,-206.15194714405698,-0.5399999999999991,3.530000000000001,107.684814453125,98.26238250732422,88.83429718017578,13.25283908843994,513.969570479609,454.9,1.8354746197573126,1.8193910396146418,1.5981740059072387,1.272850266061184,1.8425411448769455,1.5897038021068042,0.027376156619955884,8,4,3,450,600,,3000,,9000,,,,,,,,,,3,2.0,2.0,0.17783596406025073,0.17783596406025073,195.6195604662758,1.872757775258882,16.41344322831286,0.596938071424909,0.3957984732541148,2370.4080000000004,4.215919999999999,-2.464865857637084,0.4791213873905048,,,,,,,416.06177182536624,153.45194714405693,-0.36009073736953184,0.10000000000000142,,,8,1,0,450,,7.0,3.6778064719097934,0.19725096512746532,0.29158791293536024
2021-01-11 17:50:00,2021-01-11 18:50:00,0.0,-296.2453544372563,0.0,-0.9659258262890683,-0.25881904510252063,0.49999999999999994,0.8660254037844387,1,1,296.2453544372563,174.288724476929,252.7,166.7,,7.92475854728376,1,1.0,27.87,27.8,27.9,85.6,1006.344,2.622,4.353672,276.5,0.0,15.0,,,,,1,1,0,0,0,28.4,25.2,83.0,8.0,290.0,6.0,,,366.348052855943,513.969570479609,454.9,461.3,766.9609627333746,421.6,34.6,28.15,83.0,1005.736,74.0259017944336,12.904242515563965,367.24913305308525,296.2453544372563,439.15399186605646,71.45857976534606,435.53616160647744,296.2453544372563,519.8,88.57990224250717,500.81744724039083,296.2453544372563,782.4098246813093,115.8596575594818,329.78467930115164,228.5528724976449,28.74944444444444,80.14166666666667,2.969055555555556,0.0,57.77129065990448,12.447729468345642,-70.10269841868671,-158.65464556274367,-0.2799999999999976,2.5999999999999943,,107.684814453125,98.26238250732422,13.226046562194824,439.15399186605646,477.7,1.872757775258882,1.8354746197573126,1.8193910396146418,1.1123144026127942,1.8871956122650078,1.72987714196781,0.06025156813741601,8,4,3,450,600,,3000,,9000,,,,,,,,,,3,2.0,2.0,0.1378725503263362,0.1378725503263362,151.6598053589698,1.9533544417788289,14.812267721862815,0.5883255952080853,0.8530091568187643,2385.672,4.013280000000002,-2.6051454055840124,0.29681882649945107,,,,,,,486.16447024405295,223.55464556274364,-0.3487681810568118,0.09999999999999787,,,8,1,0,450,,7.0,3.8846293450963287,0.19259081526982563,0.25907875939779096
2021-01-11 18:00:00,2021-01-11 19:00:00,0.0,-229.7979255135435,0.0,-1.0,-1.8369701987210297e-16,0.49999999999999994,0.8660254037844387,1,1,229.7979255135435,132.20535282524423,206.3,159.5,,5.606399021750728,1,1.0,27.8,27.7,27.8,85.4,1006.308,2.69,5.226371,274.6,0.0,10.94,,,,,1,1,0,0,0,28.0,24.9,83.0,7.0,280.0,5.0,,,296.2453544372563,439.15399186605646,477.7,431.7,782.4098246813093,409.4155976330535,36.9,28.09,83.9,1005.921,79.3539047241211,13.094050407409668,297.4637776022476,229.7979255135435,366.348052855943,68.28321708562889,394.219149192068,229.7979255135435,519.8,117.93206081460855,470.116786175515,229.7979255135435,676.0390635197238,109.91723831888507,313.5733768201952,212.69564846418962,28.651111111111106,80.69166666666666,2.930277777777778,0.0,59.69391657511393,12.516209856669109,-66.4474289237128,-247.90207448645648,-0.28999999999999915,1.5,,,107.684814453125,13.329044342041016,366.348052855943,519.8,1.9533544417788289,1.872757775258882,1.8354746197573126,1.3001109694899553,1.988164761928845,1.869588991844288,0.13619062050933523,8,5,3,300,450,,3000,,9000,,,,,,,,,,60,2.0,2.0,0.09769405012573112,0.09769405012573112,107.46345513830424,2.1383820687488244,11.489896275677175,0.5753113416050072,0.8977452670165267,2374.1200000000003,4.058799999999998,-2.6813351830473047,0.2157351064446309,,,,,,,446.2411380061802,290.0020744864564,-0.5189492871811943,0.10000000000000142,,,8,1,0,300,,64.0,4.114186399523321,0.2802236391755758,0.3001298987555017
2021-01-11 18:10:00,2021-01-11 19:10:00,0.0,-168.53469791725564,0.0,-1.0,-1.8369701987210297e-16,0.49999999999999994,0.8660254037844387,1,0,168.53469791725564,93.40530868092857,2.8,97.6,,3.289260619379851,1,1.0,27.74,27.7,27.8,85.4,1006.317,2.208,4.095934,277.1,0.0,7.2,,,,,1,1,0,0,0,28.0,24.9,83.0,7.0,280.0,5.0,,,229.7979255135435,366.348052855943,519.8,478.2,605.381946741433,360.48583599572936,79.4,28.04,84.3,1006.015,88.83429718017578,13.25283908843994,231.52599262268518,168.53469791725564,296.2453544372563,63.87286285381822,335.67493217827734,168.53469791725564,513.969570479609,129.72141243674832,445.8474945741717,168.53469791725564,676.0390635197238,125.42720100482715,302.84177054334214,187.61990911755777,28.563888888888886,81.11333333333333,2.8513333333333333,0.0,61.58562496730259,12.584148679460798,-61.26322759628786,-351.2653020827443,-0.3000000000000007,1.1000000000000085,,,,,296.2453544372563,513.969570479609,2.1383820687488244,1.9533544417788289,1.872757775258882,1.5981740059072387,2.2540111697668888,2.0482761573219173,0.37219514271283005,8,5,3,300,450,,3000,,9000,,,,,,,,,,60,2.0,2.0,0.0573768992038565,0.0573768992038565,63.11458912424215,2.6702969987730127,8.426734895862783,0.5542200498486499,0.01661378953178352,2368.996,4.050039999999998,-2.191068918851159,0.27291206064300816,,,,,,,507.5043656024681,345.4348725623534,-0.6757701078929287,0.10000000000000142,,,8,1,0,300,,64.0,4.416019570871802,0.35793261198945564,0.38620672463550315
2021-01-11 18:20:00,2021-01-11 19:20:00,0.0,-115.91831951608029,0.0,-1.0,-1.8369701987210297e-16,0.49999999999999994,0.8660254037844387,1,0,115.91831951608029,60.08160236018418,2.0,81.2,,0.9739490034990359,1,1.0,27.77,27.7,27.8,85.8,1006.528,2.162,3.694245,284.5,0.0,3.147,,,,,1,1,0,0,0,28.0,24.9,83.0,7.0,280.0,5.0,,,168.53469791725564,296.2453544372563,513.969570479609,384.8,589.5662457457048,312.18072797041907,188.2,28.01,84.6,1006.138,98.26238250732422,13.226046562194824,171.41698098229313,115.91831951608029,229.7979255135435,56.99448949051667,269.3330570176892,115.91831951608029,439.15399186605646,121.84805996465163,419.5337208947482,115.91831951608029,676.0390635197238,142.08084350820744,289.0019535676803,164.61399385011572,28.48166666666667,81.57000000000001,2.7878333333333334,0.0,63.462181971623345,12.661752774165226,-52.61637840117535,-398.0512509635288,-0.240000000000002,1.2000000000000028,,,,,229.7979255135435,439.15399186605646,2.6702969987730127,2.1383820687488244,1.9533544417788289,1.8193910396146418,3.359231196993344,2.623213404629176,1.6751679434397089,8,5,3,300,450,,3000,,9000,,,,,,,,,,60,2.0,2.0,0.016997798235917683,0.02,22.0,5.269014523458195,5.795915975804014,0.518309811693307,0.01725352824600393,2382.6659999999997,3.9433400000000005,-2.093135198497469,0.5413215687657024,,,,,,,560.1207440036435,323.2356723499762,-0.7744646255849127,0.10000000000000142,,,8,1,0,300,,64.0,5.438188271053724,1.0325724533975325,0.5986680596249773
2021-01-14 06:20:00,2021-01-14 07:20:00,0.0,0.0,0.0,1.0,6.123233995736766e-17,0.49999999999999994,0.8660254037844387,1,0,0.0,0.0,0.0,0.0,,1.6624916394347684,1,1.0,25.7,25.6,25.8,79.99,1007.513,1.784,2.94355,96.3,0.0,2.147,,,,,1,1,0,0,0,,,,,,,,,0.0,0.0,0.0,0.0,0.0,0.0,0.0,25.5,82.6,1007.104,,,0.0,0.0,0.0,0.0,0.0,0.0,0.0,0.0,0.0,0.0,0.0,0.0,0.0,0.0,25.7,81.385,1.896222222222222,0.0,,,0.0,0.0,0.1999999999999993,-2.6099999999999994,,,,,0.0,0.0,0.0,0.0,0.0,0.0,0.0,0.0,0.0,,,,,,,,,,,,,,,,,,,,,,0.029011881521192023,0.029011881521192023,31.913069673311227,0.0,0.0,0.0,0.0,2055.743,5.142570000000001,1.7732263445320406,-0.1957660109864247,,,,,,,0.0,0.0,0.0,0.1999999999999993,,,,0,0,,,0.0,0.0,0.0,0.0
2021-01-14 06:30:00,2021-01-14 07:30:00,0.0,0.0,0.0,1.0,6.123233995736766e-17,0.49999999999999994,0.8660254037844387,1,0,0.0,0.0,0.0,0.0,,3.9847861322811586,1,1.0,25.92,25.8,26.0,78.44,1007.657,2.143,4.029924,78.01,0.0,8.97,,,,,1,1,0,0,0,,,,,,,,,0.0,0.0,0.0,0.0,0.0,0.0,0.0,25.52,82.11,1007.24,,,0.0,0.0,0.0,0.0,0.0,0.0,0.0,0.0,0.0,0.0,0.0,0.0,0.0,0.0,25.686666666666667,81.33722222222224,1.892111111111111,0.0,,,0.0,0.0,0.40000000000000213,-3.6700000000000017,,,,,0.0,0.0,0.0,0.0,0.0,0.0,0.0,0.0,0.0,,,,,,,,,,,,,,,,,,,,,,0.06949158602722169,0.06949158602722169,76.44074462994386,0.0,0.0,0.0,0.0,2033.1648,5.588352000000001,2.0962480404201025,0.44518889590249205,,,,,,,0.0,0.0,0.0,0.1999999999999993,,,,0,0,,,0.0,0.0,0.0,0.0
2021-01-14 06:40:00,2021-01-14 07:40:00,0.0,0.0,0.0,1.0,6.123233995736766e-17,0.49999999999999994,0.8660254037844387,1,1,0.0,0.0,0.0,0.0,,6.308784515108162,1,1.0,25.86,25.8,25.9,78.99,1007.89,1.892,3.151561,215.7,0.0,17.5,,,,,1,1,0,0,0,,,,,,,,,0.0,0.0,0.0,0.0,0.0,0.0,0.0,25.62,81.25,1007.328,,,0.0,0.0,0.0,0.0,0.0,0.0,0.0,0.0,0.0,0.0,0.0,0.0,0.0,0.0,25.674999999999997,81.28944444444444,1.8767222222222226,0.0,,,0.0,0.0,0.23999999999999844,-2.260000000000005,,,,,0.0,0.0,0.0,0.0,0.0,0.0,0.0,0.0,0.0,,,,,,,,,,,,,,,,,,,,,,0.10988670261400477,0.10988670261400477,120.87537287540525,0.0,0.0,0.0,0.0,2042.6813999999997,5.433186000000002,-1.1040599718857738,-1.5364620328792977,,,,,,,0.0,0.0,0.0,0.09999999999999787,,,,0,0,,,0.0,0.0,0.0,0.0
2021-01-14 06:50:00,2021-01-14 07:50:00,0.0,0.0,0.0,1.0,6.123233995736766e-17,0.49999999999999994,0.8660254037844387,1,1,0.0,0.0,0.0,0.0,,8.633902348351057,1,1.0,25.71,25.7,25.8,80.45,1008.151,1.787,3.093508,196.4,0.0,27.17,6.943333148956299,11.715167999267578,226.086669921875,9.623333930969238,0,0,0,1,0,,,,,,,,,0.0,0.0,0.0,0.0,0.0,0.0,0.0,25.65,80.92,1007.42,,,0.0,0.0,0.0,0.0,0.0,0.0,0.0,0.0,0.0,0.0,0.0,0.0,0.0,0.0,25.662777777777777,81.28277777777778,1.8687222222222222,0.0,6.943333148956299,11.715167999267578,0.0,0.0,0.060000000000002274,-0.46999999999999886,,,,,0.0,0.0,0.0,0.0,0.0,0.0,0.0,0.0,0.0,,,,,,,,,,,,,,,,,,,,,,0.15012037190013697,0.15012037190013697,165.13240909015067,0.0,0.0,0.0,0.0,2068.3695000000002,5.026304999999999,-0.5045441833782199,-1.7142940725030829,,,,,0.0,0.0,0.0,0.0,0.0,0.10000000000000142,0.0,2648.6433205297217,,0,0,,,0.0,0.0,0.0,0.0
2021-01-14 07:00:00,2021-01-14 08:00:00,0.0,0.0,0.0,0.9659258262890683,-0.25881904510252063,0.49999999999999994,0.8660254037844387,1,1,0.0,0.0,0.0,0.0,,10.959556260168947,1,1.0,25.67,25.6,25.7,81.34,1008.359,1.724,2.752073,177.3,0.0,38.52,5.762314796447754,12.6793794631958,218.4781036376953,8.19243049621582,0,0,0,1,0,25.6,22.5,83.0,2.0,90.0,4.0,,1170.0,0.0,0.0,0.0,0.0,0.0,0.0,0.0,25.6,80.81,1007.46,,,0.0,0.0,0.0,0.0,0.0,0.0,0.0,0.0,0.0,0.0,0.0,0.0,0.0,0.0,25.650555555555556,81.30444444444444,1.8474444444444442,0.0,6.352823972702026,12.19727373123169,0.0,0.0,0.07000000000000028,0.5300000000000011,6.943333148956299,,,,0.0,0.0,0.0,0.0,0.0,0.0,0.0,0.0,0.0,7,2,5,450,600,,3000,,9000,,,,,,,,,,60,6.0,2.0,0.19011604041383381,0.19011604041383381,209.1276444552172,0.0,0.0,0.0,0.0,2087.9978,4.790022,0.08121152102342369,-1.7220861444344362,-1.181018352508545,,,,-0.5905091762542725,0.48210573196411133,0.0,0.0,0.0,0.09999999999999787,0.0,2770.1667804217577,7,1,0,450,,68.0,0.0,0.0,0.0
2021-01-14 07:10:00,2021-01-14 08:10:00,0.0,0.0,0.0,0.9659258262890683,-0.25881904510252063,0.49999999999999994,0.8660254037844387,1,1,0.0,0.0,0.0,0.0,,13.285156278052204,1,1.0,25.6,25.6,25.6,82.5,1008.52,1.535,2.325265,203.5,0.0,51.55,5.267499923706055,12.803351402282717,217.5379638671875,8.681111335754395,0,0,0,1,0,25.6,22.5,83.0,2.0,90.0,4.0,,1170.0,0.0,0.0,0.0,0.0,0.0,0.0,0.0,25.6,81.01,1007.473,,,0.0,0.0,0.0,0.0,0.0,0.0,0.0,0.0,0.0,0.0,0.0,0.0,0.0,0.0,25.640000000000004,81.36833333333334,1.8177222222222218,0.0,5.991049289703369,12.399299621582031,0.0,0.0,0.0,1.4899999999999949,5.762314796447754,6.943333148956299,,,0.0,0.0,0.0,0.0,0.0,0.0,0.0,0.0,0.0,7,2,5,450,600,,3000,,9000,,,,,,,,,,60,6.0,2.0,0.22979760624769943,0.22979760624769943,252.77736687246937,0.0,0.0,0.0,0.0,2112.0,4.48,-0.612079820800253,-1.4076872141811654,-0.4948148727416992,,,,-0.7235493659973145,0.40405178070068537,0.0,0.0,0.0,0.0,0.0,2785.214994728682,7,1,0,450,,68.0,0.0,0.0,0.0
2021-01-14 07:20:00,2021-01-14 08:20:00,0.0,0.0,0.0,0.9659258262890683,-0.25881904510252063,0.49999999999999994,0.8660254037844387,1,1,0.0,0.0,0.0,0.0,,15.6100977872406,1,1.0,25.6,25.6,25.6,82.9,1008.609,1.97,3.123103,69.11,0.0,71.64,4.901192665100098,12.687542915344238,218.4195709228516,8.919454574584961,0,0,0,1,0,25.6,22.5,83.0,2.0,90.0,4.0,,1170.0,0.0,0.0,0.0,0.0,0.0,0.0,0.0,25.7,79.99,1007.513,,,0.0,0.0,0.0,0.0,0.0,0.0,0.0,0.0,0.0,0.0,0.0,0.0,0.0,0.0,25.63777777777778,81.39055555555557,1.8176666666666665,0.0,5.718585133552551,12.471360445022583,0.0,0.0,-0.09999999999999787,2.910000000000011,5.267499923706055,5.762314796447754,6.943333148956299,11.715167999267578,0.0,0.0,0.0,0.0,0.0,0.0,0.0,0.0,0.0,7,2,5,450,600,,3000,,9000,,,,,,,,,,60,6.0,2.0,0.26908956385675753,0.26908956385675753,295.9985202424333,0.0,0.0,0.0,0.0,2122.2400000000002,4.377599999999998,1.8405054435584778,0.7024526405613483,-0.36630725860595703,-2.042140483856201,,,-0.8173924684524536,0.21618247032165527,0.0,0.0,0.0,0.0,0.0,2771.207679634754,7,1,0,450,,68.0,0.0,0.0,0.0
2021-01-14 07:30:00,2021-01-14 08:30:00,0.0,0.0,0.0,0.9659258262890683,-0.25881904510252063,0.49999999999999994,0.8660254037844387,1,1,0.0,0.0,0.0,0.0,,17.933752885048257,1,1.0,25.76,25.6,25.9,83.1,1008.71,1.525,2.815697,147.0,0.0,94.0,4.266428470611572,12.83299160003662,217.45420837402344,15.797656059265137,0,0,0,1,0,25.6,22.5,83.0,2.0,90.0,4.0,,1170.0,0.0,0.0,0.0,0.0,0.0,0.0,0.0,25.92,78.44,1007.657,,,0.0,0.0,0.0,0.0,0.0,0.0,0.0,0.0,0.0,0.0,0.0,0.0,0.0,0.0,25.646666666666672,81.42444444444445,1.7896666666666665,0.0,5.428153800964355,12.543686676025391,0.0,0.0,-0.16000000000000014,4.659999999999997,4.901192665100098,5.267499923706055,5.762314796447754,12.6793794631958,0.0,0.0,0.0,0.0,0.0,0.0,0.0,0.0,0.0,7,2,5,450,600,,3000,,9000,,,,,,,,,,60,6.0,2.0,0.3079171477242578,0.3079171477242578,338.7088624966836,0.0,0.0,0.0,0.0,2140.656,4.353440000000002,0.8305745283979166,-1.2789726161167714,-0.6347641944885254,-1.4958863258361816,,,-1.161725330352783,0.289304924011228,0.0,0.0,0.0,0.29999999999999716,0.0,2790.5880294564554,7,1,0,450,,68.0,0.0,0.0,0.0
2021-01-14 07:40:00,2021-01-14 08:40:00,0.0,0.0,0.0,0.9659258262890683,-0.25881904510252063,0.49999999999999994,0.8660254037844387,1,1,0.0,0.0,0.0,0.0,,20.25546086687492,1,1.0,26.04,25.9,26.2,81.92,1008.805,1.78,3.572132,179.0,0.0,118.3,3.903097152709961,12.875593185424805,217.1498260498047,17.757680892944336,0,0,0,1,0,25.6,22.5,83.0,2.0,90.0,4.0,,1170.0,0.0,0.0,0.0,0.0,0.0,0.0,0.0,25.86,78.99,1007.89,,,0.0,0.0,0.0,0.0,0.0,0.0,0.0,0.0,0.0,0.0,0.0,0.0,0.0,0.0,25.671111111111113,81.41000000000001,1.7735555555555556,0.0,5.173977692921956,12.599004427591959,0.0,0.0,0.17999999999999972,2.930000000000007,4.266428470611572,4.901192665100098,5.267499923706055,12.803351402282717,0.0,0.0,0.0,0.0,0.0,0.0,0.0,0.0,0.0,7,2,5,450,600,,3000,,9000,,,,,,,,,,60,6.0,2.0,0.346206474621886,0.346206474621886,380.8271220840746,0.0,0.0,0.0,0.0,2133.1968,4.708031999999999,0.031065283458364523,-1.7797288973783765,-0.36333131790161133,-1.3644027709960938,,,-1.2708805402119951,0.27658875783284564,0.0,0.0,0.0,0.3000000000000007,0.0,2795.932820503047,7,1,0,450,,68.0,0.0,0.0,0.0
2021-01-14 07:50:00,2021-01-14 08:50:00,0.0,0.0,0.0,0.9659258262890683,-0.25881904510252063,0.49999999999999994,0.8660254037844387,1,1,0.0,0.0,0.0,0.0,,22.57451753277204,1,1.0,26.41,26.3,26.5,79.98,1008.841,1.926,3.665399,215.2,0.0,143.7,3.979523897171021,12.752809524536133,218.17941284179688,21.81479454040528,0,0,0,1,0,25.6,22.5,83.0,2.0,90.0,4.0,,1170.0,0.0,0.0,0.0,0.0,0.0,0.0,0.0,25.71,80.45,1008.151,6.943333148956299,11.715167999267578,0.0,0.0,0.0,0.0,0.0,0.0,0.0,0.0,0.0,0.0,0.0,0.0,0.0,0.0,25.716111111111115,81.28111111111112,1.7671111111111109,0.0,5.003341436386108,12.62097658429827,0.0,0.0,0.6999999999999993,-0.46999999999999886,3.903097152709961,4.266428470611572,4.901192665100098,12.687542915344238,0.0,0.0,0.0,0.0,0.0,0.0,0.0,0.0,0.0,7,2,5,450,600,,3000,,9000,,,,,,,,,,60,6.0,2.0,0.3838846841937033,0.3838846841937033,422.27315261307365,0.0,0.0,0.0,0.0,2112.2718,5.287281999999999,-1.1102086409430214,-1.5738210741934577,0.07642674446106001,-0.9216687679290767,-2.963809251785278,1.0376415252685547,-1.0238175392150874,0.13183294023786196,0.0,0.0,0.0,0.1999999999999993,0.0,2782.4004941465682,7,1,0,450,,68.0,0.0,0.0,0.0
2021-01-14 08:00:00,2021-01-14 09:00:00,0.0,0.0,0.0,0.8660254037844387,-0.4999999999999998,0.49999999999999994,0.8660254037844387,1,1,0.0,0.0,0.0,0.0,,24.89016293943399,1,1.0,26.67,26.5,26.7,78.62,1008.851,2.007,3.624406,164.9,0.0,159.9,4.494901657104492,12.661892890930176,218.84918212890625,22.766151428222656,0,0,0,1,0,26.8,22.6,78.0,7.0,20.0,5.0,,,0.0,0.0,0.0,0.0,0.0,0.0,0.0,25.67,81.34,1008.359,5.762314796447754,12.6793794631958,0.0,0.0,0.0,0.0,0.0,0.0,0.0,0.0,0.0,0.0,0.0,0.0,0.0,0.0,25.775555555555556,81.07888888888888,1.7739999999999998,0.0,4.939786463975906,12.626091122627258,0.0,0.0,1.0,-2.719999999999999,3.979523897171021,3.903097152709961,4.266428470611572,12.83299160003662,0.0,0.0,0.0,0.0,0.0,0.0,0.0,0.0,0.0,7,2,5,450,600,,3000,,9000,,,,,,,,,,21,2.0,2.0,0.4208800775963106,0.4208800775963106,462.96808535594164,0.0,0.0,0.0,0.0,2096.7954000000004,5.702045999999999,0.5228325488457956,-1.9377035701746046,0.5153777599334712,0.22847318649291992,-1.2674131393432617,-0.017486572265625,-0.4448848068714142,0.03580176830291748,0.0,0.0,0.0,0.1999999999999993,0.0,2771.0449033838813,7,1,0,450,,25.0,0.0,0.0,0.0
2021-01-14 08:10:00,2021-01-14 09:10:00,0.0,0.0,0.0,0.8660254037844387,-0.4999999999999998,0.49999999999999994,0.8660254037844387,1,1,0.0,0.0,0.0,0.0,,27.201567136579726,1,1.0,26.8,26.7,26.9,77.75,1008.85,2.392,3.976542,117.5,0.0,171.3,4.781495094299316,12.68716049194336,218.7116851806641,26.016923904418945,0,0,0,1,0,26.8,22.6,78.0,7.0,20.0,5.0,,,0.0,0.0,0.0,0.0,0.0,0.0,0.0,25.6,82.5,1008.52,5.267499923706055,12.803351402282717,0.0,0.0,0.0,0.0,0.0,0.0,0.0,0.0,0.0,0.0,0.0,0.0,0.0,0.0,25.846111111111114,80.81555555555555,1.8105555555555553,0.0,4.922198534011841,12.632876608106825,0.0,0.0,1.1999999999999993,-4.75,4.494901657104492,3.979523897171021,3.903097152709961,12.875593185424805,0.0,0.0,0.0,0.0,0.0,0.0,0.0,0.0,0.0,7,2,5,450,600,,3000,,9000,,,,,,,,,,21,2.0,2.0,0.4571222539314303,0.4571222539314303,502.83447932457335,0.0,0.0,0.0,0.0,2083.7000000000003,5.963000000000001,2.1217299129623064,-1.1045026828582007,0.2865934371948242,0.8783979415893555,-0.4860048294067383,-0.11619091033935725,-0.14070343971252441,0.054283883836534486,0.0,0.0,0.0,0.1999999999999993,0.0,2774.8302513504755,7,1,0,450,,25.0,0.0,0.0,0.0
2021-01-14 08:20:00,2021-01-14 09:20:00,0.0,0.0,0.0,0.8660254037844387,-0.4999999999999998,0.49999999999999994,0.8660254037844387,1,1,0.0,0.0,0.0,0.0,,29.507813312260897,1,1.0,26.87,26.8,26.9,77.01,1008.87,2.576,3.699613,101.2,0.0,186.0,5.273809432983398,12.505677223205566,220.194091796875,28.25174903869629,0,0,0,1,0,26.8,22.6,78.0,7.0,20.0,5.0,,,0.0,0.0,0.0,0.0,0.0,0.0,0.0,25.6,82.9,1008.609,4.901192665100098,12.687542915344238,0.0,0.0,0.0,0.0,0.0,0.0,0.0,0.0,0.0,0.0,0.0,0.0,0.0,0.0,25.922222222222228,80.505,1.8621111111111108,0.0,4.957359623908997,12.6201566696167,0.0,0.0,1.2699999999999996,-5.890000000000001,4.781495094299316,4.494901657104492,3.979523897171021,12.752809524536133,0.0,0.0,0.0,0.0,0.0,0.0,0.0,0.0,0.0,7,2,5,450,600,,3000,,9000,,,,,,,,,,21,2.0,2.0,0.492542244211301,0.492542244211301,541.7964686324311,0.0,0.0,0.0,0.0,2069.2587000000003,6.177412999999999,2.5269404801795177,-0.5003476887426478,0.49231433868408203,1.2942855358123775,0.3726167678833008,-0.18186569213867188,0.3164498090744017,-0.11447944641113317,0.0,0.0,0.0,0.09999999999999787,0.0,2753.6762384686153,7,1,0,450,,25.0,0.0,0.0,0.0
2021-01-14 08:30:00,2021-01-14 09:30:00,0.0,0.0,0.0,0.8660254037844387,-0.4999999999999998,0.49999999999999994,0.8660254037844387,1,1,0.0,0.0,0.0,0.0,,31.807877619644124,1,1.0,27.06,26.9,27.2,76.87,1008.958,2.139,4.082593,97.6,0.0,204.7,5.632053375244141,12.158151626586914,222.9557037353516,30.81818199157715,0,0,0,1,0,26.8,22.6,78.0,7.0,20.0,5.0,,,0.0,0.0,0.0,0.0,0.0,0.0,0.0,25.76,83.1,1008.71,4.266428470611572,12.83299160003662,0.0,0.0,0.0,0.0,0.0,0.0,0.0,0.0,0.0,0.0,0.0,0.0,0.0,0.0,26.007777777777783,80.2138888888889,1.8928888888888886,0.0,5.018695419484919,12.578156211159445,0.0,0.0,1.2999999999999972,-6.22999999999999,5.273809432983398,4.781495094299316,4.494901657104492,12.661892890930176,0.0,0.0,0.0,0.0,0.0,0.0,0.0,0.0,0.0,7,2,5,450,600,,3000,,9000,,,,,,,,,,21,2.0,2.0,0.5270726426019501,0.5270726426019501,579.7799068621451,0.0,0.0,0.0,0.0,2080.1022,6.258977999999998,2.1202100405980473,-0.28289641875998467,0.3582439422607422,1.1371517181396484,1.3656249046325684,-0.6748399734497053,0.6133579557592217,-0.4200045845725313,0.0,0.0,0.0,0.3000000000000007,0.0,2710.729252026795,7,1,0,450,,25.0,0.0,0.0,0.0
2021-01-14 08:40:00,2021-01-14 09:40:00,0.0,0.0,0.0,0.8660254037844387,-0.4999999999999998,0.49999999999999994,0.8660254037844387,1,1,0.0,0.0,0.0,0.0,,34.10060475596846,1,1.0,27.29,27.2,27.4,76.11,1008.994,2.652,4.328066,114.2,0.0,221.5,6.239648818969727,11.593350410461426,227.3446655273437,33.2458381652832,0,0,0,1,0,26.8,22.6,78.0,7.0,20.0,5.0,,,0.0,0.0,0.0,0.0,0.0,0.0,0.0,26.04,81.92,1008.805,3.903097152709961,12.875593185424805,0.0,0.0,0.0,0.0,0.0,0.0,0.0,0.0,0.0,0.0,0.0,0.0,0.0,0.0,26.10055555555556,79.92833333333333,1.917333333333333,0.0,5.120441536108653,12.496089061101278,0.0,0.0,1.25,-5.810000000000002,5.632053375244141,5.273809432983398,4.781495094299316,12.68716049194336,0.0,0.0,0.0,0.0,0.0,0.0,0.0,0.0,0.0,7,2,5,450,600,,3000,,9000,,,,,,,,,,21,2.0,2.0,0.5606477346946183,0.5606477346946183,616.7125081640801,0.0,0.0,0.0,0.0,2077.0418999999997,6.519581,2.418942548088868,-1.0871158857478511,0.6075954437255859,1.4581537246704102,2.3365516662597656,-1.282242774963379,1.1192072828610735,-0.9027386506398525,0.0,0.0,0.0,0.1999999999999993,0.0,2635.6863714076458,7,1,0,450,,25.0,0.0,0.0,0.0
2021-01-14 08:50:00,2021-01-14 09:50:00,0.0,0.0,0.0,0.8660254037844387,-0.4999999999999998,0.49999999999999994,0.8660254037844387,1,1,0.0,0.0,0.0,0.0,,36.384678095941425,1,1.0,27.41,27.3,27.5,75.96,1009.087,2.838,4.258382,125.9,0.0,234.1,6.945499897003174,11.307608604431152,229.6874847412109,35.97509002685547,0,0,0,1,0,26.8,22.6,78.0,7.0,20.0,5.0,,,0.0,0.0,0.0,0.0,0.0,0.0,0.0,26.41,79.98,1008.841,3.979523897171021,12.752809524536133,0.0,0.0,0.0,0.0,0.0,0.0,0.0,0.0,0.0,0.0,0.0,0.0,0.0,0.0,26.198333333333338,79.65277777777777,1.9783888888888892,0.0,5.260830640792847,12.404667487511269,0.0,0.0,1.0,-4.02000000000001,6.239648818969727,5.632053375244141,5.273809432983398,12.505677223205566,0.0,0.0,0.0,0.0,0.0,0.0,0.0,0.0,0.0,7,2,5,450,600,,3000,,9000,,,,,,,,,,21,2.0,2.0,0.5932036225612174,0.5932036225612174,652.5239848173392,0.0,0.0,0.0,0.0,2082.0636,6.5893640000000016,2.298898175585169,-1.6641247484161699,0.7058510780334473,1.6716904640197754,2.965975999832153,-1.4452009201049805,1.6846692562103271,-1.0970588830801162,0.0,0.0,0.0,0.1999999999999993,0.0,2597.2161787898654,7,1,0,450,,25.0,0.0,0.0,0.0
2021-01-14 09:00:00,2021-01-14 10:00:00,0.0,0.0,0.0,0.7071067811865476,-0.7071067811865475,0.49999999999999994,0.8660254037844387,1,1,0.0,0.0,0.0,0.0,,38.658582824167915,1,1.0,27.64,27.5,27.7,74.42,1009.176,3.312,5.396165,77.86,0.0,237.9,7.887542247772217,11.123628616333008,231.22824096679688,38.33747863769531,0,0,0,1,0,27.7,22.6,74.0,8.0,30.0,5.0,,,0.0,0.0,0.0,0.0,0.0,0.0,0.0,26.67,78.62,1008.851,4.494901657104492,12.661892890930176,0.0,0.0,0.0,0.0,0.0,0.0,0.0,0.0,0.0,0.0,0.0,0.0,0.0,0.0,26.31166666666667,79.29777777777777,2.083388888888889,0.0,5.448452898434231,12.313164710998535,0.0,0.0,0.9699999999999989,-4.200000000000003,6.945499897003174,6.239648818969727,5.632053375244141,12.158151626586914,0.0,0.0,0.0,0.0,0.0,0.0,0.0,0.0,0.0,7,2,5,450,600,,3000,,9000,,,,,,,,,,14,2.0,2.0,0.6246783463558572,0.6246783463558572,687.1461809914429,0.0,0.0,0.0,0.0,2056.9688,7.070312,3.2379326084040247,0.6965173532898559,0.942042350769043,2.255488872528076,3.3926405906677246,-1.538264274597168,2.439089349337986,-1.1895360946655273,0.0,0.0,0.0,0.1999999999999993,0.0,2572.097078122606,7,1,0,450,,18.0,0.0,0.0,0.0
2021-01-14 09:10:00,2021-01-14 10:10:00,0.0,0.0,0.0,0.7071067811865476,-0.7071067811865475,0.49999999999999994,0.8660254037844387,1,1,0.0,0.0,0.0,0.0,,40.92056003381132,1,1.0,27.8,27.7,27.9,73.83,1009.196,3.252,5.475,59.19,0.0,234.9,8.747225761413574,11.003328323364258,232.18142700195312,40.48220443725586,0,0,0,1,0,27.7,22.6,74.0,8.0,30.0,5.0,,,0.0,0.0,0.0,0.0,0.0,0.0,0.0,26.8,77.75,1008.85,4.781495094299316,12.68716049194336,0.0,0.0,0.0,0.0,0.0,0.0,0.0,0.0,0.0,0.0,0.0,0.0,0.0,0.0,26.43388888888889,78.89888888888889,2.179666666666667,0.0,5.66837108929952,12.22584228515625,0.0,0.0,1.0,-3.9200000000000017,7.887542247772217,6.945499897003174,6.239648818969727,11.593350410461426,0.0,0.0,0.0,0.0,0.0,0.0,0.0,0.0,0.0,7,2,5,450,600,,3000,,9000,,,,,,,,,,14,2.0,2.0,0.6550120022310141,0.6550120022310141,720.5132024541155,0.0,0.0,0.0,0.0,2052.474,7.27526,2.793046916436495,1.6656509005744826,0.8596835136413574,2.5075769424438477,3.965730667114258,-1.6838321685791016,3.078854672114054,-1.222513961791993,0.0,0.0,0.0,0.1999999999999993,0.0,2554.7684718897217,7,1,0,450,,18.0,0.0,0.0,0.0
2021-01-14 09:20:00,2021-01-14 10:20:00,0.0,0.0,0.0,0.7071067811865476,-0.7071067811865475,0.49999999999999994,0.8660254037844387,1,1,0.0,0.0,0.0,0.0,,43.16854912102476,1,1.0,27.92,27.8,28.1,73.25,1009.22,2.692,4.504442,69.72,0.0,231.4,9.255455017089844,11.100802421569824,231.42909240722656,41.46771240234375,0,0,0,1,0,27.7,22.6,74.0,8.0,30.0,5.0,,,0.0,0.0,0.0,0.0,0.0,0.0,0.0,26.87,77.01,1008.87,5.273809432983398,12.505677223205566,0.0,0.0,0.0,0.0,0.0,0.0,0.0,0.0,0.0,0.0,0.0,0.0,0.0,0.0,26.557222222222226,78.52444444444444,2.2301111111111114,0.0,5.892563834786415,12.155527293682098,0.0,0.0,1.0500000000000007,-3.760000000000005,8.747225761413574,7.887542247772217,6.945499897003174,11.307608604431152,0.0,0.0,0.0,0.0,0.0,0.0,0.0,0.0,0.0,7,2,5,450,600,,3000,,9000,,,,,,,,,,14,2.0,2.0,0.684146856343948,0.684146856343948,752.5615419783428,0.0,0.0,0.0,0.0,2045.14,7.4686,2.5251228684703486,0.9330693967374986,0.5082292556762695,2.30995512008667,3.9816455841064453,-1.4048748016357422,3.3628911823034286,-1.0547248721122742,0.0,0.0,0.0,0.3000000000000007,0.0,2569.0486294158472,7,1,0,450,,18.0,0.0,0.0,0.0
2021-01-14 09:30:00,2021-01-14 10:30:00,0.0,0.0,0.0,0.7071067811865476,-0.7071067811865475,0.49999999999999994,0.8660254037844387,1,1,0.0,0.0,0.0,0.0,,45.40011495392147,1,1.0,28.09,28.0,28.2,72.08,1009.221,2.936,5.801158,94.4,0.0,235.4,9.628676414489746,10.980422019958496,232.32199096679688,41.0335807800293,0,0,0,1,0,27.7,22.6,74.0,8.0,30.0,5.0,,,0.0,0.0,0.0,0.0,0.0,0.0,0.0,27.06,76.87,1008.958,5.632053375244141,12.158151626586914,0.0,0.0,0.0,0.0,0.0,0.0,0.0,0.0,0.0,0.0,0.0,0.0,0.0,0.0,26.67777777777778,78.1711111111111,2.274166666666667,0.0,6.112335163004258,12.086403454051299,0.0,0.0,1.0300000000000011,-4.790000000000006,9.255455017089844,8.747225761413574,7.887542247772217,11.123628616333008,0.0,0.0,0.0,0.0,0.0,0.0,0.0,0.0,0.0,7,2,5,450,600,,3000,,9000,,,,,,,,,,14,2.0,2.0,0.7120274547363786,0.7120274547363786,783.2302002100165,0.0,0.0,0.0,0.0,2024.7272,7.842728000000001,2.927346880538238,-0.22524706658033966,0.37322139739990234,1.7411341667175293,3.9966230392456055,-1.177729606628418,3.516341251485488,-1.1059814340928025,0.0,0.0,0.0,0.1999999999999993,0.0,2550.993505332415,7,1,0,450,,18.0,0.0,0.0,0.0
2021-01-14 09:40:00,2021-01-14 10:40:00,0.0,0.0,0.0,0.7071067811865476,-0.7071067811865475,0.49999999999999994,0.8660254037844387,1,1,0.0,0.0,0.0,0.0,,47.612355164665956,1,1.0,28.23,28.2,28.3,71.79,1009.158,2.849,5.001512,90.0,0.0,252.7,,,,,,0,0,0,0,27.7,22.6,74.0,8.0,30.0,5.0,,,0.0,0.0,0.0,0.0,0.0,0.0,0.0,27.29,76.11,1008.994,6.239648818969727,11.593350410461426,0.0,0.0,0.0,0.0,0.0,0.0,0.0,0.0,0.0,0.0,0.0,0.0,0.0,0.0,26.80944444444445,77.77111111111111,2.3273333333333337,0.0,6.112335163004258,12.086403454051299,0.0,0.0,0.9400000000000013,-4.319999999999993,9.628676414489746,9.255455017089844,8.747225761413574,11.003328323364258,0.0,0.0,0.0,0.0,0.0,0.0,0.0,0.0,0.0,7,2,5,450,600,,3000,,9000,,,,,,,,,,14,2.0,2.0,0.7386007288783145,0.7386007288783145,812.460801766146,0.0,0.0,0.0,0.0,2026.6317000000001,7.963682999999999,2.849,1.7445093653854048e-16,,,,,,,0.0,0.0,0.0,0.10000000000000142,,,7,1,0,450,,18.0,0.0,0.0,0.0
2021-01-14 09:50:00,2021-01-14 10:50:00,0.0,0.0,0.0,0.7071067811865476,-0.7071067811865475,0.49999999999999994,0.8660254037844387,1,1,0.0,0.0,0.0,0.0,,49.801781426107965,1,1.0,28.42,28.3,28.6,71.64,1009.106,2.902,5.375611,77.59,0.0,290.5,9.288678169250488,10.955686569213867,232.49215698242188,40.338653564453125,0,0,0,1,0,27.7,22.6,74.0,8.0,30.0,5.0,,,0.0,0.0,0.0,0.0,0.0,0.0,0.0,27.41,75.96,1009.087,6.945499897003174,11.307608604431152,0.0,0.0,0.0,0.0,0.0,0.0,0.0,0.0,0.0,0.0,0.0,0.0,0.0,0.0,26.960000000000004,77.28166666666668,2.389277777777778,0.0,6.250296634786269,12.041728075812845,0.0,0.0,1.0100000000000016,-4.319999999999993,,9.628676414489746,9.255455017089844,11.100802421569824,0.0,0.0,0.0,0.0,0.0,0.0,0.0,0.0,0.0,7,2,5,450,600,,3000,,9000,,,,,,,,,,14,2.0,2.0,0.7638160966751444,0.7638160966751444,840.1977063426589,0.0,0.0,0.0,0.0,2036.0088,8.059912,2.8341941462847324,0.623656589130073,,0.03322315216064453,2.3431782722473145,-0.35192203521728516,3.038381534464219,-1.0860415065989777,0.0,0.0,0.0,0.3000000000000007,0.0,2547.1112016998813,7,1,0,450,,18.0,0.0,0.0,0.0
2021-01-14 10:00:00,2021-01-14 11:00:00,0.0,0.0,0.0,0.49999999999999994,-0.8660254037844387,0.49999999999999994,0.8660254037844387,1,1,0.0,0.0,0.0,0.0,,51.96416665281565,1,1.0,28.63,28.5,28.8,71.32,1009.01,2.751,4.643174,140.0,0.0,334.3,8.895123481750488,10.974464416503906,232.34735107421875,39.26436996459961,0,0,0,1,0,28.6,22.9,71.0,7.0,70.0,5.0,,,0.0,0.0,0.0,0.0,0.0,0.0,0.0,27.64,74.42,1009.176,7.887542247772217,11.123628616333008,0.0,0.0,0.0,0.0,0.0,0.0,0.0,0.0,0.0,0.0,0.0,0.0,0.0,0.0,27.12444444444445,76.725,2.4463333333333335,0.0,6.434579498627606,11.941438955419203,0.0,0.0,0.9899999999999984,-3.1000000000000085,9.288678169250488,,9.628676414489746,10.980422019958496,0.0,0.0,0.0,0.0,0.0,0.0,0.0,0.0,0.0,7,2,5,450,600,,3000,,9000,,,,,,,,,,14,6.0,2.0,0.7876255587457445,0.7876255587457445,866.3881146203189,0.0,0.0,0.0,0.0,2041.8915999999997,8.211084000000001,1.76830871424767,-2.107388263020308,-0.3935546875,-0.7335529327392578,1.0075812339782715,-0.14916419982910156,2.460543983122882,-0.9669745389152968,0.0,0.0,0.0,0.3000000000000007,0.0,2549.8877366329543,7,1,0,450,,22.0,0.0,0.0,0.0
2021-01-14 10:10:00,2021-01-14 11:10:00,0.0,0.0,0.0,0.49999999999999994,-0.8660254037844387,0.49999999999999994,0.8660254037844387,1,1,0.0,0.0,0.0,0.0,,54.09434766554719,1,1.0,28.71,28.7,28.8,70.1,1008.934,3.314,4.814488,42.84,0.0,373.0,8.641239166259766,11.10218334197998,231.2862701416016,37.16141128540039,0,0,0,1,0,28.6,22.9,71.0,7.0,70.0,5.0,,,0.0,0.0,0.0,0.0,0.0,0.0,0.0,27.8,73.83,1009.196,8.747225761413574,11.003328323364258,0.0,0.0,0.0,0.0,0.0,0.0,0.0,0.0,0.0,0.0,0.0,0.0,0.0,0.0,27.297222222222224,76.03611111111111,2.545166666666667,0.0,6.63303474818959,11.841370245989632,0.0,0.0,0.9100000000000001,-3.730000000000004,8.895123481750488,9.288678169250488,,,0.0,0.0,0.0,0.0,0.0,0.0,0.0,0.0,0.0,7,2,5,450,600,,3000,,9000,,,,,,,,,,14,6.0,2.0,0.8099837897883495,0.8099837897883495,890.9821687671845,0.0,0.0,0.0,0.0,2012.571,8.584290000000003,2.2533654970860972,2.430008217381564,-0.25388431549072266,,-0.1059865951538086,0.09885501861572266,2.008204418070176,-0.7391869040096513,0.0,0.0,0.0,0.10000000000000142,0.0,2567.782575594771,7,1,0,450,,22.0,0.0,0.0,0.0
2021-01-14 10:20:00,2021-01-14 11:20:00,0.0,0.0,0.0,0.49999999999999994,-0.8660254037844387,0.49999999999999994,0.8660254037844387,1,1,0.0,0.0,0.0,0.0,,56.18597004480177,1,1.0,29.07,28.7,29.3,69.8,1008.893,2.774,4.779378,80.6,0.0,424.1,8.681652069091797,11.180315017700195,230.6648712158203,36.1463623046875,0,0,0,1,0,28.6,22.9,71.0,7.0,70.0,5.0,,,0.0,0.0,0.0,0.0,0.0,0.0,0.0,27.92,73.25,1009.22,9.255455017089844,11.100802421569824,0.0,0.0,0.0,0.0,0.0,0.0,0.0,0.0,0.0,0.0,0.0,0.0,0.0,0.0,27.49,75.30833333333334,2.5898333333333334,0.0,6.855414713130278,11.752709781422334,0.0,0.0,1.1499999999999986,-3.450000000000003,8.641239166259766,8.895123481750488,9.288678169250488,10.955686569213867,0.0,0.0,0.0,0.0,0.0,0.0,0.0,0.0,0.0,7,2,5,450,600,,3000,,9000,,,,,,,,,,14,6.0,2.0,0.8308482248602669,0.8308482248602669,913.9330473462936,0.0,0.0,0.0,0.0,2029.086,8.779140000000002,2.7367511762977332,0.45306621925826035,0.04041290283203125,-0.6070261001586914,-0.5738029479980469,0.0795125961303711,1.8262373559615188,-0.5723947637221389,0.0,0.0,0.0,0.6000000000000014,0.0,2578.9059237101173,7,1,0,450,,22.0,0.0,0.0,0.0
2021-01-14 10:30:00,2021-01-14 11:30:00,0.0,0.0,0.0,0.49999999999999994,-0.8660254037844387,0.49999999999999994,0.8660254037844387,1,1,0.0,0.0,0.0,0.0,,58.23115902692811,1,1.0,29.35,29.2,29.5,68.72,1008.847,2.995,4.797113,91.6,0.0,452.2,8.621569633483887,11.331802368164062,229.4012451171875,35.80024719238281,0,0,0,1,0,28.6,22.9,71.0,7.0,70.0,5.0,,,0.0,0.0,0.0,0.0,0.0,0.0,0.0,28.09,72.08,1009.221,9.628676414489746,10.980422019958496,0.0,0.0,0.0,0.0,0.0,0.0,0.0,0.0,0.0,0.0,0.0,0.0,0.0,0.0,27.689444444444447,74.50944444444444,2.6715,0.0,7.111599487416885,11.664404532488655,0.0,0.0,1.2600000000000016,-3.3599999999999994,8.681652069091797,8.641239166259766,8.895123481750488,10.974464416503906,0.0,0.0,0.0,0.0,0.0,0.0,0.0,0.0,0.0,7,2,5,450,600,,3000,,9000,,,,,,,,,,14,6.0,2.0,0.8501791404071998,0.8501791404071998,935.1970544479198,0.0,0.0,0.0,0.0,2016.932,9.18068,2.9938322945458613,-0.08362530797708873,-0.060082435607910156,-0.27355384826660156,-1.0071067810058594,0.3513803482055664,1.509970146067002,-0.33260216432459266,0.0,0.0,0.0,0.3000000000000007,0.0,2599.52957267873,7,1,0,450,,22.0,0.0,0.0,0.0
2021-01-14 10:40:00,2021-01-14 11:40:00,0.0,0.0,0.0,0.49999999999999994,-0.8660254037844387,0.49999999999999994,0.8660254037844387,1,1,0.0,0.0,0.0,0.0,,60.22009837323284,1,1.0,29.46,29.4,29.6,67.89,1008.746,2.962,4.70491,61.94,0.0,444.6,8.413471221923828,11.32472038269043,229.49951171875,36.79347229003906,0,0,0,1,0,28.6,22.9,71.0,7.0,70.0,5.0,,,0.0,0.0,0.0,0.0,0.0,0.0,0.0,28.23,71.79,1009.158,,,0.0,0.0,0.0,0.0,0.0,0.0,0.0,0.0,0.0,0.0,0.0,0.0,0.0,0.0,27.879444444444445,73.73000000000002,2.737166666666667,0.0,7.376915609135347,11.573176720563103,0.0,0.0,1.2300000000000004,-3.9000000000000057,8.621569633483887,8.681652069091797,8.641239166259766,11.10218334197998,0.0,0.0,0.0,0.0,0.0,0.0,0.0,0.0,0.0,7,2,5,450,600,,3000,,9000,,,,,,,,,,14,6.0,2.0,0.8679397298879263,0.8679397298879263,954.733702876719,0.0,0.0,0.0,0.0,2000.0394000000001,9.459606,2.613833129827974,1.3933127320934449,-0.2080984115600586,-0.2277679443359375,,,1.0365556127884812,-0.24845633787267296,0.0,0.0,0.0,0.20000000000000284,0.0,2599.0177981788293,7,1,0,450,,22.0,0.0,0.0,0.0
2021-01-14 10:50:00,2021-01-14 11:50:00,0.0,0.0,0.0,0.49999999999999994,-0.8660254037844387,0.49999999999999994,0.8660254037844387,1,1,0.0,0.0,0.0,0.0,,62.14050054932948,1,1.0,29.68,29.5,29.8,66.99,1008.672,3.202,5.823759,98.1,0.0,429.0,8.21363639831543,11.1307954788208,231.0718994140625,38.27024841308594,0,0,0,1,0,28.6,22.9,71.0,7.0,70.0,5.0,,,0.0,0.0,0.0,0.0,0.0,0.0,0.0,28.42,71.64,1009.106,9.288678169250488,10.955686569213867,0.0,0.0,0.0,0.0,0.0,0.0,0.0,0.0,0.0,0.0,0.0,0.0,0.0,0.0,28.061111111111114,73.00833333333335,2.8080555555555557,0.0,7.625981050379136,11.477764129638672,0.0,0.0,1.259999999999998,-4.650000000000006,8.413471221923828,8.621569633483887,8.681652069091797,11.180315017700195,0.0,0.0,0.0,0.0,0.0,0.0,0.0,0.0,0.0,7,2,5,450,600,,3000,,9000,,,,,,,,,,14,6.0,2.0,0.8840961738503589,0.8840961738503589,972.5057912353948,0.0,0.0,0.0,0.0,1988.2631999999999,9.797368,3.1700557520084174,-0.45116574466413906,-0.19983482360839844,-0.4680156707763672,-1.0750417709350586,0.1751089096069336,0.5876553479362938,-0.3469686508178711,0.0,0.0,0.0,0.3000000000000007,0.0,2572.0140532805817,7,1,0,450,,22.0,0.0,0.0,0.0
2021-01-14 11:00:00,2021-01-14 12:00:00,0.0,0.0,0.0,0.258819045102521,-0.9659258262890682,0.49999999999999994,0.8660254037844387,1,1,0.0,0.0,0.0,0.0,,63.97696133052642,1,1.0,29.7,29.5,29.8,66.9,1008.65,3.188,5.111616,90.0,0.0,420.5,8.297355651855469,11.12779426574707,231.4654541015625,38.20098876953125,0,0,0,1,0,29.6,23.0,68.0,6.0,30.0,5.0,,,0.0,0.0,0.0,0.0,0.0,0.0,0.0,28.63,71.32,1009.01,8.895123481750488,10.974464416503906,0.0,0.0,0.0,0.0,0.0,0.0,0.0,0.0,0.0,0.0,0.0,0.0,0.0,0.0,28.229444444444443,72.35722222222223,2.873666666666667,0.0,7.849654814776252,11.387523034039665,0.0,0.0,1.0700000000000003,-4.4199999999999875,8.21363639831543,8.413471221923828,8.621569633483887,11.331802368164062,0.0,0.0,0.0,0.0,0.0,0.0,0.0,0.0,0.0,7,2,6,450,600,,3000,,9000,,,,,,,,,,14,2.0,2.0,0.8986177043255689,0.8986177043255689,988.4794747581258,0.0,0.0,0.0,0.0,1986.93,9.830699999999998,3.188,1.9520869978408811e-16,0.08371925354003906,-0.32421398162841797,-0.5977678298950195,0.15332984924316406,0.4477008370792168,-0.25972876829259484,0.0,0.0,0.0,0.3000000000000007,0.0,2575.699952869909,7,1,0,450,,18.0,0.0,0.0,0.0
2021-01-14 11:10:00,2021-01-14 12:10:00,0.0,0.0,0.0,0.258819045102521,-0.9659258262890682,0.49999999999999994,0.8660254037844387,1,1,0.0,0.0,0.0,0.0,,65.71021977360407,1,1.0,29.76,29.5,29.9,67.22,1008.57,2.858,4.690728,46.28,0.0,435.2,8.587189674377441,10.93169403076172,233.0538787841797,39.53041076660156,0,0,0,1,0,29.6,23.0,68.0,6.0,30.0,5.0,,,0.0,0.0,0.0,0.0,0.0,0.0,0.0,28.71,70.1,1008.934,8.641239166259766,11.10218334197998,0.0,0.0,0.0,0.0,0.0,0.0,0.0,0.0,0.0,0.0,0.0,0.0,0.0,0.0,28.39388888888889,71.77222222222223,2.8995555555555557,0.0,8.073519201839671,11.284260301028981,0.0,0.0,1.0500000000000007,-2.8799999999999955,8.297355651855469,8.21363639831543,8.413471221923828,11.32472038269043,0.0,0.0,0.0,0.0,0.0,0.0,0.0,0.0,0.0,7,2,6,450,600,,3000,,9000,,,,,,,,,,14,2.0,2.0,0.9114766634171644,0.9114766634171644,1002.6243297588808,0.0,0.0,0.0,0.0,2000.4672,9.755328,2.0655507319827557,1.9752630644057272,0.28983402252197266,0.17371845245361328,-0.05404949188232422,-0.17048931121825994,0.5136704725377701,-0.3525662702672605,0.0,0.0,0.0,0.3999999999999986,0.0,2547.6736955508827,7,1,0,450,,18.0,0.0,0.0,0.0
2021-01-14 11:20:00,2021-01-14 12:20:00,0.0,0.0,0.0,0.258819045102521,-0.9659258262890682,0.49999999999999994,0.8660254037844387,1,1,0.0,0.0,0.0,0.0,,67.31640666828326,1,1.0,29.79,29.7,29.9,67.28,1008.549,3.162,5.061901,106.6,0.0,417.5,8.689587593078613,10.770553588867188,234.329833984375,40.94297790527344,0,0,0,1,0,29.6,23.0,68.0,6.0,30.0,5.0,,,0.0,0.0,0.0,0.0,0.0,0.0,0.0,29.07,69.8,1008.893,8.681652069091797,11.180315017700195,0.0,0.0,0.0,0.0,0.0,0.0,0.0,0.0,0.0,0.0,0.0,0.0,0.0,0.0,28.55611111111111,71.23166666666667,2.932111111111111,0.0,8.274447328904095,11.18219420489143,0.0,0.0,0.7199999999999989,-2.519999999999996,8.587189674377441,8.297355651855469,8.21363639831543,11.1307954788208,0.0,0.0,0.0,0.0,0.0,0.0,0.0,0.0,0.0,7,2,6,450,600,,3000,,9000,,,,,,,,,,14,2.0,2.0,0.9226485559744529,0.9226485559744529,1014.9134115718982,0.0,0.0,0.0,0.0,2004.2712,9.747288,3.030215980458751,-0.903346617734526,0.10239791870117188,0.4759511947631836,0.007935523986816406,-0.4097614288330078,0.4151402641745179,-0.4116406160242416,0.0,0.0,0.0,0.1999999999999993,0.0,2523.8620343990624,7,1,0,450,,18.0,0.0,0.0,0.0
2021-01-14 11:30:00,2021-01-14 12:30:00,0.0,0.0,0.0,0.258819045102521,-0.9659258262890682,0.49999999999999994,0.8660254037844387,1,1,0.0,0.0,0.0,0.0,,68.76648274848236,1,1.0,29.69,29.5,29.9,67.17,1008.502,3.0,5.688553,61.1,0.0,405.4,8.505455017089844,10.759413719177246,234.463134765625,41.50429916381836,0,0,0,1,0,29.6,23.0,68.0,6.0,30.0,5.0,,,0.0,0.0,0.0,0.0,0.0,0.0,0.0,29.35,68.72,1008.847,8.621569633483887,11.331802368164062,0.0,0.0,0.0,0.0,0.0,0.0,0.0,0.0,0.0,0.0,0.0,0.0,0.0,0.0,28.702222222222222,70.69277777777778,2.979944444444444,0.0,8.44347095489502,11.099915504455566,0.0,0.0,0.33999999999999986,-1.5499999999999972,8.689587593078613,8.587189674377441,8.297355651855469,11.12779426574707,0.0,0.0,0.0,0.0,0.0,0.0,0.0,0.0,0.0,7,2,6,450,600,,3000,,9000,,,,,,,,,,14,2.0,2.0,0.9321120962490771,0.9321120962490771,1025.3233058739847,0.0,0.0,0.0,0.0,1994.2773000000002,9.747227,2.6263935810000536,1.449847149765007,-0.18413257598876953,0.208099365234375,-0.11611461639404297,-0.5723886489868164,0.06198406219482422,-0.3405017852783203,0.0,0.0,0.0,0.3999999999999986,0.0,2522.685868838569,7,1,0,450,,18.0,0.0,0.0,0.0
2021-01-14 11:40:00,2021-01-14 12:40:00,0.0,0.0,0.0,0.258819045102521,-0.9659258262890682,0.49999999999999994,0.8660254037844387,1,1,0.0,0.0,0.0,0.0,,70.02625505287239,1,1.0,29.56,29.4,29.8,67.14,1008.453,3.277,5.375618,85.0,0.0,392.1,8.454297065734863,10.648669242858888,235.36231994628903,42.46512222290039,0,0,0,1,0,29.6,23.0,68.0,6.0,30.0,5.0,,,0.0,0.0,0.0,0.0,0.0,0.0,0.0,29.46,67.89,1008.746,8.413471221923828,11.32472038269043,0.0,0.0,0.0,0.0,0.0,0.0,0.0,0.0,0.0,0.0,0.0,0.0,0.0,0.0,28.828333333333333,70.19444444444444,3.014666666666667,0.0,8.573744381175322,11.044346024008359,0.0,0.0,0.09999999999999787,-0.75,8.505455017089844,8.689587593078613,8.587189674377441,10.93169403076172,0.0,0.0,0.0,0.0,0.0,0.0,0.0,0.0,0.0,7,2,6,450,600,,3000,,9000,,,,,,,,,,14,2.0,2.0,0.9398492484462508,0.9398492484462508,1033.834173290876,0.0,0.0,0.0,0.0,1984.6584,9.713416,3.2645300256466503,0.28560936898407574,-0.05115795135498047,-0.13289260864257812,0.040825843811035156,-0.6760511398315412,-0.11944731544045872,-0.39567678114947036,0.0,0.0,0.0,0.40000000000000213,0.0,2506.295497339961,7,1,0,450,,18.0,0.0,0.0,0.0
2021-01-14 11:50:00,2021-01-14 12:50:00,0.0,0.0,0.0,0.258819045102521,-0.9659258262890682,0.49999999999999994,0.8660254037844387,1,1,0.0,0.0,0.0,0.0,,71.05757644310862,1,1.0,29.85,29.6,30.1,66.46000000000001,1008.335,2.841,4.749475,72.96,0.0,390.3,8.395537376403809,10.594884872436523,235.79959106445312,43.43405151367188,0,0,0,1,0,29.6,23.0,68.0,6.0,30.0,5.0,,,0.0,0.0,0.0,0.0,0.0,0.0,0.0,29.68,66.99,1008.672,8.21363639831543,11.1307954788208,0.0,0.0,0.0,0.0,0.0,0.0,0.0,0.0,0.0,0.0,0.0,0.0,0.0,0.0,28.96388888888889,69.66666666666669,3.0148333333333337,0.0,8.659040703493005,11.00242109859691,0.0,0.0,0.1700000000000017,-0.5299999999999869,8.454297065734863,8.505455017089844,8.689587593078613,10.770553588867188,0.0,0.0,0.0,0.0,0.0,0.0,0.0,0.0,0.0,7,2,6,450,600,,3000,,9000,,,,,,,,,,14,2.0,2.0,0.9458452610933457,0.9458452610933457,1040.4297872026802,0.0,0.0,0.0,0.0,1983.8310000000004,10.011689999999998,2.71628126190784,0.8325245379016487,-0.05875968933105469,-0.2940502166748047,0.1819009780883789,-0.5359106063842773,-0.26350332708919666,-0.40753622616038676,0.0,0.0,0.0,0.5,0.0,2498.269520295493,7,1,0,450,,18.0,0.0,0.0,0.0
2021-01-14 12:00:00,2021-01-14 13:00:00,0.0,0.0,0.0,1.2246467991473532e-16,-1.0,0.49999999999999994,0.8660254037844387,1,1,0.0,0.0,0.0,0.0,,71.82140967193774,1,1.0,29.79,29.6,30.0,66.09,1008.292,2.994,6.062754,57.83,0.0,358.2,8.650991439819336,10.69582748413086,234.9918212890625,42.99867630004883,0,0,0,1,0,29.6,24.2,73.0,6.0,50.0,6.0,,,0.0,0.0,0.0,0.0,0.0,0.0,0.0,29.7,66.9,1008.65,8.297355651855469,11.12779426574707,0.0,0.0,0.0,0.0,0.0,0.0,0.0,0.0,0.0,0.0,0.0,0.0,0.0,0.0,29.083333333333332,69.2038888888889,2.9971666666666668,0.0,8.703949479495778,10.97725632611443,0.0,0.0,0.08999999999999986,-0.8100000000000023,8.395537376403809,8.454297065734863,8.505455017089844,10.759413719177246,0.0,0.0,0.0,0.0,0.0,0.0,0.0,0.0,0.0,7,2,5,450,600,,3000,,9000,,,,,,,,,,2,2.0,2.0,0.9500886951603316,0.9500886951603316,1045.0975646763648,0.0,0.0,0.0,0.0,1968.8211000000001,10.101788999999998,2.534337358077633,1.5941048131951938,0.25545406341552734,0.1455364227294922,0.3536357879638672,-0.43196678161621094,-0.05295803967644197,-0.2814288419835709,0.0,0.0,0.0,0.3999999999999986,0.0,2513.431980689522,7,1,0,450,,6.0,0.0,0.0,0.0
2021-01-14 12:10:00,2021-01-14 13:10:00,0.0,0.0,0.0,1.2246467991473532e-16,-1.0,0.49999999999999994,0.8660254037844387,1,1,0.0,0.0,0.0,0.0,,72.2830404763374,1,1.0,29.74,29.6,30.0,65.75999999999999,1008.206,3.14,5.318663,46.08,0.0,344.2,8.979172706604004,10.83149528503418,233.8563537597656,42.13404846191406,0,0,0,1,0,29.6,24.2,73.0,6.0,50.0,6.0,,,0.0,0.0,0.0,0.0,0.0,0.0,0.0,29.76,67.22,1008.57,8.587189674377441,10.93169403076172,0.0,0.0,0.0,0.0,0.0,0.0,0.0,0.0,0.0,0.0,0.0,0.0,0.0,0.0,29.191111111111113,68.75555555555555,2.9909444444444446,0.0,8.717593417448157,10.967148500330309,0.0,0.0,-0.020000000000003126,-1.460000000000008,8.650991439819336,8.395537376403809,8.454297065734863,10.648669242858888,0.0,0.0,0.0,0.0,0.0,0.0,0.0,0.0,0.0,7,2,5,450,600,,3000,,9000,,,,,,,,,,2,2.0,2.0,0.9525714458784669,0.9525714458784669,1047.8285904663135,0.0,0.0,0.0,0.0,1955.7023999999997,10.182976000000002,2.2617703381480276,2.178071380252208,0.32818126678466797,0.5248756408691406,0.3919830322265625,-0.10019874572754084,0.26157928915584705,-0.13565321529612895,0.0,0.0,0.0,0.3999999999999986,0.0,2533.013993124186,7,1,0,450,,6.0,0.0,0.0,0.0
2021-01-14 12:20:00,2021-01-14 13:20:00,5.3,5.3,0.005054273195459219,1.2246467991473532e-16,-1.0,0.49999999999999994,0.8660254037844387,1,1,0.0,0.0,0.0,0.0,,72.41859657389973,1,1.0,29.67,29.5,29.8,66.13,1008.152,3.302,5.449241,63.01,0.0,329.9,9.410908699035645,10.842364311218262,233.7094268798828,42.19091033935547,0,0,0,1,0,29.6,24.2,73.0,6.0,50.0,6.0,,,0.0,0.0,0.0,0.0,0.0,0.0,0.0,29.79,67.28,1008.549,8.689587593078613,10.770553588867188,0.0,0.0,0.0,0.0,0.0,0.0,0.0,0.0,0.0,0.0,0.0,0.0,0.0,0.0,29.288333333333338,68.35999999999997,3.0248333333333335,0.0,8.726737751680261,10.951946258544922,0.0,0.0,-0.11999999999999744,-1.1500000000000057,8.979172706604004,8.650991439819336,8.395537376403809,10.594884872436523,0.0,0.0,0.0,0.0,0.0,0.0,0.0,0.0,0.0,7,2,5,450,600,,3000,,9000,,,,,,,,,,2,2.0,2.0,0.9532887582156212,0.9532887582156212,1048.6176340371833,0.0,0.0,0.0,0.0,1962.0771,10.049229000000002,2.9423651362872194,1.4985631133727713,0.4317359924316406,1.015371322631836,0.7213211059570312,0.07181072235107422,0.6841709473553834,-0.10958194732666016,0.0,0.0,0.0,0.3000000000000007,0.0,2533.9627491977153,7,1,0,450,,6.0,0.0,0.0,0.0
2021-01-14 12:30:00,2021-01-14 13:30:00,13.1,13.1,0.012506406435617123,1.2246467991473532e-16,-1.0,0.49999999999999994,0.8660254037844387,1,1,0.0,0.0,0.0,0.0,,72.22059920314707,1,1.0,29.72,29.6,29.8,66.05,1008.072,3.021,5.599255,99.7,0.0,311.1,9.718677520751951,10.990984916687012,232.47314453125,41.56391525268555,0,0,0,1,0,29.6,24.2,73.0,6.0,50.0,6.0,,,0.0,0.0,0.0,0.0,0.0,0.0,0.0,29.69,67.17,1008.502,8.505455017089844,10.759413719177246,0.0,0.0,0.0,0.0,0.0,0.0,0.0,0.0,0.0,0.0,0.0,0.0,0.0,0.0,29.37888888888889,68.025,3.0295555555555556,0.0,8.732031934401569,10.952567605411305,0.0,0.0,0.029999999999997584,-1.1200000000000045,9.410908699035645,8.979172706604004,8.650991439819336,10.69582748413086,0.0,0.0,0.0,0.0,0.0,0.0,0.0,0.0,0.0,7,2,5,450,600,,3000,,9000,,,,,,,,,,2,2.0,2.0,0.9522392359786809,0.9522392359786809,1047.463159576549,0.0,0.0,0.0,0.0,1963.0059999999999,10.08994,2.9778101801174266,-0.509006415665873,0.3077688217163068,1.0676860809326154,1.2132225036621076,0.23157119750976562,0.9866455863503827,0.03841731127570647,0.0,0.0,0.0,0.1999999999999993,0.0,2555.1088250777684,7,1,0,450,,6.0,0.0,0.0,0.0
2021-01-14 12:40:00,2021-01-14 13:40:00,21.3,21.3,0.020395122873903274,1.2246467991473532e-16,-1.0,0.49999999999999994,0.8660254037844387,1,1,0.0,0.0,0.0,0.0,,71.69988447244444,1,1.0,29.81,29.6,29.9,66.52,1008.014,2.566,4.431769,94.8,0.0,302.2,9.944462776184082,11.093751907348633,231.6175079345703,40.471153259277344,0,0,0,1,0,29.6,24.2,73.0,6.0,50.0,6.0,,,0.0,0.0,0.0,0.0,0.0,0.0,0.0,29.56,67.14,1008.453,8.454297065734863,10.648669242858888,0.0,0.0,0.0,0.0,0.0,0.0,0.0,0.0,0.0,0.0,0.0,0.0,0.0,0.0,29.466666666666665,67.73222222222222,3.0138333333333334,0.0,8.799389203389486,10.960411177741157,0.0,0.0,0.25,-0.6200000000000045,9.718677520751951,9.410908699035645,8.979172706604004,10.83149528503418,0.0,0.0,0.0,0.0,0.0,0.0,0.0,0.0,0.0,7,2,5,450,600,,3000,,9000,,,,,,,,,,2,2.0,2.0,0.9494248445256117,0.9494248445256117,1044.367328978173,0.0,0.0,0.0,0.0,1982.9611999999997,9.980388,2.557000676834228,-0.21471734599072112,0.22578525543213068,0.9652900695800781,1.4901657104492188,0.4450826644897443,1.1450735727945958,0.13334072960747534,0.0,0.0,0.0,0.29999999999999716,0.0,2569.5071704244765,7,1,0,450,,6.0,0.0,0.0,0.0
2021-01-14 12:50:00,2021-01-14 13:50:00,31.5,31.5,0.03030781197512364,1.2246467991473532e-16,-1.0,0.49999999999999994,0.8660254037844387,1,1,0.0,0.0,0.0,0.0,,70.88284674835299,1,1.0,29.83,29.7,30.0,66.86,1007.915,1.933,3.621098,83.8,0.0,312.9,10.218842506408691,11.18277645111084,230.8773803710937,39.7651252746582,0,0,0,0,1,29.6,24.2,73.0,6.0,50.0,6.0,,,0.0,0.0,0.0,0.0,0.0,0.0,0.0,29.85,66.46000000000001,1008.335,8.395537376403809,10.594884872436523,0.0,0.0,0.0,0.0,0.0,0.0,0.0,0.0,0.0,0.0,0.0,0.0,0.0,0.0,29.545,67.46666666666665,2.96,0.0,8.851064999898275,10.973027282290989,0.0,0.0,-0.020000000000003126,0.3999999999999915,9.944462776184082,9.718677520751951,9.410908699035645,10.842364311218262,0.0,0.0,0.0,0.0,0.0,0.0,0.0,0.0,0.0,7,2,5,450,600,,3000,,9000,,,,,,,,,,2,2.0,2.0,0.9448509070819131,0.9448509070819131,1039.3359977901043,0.0,0.0,0.0,0.0,1994.4337999999998,9.885662,1.9216938133584858,0.20876275457974217,0.2743797302246094,0.8079338073730469,1.8233051300048828,0.5878915786743164,1.367777506510416,0.20974916881985095,0.0,0.0,0.0,0.3000000000000007,0.0,2581.850132308027,7,1,0,450,,6.0,0.0,0.0,0.0
2021-01-14 13:00:00,2021-01-14 14:00:00,44.0,44.0,0.04262001901410565,-0.2588190451025208,-0.9659258262890683,0.49999999999999994,0.8660254037844387,1,1,0.0,0.0,0.0,0.0,,69.80548837932588,1,1.0,29.96,29.9,30.1,67.09,1007.853,2.183,3.362944,106.2,0.0,321.4,10.320082664489746,11.14726448059082,231.1743011474609,39.95603561401367,0,0,0,0,1,30.0,23.6,69.0,6.0,40.0,6.0,,,0.0,0.0,0.0,0.0,0.0,0.0,0.0,29.79,66.09,1008.292,8.650991439819336,10.69582748413086,0.0,0.0,0.0,0.0,0.0,0.0,0.0,0.0,0.0,0.0,0.0,0.0,0.0,0.0,29.618888888888893,67.23166666666665,2.9284444444444446,0.0,8.930229398939344,10.982627285851372,0.0,0.0,0.1700000000000017,1.0,10.218842506408691,9.944462776184082,9.718677520751951,10.990984916687012,0.0,0.0,0.0,0.0,0.0,0.0,0.0,0.0,0.0,8,2,6,450,600,,3000,,9000,,,,,,,,,,3,6.0,2.0,0.9385260946683643,0.9385260946683643,1032.3787041352007,0.0,0.0,0.0,0.0,2010.0164000000002,9.859836,2.0963211158327666,-0.6090375844836375,0.10124015808105469,0.6014051437377947,1.6690912246704102,0.45143699645996094,1.3898532655504017,0.1646371947394485,0.0,0.0,0.0,0.20000000000000284,0.0,2576.9610760064966,8,1,0,450,,11.0,0.0,0.0,0.0
2021-01-14 13:10:00,2021-01-14 14:10:00,62.0,62.0,0.06057594135832478,-0.2588190451025208,-0.9659258262890683,0.49999999999999994,0.8660254037844387,1,1,0.0,0.0,0.0,0.0,,68.50701126707484,1,1.0,30.04,29.9,30.2,67.26,1007.817,1.722,3.020671,234.6,0.0,314.8,10.612149238586426,10.987173080444336,232.50428771972656,40.49562072753906,0,0,0,0,1,30.0,23.6,69.0,6.0,40.0,6.0,,,0.0,0.0,0.0,0.0,0.0,0.0,0.0,29.74,65.75999999999999,1008.206,8.979172706604004,10.83149528503418,0.0,0.0,0.0,0.0,0.0,0.0,0.0,0.0,0.0,0.0,0.0,0.0,0.0,0.0,29.692777777777778,67.07388888888887,2.8400000000000003,0.0,9.039724402957493,10.97623782687717,0.0,0.0,0.3000000000000007,1.5000000000000142,10.320082664489746,10.218842506408691,9.944462776184082,11.093751907348633,0.0,0.0,0.0,0.0,0.0,0.0,0.0,0.0,0.0,8,2,6,450,600,,3000,,9000,,,,,,,,,,3,6.0,2.0,0.930462409659119,0.930462409659119,1023.5086506250309,0.0,0.0,0.0,0.0,2020.4904000000001,9.835095999999998,-1.4036500642445706,-0.9975221787740928,0.2920665740966797,0.6676864624023438,1.6329765319824219,0.15567779541015625,1.572424835628933,0.010935253567165404,0.0,0.0,0.0,0.3000000000000007,0.0,2554.5648511220643,8,1,0,450,,11.0,0.0,0.0,0.0
2021-01-14 13:20:00,2021-01-14 14:20:00,83.7,78.4,0.08264685759835119,-0.2588190451025208,-0.9659258262890683,0.49999999999999994,0.8660254037844387,1,1,5.3,4.9,0.0,1.4,,67.02498657809684,1,1.0,30.26,30.1,30.4,67.67,1007.734,1.566,3.07997,236.6,0.0,323.7,11.011982917785645,10.730628967285156,234.6078643798828,41.2304916381836,0,0,0,0,1,30.0,23.6,69.0,6.0,40.0,6.0,,,0.0,0.0,0.0,0.0,0.0,0.0,0.0,29.67,66.13,1008.152,9.410908699035645,10.842364311218262,1.7666666666666666,0.0,5.3,3.0599564267050163,0.8833333333333333,0.0,5.3,2.163715939458474,0.29444444444444445,0.0,5.3,1.2492219800962339,0.27222222222222225,0.0,29.758888888888894,66.95555555555555,2.772888888888889,0.0,9.169187227884928,10.951255268520779,5.3,5.3,0.5899999999999999,1.5400000000000063,10.612149238586426,10.320082664489746,10.218842506408691,11.18277645111084,0.0,0.0,0.0,0.0,0.0,0.0,0.0017444378545251344,0.0008722189272625672,0.0030214549946839787,8,2,6,450,600,,3000,,9000,,,,,,,,,,3,6.0,2.0,0.9206751630013228,0.9206751630013228,1012.742679301455,0.005233313563575403,0.016373185047883845,0.24500000000000002,0.0,2047.6942000000001,9.783058,-1.3073717538704943,-0.8620528389731035,0.39983367919921875,0.7931404113769531,1.60107421875,-0.11173534393310547,1.8427956899007167,-0.22062630123562244,5.3,5.3,0.265,0.29999999999999716,0.0,2517.489945467678,8,1,0,450,,11.0,0.0009170883472779635,0.001418208444961092,0.00030016044571422486
2021-01-14 13:30:00,2021-01-14 14:30:00,107.0,93.9,0.10698916845366398,-0.2588190451025208,-0.9659258262890683,0.49999999999999994,0.8660254037844387,1,1,13.1,13.2,0.0,3.4,,65.39268368162749,1,1.0,30.41,30.3,30.5,66.08,1007.622,1.477,3.136915,237.7,0.0,347.5,11.13925552368164,10.384200096130373,237.37677001953125,42.39313507080078,0,0,0,0,1,30.0,23.6,69.0,6.0,40.0,6.0,,,5.3,0.0,0.0,0.0,0.0,0.0,0.0,29.72,66.05,1008.072,9.718677520751951,10.990984916687012,6.133333333333333,0.0,13.1,6.58963833099612,3.0666666666666664,0.0,13.1,5.353005386384985,1.0222222222222221,0.0,13.1,3.262001470688087,1.0055555555555555,0.0,29.817777777777778,66.80888888888889,2.688555555555556,0.0,9.309058666229248,10.898610697852241,7.8,13.1,0.6900000000000013,0.030000000000001137,11.011982917785645,10.612149238586426,10.320082664489746,11.14726448059082,0.0,0.0,0.005233313563575403,0.0,0.0,0.0,0.006110662486123259,0.0030553312430616295,0.006593263251187823,8,2,6,450,600,,3000,,9000,,,,,,,,,,3,6.0,2.0,0.9091829451394905,0.9091829451394905,1000.1012396534395,0.013098673894794374,0.037697841726618705,0.6599999999999999,0.0,2009.4928,10.315072,-1.248451727668681,-0.7892384200487744,0.1272726058959961,0.8191728591918945,1.4205780029296893,-0.6067848205566388,1.8301968574523926,-0.5144106017218686,13.1,13.1,0.655,0.1999999999999993,0.0,2464.967878055934,8,1,0,450,,11.0,0.0066116430329021345,0.003359167074657114,0.0019884255867691786
2021-01-14 13:40:00,2021-01-14 14:40:00,133.6,112.3,0.13555079969766692,-0.2588190451025208,-0.9659258262890683,0.49999999999999994,0.8660254037844387,1,1,21.3,21.1,0.0,4.8,,63.63814635707157,1,1.0,30.5,30.4,30.6,64.95,1007.581,1.475,3.206506,261.3,0.0,377.7,10.857271194458008,10.03858757019043,240.0973663330078,43.59883117675781,0,0,0,0,1,30.0,23.6,69.0,6.0,40.0,6.0,,,13.1,0.0,0.0,0.0,0.0,0.0,0.0,29.81,66.52,1008.014,9.944462776184082,11.093751907348633,13.233333333333334,5.3,21.3,8.000833289935077,6.616666666666667,0.0,21.3,8.839777523595641,2.2055555555555557,0.0,21.3,5.7692360817806945,2.177777777777778,0.0,29.875555555555554,66.64555555555555,2.605944444444445,0.0,9.444825331370035,10.827158874935574,8.200000000000001,21.3,0.6900000000000013,-1.5699999999999932,11.13925552368164,11.011982917785645,10.612149238586426,10.987173080444336,5.3,0.0,0.013098673894794374,0.005233313563575403,0.0,0.0,0.013314335224547176,0.006657167612273588,0.008190981917414549,8,2,6,450,600,,3000,,9000,,,,,,,,,,3,6.0,2.0,0.896007590699857,0.896007590699857,985.6083497698427,0.02161101821527175,0.05639396346306593,0.9906103286384977,0.0,1980.9750000000001,10.690249999999999,-1.4580284830428083,-0.22310970986464776,-0.2819843292236328,0.24512195587158203,0.9128084182739258,-1.0551643371582031,1.4124458630879726,-0.7885713047451439,21.3,21.3,1.065,0.20000000000000284,0.0,2410.2384373059904,8,1,0,450,,11.0,0.017837718683981343,0.004834478164943621,0.005206535484062587
2021-01-14 13:50:00,2021-01-14 14:50:00,157.3,125.80000000000001,0.16228347382795513,-0.2588190451025208,-0.9659258262890683,0.49999999999999994,0.8660254037844387,1,1,31.5,32.8,0.0,7.7,,61.78432482122412,1,1.0,30.59,30.5,30.8,65.28,1007.535,1.212,3.365934,237.5,0.0,391.0,10.25404930114746,9.632471084594728,243.19595336914065,45.732666015625,0,0,0,0,1,30.0,23.6,69.0,6.0,40.0,6.0,,,21.3,5.3,0.0,0.0,0.0,0.0,0.0,29.83,66.86,1007.915,10.218842506408691,11.18277645111084,21.96666666666667,13.1,31.5,9.218098140795277,11.866666666666667,0.0,31.5,12.654906821729929,3.9555555555555557,0.0,31.5,8.957430187032191,4.0,0.0,29.92611111111111,66.55055555555555,2.4953888888888893,0.0,9.558181603749594,10.743918630811903,10.2,31.5,0.7600000000000016,-1.5799999999999983,10.857271194458008,11.13925552368164,11.011982917785645,10.730628967285156,13.1,0.0,0.02161101821527175,0.013098673894794374,0.005233313563575403,0.0,0.02240255137633818,0.01207349461543166,0.00972383609949216,8,2,6,450,600,,3000,,9000,,,,,,,,,,3,6.0,2.0,0.8811741370017843,0.8811741370017843,969.2915507019627,0.03249796201894842,0.08056265984654731,1.0412698412698411,0.0,1996.9152,10.620847999999999,-1.0221904323252171,-0.6512071253163509,-0.6032218933105487,-0.7579336166381854,0.035206794738767755,-1.5503053665161115,0.6958676973978655,-1.1114475462171747,31.5,31.5,1.575,0.3000000000000007,0.0,2342.5779887186955,8,1,0,450,,11.0,0.03376103684911681,0.006921968475326757,0.0077824827358605915
2021-01-14 14:00:00,2021-01-14 15:00:00,167.5,123.5,0.17609671512763736,-0.4999999999999997,-0.8660254037844388,0.49999999999999994,0.8660254037844387,1,1,44.0,46.5,0.0,10.1,,59.849696101298555,1,1.0,30.61,30.4,30.8,64.62,1007.448,1.714,2.905695,196.2,0.0,367.7,9.945833206176758,9.245741844177246,246.0881805419922,46.28739547729492,0,0,0,1,0,30.4,23.7,68.0,5.0,40.0,8.0,,,31.5,13.1,0.0,0.0,0.0,0.0,0.0,29.96,67.09,1007.853,10.320082664489746,11.14726448059082,32.266666666666666,21.3,44.0,11.369403385109235,19.2,0.0,44.0,16.551737068960467,6.4,0.0,44.0,12.935041326476195,6.583333333333333,0.0,29.97666666666667,66.4238888888889,2.4135000000000004,0.0,9.649763690100777,10.639360162946913,12.5,44.0,0.6499999999999986,-2.469999999999999,10.25404930114746,10.857271194458008,11.13925552368164,10.384200096130373,21.3,0.0,0.03249796201894842,0.02161101821527175,0.013098673894794374,0.0,0.03345574060666253,0.019783201546392896,0.012351494234953509,8,2,6,600,750,,3000,,9000,,,,,,,,,,2,2.0,2.0,0.8647107764750629,0.8647107764750629,951.1818541225692,0.046258241585767426,0.11966276856132717,1.0568181818181819,0.0,1978.0182000000002,10.829817999999998,-0.4781907557512383,-1.6459433772502805,-0.30821609497070135,-1.1934223175048828,-0.3742494583129883,-1.9015226364135742,0.2960695160759812,-1.3936183187696667,44.0,44.0,2.2,0.40000000000000213,0.0,2275.267788194542,8,1,0,600,,6.0,0.054831865679661834,0.00953313172946985,0.01027354682876475
2021-01-14 14:10:00,2021-01-14 15:10:00,175.7,113.69999999999999,0.18865823957634623,-0.4999999999999997,-0.8660254037844388,0.49999999999999994,0.8660254037844387,1,1,62.0,62.7,0.0,14.5,,57.849024184172,1,1.0,30.63,30.4,30.7,64.97,1007.353,1.242,3.427755,195.6,0.0,362.7,10.029333114624023,8.993084907531738,247.905502319336,47.51374816894531,0,0,0,0,1,30.4,23.7,68.0,5.0,40.0,8.0,,,44.0,21.3,0.0,0.0,0.0,0.0,0.0,30.04,67.26,1007.817,10.612149238586426,10.987173080444336,45.833333333333336,31.5,62.0,15.332427509475899,29.53333333333333,5.3,62.0,20.939595666265067,9.844444444444443,0.0,62.0,18.280823196235616,10.066666666666666,0.0,30.025000000000002,66.29888888888888,2.323722222222222,0.0,9.729882770114475,10.531659656100803,18.0,62.0,0.5899999999999999,-2.2900000000000063,9.945833206176758,10.25404930114746,10.857271194458008,10.03858757019043,31.5,5.3,0.046258241585767426,0.03249796201894842,0.02161101821527175,0.0,0.04844294408476957,0.03087863965465838,0.017142065810579785,8,2,6,600,750,,3000,,9000,,,,,,,,,,2,2.0,2.0,0.8466488030735295,0.8466488030735295,931.3136833808825,0.06657262864959287,0.17094017094017094,1.011290322580645,0.0,1990.0311,10.729689,-0.3339984172041598,-1.1962479079626915,0.08349990844726562,-0.8279380798339844,-0.5828161239624023,-1.9940881729125977,0.2994503445095482,-1.538574748569065,62.0,56.7,3.1,0.3000000000000007,0.0,2229.435231402095,8,1,0,600,,6.0,0.08176983850353366,0.013701442645914745,0.013990127152692192
2021-01-14 14:20:00,2021-01-14 15:20:00,197.5,113.8,0.21709861954844126,-0.4999999999999997,-0.8660254037844388,0.49999999999999994,0.8660254037844387,1,1,83.7,85.2,0.4,20.3,,55.79408604831994,1,1.0,30.45,30.3,30.7,66.59,1007.332,1.438,2.544977,283.1,0.0,334.9,10.237916946411133,8.852274894714355,248.9164123535156,47.73408126831055,0,0,0,0,1,30.4,23.7,68.0,5.0,40.0,8.0,,,62.0,31.5,5.3,0.0,0.0,4.9,0.0,30.26,67.67,1007.734,11.011982917785645,10.730628967285156,63.23333333333333,44.0,83.7,19.87871558560395,42.6,13.1,83.7,26.512940236797583,14.494444444444444,0.0,83.7,25.029076555131123,14.799999999999999,0.022222222222222223,30.061666666666667,66.26055555555556,2.2279444444444447,0.0,9.815901067521837,10.425088617536757,21.700000000000003,78.4,0.18999999999999773,-1.0799999999999983,10.029333114624023,9.945833206176758,10.25404930114746,9.632471084594728,44.0,13.1,0.06657262864959287,0.046258241585767426,0.03249796201894842,0.005233313563575403,0.06827890519441045,0.04534072828537431,0.022921482221469787,8,2,6,600,750,,3000,,9000,,,,,,,,,,2,2.0,2.0,0.827022552786857,0.827022552786857,909.7248080655427,0.09200584534787105,0.24992535085100032,1.017921146953405,0.0047789725209080045,2027.6655,10.173344999999998,-1.400577440947276,0.3259245800941985,0.20858383178710938,-0.01613235473632635,-0.7740659713745117,-1.8783540725708008,0.4220158788892956,-1.572813722822401,83.7,70.60000000000001,3.9200000000000004,0.3999999999999986,0.0,2203.476507959392,8,1,0,600,,6.0,0.11790360573202953,0.018696985919641078,0.01996790910858672
2021-01-14 14:30:00,2021-01-14 15:30:00,217.3,110.30000000000001,0.24513335492648355,-0.4999999999999997,-0.8660254037844388,0.49999999999999994,0.8660254037844387,1,1,107.0,107.2,0.4,26.1,,53.694295723281996,1,1.0,30.55,30.5,30.6,65.78,1007.284,1.732,3.536814,273.6,0.0,357.9,10.45558261871338,8.828049659729004,249.1745758056641,46.70341491699219,0,0,0,0,1,30.4,23.7,68.0,5.0,40.0,8.0,,,83.7,44.0,13.1,0.0,0.0,13.2,0.0,30.41,66.08,1007.622,11.13925552368164,10.384200096130373,84.23333333333333,62.0,107.0,22.504740241409884,58.25,21.3,107.0,32.62592527423552,20.438888888888886,0.0,107.0,32.864125602760026,20.755555555555553,0.044444444444444446,30.10944444444444,66.18333333333334,2.1575,0.0,9.924241489834255,10.317790614234077,23.299999999999997,93.9,0.14000000000000057,-0.29999999999999716,10.237916946411133,10.029333114624023,9.945833206176758,9.245741844177246,62.0,21.3,0.09200584534787105,0.06657262864959287,0.046258241585767426,0.013098673894794374,0.09309460251078794,0.06327517155872524,0.027082770882422395,8,2,6,600,750,,3000,,9000,,,,,,,,,,2,2.0,2.0,0.8058693383635989,0.8058693383635989,886.4562721999588,0.12070533353489986,0.2989661916736519,1.0018691588785047,0.003738317757009346,2009.5790000000002,10.45421,-1.7285822936377664,0.10875317982477137,0.21766567230224787,0.5097494125366229,-0.6836729049682599,-1.556150436401369,0.5313411288791254,-1.4897409545050735,107.0,85.7,4.695,0.10000000000000142,0.0,2199.725529154312,8,1,0,600,,6.0,0.16461319514629177,0.02393369282880876,0.027689812665713145
2021-01-14 14:40:00,2021-01-14 15:40:00,231.3,97.70000000000002,0.26846889695384424,-0.4999999999999997,-0.8660254037844388,0.49999999999999994,0.8660254037844387,1,1,133.6,133.7,0.4,32.4,,51.557212682215074,1,1.0,30.44,30.3,30.5,66.88,1007.257,1.551,3.263068,224.9,0.0,371.0,10.737915992736816,9.056425094604492,247.516342163086,44.94416427612305,0,0,0,0,1,30.4,23.7,68.0,5.0,40.0,8.0,,,107.0,62.0,21.3,0.0,0.0,21.1,0.0,30.5,64.95,1007.581,10.857271194458008,10.03858757019043,108.09999999999998,83.7,133.6,24.96817974943308,76.96666666666665,31.5,133.6,38.81415549341073,27.86111111111111,0.0,133.6,41.83788233996566,28.18333333333333,0.06666666666666668,30.158333333333335,66.16888888888889,2.061611111111111,0.0,10.05110920800103,10.22933260599772,26.599999999999994,112.3,-0.05999999999999872,1.9299999999999926,10.45558261871338,10.237916946411133,10.029333114624023,8.993084907531738,83.7,31.5,0.12070533353489986,0.09200584534787105,0.06657262864959287,0.02161101821527175,0.12259337124746865,0.0855181576661191,0.031573910582872865,8,2,6,600,750,,3000,,9000,,,,,,,,,,2,2.0,2.0,0.7832293783695838,0.7832293783695838,861.5523162065422,0.15506893485963505,0.36010781671159026,1.000748502994012,0.0029940119760479044,2035.8272,10.081728000000002,-1.0948068061226341,-1.0986350883107443,0.2823333740234357,0.708582878112793,-0.1193552017211914,-0.9821624755859375,0.6868067847357864,-1.1729075113932286,133.6,102.1,5.272300469483568,0.1999999999999993,0.0,2241.613212490484,8,1,0,600,,6.0,0.2215036695069671,0.030255838357503315,0.03591045213230631
2021-01-14 14:50:00,2021-01-14 15:50:00,243.0,85.69999999999999,0.29099695207473425,-0.4999999999999997,-0.8660254037844388,0.49999999999999994,0.8660254037844387,1,1,157.3,155.2,2.4,37.7,,49.38894428640059,1,1.0,29.98,29.9,30.3,69.41,1007.167,1.903,2.657944,279.5,0.0,312.8,11.88066577911377,9.515192031860352,244.114013671875,40.6336669921875,0,0,0,0,1,30.4,23.7,68.0,5.0,40.0,8.0,,,133.6,83.7,31.5,0.0,0.0,32.8,0.0,30.59,65.28,1007.535,10.25404930114746,9.632471084594728,132.63333333333333,107.0,157.3,25.16392921094267,97.93333333333332,44.0,157.3,43.084366847693914,36.599999999999994,0.0,157.3,51.08268959706985,36.80555555555556,0.2,30.165555555555557,66.33277777777778,2.0095,0.0,10.24472745259603,10.169349670410156,23.700000000000017,125.80000000000001,-0.6099999999999994,4.1299999999999955,10.737915992736816,10.45558261871338,10.237916946411133,8.852274894714355,107.0,44.0,0.15506893485963505,0.12070533353489986,0.09200584534787105,0.03249796201894842,0.15471463344475678,0.11149676931958362,0.03383354055924529,8,2,6,600,750,,3000,,9000,,,,,,,,,,2,2.0,2.0,0.7591457207165411,0.7591457207165411,835.0602927881952,0.1883696319397354,0.5028772378516624,0.986649713922441,0.015257469802924346,2080.9118,9.170882,-1.8769014997253515,0.31408559395286983,1.1427497863769531,1.6427488327026367,1.6266164779663104,-0.11727905273437678,1.6359383265177403,-0.6541576385498047,157.3,113.30000000000001,3.993650793650794,0.40000000000000213,0.0,2322.791717756074,8,1,0,600,,6.0,0.2885029803078775,0.03582123381093349,0.04518395369191806
2021-01-14 15:00:00,2021-01-14 16:00:00,243.0,75.5,0.3011038329394406,-0.7071067811865471,-0.7071067811865479,0.49999999999999994,0.8660254037844387,1,1,167.5,167.0,0.8,39.1,,47.194459642138725,1,1.0,29.79,29.7,29.9,72.38,1007.066,1.555,2.600335,273.0,0.0,275.2,12.67092514038086,10.121101379394531,239.41856384277344,35.98428726196289,0,0,0,0,1,30.1,24.7,73.0,4.0,280.0,8.0,,,157.3,107.0,44.0,0.0,0.0,46.5,0.0,30.61,64.62,1007.448,9.945833206176758,9.245741844177246,152.79999999999998,133.6,167.5,17.392239648762914,118.51666666666665,62.0,167.5,41.64129761026506,45.90555555555555,0.0,167.5,58.71019023907602,46.083333333333336,0.24444444444444446,30.16555555555555,66.68222222222224,1.9295555555555555,0.0,10.468057102627224,10.13742044236925,10.199999999999989,123.5,-0.8200000000000003,7.759999999999991,11.88066577911377,10.737915992736816,10.45558261871338,8.828049659729004,133.6,62.0,0.1883696319397354,0.15506893485963505,0.12070533353489986,0.046258241585767426,0.18366318758518974,0.13837889504798884,0.026555689561423332,8,2,6,600,750,,3000,,9000,,,,,,,,,,2,2.0,2.0,0.7336641608063528,0.7336641608063528,807.030576886988,0.20755099595619877,0.6086482558139535,0.9970149253731343,0.004776119402985075,2156.2001999999998,8.227998000000001,-1.5528689265433622,0.08138241195777783,0.7902593612670898,2.2153425216674787,2.7250919342041016,0.8753595352172852,2.2028680377536354,-0.01631906297471808,167.5,105.5,2.8068181818181817,0.1999999999999993,0.0,2423.179556761752,8,1,0,600,,6.0,0.3581796039338493,0.037280975977587054,0.05447688847094044
2021-01-14 15:10:00,2021-01-14 16:10:00,238.1,62.400000000000006,0.30623145517843897,-0.7071067811865471,-0.7071067811865479,0.49999999999999994,0.8660254037844387,1,1,175.7,174.8,0.8,41.6,,44.977832731947316,1,1.0,29.54,29.4,29.7,73.92,1006.997,1.587,2.64106,281.7,0.0,254.0,13.512857437133787,10.695478439331056,234.82891845703125,32.621089935302734,0,0,0,0,1,30.1,24.7,73.0,4.0,280.0,8.0,,,167.5,133.6,62.0,0.0,0.0,62.7,0.0,30.63,64.97,1007.353,10.029333114624023,8.993084907531738,166.83333333333334,157.3,175.7,9.218098140795261,137.46666666666667,83.7,175.7,36.30750152057652,55.666666666666664,0.0,175.7,64.90777167280827,55.794444444444444,0.2888888888888889,30.154444444444444,67.13555555555556,1.8432777777777776,0.0,10.719928476545546,10.129863950941298,8.199999999999989,113.69999999999999,-1.0899999999999999,8.950000000000003,12.67092514038086,11.88066577911377,10.737915992736816,9.056425094604492,157.3,83.7,0.20755099595619877,0.1883696319397354,0.15506893485963505,0.06657262864959287,0.2072988494706337,0.16494611035905118,0.018804412208504068,8,2,6,600,750,,3000,,9000,,,,,,,,,,2,2.0,2.0,0.7068331544465897,0.7068331544465897,777.5164698912487,0.2259759205159669,0.6917322834645668,0.9948776323278317,0.004553215708594195,2183.5968,7.704032,-1.5540266004567425,0.3218234377307846,0.8419322967529279,2.774941444396971,3.483524322509764,1.7023935317993182,2.7929289605882417,0.5656144883897589,175.7,91.99999999999999,1.8338709677419354,0.3000000000000007,0.0,2511.6076342886086,8,1,0,600,,6.0,0.41846927459240263,0.0395766024574583,0.05952464664476223
2021-01-14 15:20:00,2021-01-14 16:20:00,236.7,39.19999999999999,0.31704823479340866,-0.7071067811865471,-0.7071067811865479,0.49999999999999994,0.8660254037844387,1,1,197.5,195.9,2.4,46.4,,42.742430454846605,1,1.0,29.36,29.3,29.4,73.8,1006.965,1.604,2.427582,279.1,0.0,230.3,14.352100372314451,11.410059928894045,229.1185760498047,28.02457046508789,0,0,0,0,1,30.1,24.7,73.0,4.0,280.0,8.0,,,175.7,157.3,83.7,5.3,0.0,85.2,0.4,30.45,66.59,1007.332,10.237916946411133,8.852274894714355,180.23333333333335,167.5,197.5,15.505267922010683,156.4333333333333,107.0,197.5,32.08087696224445,66.63888888888889,0.0,197.5,71.32041320596286,66.67777777777778,0.4222222222222222,30.137222222222224,67.56166666666667,1.7489444444444442,0.0,10.994439125061035,10.16140259636773,21.80000000000001,113.8,-1.0899999999999999,7.209999999999994,13.512857437133787,12.67092514038086,11.88066577911377,9.515192031860352,167.5,107.0,0.2259759205159669,0.20755099595619877,0.1883696319397354,0.09200584534787105,0.23268954724779586,0.1937020903462763,0.029082475735145115,8,2,6,600,750,,3000,,9000,,,,,,,,,,2,2.0,2.0,0.6787037257029123,0.6787037257029123,746.5740982732035,0.2645417252712219,0.8575770733825445,0.9918987341772152,0.012151898734177215,2166.768,7.6923200000000005,-1.5838117460284618,0.2536855398761925,0.8392429351806641,2.471434593200682,4.1141834259033185,2.5577850341796893,3.357661247253416,1.2486573325263155,197.5,90.5,1.3596176821983272,0.09999999999999787,0.0,2614.2566835511393,8,1,0,600,,6.0,0.4737950887887743,0.04796346611968855,0.06316759059593785
2021-01-14 15:30:00,2021-01-14 16:30:00,246.4,29.099999999999994,0.3449713048511215,-0.7071067811865471,-0.7071067811865479,0.49999999999999994,0.8660254037844387,1,1,217.3,213.0,5.5,51.2,,40.49105829984196,1,1.0,29.33,29.3,29.4,74.49,1006.925,1.38,2.650317,279.0,0.0,200.4,14.774874687194824,11.887764930725098,225.22520446777344,26.613862991333008,0,0,0,0,1,30.1,24.7,73.0,4.0,280.0,8.0,,,197.5,167.5,107.0,13.1,0.0,107.2,0.4,30.55,65.78,1007.284,10.45558261871338,8.828049659729004,196.83333333333334,175.7,217.3,20.80801127771065,174.81666666666663,133.6,217.3,29.595027735527935,78.71111111111111,0.0,217.3,77.5002686059018,78.51111111111112,0.7277777777777777,30.11555555555556,68.03055555555555,1.6577777777777774,0.0,11.275338967641195,10.211223708258736,19.80000000000001,110.30000000000001,-1.2200000000000024,8.709999999999994,14.352100372314451,13.512857437133787,12.67092514038086,10.121101379394531,175.7,133.6,0.2645417252712219,0.2259759205159669,0.20755099595619877,0.12070533353489986,0.264915871842684,0.22428952971393687,0.039128366235581885,8,2,6,600,750,,3000,,9000,,,,,,,,,,2,2.0,2.0,0.6493293698635926,0.6493293698635926,714.2623068499519,0.3042299697408632,1.0843313373253494,0.9802116889093418,0.025310630464795213,2184.7916999999998,7.482083000000001,-1.36300991002129,0.2158795617555183,0.42277431488037287,2.103949546813965,4.3192920684814435,3.0597152709960938,3.499535719553629,1.676541222466362,217.3,83.70000000000002,1.0308411214953273,0.09999999999999787,0.0,2677.4242871873867,8,1,0,600,,6.0,0.5395073763537465,0.05563275851469702,0.0734713039877645
2021-01-14 15:40:00,2021-01-14 16:40:00,276.9,45.599999999999966,0.40682146785129697,-0.7071067811865471,-0.7071067811865479,0.49999999999999994,0.8660254037844387,1,1,231.3,227.7,4.7,54.1,,38.226073626250965,1,1.0,29.2,29.1,29.3,74.97,1006.867,1.639,3.3169,276.0,0.0,178.1,14.932184219360352,12.200958251953123,222.6873779296875,25.49714088439941,0,0,0,0,1,30.1,24.7,73.0,4.0,280.0,8.0,,,217.3,175.7,133.6,21.3,0.0,133.7,0.4,30.44,66.88,1007.257,10.737915992736816,9.056425094604492,215.36666666666667,197.5,231.3,16.982736332326823,191.1,157.3,231.3,29.257477676655594,91.5611111111111,0.0,231.3,82.68390652776881,91.16111111111111,0.9888888888888889,30.081666666666674,68.5,1.6062777777777775,0.0,11.552434603373209,10.272735171847874,14.0,97.70000000000002,-1.240000000000002,8.090000000000003,14.774874687194824,14.352100372314451,13.512857437133787,10.695478439331056,197.5,157.3,0.3042299697408632,0.2645417252712219,0.2259759205159669,0.15506893485963505,0.3028658816213451,0.25508236554598934,0.037660644842842754,8,2,6,600,750,,3000,,9000,,,,,,,,,,2,2.0,2.0,0.6187659517006735,0.6187659517006735,680.6425468707408,0.33982594985195014,1.2987085906793938,0.9844357976653696,0.020319930825767402,2189.124,7.3087599999999995,-1.6300213865086002,0.17132215129568323,0.15730953216552734,1.4193267822265643,4.194268226623535,3.144533157348631,3.3797496159871425,1.9282230801052496,231.3,74.0,0.7312874251497008,0.1999999999999993,0.0,2716.9994013570245,8,1,0,600,,6.0,0.6143269627931017,0.06076002096430392,0.08781831343747121
2021-01-14 15:50:00,2021-01-14 16:50:00,318.0,75.0,0.49242870797085264,-0.7071067811865471,-0.7071067811865479,0.49999999999999994,0.8660254037844387,1,1,243.0,239.5,3.9,57.0,,35.94947421376766,1,1.0,29.04,29.0,29.1,75.7,1006.766,1.642,2.717543,272.2,0.0,173.3,15.234201431274414,12.342218399047852,221.5087738037109,25.92504119873047,0,0,0,0,1,30.1,24.7,73.0,4.0,280.0,8.0,,,231.3,197.5,157.3,31.5,0.0,155.2,2.4,29.98,69.41,1007.167,11.88066577911377,9.515192031860352,230.53333333333333,217.3,243.0,12.867141614722879,205.38333333333333,167.5,243.0,30.354862323302783,105.0611111111111,0.0,243.0,86.59998735829882,104.46666666666667,1.2055555555555555,30.03777777777778,68.99111111111111,1.5901111111111108,0.0,11.831065654754639,10.337148613399929,11.699999999999989,85.69999999999999,-0.9400000000000013,6.290000000000006,14.932184219360352,14.774874687194824,14.352100372314451,11.410059928894045,217.3,167.5,0.33982594985195014,0.3042299697408632,0.2645417252712219,0.1883696319397354,0.34011526044804175,0.28640240384791876,0.03603081715150437,8,2,6,600,750,,3000,,9000,,,,,,,,,,2,2.0,2.0,0.5870715992212637,0.5870715992212637,645.7787591433901,0.3762898617513119,1.4021927293710328,0.98559670781893,0.016049382716049384,2198.328,7.056719999999999,-1.6407897087462398,0.06303278252170788,0.3020172119140625,0.8821010589599627,3.3535356521606445,2.8270263671875,3.4031357765197754,2.0050697856479225,243.0,75.5,0.5448188175460902,0.10000000000000142,0.0,2733.9096635906894,8,1,0,600,,6.0,0.6946682430868496,0.06696571213058777,0.09860393631489493
2021-01-14 16:00:00,2021-01-14 17:00:00,366.4,123.39999999999998,0.6009145718823898,-0.8660254037844384,-0.5000000000000004,0.49999999999999994,0.8660254037844387,1,1,243.0,238.5,3.9,57.0,,33.662967910364166,1,1.0,29.08,29.0,29.1,75.12,1006.719,1.459,2.475903,284.6,0.0,154.5,15.913043022155762,12.281017303466797,221.950439453125,27.325563430786133,0,0,0,0,1,29.4,24.7,76.0,4.0,290.0,8.0,,,243.0,217.3,167.5,44.0,0.0,167.0,0.8,29.79,72.38,1007.066,12.67092514038086,10.121101379394531,239.1,231.3,243.0,6.754998149518617,217.96666666666667,175.7,243.0,26.970032752421094,118.56111111111113,0.0,243.0,88.18472682812842,117.71666666666667,1.422222222222222,29.988888888888894,69.43722222222223,1.5498888888888886,0.0,12.141785674624973,10.400134881337484,0.0,75.5,-0.7100000000000009,2.740000000000009,15.234201431274414,14.932184219360352,14.774874687194824,11.887764930725098,231.3,175.7,0.3762898617513119,0.33982594985195014,0.3042299697408632,0.20755099595619877,0.3715493762180276,0.3182326240303558,0.029638885602205386,8,2,6,600,750,,3000,,9000,,,,,,,,,,2,2.0,2.0,0.554306593111044,0.554306593111044,609.7372524221485,0.39853231705082076,1.5728155339805825,0.9814814814814815,0.016049382716049384,2184.4896,7.235103999999998,-1.411887679733196,0.36776919367670274,0.6788415908813477,1.1381683349609375,3.2421178817749023,2.1599159240722656,3.7712573475307885,1.8808824221293126,243.0,67.30000000000001,0.4507462686567164,0.10000000000000142,0.0,2725.7771874358878,8,1,0,600,,6.0,0.7757375577188219,0.06884829001576832,0.1071686071971331
2021-01-14 16:10:00,2021-01-14 17:10:00,384.3,146.20000000000002,0.6711648774933249,-0.8660254037844384,-0.5000000000000004,0.49999999999999994,0.8660254037844387,1,1,238.1,235.6,1.2,55.1,,31.368027792237864,1,1.0,28.98,28.9,29.0,74.59,1006.671,1.251,2.243224,288.5,0.0,122.5,17.886432647705078,12.13758373260498,223.1221923828125,28.658781051635746,0,0,0,0,1,29.4,24.7,76.0,4.0,290.0,8.0,,,243.0,231.3,175.7,62.0,0.0,174.8,0.8,29.54,73.92,1006.997,13.512857437133787,10.695478439331056,241.36666666666667,238.1,243.0,2.8290163190291735,228.36666666666665,197.5,243.0,17.926702615558348,131.7888888888889,5.3,243.0,87.20650197621794,130.80555555555554,1.4888888888888887,29.93,69.84444444444445,1.523722222222222,0.0,12.54591253068712,10.464046584235298,-4.900000000000006,62.400000000000006,-0.5599999999999987,0.6700000000000017,15.913043022155762,15.234201431274414,14.932184219360352,12.200958251953123,243.0,197.5,0.39853231705082076,0.3762898617513119,0.33982594985195014,0.2259759205159669,0.39688483011954223,0.34987535587044366,0.019822638422782854,8,2,6,600,750,,3000,,9000,,,,,,,,,,2,2.0,2.0,0.5205332520802401,0.5205332520802401,572.5865772882642,0.415832311556494,1.943673469387755,0.9895002099958001,0.00503989920201596,2161.6182000000003,7.363817999999998,-1.1863528926629552,0.3969481251627704,1.9733896255493164,2.9542484283447266,4.373575210571291,1.442105293273924,5.340520117017958,1.6735371483696824,237.7,45.5,0.35515082527034725,0.10000000000000142,0.0,2708.164292648784,8,1,0,600,,6.0,0.8420081898086429,0.06962932610016831,0.11204880649478574
2021-01-14 16:20:00,2021-01-14 17:20:00,458.8,222.10000000000002,0.858537117952811,-0.8660254037844384,-0.5000000000000004,0.49999999999999994,0.8660254037844387,1,1,236.7,234.1,2.0,54.6,,29.065936177980777,1,1.0,28.9,28.9,28.9,73.88,1006.577,1.089,1.970995,293.0,0.0,113.8,25.82452392578125,11.999034881591797,224.2098999023437,29.10454750061035,0,0,0,0,1,29.4,24.7,76.0,4.0,290.0,8.0,,,238.1,243.0,197.5,83.7,5.3,195.9,2.4,29.36,73.8,1006.965,14.352100372314451,11.410059928894045,239.26666666666665,236.7,243.0,3.308070938376845,234.9,217.3,243.0,9.668712427205598,144.64444444444445,13.1,243.0,84.47647930374202,143.5388888888889,1.5999999999999999,29.85444444444445,70.18944444444443,1.497222222222222,0.0,13.368831475575766,10.534513579474556,-1.4000000000000057,39.19999999999999,-0.46000000000000085,0.0799999999999983,17.886432647705078,15.913043022155762,15.234201431274414,12.342218399047852,243.0,217.3,0.415832311556494,0.39853231705082076,0.3762898617513119,0.2645417252712219,0.41909781126450624,0.37960653585627396,0.022377659751325097,8,2,6,600,750,,3000,,9000,,,,,,,,,,2,2.0,2.0,0.48581581433015486,0.48581581433015486,534.3973957631704,0.44292880518620387,2.0799648506151143,0.989015631601183,0.008449514152936207,2135.1319999999996,7.548680000000001,-1.0024297854097077,0.42550619892481883,7.938091278076172,10.590322494506836,11.472423553466799,0.5889749526977521,12.455692450205484,1.464521302117241,229.9,25.69999999999999,0.1984810126582278,0.0,0.0,2690.3024097264274,8,1,0,600,,6.0,0.8958655447020376,0.07358611122048804,0.11509367379250808
2021-01-14 16:30:00,2021-01-14 17:30:00,447.64153113942785,201.24153113942785,0.9038837933375924,-0.8660254037844384,-0.5000000000000004,0.49999999999999994,0.8660254037844387,1,1,246.4,242.9,2.0,57.5,,26.75782003306216,1,1.0,28.8,28.8,28.9,74.79,1006.536,1.014,2.08252,306.6,0.0,103.3,32.6375617980957,11.964643478393556,224.4728546142578,28.03046989440918,0,0,0,0,1,29.4,24.7,76.0,4.0,290.0,8.0,,,236.7,243.0,217.3,107.0,13.1,213.0,5.5,29.33,74.49,1006.925,14.774874687194824,11.887764930725098,240.39999999999998,236.7,246.4,5.243090691567351,239.75,231.3,246.4,5.454814387309618,157.60555555555553,21.3,246.4,80.92956612513508,156.3,1.711111111111111,29.765,70.67333333333333,1.4714999999999998,0.0,14.563181824154324,10.622315989600288,9.700000000000017,29.099999999999994,-0.5299999999999976,0.30000000000001137,25.82452392578125,17.886432647705078,15.913043022155762,12.281017303466797,238.1,231.3,0.44292880518620387,0.415832311556494,0.39853231705082076,0.3042299697408632,0.4520984356349364,0.41182390592648205,0.04161563208514919,8,2,6,600,750,,3000,,9000,,,,,,,,,,2,2.0,2.0,0.4502203153656922,0.4502203153656922,495.2423469022614,0.4975341901621113,2.3852855759922558,0.9857954545454546,0.008116883116883116,2153.952,7.2604799999999985,-0.81405691984379,0.6045720232151345,6.813037872314453,16.72451877593994,17.86268711090088,0.07687854766845881,18.07437997394138,1.3423274887932681,225.1,15.099999999999994,0.13391624482282555,0.09999999999999787,0.0,2685.7376760368647,8,1,0,600,,6.0,0.9538337540757971,0.08463443634815682,0.12038219072764104
2021-01-14 16:40:00,2021-01-14 17:40:00,374.35055832656667,97.45055832656669,0.8223943827997263,-0.8660254037844384,-0.5000000000000004,0.49999999999999994,0.8660254037844387,1,1,276.9,272.8,2.4,64.8,,24.44467969678775,1,1.0,28.71,28.6,28.8,75.84,1006.573,1.226,1.884423,276.1,0.0,86.9,34.44234848022461,11.823226928710938,225.5960693359375,27.89905166625977,0,0,0,0,1,29.4,24.7,76.0,4.0,290.0,8.0,,,246.4,238.1,231.3,133.6,21.3,227.7,4.7,29.2,74.97,1006.867,14.932184219360352,12.200958251953123,253.33333333333334,236.7,276.9,20.977686558182064,247.35,236.7,276.9,14.90593841393422,171.80555555555554,31.5,276.9,77.97644796929707,170.28333333333333,1.844444444444444,29.665555555555557,71.27833333333334,1.4576666666666664,0.0,15.873463895585802,10.721462620629204,30.49999999999997,45.599999999999966,-0.48999999999999844,0.8700000000000045,32.6375617980957,25.82452392578125,17.886432647705078,12.13758373260498,236.7,243.0,0.4975341901621113,0.44292880518620387,0.415832311556494,0.33982594985195014,0.5162575016878376,0.4565711659036899,0.08426515385076808,8,2,6,600,750,,3000,,9000,,,,,,,,,,2,2.0,2.0,0.4138144623863074,0.4138144623863074,455.19590862493817,0.6083095097151975,3.1864211737629455,0.9851932105453234,0.00866738894907909,2177.3664000000003,6.936335999999999,-1.2190583195073088,0.13027975145822226,1.8047866821289062,16.55591583251953,19.510164260864258,-0.3777313232421857,18.56888458463881,1.1017643080817336,245.39999999999998,40.19999999999999,0.19714656290531762,0.1999999999999993,0.0,2667.273521983996,8,1,0,600,,6.0,1.0445417174312523,0.10842849179870465,0.13449715793128264
2021-01-14 16:50:00,2021-01-14 17:50:00,303.69338666930685,-14.306613330693153,0.732967120723096,-0.8660254037844384,-0.5000000000000004,0.49999999999999994,0.8660254037844387,1,1,318.0,312.0,5.5,73.5,,22.12741241173972,1,1.0,28.6,28.6,28.6,75.38,1006.616,0.957,1.84093,285.3,0.0,74.25,33.7473030090332,11.668313026428224,226.8726959228516,27.18421936035156,0,0,0,0,1,29.4,24.7,76.0,4.0,290.0,8.0,,,276.9,236.7,243.0,157.3,31.5,239.5,3.9,29.04,75.7,1006.766,15.234201431274414,12.342218399047852,280.43333333333334,246.4,318.0,35.930534832275086,259.84999999999997,236.7,318.0,32.080944499811714,187.7222222222222,44.0,318.0,76.88516689771109,185.79444444444445,2.15,29.554999999999993,71.83944444444442,1.4434999999999998,0.0,17.17864465713501,10.834564950731066,41.10000000000002,75.0,-0.4399999999999977,-0.3200000000000074,34.44234848022461,32.6375617980957,25.82452392578125,11.999034881591797,246.4,243.0,0.6083095097151975,0.4975341901621113,0.44292880518620387,0.3762898617513119,0.6244466598061525,0.5217722355353294,0.13570257232369393,8,2,6,600,750,,3000,,9000,,,,,,,,,,2,2.0,2.0,0.3766675054942851,0.3766675054942851,414.33425604371365,0.7674962795411489,4.282828282828283,0.9811320754716981,0.01729559748427673,2155.868,7.041320000000002,-0.9230814494641127,0.25252650881686195,-0.6950454711914062,7.922779083251953,18.51310157775879,-0.6739053726196271,16.568658351898193,0.8337480756971587,274.0,81.30000000000001,0.30864197530864196,0.0,0.0,2647.221633177499,8,1,0,600,,6.0,1.2091248075565755,0.14028467399868652,0.16688028791741458
2021-01-14 17:00:00,2021-01-14 18:00:00,236.5916007151505,-129.8083992848495,0.6347445952972675,-0.9659258262890683,-0.25881904510252063,0.49999999999999994,0.8660254037844387,1,1,366.4,351.1,14.9,86.0,,19.806831796840726,1,1.0,28.59,28.5,28.6,75.62,1006.614,0.982,1.453669,287.5,0.0,69.6,29.09772109985352,11.561494827270508,227.81851196289065,27.22064208984375,0,0,0,0,1,28.8,24.3,77.0,2.0,290.0,8.0,,,318.0,246.4,243.0,167.5,44.0,238.5,3.9,29.08,75.12,1006.719,15.913043022155762,12.281017303466797,320.43333333333334,276.9,366.4,44.79959077194046,280.4166666666667,236.7,366.4,52.30102930790815,205.63333333333333,62.0,366.4,78.95930448468935,202.71666666666667,2.9777777777777774,29.442777777777774,72.45055555555557,1.402833333333333,0.0,18.24263842900594,10.963217894236246,48.39999999999998,123.39999999999998,-0.48999999999999844,0.5,33.7473030090332,34.44234848022461,32.6375617980957,11.964643478393556,276.9,238.1,0.7674962795411489,0.6083095097151975,0.4975341901621113,0.39853231705082076,0.7862698309144603,0.6191841332746985,0.18805124138105717,8,2,6,600,750,,3000,,9000,,,,,,,,,,60,6.0,2.0,0.3388501059653457,0.3388501059653457,372.73511656188026,0.983003703487035,5.264367816091954,0.9582423580786027,0.040665938864628826,2161.9758,6.970241999999998,-0.9365500456347587,0.2952930951131965,-4.649581909179684,-3.539840698242184,13.184678077697757,-0.7195224761962891,10.85508267084758,0.5982769330342617,304.4,129.7,0.5078189300411522,0.10000000000000142,0.0,2633.9225476154247,8,1,0,600,,68.0,1.4700554542593034,0.18007478717877745,0.21487530132535118
2021-01-14 17:10:00,2021-01-14 18:10:00,174.49585336990415,-209.80414663009586,0.5280111019492452,-0.9659258262890683,-0.25881904510252063,0.49999999999999994,0.8660254037844387,1,1,384.3,366.37672398513814,5.1,89.9,,17.483684150766056,1,1.0,28.5,28.5,28.5,75.88,1006.647,0.99,1.570656,284.7,0.0,67.06,32.12555313110352,11.412020683288574,229.03282165527344,25.5592041015625,0,0,0,0,1,28.8,24.3,77.0,2.0,290.0,8.0,,,366.4,276.9,238.1,175.7,62.0,235.6,1.2,28.98,74.59,1006.671,17.886432647705078,12.13758373260498,356.23333333333335,318.0,384.3,34.299319721145096,304.78333333333336,236.7,384.3,61.83142944059006,223.5388888888889,83.7,384.3,80.989470186227,219.58759577695213,3.261111111111111,29.32444444444444,73.05666666666667,1.3888333333333331,0.0,19.470206207699245,11.097603215111626,17.900000000000034,146.20000000000002,-0.4800000000000004,1.289999999999992,29.09772109985352,33.7473030090332,34.44234848022461,11.823226928710938,318.0,236.7,0.983003703487035,0.7674962795411489,0.6083095097151975,0.415832311556494,0.9711207936537337,0.7436891476707856,0.19795073769158583,8,2,6,600,750,,3000,,9000,,,,,,,,,,60,6.0,2.0,0.3004342018321589,0.3004342018321589,330.4776220153748,1.1628623979330173,5.7306889352818375,0.9533612385769923,0.013270882123341139,2162.58,6.874200000000001,-0.957595075248118,0.25122036513895746,3.0278320312500036,-2.3167953491210866,14.239120483398445,-0.7255630493164062,12.655346923404277,0.3144174681769485,300.6,147.60000000000002,0.6140277194456112,0.0,0.0,2613.7272978819237,8,1,0,600,,68.0,1.8290828387121258,0.2043629498203859,0.2699322014284631
2021-01-14 17:20:00,2021-01-14 18:20:00,120.52210317401392,-338.2778968259861,0.41900013528378105,-0.9659258262890683,-0.25881904510252063,0.49999999999999994,0.8660254037844387,1,1,458.8,317.8286933907833,36.9,108.3,,15.158662281048665,1,1.0,28.46,28.4,28.5,76.49,1006.692,1.046,1.558356,278.0,0.0,66.94,36.11639022827149,11.269834518432615,230.16671752929688,24.996427536010746,0,0,0,0,1,28.8,24.3,77.0,2.0,290.0,8.0,,,384.3,318.0,236.7,197.5,83.7,234.1,2.0,28.9,73.88,1006.577,25.82452392578125,11.999034881591797,403.1666666666667,366.4,458.8,49.00411547343073,341.79999999999995,246.4,458.8,77.43386855891934,244.3777777777778,107.0,458.8,90.5811989033665,232.51141207644008,5.288888888888888,29.213888888888885,73.60666666666668,1.367055555555555,0.0,20.907899167802597,11.231912083095974,74.5,222.10000000000002,-0.4399999999999977,2.6099999999999994,32.12555313110352,29.09772109985352,33.7473030090332,11.668313026428224,366.4,246.4,1.1628623979330173,0.983003703487035,0.7674962795411489,0.44292880518620387,1.2469678337485697,0.9357072467773612,0.3145657397330044,8,2,6,600,750,,3000,,9000,,,,,,,,,,60,6.0,2.0,0.26149287103644,0.26149287103644,287.64215814008395,1.5950373998256573,6.853899014042426,0.6927390875997892,0.08042720139494333,2176.9054,6.690946000000001,-1.0358203999036826,0.14557506360422848,3.9908370971679688,2.3690872192382884,10.291866302490241,-0.7292003631591815,15.208491060468894,0.037922435336641414,351.8,212.4,0.9383185466835658,0.10000000000000142,0.0,2593.940818205999,8,1,0,600,,68.0,2.2695486466869093,0.29426699975760684,0.3122124098451005
2021-01-14 17:30:00,2021-01-14 18:30:00,0.0,-447.64153113942785,0.0,-0.9659258262890683,-0.25881904510252063,0.49999999999999994,0.8660254037844387,1,1,447.64153113942785,270.1729697216376,43.6,112.1,,12.832417410096715,1,1.0,28.5,28.4,28.5,76.68,1006.714,0.846,1.414098,288.6,0.0,61.74,41.35866165161133,11.20850658416748,230.71961975097656,23.18986701965332,0,0,0,0,1,28.8,24.3,77.0,2.0,290.0,8.0,,,458.8,366.4,246.4,217.3,107.0,242.9,2.0,28.8,74.79,1006.536,32.6375617980957,11.964643478393556,430.247177046476,384.3,458.8,40.18065661152446,375.3402551899046,276.9,458.8,71.17808286925819,263.30230728552374,133.6,458.8,95.63448492199025,241.56546594986443,7.688888888888889,29.099999999999998,74.21222222222224,1.317833333333333,0.0,22.624736891852486,11.364159690009224,-11.158468860572157,201.24153113942785,-0.3000000000000007,1.8900000000000006,36.11639022827149,32.12555313110352,29.09772109985352,11.561494827270508,384.3,276.9,1.5950373998256573,1.1628623979330173,0.983003703487035,0.4975341901621113,1.530055589113226,1.1581627100138432,0.33940034903989996,8,2,6,600,750,,3000,,9000,,,,,,,,,,60,6.0,2.0,0.22210019240997836,0.22210019240997836,244.31021165097619,1.832266969581004,7.250429723670681,0.6035475954028185,0.09739936303278307,2185.38,6.646199999999998,-0.8018120748681095,0.2698395756661672,5.242271423339837,12.260940551757809,8.721099853515625,-0.756136894226076,18.733924759758843,-0.1556531058417434,325.20000000000005,181.90000000000003,0.816726993260665,0.10000000000000142,0.0,2586.0223770754383,8,1,0,600,,68.0,2.8942817053073813,0.3215762061321569,0.41631297647360005
2021-01-14 17:40:00,2021-01-14 18:40:00,0.0,-374.35055832656667,0.0,-0.9659258262890683,-0.25881904510252063,0.49999999999999994,0.8660254037844387,1,1,374.35055832656667,223.75535360682554,18.9,101.5,,10.505569600850574,1,1.0,28.44,28.4,28.5,77.2,1006.719,0.898,1.476704,280.0,0.0,52.79,,,,,1,1,0,0,0,28.8,24.3,77.0,2.0,290.0,8.0,,,447.64153113942785,384.3,276.9,231.3,133.6,272.8,2.4,28.71,75.84,1006.573,34.44234848022461,11.823226928710938,426.93069648866486,374.35055832656667,458.8,45.87625806108308,391.5820149109991,318.0,458.8,53.02702048902254,276.6773383036664,157.3,458.8,93.23285502876104,246.56854115024356,8.716666666666667,28.988888888888887,74.78555555555556,1.2815555555555553,0.0,23.323961650623996,11.49990878385656,-73.29097281286118,97.45055832656669,-0.2699999999999996,1.3599999999999994,41.35866165161133,36.11639022827149,32.12555313110352,11.412020683288574,458.8,318.0,1.832266969581004,1.5950373998256573,1.1628623979330173,0.6083095097151975,1.7645972194403285,1.3678590065470313,0.1478365884503513,8,2,6,600,750,,3000,,9000,,,,,,,,,,60,6.0,2.0,0.18233110474903919,0.18233110474903919,200.5642152239431,1.8664872889143245,7.091315747803877,0.5977160942595185,0.05048743638713231,2195.568,6.484319999999999,-0.884357362204963,0.1559360635449031,,,,,,,301.5,140.8,0.3519341218005298,0.10000000000000142,,,8,1,0,600,,68.0,3.4786141952818155,0.2853074874956485,0.5000867553227483
2021-01-14 17:50:00,2021-01-14 18:50:00,0.0,-303.69338666930685,0.0,-0.9659258262890683,-0.25881904510252063,0.49999999999999994,0.8660254037844387,1,1,303.69338666930685,179.00581155722762,19.3,100.0,,8.178717063434505,1,1.0,28.39,28.3,28.4,78.58,1006.803,0.642,1.316458,275.8,0.0,43.31,,,,,1,1,0,0,0,28.8,24.3,77.0,2.0,290.0,8.0,,,374.35055832656667,458.8,318.0,243.0,157.3,312.0,5.5,28.6,75.38,1006.616,33.7473030090332,11.668313026428224,375.22849204510044,303.69338666930685,447.64153113942785,71.97808798383232,389.1975793558836,303.69338666930685,458.8,57.158217900947506,284.810304229739,167.5,458.8,88.47017274336035,247.89108623675622,9.655555555555557,28.900555555555552,75.29500000000002,1.2114999999999998,0.0,24.039167642593384,11.623953580856323,-70.65717165725982,-14.306613330693153,-0.21000000000000085,3.200000000000003,,41.35866165161133,36.11639022827149,11.269834518432615,447.64153113942785,366.4,1.8664872889143245,1.832266969581004,1.5950373998256573,0.7674962795411489,1.8798144811586193,1.5633911574535946,0.05542611963571496,8,2,6,600,750,,3000,,9000,,,,,,,,,,60,6.0,2.0,0.14226126425023955,0.14226126425023955,156.4873906752635,1.9406891849805297,7.012084661032252,0.5894294028606816,0.06355093935916313,2230.8862,6.081138000000001,-0.638713415068082,0.06487814279145139,,,,,,,291.3,155.10661333069316,-0.04498935009651935,0.09999999999999787,,,8,1,0,600,,68.0,3.8790010698860513,0.29866095594675623,0.4879834789115137
2021-01-14 18:00:00,2021-01-14 19:00:00,0.0,-236.5916007151505,0.0,-1.0,-1.8369701987210297e-16,0.49999999999999994,0.8660254037844387,1,1,236.5916007151505,136.50801378626198,13.8,102.5,,5.852444643663064,1,1.0,28.32,28.2,28.4,78.15,1006.952,0.647,1.287053,280.4,0.0,31.0,,,,,1,1,0,0,0,28.6,24.8,80.0,2.0,300.0,6.0,,,303.69338666930685,447.64153113942785,366.4,243.0,167.5,351.1,14.9,28.59,75.62,1006.614,29.09772109985352,11.561494827270508,304.878515237008,236.5916007151505,374.35055832656667,68.88712505132926,367.562846141742,236.5916007151505,458.8,85.20069761802017,288.64872649169183,175.7,458.8,84.49039209593951,246.19708700265969,10.377777777777778,28.81888888888889,75.61555555555555,1.1610555555555553,0.0,24.79705047607422,11.724143727620442,-67.10178595415636,-129.8083992848495,-0.2699999999999996,2.530000000000001,,,41.35866165161133,11.20850658416748,374.35055832656667,384.3,1.9406891849805297,1.8664872889143245,1.832266969581004,0.983003703487035,1.9721735025511702,1.7511145458321982,0.12445198398885769,8,3,6,600,750,,3000,,9000,,,,,,,,,,21,2.0,2.0,0.10196690057911087,0.10196690057911087,112.16359063702195,2.109344033758656,7.631987119843564,0.576977430194632,0.05832835974855593,2213.208,6.187919999999998,-0.6363707416162607,0.1167958869771118,,,,,,,283.1,222.20839928484952,-0.35428056573375954,0.1999999999999993,,,8,1,0,600,,25.0,4.182659979078476,0.3265902725112814,0.481189122613161
2021-01-14 18:10:00,2021-01-14 19:10:00,0.0,-174.49585336990415,0.0,-1.0,-1.8369701987210297e-16,0.49999999999999994,0.8660254037844387,1,0,174.49585336990415,97.18070713427262,5.5,99.1,,3.5273317501048393,1,1.0,28.11,28.0,28.2,80.35,1007.097,0.754,1.393618,290.1,0.0,18.9,,,,,1,1,0,0,0,28.6,24.8,80.0,2.0,300.0,6.0,,,236.5916007151505,374.35055832656667,384.3,238.1,175.7,366.37672398513814,5.1,28.5,75.88,1006.647,32.12555313110352,11.412020683288574,238.2602802514538,174.49585336990415,303.69338666930685,64.61492877972336,332.59548837005934,174.49585336990415,458.8,114.85140756166233,288.58182945668653,174.49585336990415,458.8,84.585505340475,241.88490406567482,10.638888888888891,28.73944444444444,75.97277777777778,1.1147777777777776,0.0,25.603064264569962,11.797619819641113,-62.09574734524634,-209.80414663009586,-0.39000000000000057,4.469999999999999,,,,,303.69338666930685,458.8,2.109344033758656,1.9406891849805297,1.8664872889143245,1.1628623979330173,2.2094635452040348,1.9870303823221818,0.3304135755689187,8,3,6,600,750,,3000,,9000,,,,,,,,,,21,2.0,2.0,0.06152467184515975,0.06152467184515975,67.67713902967573,2.5783574168729193,8.724792668495208,0.5569227305835434,0.031519373634288333,2258.6385,5.523615000000001,-0.7080770660794107,0.25911940971755465,,,,,,,284.30414663009583,284.30414663009583,-0.5459384507678788,0.1999999999999993,,,8,1,0,600,,25.0,4.509129309034039,0.43961120550121147,0.5123193614712436
2021-01-14 18:20:00,2021-01-14 19:20:00,0.0,-120.52210317401392,0.0,-1.0,-1.8369701987210297e-16,0.49999999999999994,0.8660254037844387,1,0,120.52210317401392,62.99733201020882,5.9,100.5,,1.2039599453139918,1,1.0,27.8,27.6,28.0,82.8,1007.204,0.731,1.202166,298.4,0.0,8.39,,,,,1,1,0,0,0,28.6,24.8,80.0,2.0,300.0,6.0,,,174.49585336990415,303.69338666930685,458.8,236.7,197.5,317.8286933907833,36.9,28.46,76.49,1006.692,36.11639022827149,11.269834518432615,177.2031857530229,120.52210317401392,236.5916007151505,58.08209105513928,276.2158388990616,120.52210317401392,447.64153113942785,123.23131241725724,284.30527963302063,120.52210317401392,458.8,91.15242672478448,234.5014225106864,10.833333333333336,28.65277777777778,76.47277777777778,1.0662777777777779,0.0,26.468523025512695,11.82743211892935,-53.97375019589023,-338.2778968259861,-0.6600000000000001,6.310000000000002,,,,,236.5916007151505,447.64153113942785,2.5783574168729193,2.109344033758656,1.9406891849805297,1.5950373998256573,3.3007494237035995,2.590281952431109,1.6739052378536654,8,3,6,600,750,,3000,,9000,,,,,,,,,,21,2.0,2.0,0.021011518759350877,0.021011518759350877,23.112670635285966,5.214546820479223,6.026105158700696,0.5227035568674995,0.04895367608613151,2301.84,4.781600000000001,-0.6430231067654969,0.34768129683037063,,,,,,,338.2778968259861,327.11942796541393,-0.7373101500130472,0.3999999999999986,,,8,1,0,600,,25.0,5.490366332737757,1.1057784802773516,0.6575563834505047
2021-01-16 07:30:00,2021-01-16 08:30:00,0.0,0.0,0.0,0.9659258262890683,-0.25881904510252063,0.49999999999999994,0.8660254037844387,1,1,0.0,0.0,0.0,0.0,,17.784507022641577,1,1.0,23.89,23.8,24.1,90.1,1009.321,1.417,2.374926,28.49,0.0,126.2,2.7341513633728027,13.449406623840332,213.2728271484375,19.779998779296875,0,0,0,1,0,23.4,22.3,93.0,2.0,40.0,5.0,19.0,1735.0,0.0,0.0,0.0,0.0,0.0,0.0,0.0,23.19,95.7,1008.505,,,0.0,0.0,0.0,0.0,0.0,0.0,0.0,0.0,0.0,0.0,0.0,0.0,0.0,0.0,23.33,94.53333333333332,1.4933888888888889,267.00000000000006,3.5875643491744995,12.636996746063232,0.0,0.0,0.6999999999999993,-5.6000000000000085,3.210085391998291,3.889130115509033,4.516890525817871,11.985252380371094,0.0,0.0,0.0,0.0,0.0,0.0,0.0,0.0,0.0,7,3,4,600,750,,3000,,9000,,,,,,,,,,5,2.0,2.0,0.3054378347025964,0.3054378347025964,335.98161817285603,0.0,0.0,0.0,0.0,2152.489,2.3651100000000014,0.6759166099580524,1.2454018373130875,-0.4759340286254883,-1.7827391624450684,,,-0.8534129858016968,0.8124098777770996,0.0,0.0,0.0,0.3000000000000007,0.0,2868.3929741353495,7,1,0,600,,9.0,0.0,0.0,0.0
2021-01-16 08:10:00,2021-01-16 09:10:00,0.0,0.0,0.0,0.8660254037844387,-0.4999999999999998,0.49999999999999994,0.8660254037844387,1,1,0.0,0.0,0.0,0.0,,27.077766827706107,1,1.0,25.36,25.1,25.5,81.55,1009.57,1.615,2.584369,42.95,0.0,278.3,1.6508163213729858,14.80775547027588,204.3028564453125,25.46999931335449,0,0,1,0,0,25.2,22.0,82.0,3.0,60.0,7.0,,,0.0,0.0,0.0,0.0,0.0,0.0,0.0,23.48,93.3,1009.018,3.889130115509033,12.212095260620115,0.0,0.0,0.0,0.0,0.0,0.0,0.0,0.0,0.0,0.0,0.0,0.0,0.0,0.0,23.667777777777776,92.10277777777777,1.356111111111111,195.80000000000004,2.792017713189125,13.423248529434204,0.0,0.0,1.879999999999999,-11.75,1.8854999542236328,2.081216335296631,2.368351697921753,13.790449142456056,0.0,0.0,0.0,0.0,0.0,0.0,0.0,0.0,0.0,7,2,4,750,,,3000,,9000,,,,,,,,,,2,2.0,2.0,0.4551994329347092,0.4551994329347092,500.7193762281801,0.0,0.0,0.0,0.0,2068.1079999999997,4.678920000000001,1.1003961964345799,1.1820969549374154,-0.23468363285064697,-0.7175353765487671,-2.2383137941360474,2.5956602096557653,-1.1412013918161392,1.3845069408416766,0.0,0.0,0.0,0.3999999999999986,0.0,3025.2667401210642,7,1,0,750,,6.0,0.0,0.0,0.0
2021-01-16 08:20:00,2021-01-16 09:20:00,0.0,0.0,0.0,0.8660254037844387,-0.4999999999999998,0.49999999999999994,0.8660254037844387,1,1,0.0,0.0,0.0,0.0,,29.390979044426192,1,1.0,25.83,25.5,26.0,79.06,1009.647,1.306,2.347554,47.98,0.0,335.5,1.6752082109451294,14.598438262939451,205.67791748046875,,0,0,1,0,0,25.2,22.0,82.0,3.0,60.0,7.0,,,0.0,0.0,0.0,0.0,0.0,0.0,0.0,23.64,91.8,1009.184,3.210085391998291,12.901232719421388,0.0,0.0,0.0,0.0,0.0,0.0,0.0,0.0,0.0,0.0,0.0,0.0,0.0,0.0,23.80833333333333,91.18388888888889,1.3234444444444446,178.00000000000003,2.667927768495348,13.553825166490343,0.0,0.0,2.1899999999999977,-12.739999999999995,1.6508163213729858,1.8854999542236328,2.081216335296631,13.9852294921875,0.0,0.0,0.0,0.0,0.0,0.0,0.0,0.0,0.0,7,2,4,750,,,3000,,9000,,,,,,,,,,2,2.0,2.0,0.4907665789447388,0.4907665789447388,539.8432368392126,0.0,0.0,0.0,0.0,2042.1198,5.408802,0.9702420396893167,0.8742233035211967,0.024391889572143555,-0.40600812435150146,-1.5348771810531616,1.6972055435180629,-0.9927195575502186,1.0446130964491083,0.0,0.0,0.0,0.5,0.0,3002.576380388578,7,1,0,750,,6.0,0.0,0.0,0.0
2021-01-16 08:50:00,2021-01-16 09:50:00,5.8,5.8,0.008908376344680296,0.8660254037844387,-0.4999999999999998,0.49999999999999994,0.8660254037844387,1,1,0.0,0.0,0.0,0.0,,36.290831593775955,1,1.0,28.19,27.8,28.6,67.74,1009.674,1.036,2.140312,72.68,0.0,570.6,1.7444826364517212,13.121896743774414,216.0196533203125,24.491249084472656,0,0,1,0,0,25.2,22.0,82.0,3.0,60.0,7.0,,,0.0,0.0,0.0,0.0,0.0,0.0,0.0,24.56,86.1,1009.428,2.081216335296631,13.9852294921875,0.0,0.0,0.0,0.0,0.0,0.0,0.0,0.0,0.0,0.0,0.0,0.0,0.0,0.0,24.45888888888889,87.61555555555555,1.286,124.6,2.438553402821223,13.543957630793253,0.0,0.0,3.6300000000000026,-18.36,1.736595630645752,1.7702126502990725,1.6752082109451294,14.598438262939451,0.0,0.0,0.0,0.0,0.0,0.0,0.0,0.0,0.0,7,2,4,750,,,3000,,9000,,,,,,,,,,2,2.0,2.0,0.5918842074825366,0.5918842074825366,651.0726282307902,0.0,0.0,0.0,0.0,1909.5906,9.094094000000002,0.9890245876895174,0.30842562303670573,0.007887005805969238,0.0692744255065918,-0.33673369884490967,-0.8633327484130859,-0.6940707663695016,-0.4220608870188389,0.0,0.0,0.0,0.8000000000000007,0.0,2834.5875854950864,7,1,0,750,,6.0,0.0,0.0,0.0
2021-01-16 09:00:00,2021-01-16 10:00:00,2.9,2.9,0.0042282283016104516,0.7071067811865476,-0.7071067811865475,0.49999999999999994,0.8660254037844387,1,1,0.0,0.0,0.0,0.0,,38.57327290985047,1,1.0,28.81,28.3,29.3,63.35,1009.701,0.501,1.187211,100.3,0.0,587.7,1.5584126710891724,12.917445182800291,217.51315307617188,20.065832138061523,0,0,1,0,0,28.6,21.6,66.0,2.0,170.0,7.0,,,0.0,0.0,0.0,0.0,0.0,0.0,0.0,24.98,83.9,1009.511,1.8854999542236328,14.25456714630127,0.0,0.0,0.0,0.0,0.0,0.0,0.0,0.0,0.0,0.0,0.0,0.0,0.0,0.0,24.770555555555553,85.90166666666666,1.227666666666667,106.8,2.3708502696110654,13.495764365563026,0.0,0.0,3.8299999999999983,-20.550000000000004,1.7444826364517212,1.736595630645752,1.7702126502990725,13.938232421875,0.0,0.0,0.0,0.0,0.0,0.0,0.0,0.0,0.0,6,2,4,750,,,3000,,9000,,,,,,,,,,1,2.0,2.0,0.6235149685175457,0.6235149685175457,685.8664653693003,0.0,0.0,0.0,0.0,1825.1135,10.558864999999999,0.4929264040047044,-0.08957990977329108,-0.18606996536254883,-0.21179997920990012,-0.32708728313446045,-1.3371219635009783,-0.812437598521893,-0.5783191827627352,0.0,0.0,0.0,1.0,0.0,2809.7142313994987,6,1,0,750,,5.0,0.0,0.0,0.0
2021-01-16 09:50:00,2021-01-16 10:50:00,0.0,-5.8,0.0,0.7071067811865476,-0.7071067811865475,0.49999999999999994,0.8660254037844387,1,1,5.8,7.8,0.4,5.3,,49.76920755396838,1,1.0,30.07,29.8,30.2,59.51,1009.572,1.097,2.470683,226.7,0.0,795.9,1.8368886709213257,10.060179710388184,238.36642456054688,27.78583526611328,0,0,1,0,0,28.6,21.6,66.0,2.0,170.0,7.0,,,2.0,0.0,0.0,0.0,0.0,0.0,0.0,28.19,67.74,1009.674,1.7444826364517212,13.121896743774414,2.9333333333333336,1.0,5.8,2.532455988429677,1.4666666666666668,0.0,5.8,2.2686266036231406,0.48888888888888893,0.0,5.8,1.421221052843558,0.43333333333333335,0.022222222222222223,26.61611111111111,75.73722222222221,1.1888333333333336,17.8,2.2023715762531055,12.979976373560289,3.8,5.8,1.879999999999999,-8.229999999999997,,1.7602174282073977,1.5732530355453491,11.586578369140623,1.0,0.0,0.0024634164343532838,0.001277997989451651,0.0,0.0,0.0035492902009574934,0.0017746451004787467,0.002967191732229814,6,2,4,750,,,3000,,9000,,,,,,,,,,1,2.0,2.0,0.7634490303012614,0.7634490303012614,839.7939333313876,0.006906456179067545,0.007287347656740797,0.39,0.02,1789.4657,12.175343,-0.7983667151499596,-0.7523427331613318,,0.26363563537597656,0.09240603446960449,-3.0617170333862305,-0.36548290533177985,-2.9197966631721055,5.8,5.8,0.29,0.3999999999999986,0.0,2398.0090680017893,6,1,0,750,,5.0,0.0040350308088029545,0.001653171520404976,0.0010752479990043021
2021-01-16 14:00:00,2021-01-16 15:00:00,200.3,137.9,0.20988244906012188,-0.4999999999999997,-0.8660254037844388,0.49999999999999994,0.8660254037844387,1,1,62.4,61.7,0.4,15.5,,60.1792266893612,1,1.0,29.79,29.6,30.0,68.93,1005.747,2.508,3.894342,264.4,0.0,888.0,1.5778571367263794,11.077696800231934,230.3844451904297,14.427142143249512,0,0,1,0,0,30.0,23.4,68.0,6.0,270.0,7.0,,,44.6,15.2,0.0,0.0,0.0,0.0,0.0,29.36,68.91,1006.861,1.572898507118225,7.1558990478515625,45.300000000000004,28.9,62.4,16.760966559241147,26.416666666666668,1.0,62.4,23.681589192169234,8.805555555555555,0.0,62.4,18.142328543142423,8.766666666666667,1.5622222222222222,29.515,67.97444444444444,2.2965,0.0,2.1558593180444507,8.358293506834242,17.799999999999997,62.4,0.4299999999999997,0.020000000000010232,1.7051849365234375,1.3598275184631348,1.3600001335144043,8.29900074005127,28.9,1.0,0.045867298796046875,0.029233339820101824,0.015154630813124743,0.0,0.04682862828451687,0.027152851285135976,0.01809511536825221,5,2,3,600,,,3000,,9000,,,,,,,,,,2,2.0,2.0,0.8675852121334274,0.8675852121334274,954.3437333467701,0.06538524623740191,0.07027027027027027,0.9887820512820513,0.006410256410256411,2053.4247,9.255752999999997,-2.4960303191544324,-0.24473791259594765,-0.1273277997970581,0.2178570032119751,0.004958629608154297,3.921797752380371,-0.5780021813180714,2.7194032933976917,62.4,61.4,3.12,0.3999999999999986,0.0,2552.1290313092322,5,1,0,600,,6.0,0.07501984680469294,0.013529303596521422,0.015112447872327512
2021-01-16 14:10:00,2021-01-16 15:10:00,343.2,257.5,0.36723486978501724,-0.4999999999999997,-0.8660254037844388,0.49999999999999994,0.8660254037844387,1,1,85.7,85.7,14.67,0.4,,58.16737769669461,1,1.0,29.82,29.6,30.3,69.44,1005.598,2.821,4.176106,257.2,0.0,907.0,1.3273587226867676,11.462397575378418,227.9601593017578,24.033998489379883,0,0,1,0,0,30.0,23.4,68.0,6.0,270.0,7.0,,,62.4,28.9,1.0,0.0,0.0,1.0,1.188,29.71,68.78,1006.717,1.680416703224182,7.412722110748291,64.23333333333333,44.6,85.7,20.611242886670695,40.53333333333333,6.4,85.7,29.922945487813642,13.566666666666666,0.0,85.7,25.463514844484727,13.527777777777779,2.377222222222222,29.54944444444445,68.02166666666666,2.3353888888888887,0.0,2.100082947148217,8.454999526341757,23.300000000000004,84.7,0.10999999999999943,0.6599999999999966,1.5778571367263794,1.7051849365234375,1.3598275184631348,8.937518119812012,44.6,6.4,0.06538524623740191,0.045867298796046875,0.029233339820101824,0.0009744789823778623,0.06765141977083877,0.04227405716791758,0.023001088398818835,5,2,3,600,,,3000,,9000,,,,,,,,,,2,2.0,2.0,0.8495925242138573,0.8495925242138573,934.5517766352431,0.09170171427906754,0.09448732083792724,1.0,0.17117852975495915,2070.7008,9.112992,-2.750896328495994,-0.6249883117845186,-0.2504984140396118,-0.03246879577636719,-0.35305798053741433,4.049675464630127,-0.7727242244614496,3.007398049036661,85.7,79.3,4.235,0.6999999999999993,0.0,2612.9699772633467,5,1,0,600,,6.0,0.11380351877140121,0.018714809942078248,0.020208525786309692
2021-01-16 14:20:00,2021-01-16 15:20:00,229.7,115.89999999999999,0.2515793330257042,-0.4999999999999997,-0.8660254037844388,0.49999999999999994,0.8660254037844387,1,1,113.8,113.6,0.4,26.6,,56.10173329236414,1,1.0,29.94,29.7,30.3,68.06,1005.386,3.021,4.544196,252.2,0.0,921.0,1.7694872617721558,11.228461265563965,229.7228240966797,21.46999931335449,0,0,1,0,0,30.0,23.4,68.0,6.0,270.0,7.0,,,85.7,44.6,6.4,0.0,0.0,6.4,3.285,29.68,68.91,1006.464,1.5534427165985107,7.768279552459717,87.3,62.4,113.8,25.737326978534504,58.43333333333334,15.2,113.8,36.76240833605256,19.88888888888889,0.0,113.8,34.44162817919599,19.83888888888889,2.3994444444444443,29.571666666666673,68.02333333333333,2.377888888888889,0.0,2.062421891424391,8.569758706622654,28.099999999999994,107.39999999999999,0.26000000000000156,-0.8499999999999943,1.3273587226867676,1.5778571367263794,1.7051849365234375,10.05225944519043,62.4,15.2,0.09170171427906754,0.06538524623740191,0.045867298796046875,0.006302113061762635,0.09390887088805422,0.06199698034890602,0.02968879940596852,5,2,3,600,,,3000,,9000,,,,,,,,,,2,2.0,2.0,0.8300291574302194,0.8300291574302194,913.0320731732414,0.12463965214769322,0.12356134636264929,0.9982425307557118,0.00351493848857645,2037.7164000000002,9.562835999999999,-2.8763828954740007,-0.9235055162935433,0.4421285390853882,0.06430232524871826,0.21604454517364502,3.460181713104248,-0.29293462965223505,2.658702558941311,113.8,98.6,5.369999999999999,0.6000000000000014,0.0,2579.433832185532,5,1,0,600,,6.0,0.16339559927366742,0.025072756924395857,0.02739080965245208
2021-01-16 14:30:00,2021-01-16 15:30:00,469.5,329.0,0.5276315208460781,-0.4999999999999997,-0.8660254037844388,0.49999999999999994,0.8660254037844387,1,1,140.5,112.374,19.314,0.8,,53.99174542011209,1,1.0,30.14,29.9,30.3,67.52,1005.201,2.623,4.042729,255.9,0.0,829.0,2.3871426582336426,10.84614372253418,232.4266662597656,32.63713836669922,0,0,0,1,0,30.0,23.4,68.0,6.0,270.0,7.0,,,113.8,62.4,15.2,0.0,0.0,15.2,5.472,29.54,68.36,1006.276,1.3600001335144043,8.29900074005127,113.33333333333333,85.7,140.5,27.40298037318812,79.31666666666668,28.9,140.5,42.441744387650544,27.694444444444443,0.0,140.5,44.205821711654835,26.08188888888889,3.4724444444444442,29.64111111111111,67.96777777777777,2.369444444444445,0.0,2.0485034783681235,8.67432157198588,26.700000000000003,125.3,0.6000000000000014,-0.8400000000000034,1.7694872617721558,1.3273587226867676,1.5778571367263794,11.077696800231934,85.7,28.9,0.12463965214769322,0.09170171427906754,0.06538524623740191,0.015154630813124743,0.12474582904951237,0.08578722866701462,0.03309733095321269,5,2,3,600,,,3000,,9000,,,,,,,,,,2,2.0,2.0,0.8089323039945792,0.8089323039945792,889.825534394037,0.1578961207217763,0.16948130277442702,0.799814946619217,0.1374661921708185,2035.0528,9.789472000000002,-2.543974296091891,-0.6390021759147371,0.6176553964614868,0.8092855215072632,1.0271425247192383,2.54714298248291,0.33863917986551906,2.1718221505482997,140.5,111.6,6.265,0.40000000000000213,0.0,2520.9330272029033,5,1,0,600,,6.0,0.22448435777832915,0.03083117652571928,0.03705375235444894
2021-01-16 14:40:00,2021-01-16 15:40:00,249.2,85.1,0.2881003851940131,-0.4999999999999997,-0.8660254037844388,0.49999999999999994,0.8660254037844387,1,1,164.1,112.5,21.636,11.0,,51.844974671162134,1,1.0,30.03,29.9,30.1,66.73,1005.11,2.585,3.814532,258.6,0.0,674.1,2.903076648712158,10.06077003479004,238.5576934814453,39.61249923706055,0,0,0,1,0,30.0,23.4,68.0,6.0,270.0,7.0,,,140.5,85.7,28.9,0.0,0.0,28.9,7.74,29.68,69.5,1006.076,1.3598275184631348,8.937518119812012,139.46666666666667,113.8,164.1,25.165916103597997,101.85000000000001,44.6,164.1,46.057301267008675,36.81111111111111,0.0,164.1,53.99568489174024,32.33188888888889,4.674444444444444,29.689444444444444,67.86444444444444,2.397555555555556,0.0,2.057170033454895,8.723780711491903,23.599999999999994,135.2,0.3500000000000014,-2.769999999999996,2.3871426582336426,1.7694872617721558,1.3273587226867676,11.462397575378418,113.8,44.6,0.1578961207217763,0.12463965214769322,0.09170171427906754,0.029233339820101824,0.15741731916721421,0.11253436946902651,0.032540908227143596,5,2,3,600,,,3000,,9000,,,,,,,,,,2,2.0,2.0,0.7863420744574634,0.7863420744574634,864.9762819032097,0.18971618463217316,0.24343569203382287,0.6855575868372944,0.13184643510054844,2003.9019000000003,9.990981,-2.5340009863971513,-0.5109442248800394,0.5159339904785156,1.5757179260253906,1.5432491302490234,1.1232519149780291,0.8459066152572632,1.3369893232981376,164.1,119.5,4.678200692041522,0.20000000000000284,0.0,2400.0740941467525,5,1,0,600,,6.0,0.2931121623832287,0.03577151679135037,0.04659076743899888
2021-01-16 14:50:00,2021-01-16 15:50:00,562.9,379.29999999999995,0.6712925600460281,-0.4999999999999997,-0.8660254037844388,0.49999999999999994,0.8660254037844387,1,1,183.6,112.392,23.913,150.1,,49.66750834686437,1,1.0,30.5,29.9,30.9,66.02000000000001,1005.034,1.998,3.650227,253.3,0.0,697.6,3.0722577571868896,9.390839576721191,243.42645263671875,40.6300048828125,0,0,0,1,0,30.0,23.4,68.0,6.0,270.0,7.0,,,164.1,113.8,44.6,0.0,0.0,44.6,10.035,29.96,69.03,1005.856,1.7051849365234375,10.05225944519043,162.73333333333335,140.5,183.6,21.582477460507924,125.01666666666667,62.4,183.6,46.457955902801686,47.01111111111111,0.0,183.6,63.19124929076893,38.57588888888889,6.002944444444444,29.760555555555552,67.74888888888887,2.401222222222222,0.0,2.0574664142396717,8.74456164571974,19.5,139.0,0.5399999999999991,-3.009999999999991,2.903076648712158,2.3871426582336426,1.7694872617721558,11.228461265563965,140.5,62.4,0.18971618463217316,0.1578961207217763,0.12463965214769322,0.045867298796046875,0.18885549873168053,0.1413821848098674,0.030538132995294617,5,2,3,600,,,3000,,9000,,,,,,,,,,2,2.0,2.0,0.7623014214431117,0.7623014214431117,838.531563587423,0.21895419084109213,0.2631880733944954,0.6121568627450981,0.1302450980392157,2013.6100000000004,10.363899999999996,-1.9137293447009391,-0.5741463186597242,0.16918110847473145,1.3027704954147339,1.3670728206634521,-0.6614198684692383,1.014791342947218,0.6462779310014515,183.6,121.19999999999999,3.116591928251121,1.0,0.0,2285.978765441745,5,1,0,600,,6.0,0.3645613422734503,0.04020364177382632,0.054709022962688786
2021-01-16 15:00:00,2021-01-16 16:00:00,238.5,38.19999999999999,0.2942476749309266,-0.7071067811865471,-0.7071067811865479,0.49999999999999994,0.8660254037844387,1,1,200.3,112.797,26.289,30.3,,47.46428412789239,1,1.0,30.38,30.2,30.5,64.8,1004.94,2.705,4.446642,257.4,0.0,736.0,3.125454425811768,8.899242401123047,246.6790771484375,43.24100112915039,0,0,0,1,0,30.6,23.2,65.0,4.0,270.0,7.0,,,183.6,140.5,62.4,0.0,0.0,61.7,0.4,29.79,68.93,1005.747,1.5778571367263794,11.077696800231934,182.66666666666666,164.1,200.3,18.118038893140003,148.0,85.7,200.3,43.28750397054559,58.138888888888886,0.0,200.3,71.5138089412181,44.84238888888889,7.463444444444444,29.808888888888887,67.69388888888888,2.4299999999999997,0.0,2.0471730364693537,8.783307101991442,16.700000000000017,137.9,0.5899999999999999,-4.13000000000001,3.0722577571868896,2.903076648712158,2.3871426582336426,10.84614372253418,164.1,85.7,0.21895419084109213,0.18971618463217316,0.1578961207217763,0.06538524623740191,0.2185963575667902,0.1716710933081513,0.0287029292327801,5,2,3,600,,,3000,,9000,,,,,,,,,,2,2.0,2.0,0.7368560579759177,0.7368560579759177,810.5416637735094,0.24711869722710525,0.2721467391304348,0.5631402895656514,0.13124812780828757,1968.6239999999998,10.69376,-2.6398548410443112,-0.5900774679776495,0.053196668624878374,0.7383117675781254,1.5475972890853886,-2.1784543991088867,1.0782813893424144,0.11593529913160516,200.3,114.60000000000001,2.2099358974358974,0.3000000000000007,0.0,2195.2569028292783,5,1,0,600,,6.0,0.43447468481179813,0.04446654973187319,0.06216598042174976
2021-01-16 15:10:00,2021-01-16 16:10:00,214.0,-129.2,0.27398670103789113,-0.7071067811865471,-0.7071067811865479,0.49999999999999994,0.8660254037844387,1,1,343.2,219.9,250.7,79.7,,45.23933923819768,1,1.0,30.37,30.2,30.6,65.4,1004.843,2.481,4.769358,251.0,0.0,658.5,3.010000228881836,8.980093002319336,246.284408569336,44.60187530517578,0,0,0,1,0,30.6,23.2,65.0,4.0,270.0,7.0,,,200.3,164.1,85.7,1.0,0.0,85.7,14.67,29.82,69.44,1005.598,1.3273587226867676,11.462397575378418,242.36666666666665,183.6,343.2,87.7225360630513,190.91666666666666,113.8,343.2,80.67186415762725,77.20555555555556,0.0,343.2,96.49073391795785,57.05905555555556,21.391222222222222,29.863888888888887,67.68777777777777,2.4389999999999996,0.0,2.068391972117954,8.84903449482388,142.89999999999998,257.5,0.5500000000000007,-4.039999999999992,3.125454425811768,3.0722577571868896,2.903076648712158,10.06077003479004,183.6,113.8,0.24711869722710525,0.21895419084109213,0.18971618463217316,0.09170171427906754,0.3018252863594992,0.22962130276335668,0.11997509883470978,5,2,3,600,,,3000,,9000,,,,,,,,,,2,2.0,2.0,0.7100543705533714,0.7100543705533714,781.0598076087085,0.4394029710103002,0.5211845102505694,0.6407342657342657,0.7304778554778555,1986.1980000000003,10.508019999999998,-2.345831586061905,-0.8077345912082056,-0.11545419692993208,0.10692358016967773,1.6826415061950684,-2.482304573059082,0.9416082567638822,0.13105850749545667,343.2,229.39999999999998,3.0046674445740957,0.40000000000000213,0.0,2211.6568939738504,5,1,0,600,,6.0,0.5301548559983439,0.09344024319802592,0.07045468684197673
2021-01-16 15:20:00,2021-01-16 16:20:00,199.3,-30.399999999999977,0.26568300948420537,-0.7071067811865471,-0.7071067811865479,0.49999999999999994,0.8660254037844387,1,1,229.7,113.175,30.915,229.7,,42.99600210339517,1,1.0,30.26,30.1,30.6,65.05,1004.77,2.586,3.698458,255.3,0.0,625.0,2.9392309188842773,8.80734634399414,248.01171875,46.51609420776367,0,0,0,1,0,30.6,23.2,65.0,4.0,270.0,7.0,,,343.2,183.6,113.8,6.4,0.0,113.6,0.4,29.94,68.06,1005.386,1.7694872617721558,11.228461265563965,257.73333333333335,200.3,343.2,75.46193300819515,210.23333333333335,140.5,343.2,71.91399492912812,89.96666666666667,0.0,343.2,100.77361933036431,63.34655555555556,23.108722222222223,29.90277777777778,67.5988888888889,2.470388888888889,0.0,2.1024877495235867,8.93752392133077,-113.5,115.89999999999999,0.3200000000000003,-3.010000000000005,3.010000228881836,3.125454425811768,3.0722577571868896,9.390839576721191,200.3,140.5,0.4394029710103002,0.24711869722710525,0.21895419084109213,0.12463965214769322,0.33091011165451895,0.2598828051930997,0.09849330699212282,5,2,3,600,,,3000,,9000,,,,,,,,,,2,2.0,2.0,0.6819473271307901,0.6819473271307901,750.1420598438691,0.3062086667261513,0.36751999999999996,0.49270787984327385,0.13458859381802352,1968.413,10.575870000000002,-2.501354408678417,-0.6562180446963078,-0.0707693099975586,-0.1330268383026123,1.1697436571121216,-2.421114921569824,0.8367431693606906,-0.13017757733662982,343.2,202.7,1.0184534270650263,0.5,0.0,2184.3251044005156,5,1,0,600,,6.0,0.7021130147239069,0.05126367978240913,0.12346958664572345
2021-01-16 15:30:00,2021-01-16 16:30:00,187.5,-282.0,0.26119764100638543,-0.7071067811865471,-0.7071067811865479,0.49999999999999994,0.8660254037844387,1,1,469.5,242.4,396.9,107.8,,40.73704012023098,1,1.0,30.25,30.0,30.5,67.59,1004.668,1.936,3.492916,249.4,0.0,618.6,2.954117774963379,9.44347095489502,243.1241149902344,39.99016952514648,0,0,0,1,0,30.6,23.2,65.0,4.0,270.0,7.0,,,229.7,200.3,140.5,15.2,0.0,112.374,19.314,30.14,67.52,1005.201,2.3871426582336426,10.84614372253418,347.4666666666667,229.7,469.5,119.95692282370925,265.06666666666666,164.1,469.5,118.4689101269471,116.05000000000001,0.0,469.5,132.0307239199404,76.81322222222224,45.158722222222224,29.935000000000002,67.68722222222222,2.467388888888889,0.0,2.138280232747396,9.071569654676649,239.8,329.0,0.10999999999999943,0.07000000000000739,2.9392309188842773,3.010000228881836,3.125454425811768,8.899242401123047,343.2,164.1,0.3062086667261513,0.4394029710103002,0.24711869722710525,0.1578961207217763,0.46655017693881357,0.3425732672528019,0.17549699337491328,5,2,3,600,,,3000,,9000,,,,,,,,,,2,2.0,2.0,0.6525883801928303,0.6525883801928303,717.8472182121133,0.6540388930799892,0.7589718719689621,0.5162939297124601,0.845367412140575,2044.5975,9.804025,-1.8122112611906522,-0.6811654313115028,0.014886856079101562,-0.17133665084838912,0.5669751167297363,-1.4026727676391602,0.8158375422159829,0.3719013002183704,469.5,305.4,2.3416370106761564,0.5,0.0,2295.9355183448356,5,1,0,600,,6.0,0.7907270084932944,0.1412561941675618,0.10770252928084253
2021-01-16 15:40:00,2021-01-16 16:40:00,174.8,-74.39999999999998,0.25546714987634317,-0.7071067811865471,-0.7071067811865479,0.49999999999999994,0.8660254037844387,1,1,249.2,114.003,35.523,249.2,,38.46477408436383,1,1.0,30.53,30.4,30.7,67.65,1004.645,1.682,2.804463,245.3,0.0,424.1,3.5314083099365234,9.31128215789795,244.21408081054688,32.75209045410156,0,0,0,1,0,30.6,23.2,65.0,4.0,270.0,7.0,,,469.5,343.2,164.1,28.9,0.0,112.5,21.636,30.03,66.73,1005.11,2.903076648712158,10.06077003479004,316.1333333333334,229.7,469.5,133.17681229603497,279.25,183.6,469.5,108.65072020009808,129.89444444444445,0.0,469.5,132.21132581289174,83.14672222222222,47.132222222222225,29.979444444444443,67.685,2.4310555555555555,0.0,2.207982142766317,9.223959022098118,-220.3,85.1,0.5,0.9200000000000017,2.954117774963379,2.9392309188842773,3.010000228881836,8.980093002319336,229.7,183.6,0.6540388930799892,0.3062086667261513,0.4394029710103002,0.18971618463217316,0.44148300382017175,0.3716541450898354,0.186348585506321,5,2,3,600,,,3000,,9000,,,,,,,,,,2,2.0,2.0,0.622033365096098,0.622033365096098,684.2367016057077,0.36420145165437473,0.5875972647960386,0.4574759229534511,0.14254815409309793,2065.3545000000004,9.876454999999998,-1.5281107545999462,-0.702852418133411,0.5772905349731445,0.5214080810546875,0.6283316612243652,-0.7494878768920916,1.3234261671702066,0.08732313579983142,469.5,285.9,0.5185862279098111,0.3000000000000007,0.0,2273.946213358693,5,1,0,600,,6.0,1.0284331409044256,0.07749066953480392,0.16323804257467206
2021-01-16 15:50:00,2021-01-16 16:50:00,161.6,-401.29999999999995,0.24885488513580656,-0.7071067811865471,-0.7071067811865479,0.49999999999999994,0.8660254037844387,1,1,562.9,241.4,487.7,123.2,,36.18116730401521,1,1.0,29.97,29.8,30.3,69.38,1004.619,1.604,3.19304,241.3,0.0,288.6,3.767900943756104,9.769272804260254,240.9843292236328,31.844932556152344,0,0,0,1,0,30.6,23.2,65.0,4.0,270.0,7.0,,,249.2,229.7,183.6,44.6,0.0,112.392,23.913,30.5,66.02000000000001,1005.034,3.0722577571868896,9.390839576721191,427.2,249.2,562.9,161.07107126979693,342.4666666666667,200.3,562.9,145.84595526330742,161.16666666666666,0.0,562.9,162.72953020272627,96.55783333333335,74.22666666666667,29.995000000000005,67.7811111111111,2.3872222222222224,0.0,2.310947961277432,9.383483091990152,313.7,379.29999999999995,-0.5300000000000011,3.359999999999985,3.5314083099365234,2.954117774963379,2.9392309188842773,8.80734634399414,469.5,200.3,0.36420145165437473,0.6540388930799892,0.3062086667261513,0.21895419084109213,0.6283581983333719,0.4796341549939454,0.2522985456200214,5,2,3,600,,,3000,,9000,,,,,,,,,,2,2.0,2.0,0.5903403938762094,0.5903403938762094,649.3744332638304,0.8668342502657519,1.9504504504504503,0.42885059513235035,0.8664061112098064,2079.3185999999996,9.176814,-1.4069424465837643,-0.7702784898988752,0.23649263381958052,0.8286700248718266,0.6956431865692143,0.3784332275390625,1.456952982478672,0.3857897122701015,562.9,362.59999999999997,2.065904139433551,0.5,0.0,2354.2416537373356,5,1,0,600,,6.0,1.0844021606827485,0.1914250599392719,0.13826886877483902
2021-01-16 16:00:00,2021-01-16 17:00:00,153.3,-85.19999999999999,0.24994834759785942,-0.8660254037844384,-0.5000000000000004,0.49999999999999994,0.8660254037844387,1,1,238.5,115.092,40.131,238.5,,33.88789545770233,1,1.0,29.68,29.6,29.8,71.31,1004.552,1.475,2.352884,244.2,0.0,283.3,4.755897521972656,9.564447402954102,242.6744842529297,30.535064697265625,0,0,0,1,0,30.6,24.4,70.0,4.0,250.0,7.0,,,562.9,469.5,200.3,62.4,0.0,112.797,26.289,30.38,64.8,1004.94,3.125454425811768,8.899242401123047,350.2,238.5,562.9,184.28127957011802,348.8333333333333,229.7,562.9,139.07531293032085,174.41666666666666,1.0,562.9,158.48936223348392,102.95183333333335,76.45616666666668,30.012777777777778,67.91444444444443,2.3439444444444444,0.0,2.487781239880456,9.517291333940294,-324.4,38.19999999999999,-0.6999999999999993,6.510000000000005,3.767900943756104,3.5314083099365234,2.954117774963379,9.44347095489502,249.2,343.2,0.8668342502657519,0.36420145165437473,0.6540388930799892,0.24711869722710525,0.5399661970133613,0.5032581869760874,0.2833444719810551,6,2,4,600,750,,3000,,9000,,,,,,,,,,3,2.0,2.0,0.5575697447212485,0.5575697447212485,613.3267191933734,0.3888628891199574,0.8418637486763149,0.48256603773584905,0.16826415094339622,2116.4808000000003,8.515191999999999,-1.3279701878182353,-0.6419658715741838,0.9879965782165523,1.8017797470092773,1.6304430961608882,0.6652050018310547,2.2681162820922003,0.04715606901380731,561.9,333.2,0.1907139291063404,0.1999999999999993,0.0,2321.0473406761594,6,1,0,600,,7.0,1.3445577034928613,0.11027087524563095,0.21092951694652737
2021-01-16 16:10:00,2021-01-16 17:10:00,605.4510179806675,391.45101798066753,1.050834469684009,-0.8660254037844384,-0.5000000000000004,0.49999999999999994,0.8660254037844387,1,1,214.0,115.758,42.399,214.0,,31.58640175454983,1,1.0,29.67,29.5,29.9,70.54,1004.551,1.303,2.23904,240.7,0.0,263.3,6.011499881744385,9.541038513183594,242.984130859375,31.189870834350582,0,0,0,1,0,30.6,24.4,70.0,4.0,250.0,7.0,,,238.5,249.2,343.2,85.7,1.0,219.9,250.7,30.37,65.4,1004.843,3.010000228881836,8.980093002319336,338.46666666666664,214.0,562.9,194.7506183130963,327.3,214.0,562.9,149.71699970277257,186.25,6.4,562.9,152.6229350199951,109.3272777777778,78.74566666666666,30.01055555555556,68.0122222222222,2.287777777777778,0.0,2.7283969720204673,9.635531134075588,-24.5,-129.2,-0.6999999999999993,5.140000000000001,4.755897521972656,3.767900943756104,3.5314083099365234,9.31128215789795,562.9,229.7,0.3888628891199574,0.8668342502657519,0.36420145165437473,0.4394029710103002,0.542373458557977,0.4919282311890744,0.2811265540454154,6,2,4,600,750,,3000,,9000,,,,,,,,,,3,2.0,2.0,0.5237837473218521,0.5237837473218521,576.1621220540372,0.3714232362882219,0.8127611090011394,0.5409252336448598,0.19812616822429907,2092.9218000000005,8.740781999999998,-1.136306261979053,-0.637665334628747,1.2556023597717285,2.4800915718078613,3.001499652862549,0.5609455108642578,3.2831029097239175,-0.0944926208919945,556.5,348.9,-0.3764568764568764,0.3999999999999986,0.0,2318.320950621739,6,1,0,600,,7.0,1.2218875032767618,0.13280382719003977,0.15918490058919257
2021-01-16 16:20:00,2021-01-16 17:20:00,248.2,48.89999999999998,0.46138002792014954,-0.8660254037844384,-0.5000000000000004,0.49999999999999994,0.8660254037844387,1,1,199.3,116.55,44.667,199.3,,29.277940829171172,1,1.0,29.67,29.5,29.9,70.74,1004.668,1.201,2.01124,246.4,0.0,225.1,6.662023544311523,9.360501289367676,244.4003448486328,30.47975730895996,0,0,0,1,0,30.6,24.4,70.0,4.0,250.0,7.0,,,214.0,562.9,229.7,113.8,6.4,113.175,30.915,30.26,65.05,1004.77,2.9392309188842773,8.80734634399414,217.26666666666665,199.3,238.5,19.803114233204163,322.2333333333333,199.3,562.9,154.12988894652025,196.96666666666667,15.2,562.9,145.8748375673273,115.44672222222223,81.04466666666667,30.009999999999998,68.11388888888888,2.2246111111111113,0.0,3.0122070180045233,9.723987897237143,-14.699999999999989,-30.399999999999977,-0.5899999999999999,5.689999999999998,6.011499881744385,4.755897521972656,3.767900943756104,9.769272804260254,238.5,469.5,0.3714232362882219,0.3888628891199574,0.8668342502657519,0.3062086667261513,0.37692191228954597,0.5026400553114589,0.010351946807350328,6,2,4,600,750,,3000,,9000,,,,,,,,,,3,2.0,2.0,0.48904666431598165,0.48904666431598165,537.9513307475798,0.37047961146045855,0.8853842736561529,0.5847967887606623,0.22411941796287005,2098.8558,8.681442000000002,-1.1005516382042497,-0.48081918810083124,0.6505236625671387,2.8941226005554195,3.722792625427246,0.5531549453735352,3.649816526307,-0.36348660786946674,547.6999999999999,363.59999999999997,-0.1323465389638658,0.3999999999999986,0.0,2287.709743077532,6,1,0,600,,7.0,1.043909449188418,0.1243969408436308,0.145659021682281
2021-01-16 16:30:00,2021-01-16 17:30:00,267.8,80.30000000000001,0.5369240267737283,-0.8660254037844384,-0.5000000000000004,0.49999999999999994,0.8660254037844387,1,1,187.5,117.414,46.926,187.5,,26.963613962562444,1,1.0,29.39,29.3,29.5,70.73,1004.675,1.343,1.900357,252.8,0.0,195.7,8.028494834899902,9.477721214294434,243.6105499267578,28.1452693939209,0,0,0,1,0,30.6,24.4,70.0,4.0,250.0,7.0,,,199.3,238.5,469.5,140.5,15.2,242.4,396.9,30.25,67.59,1004.668,2.954117774963379,9.44347095489502,200.26666666666665,187.5,214.0,13.276420200239725,275.2333333333333,187.5,562.9,142.82276662586628,206.5388888888889,28.9,562.9,138.7236276532626,121.12527777777781,83.34766666666665,30.001666666666672,68.24555555555554,2.148,0.0,3.3826789458592734,9.789472368028429,-11.800000000000011,-282.0,-0.8599999999999994,3.1400000000000006,6.662023544311523,6.011499881744385,4.755897521972656,9.564447402954102,214.0,249.2,0.37047961146045855,0.3714232362882219,0.3888628891199574,0.6540388930799892,0.37260995475127046,0.45628807588231596,0.002911147705473841,6,2,4,600,750,,3000,,9000,,,,,,,,,,3,2.0,2.0,0.4534245690538684,0.4534245690538684,498.76702595925525,0.3759270165051309,0.9580991313234544,0.626208,0.250272,2078.7547,8.602452999999999,-1.2829388403303075,-0.39713591120915487,1.366471290588379,3.272597312927246,5.074377059936523,0.03425025939941406,4.6458158890406285,-0.3117511537339954,534.0,375.4,-0.6006389776357828,0.1999999999999993,0.0,2308.872877066766,6,1,0,600,,7.0,0.9537893675650315,0.1415726222891325,0.10304265446776759
2021-01-16 16:40:00,2021-01-16 17:40:00,379.38871725266165,204.58871725266164,0.8271248413452461,-0.8660254037844384,-0.5000000000000004,0.49999999999999994,0.8660254037844387,1,1,174.8,118.386,49.167,174.8,,24.64439759476074,1,1.0,29.35,29.3,29.4,68.89,1004.681,1.352,2.005221,233.9,0.0,166.6,8.856144905090332,9.444250106811523,244.02593994140625,30.46156120300293,0,0,0,1,0,30.6,24.4,70.0,4.0,250.0,7.0,,,187.5,214.0,249.2,164.1,28.9,114.003,35.523,30.53,67.65,1004.645,3.5314083099365234,9.31128215789795,187.20000000000002,174.8,199.3,12.252754792290592,262.8333333333333,174.8,562.9,148.64607181714106,214.64444444444447,44.6,562.9,131.82460371186724,126.09672222222224,85.64916666666666,29.98333333333333,68.21166666666666,2.0932777777777773,0.0,3.7991410228941174,9.817624145083958,-12.699999999999989,-74.39999999999998,-1.1799999999999997,1.2399999999999949,8.028494834899902,6.662023544311523,6.011499881744385,9.541038513183594,199.3,562.9,0.3759270165051309,0.37047961146045855,0.3714232362882219,0.36420145165437473,0.37583236396477876,0.45910291126137787,0.005306059446848653,6,2,4,600,750,,3000,,9000,,,,,,,,,,3,2.0,2.0,0.4169852199156639,0.4169852199156639,458.6837419072303,0.38109046392874696,1.04921968787515,0.6772654462242562,0.2812757437070938,2021.9215000000002,9.130785000000001,-1.0924023230301374,-0.7965934751417185,0.8276500701904297,2.8446450233459473,5.324736595153809,0.13296794891357422,5.057003882196215,-0.3733740382724342,518.3,388.09999999999997,-0.29855537720706254,0.09999999999999787,0.0,2304.6420093564084,6,1,0,600,,7.0,0.835858136903396,0.12337745826693348,0.11051181406925138
2021-01-16 16:50:00,2021-01-16 17:50:00,308.36913720280484,146.76913720280484,0.7381177096634944,-0.8660254037844384,-0.5000000000000004,0.49999999999999994,0.8660254037844387,1,1,161.6,119.547,51.363,161.6,,22.3211666291425,1,1.0,29.55,29.4,29.6,69.41,1004.684,0.835,1.845768,235.5,0.0,152.1,10.932061195373535,9.25943374633789,245.23764038085932,30.956802368164062,0,0,0,0,1,30.6,24.4,70.0,4.0,250.0,7.0,,,174.8,199.3,562.9,183.6,44.6,241.4,487.7,29.97,69.38,1004.619,3.767900943756104,9.769272804260254,174.63333333333333,161.6,187.5,12.950804350824443,195.94999999999996,161.6,238.5,27.735086082433575,221.14444444444447,62.4,562.9,125.68856105105574,130.2604444444445,87.94516666666665,29.96055555555556,68.2327777777778,2.0032777777777775,0.0,4.311745259496901,9.773578272925484,-13.200000000000017,-401.29999999999995,-0.41999999999999815,0.030000000000001137,8.856144905090332,8.028494834899902,6.662023544311523,9.360501289367676,187.5,238.5,0.38109046392874696,0.3759270165051309,0.37047961146045855,0.8668342502657519,0.38127534678076785,0.3790986295351569,0.005443127130719643,6,2,4,600,750,,3000,,9000,,,,,,,,,,3,2.0,2.0,0.37979793142083157,0.37979793142083157,417.7777245629147,0.3868085599084258,1.0624589086127547,0.7397710396039604,0.3178403465346535,2051.0655,9.039345,-0.688145367499383,-0.4729492078322354,2.075916290283203,4.270037651062012,7.164160251617432,-0.5098390579223633,6.620315935876635,-0.514144526587593,500.5,76.9,-0.712915260259371,0.20000000000000284,0.0,2270.7616832148046,6,1,0,600,,7.0,0.835046237546111,0.14064018551169255,0.11363123703979734
2021-01-16 17:00:00,2021-01-16 18:00:00,240.84678814598294,87.54678814598293,0.6403340488336112,-0.9659258262890683,-0.25881904510252063,0.49999999999999994,0.8660254037844387,1,1,153.3,120.852,53.559,153.3,,19.99471368075782,1,1.0,29.49,29.4,29.6,70.79,1004.72,0.806,2.064381,241.2,0.0,125.4,13.041095733642578,9.092500686645508,246.4359588623047,31.11391830444336,0,0,0,0,1,30.0,24.3,72.0,2.0,250.0,7.0,,,161.6,187.5,238.5,200.3,62.4,115.092,40.131,29.68,71.31,1004.552,4.755897521972656,9.564447402954102,163.23333333333332,153.3,174.8,10.842662649613933,181.75,153.3,214.0,22.999369556576976,226.19444444444446,85.7,562.9,120.66079568102924,133.54666666666668,90.89844444444445,29.943888888888896,68.33611111111112,1.9087222222222222,0.0,4.948591848214467,9.66328959994846,-8.299999999999983,-85.19999999999999,-0.19000000000000128,-0.519999999999996,10.932061195373535,8.856144905090332,8.028494834899902,9.477721214294434,174.8,214.0,0.3868085599084258,0.38109046392874696,0.3759270165051309,0.3888628891199574,0.39182478534335846,0.38221737004731443,0.013936784060642077,7,2,5,600,750,,3000,,9000,,,,,,,,,,3,2.0,2.0,0.3419334423744677,0.3419334423744677,376.1267866119145,0.40757533219290254,1.222488038277512,0.7883365949119373,0.34937377690802346,2087.5971,8.614028999999999,-0.7063031841153541,-0.3882934613259825,2.109034538269043,5.012600898742676,8.285198211669922,-0.47194671630859375,8.092503885428112,-0.5707889133029518,477.2,60.69999999999999,-0.3572327044025157,0.20000000000000284,0.0,2240.7191251696495,7,1,0,600,,7.0,0.8417266418319742,0.12270308290273192,0.15943929150761382
2021-01-16 17:10:00,2021-01-16 18:10:00,178.2288637547524,-427.2221542259151,0.5339228262503348,-0.9659258262890683,-0.25881904510252063,0.49999999999999994,0.8660254037844387,1,1,605.4510179806675,152.3,801.7,193.8,,17.665765161282305,1,1.0,29.45,29.4,29.5,72.29,1004.731,0.772,1.507364,237.4,0.0,106.2,20.74149703979492,9.183667182922363,245.7786407470703,28.838417053222656,0,0,0,0,1,30.0,24.3,72.0,2.0,250.0,7.0,,,153.3,174.8,214.0,343.2,85.7,115.758,42.399,29.67,70.54,1004.551,6.011499881744385,9.541038513183594,306.7836726602225,153.3,605.4510179806675,258.686798794549,246.99183633011125,153.3,605.4510179806675,176.402019201314,255.06950099892603,113.8,605.4510179806675,144.83103523775694,137.24666666666667,134.62233333333336,29.92333333333334,68.49444444444444,1.794888888888889,0.0,6.027155088053809,9.536693467034233,452.1510179806675,391.45101798066753,-0.22000000000000242,1.75,13.041095733642578,10.932061195373535,8.856144905090332,9.444250106811523,161.6,199.3,0.40757533219290254,0.3868085599084258,0.38109046392874696,0.3714232362882219,0.8693808012868939,0.6226065826258363,0.8179209984684842,7,2,5,600,750,,3000,,9000,,,,,,,,,,3,2.0,2.0,0.30346378130138246,0.30346378130138246,333.81015943152073,1.8137585117593533,5.7010453670496,0.2515480121050239,1.3241368437596697,2128.9405,8.160594999999999,-0.6503732504895178,-0.41593104602529846,7.70040130615234,11.885352134704586,14.729997158050534,-0.35737133026123047,14.714341951741108,-0.35302628411186987,491.6510179806675,452.1510179806675,1.8292103643956426,0.10000000000000142,0.0,2257.149237292135,7,1,0,600,,7.0,1.1036608368050793,0.42853169150984294,0.16678386303564366
2021-01-16 17:20:00,2021-01-16 18:20:00,123.45166638817786,-124.74833361182213,0.4243661951527556,-0.9659258262890683,-0.25881904510252063,0.49999999999999994,0.8660254037844387,1,1,248.2,123.921,57.834,248.2,,15.334994898429228,1,1.0,29.27,29.2,29.4,73.8,1004.89,1.004,1.526932,223.3,0.0,87.9,22.15355682373047,9.379755973815918,244.475341796875,26.264936447143555,0,0,0,0,1,30.0,24.3,72.0,2.0,250.0,7.0,,,605.4510179806675,161.6,199.3,229.7,113.8,116.55,44.667,29.67,70.74,1004.668,6.662023544311523,9.360501289367676,335.6503393268892,153.3,605.4510179806675,238.4235876576173,255.14183633011126,153.3,605.4510179806675,174.88097397854284,262.53616766559264,140.5,605.4510179806675,140.51985147347676,137.82005555555554,137.81311111111108,29.886111111111113,68.81333333333333,1.6828333333333336,0.0,7.159603397051494,9.433987617492676,-357.25101798066754,48.89999999999998,-0.40000000000000213,3.0600000000000023,20.74149703979492,13.041095733642578,10.932061195373535,9.25943374633789,153.3,187.5,1.8137585117593533,0.40757533219290254,0.3868085599084258,0.37047961146045855,1.0248411797694024,0.7030582632750851,0.7186347874267632,7,2,5,600,750,,3000,,9000,,,,,,,,,,3,2.0,2.0,0.2644621294239004,0.2644621294239004,290.90834236629047,0.8531896953559508,2.823663253697383,0.4992788074133764,0.23301369863013702,2160.1259999999997,7.668740000000001,-0.6885616263390857,-0.7306838486878393,1.4120597839355504,11.221495628356934,15.491533279418945,0.019254684448242188,14.993953426678974,-0.05423164367675781,464.95101798066753,452.1510179806675,0.2453587556447565,0.1999999999999993,0.0,2293.1190476699267,7,1,0,600,,7.0,2.102895633691832,0.22534867443101558,0.5356354042376775
2021-01-16 17:30:00,2021-01-16 18:30:00,0.0,-267.8,0.0,-0.9659258262890683,-0.25881904510252063,0.49999999999999994,0.8660254037844387,1,1,267.8,125.892,59.895,267.8,,13.003035841462925,1,1.0,29.24,29.2,29.3,75.21,1005.014,1.018,1.808367,230.2,0.0,80.0,33.16082000732422,9.476537704467772,243.9658966064453,21.181507110595703,0,0,0,0,1,30.0,24.3,72.0,2.0,250.0,7.0,,,248.2,153.3,187.5,469.5,140.5,117.414,46.926,29.39,70.73,1004.675,8.028494834899902,9.477721214294434,373.8170059935558,248.2,605.4510179806675,200.84017683704138,268.5251696634446,153.3,605.4510179806675,171.7130773803419,269.60838988781484,153.3,605.4510179806675,137.18036109907337,138.57105555555555,140.06761111111112,29.83611111111111,69.24055555555555,1.593666666666667,0.0,8.869252138667637,9.357898394266764,19.600000000000023,80.30000000000001,-0.15000000000000213,4.47999999999999,22.15355682373047,20.74149703979492,13.041095733642578,9.092500686645508,605.4510179806675,174.8,0.8531896953559508,1.8137585117593533,0.40757533219290254,0.3759270165051309,1.2496518380939712,0.8207383117186647,0.5017485718206378,7,2,5,600,750,,3000,,9000,,,,,,,,,,3,2.0,2.0,0.2250026814440523,0.2250026814440523,247.50294958845754,1.0820073071666094,3.3475,0.47009708737864075,0.22365571321882002,2199.1403999999998,7.248596000000001,-0.7821126270182065,-0.6516316740756851,11.00726318359375,20.11972427368164,25.132325172424316,-0.0011835098266619326,24.291567868656582,0.11863931020100793,452.1510179806675,452.1510179806675,0.42826666666666674,0.10000000000000142,0.0,2311.952017795265,7,1,0,600,,7.0,2.2248450025962003,0.31781729545519316,0.37906547210799
2021-01-16 17:40:00,2021-01-16 18:40:00,0.0,-379.38871725266165,0.0,-0.9659258262890683,-0.25881904510252063,0.49999999999999994,0.8660254037844387,1,1,379.38871725266165,226.94618759335236,140.3,136.3,,10.670490294690673,1,1.0,29.16,29.1,29.2,75.71,1005.137,0.83,1.387649,244.9,0.0,61.2,,,,,1,1,0,0,0,30.0,24.3,72.0,2.0,250.0,7.0,,,267.8,605.4510179806675,174.8,249.2,164.1,118.386,49.167,29.35,68.89,1004.681,8.856144905090332,9.444250106811523,298.4629057508872,248.2,379.38871725266165,70.76567123553302,302.62328920555484,153.3,605.4510179806675,169.68036594427377,281.56887417962946,153.3,605.4510179806675,136.8250101042193,144.9291770885196,146.66005555555554,29.78777777777778,69.73944444444444,1.4961666666666669,0.0,9.220203638076782,9.316553003647748,111.58871725266164,204.58871725266164,-0.19000000000000128,6.819999999999993,33.16082000732422,22.15355682373047,20.74149703979492,9.183667182922363,248.2,161.6,1.0820073071666094,0.8531896953559508,1.8137585117593533,0.38109046392874696,1.265966319787516,1.067673560537205,0.5293008976612429,7,2,5,600,750,,3000,,9000,,,,,,,,,,3,2.0,2.0,0.18516050439500562,0.18516050439500562,203.67655483450616,1.8627019568399874,6.199162046612118,0.5981890796246662,0.3698054096494503,2207.7036,7.082964000000001,-0.7516221031792459,-0.3520855208786735,,,,,,,452.1510179806675,452.1510179806675,1.1704160025895973,0.09999999999999787,,,7,1,0,600,,7.0,2.522504406512132,0.45889720770460996,0.31017210830360153
2021-01-16 17:50:00,2021-01-16 18:50:00,0.0,-308.36913720280484,0.0,-0.9659258262890683,-0.25881904510252063,0.49999999999999994,0.8660254037844387,1,1,308.36913720280484,130.833,63.909,40.1,,8.337939038657657,1,1.0,29.15,29.1,29.2,74.85,1005.28,0.989,1.606688,206.2,0.0,51.61,,,,,1,1,0,0,0,30.0,24.3,72.0,2.0,250.0,7.0,,,379.38871725266165,248.2,161.6,562.9,183.6,119.547,51.363,29.55,69.41,1004.684,10.932061195373535,9.25943374633789,318.51928481848887,267.8,379.38871725266165,56.48255993657464,327.084812072689,153.3,605.4510179806675,155.24972334911982,288.50049291311865,153.3,605.4510179806675,134.7140586863254,145.9536770885196,148.88205555555558,29.71277777777778,70.22999999999999,1.4401111111111111,0.0,9.6044502556324,9.311910092830658,-71.01958004985681,146.76913720280484,-0.40000000000000213,5.439999999999998,,33.16082000732422,22.15355682373047,9.379755973815918,267.8,153.3,1.8627019568399874,1.0820073071666094,0.8531896953559508,0.3868085599084258,1.6259687220820822,1.3254049509257422,0.47240120662352003,7,2,5,600,750,,3000,,9000,,,,,,,,,,3,2.0,2.0,0.14501139483024333,0.14501139483024333,159.51253431326768,1.9331969022396494,5.974988126386453,0.4242739762700545,0.20724836661578433,2181.8774999999996,7.331225000000002,-0.43664928841103584,-0.8873885276079109,,,,,,,452.1510179806675,452.1510179806675,0.9082248589282478,0.09999999999999787,,,7,1,0,600,,7.0,3.2459255569707812,0.4449828514946983,0.409638450190198
2021-01-16 18:00:00,2021-01-16 19:00:00,0.0,-240.84678814598294,0.0,-1.0,-1.8369701987210297e-16,0.49999999999999994,0.8660254037844387,1,1,240.84678814598294,133.875,65.79,54.2,,6.005949637797991,1,1.0,29.08,29.0,29.1,75.3,1005.42,1.12,1.753672,208.9,0.0,43.52,,,,,1,1,0,0,0,29.4,24.5,75.0,2.0,210.0,6.0,,,308.36913720280484,267.8,153.3,238.5,200.3,120.852,53.559,29.49,70.79,1004.72,13.041095733642578,9.092500686645508,309.5348808671498,240.84678814598294,379.38871725266165,69.27832091547988,341.6759434303528,240.84678814598294,605.4510179806675,138.90342845139205,290.7530922545621,153.3,605.4510179806675,133.48587329779335,147.1246770885196,151.07655555555553,29.64055555555556,70.81333333333332,1.3520555555555558,0.0,10.036383310953775,9.339421272277832,-67.5223490568219,87.54678814598293,-0.41000000000000014,4.509999999999991,,,33.16082000732422,9.476537704467772,379.38871725266165,605.4510179806675,1.9331969022396494,1.8627019568399874,1.0820073071666094,0.40757533219290254,1.9628305882783064,1.6062412131861388,0.11777554334186643,7,3,5,600,750,,3000,,9000,,,,,,,,,,2,2.0,2.0,0.10463173462218672,0.10463173462218672,115.09490808440539,2.0925929057552817,5.534163330560269,0.5558512987885692,0.2731612096903826,2189.7239999999997,7.182760000000001,-0.5412762692456027,-0.9805202702400201,,,,,,,452.1510179806675,364.6042298346846,0.5710814621394842,0.10000000000000142,,,7,1,0,600,,6.0,3.6472988549235996,0.4191252836975984,0.6197420753168594
2021-01-16 18:10:00,2021-01-16 19:10:00,0.0,-178.2288637547524,0.0,-1.0,-1.8369701987210297e-16,0.49999999999999994,0.8660254037844387,1,0,178.2288637547524,99.54494704467652,67.662,178.2288637547524,,3.6750841888318297,1,1.0,28.94,28.9,29.0,75.99,1005.563,1.025,1.642059,199.6,0.0,29.81,,,,,1,1,0,0,0,29.4,24.5,75.0,2.0,210.0,6.0,,,240.84678814598294,379.38871725266165,605.4510179806675,214.0,343.2,152.3,801.7,29.45,72.29,1004.731,20.74149703979492,9.183667182922363,242.48159636784672,178.2288637547524,308.36913720280484,65.08553711636073,270.472251059367,178.2288637547524,379.38871725266165,68.10091810635296,281.5880291298261,153.3,605.4510179806675,135.32383496879297,140.4382852576683,140.90777777777777,29.561111111111114,71.40166666666666,1.2711666666666668,0.0,10.538267816816058,9.365087577274867,-62.61792439123053,-427.2221542259151,-0.509999999999998,3.6999999999999886,,,,,308.36913720280484,248.2,2.0925929057552817,1.9331969022396494,1.8627019568399874,1.8137585117593533,2.18452183207951,1.725244075933513,0.3077648108748413,7,3,5,600,750,,3000,,9000,,,,,,,,,,2,2.0,2.0,0.06409834564459713,0.06409834564459713,70.50818020905685,2.5277756882435996,5.978828036053419,0.5585231535878105,0.37963547864561764,2199.1506,6.948494000000002,-0.34383785899401126,-0.9656088891069792,,,,,,,452.1510179806675,201.15985349790924,-0.7056262877396906,0.10000000000000142,,,7,1,0,600,,6.0,4.285302655543395,0.5068436581123017,0.48780037458003167
2021-01-16 18:20:00,2021-01-16 19:20:00,0.0,-123.45166638817786,0.0,-1.0,-1.8369701987210297e-16,0.49999999999999994,0.8660254037844387,1,0,123.45166638817786,64.85272204584598,69.318,123.45166638817786,,1.3459067328932857,1,1.0,28.76,28.7,28.9,77.11,1005.74,0.879,1.58699,217.2,0.0,14.73,,,,,1,1,0,0,0,29.4,24.5,75.0,2.0,210.0,6.0,,,178.2288637547524,308.36913720280484,248.2,199.3,229.7,123.921,57.834,29.27,73.8,1004.89,22.15355682373047,9.379755973815918,180.84243942963772,123.45166638817786,240.84678814598294,58.741184329980406,249.6808621240633,123.45166638817786,379.38871725266165,91.33891094302953,275.6853439291693,123.45166638817786,605.4510179806675,139.9581400589675,137.75371426021528,143.04127777777776,29.477777777777778,72.07166666666666,1.1763333333333332,0.0,11.122809116656963,9.407990749065693,-54.777197366574555,-124.74833361182213,-0.509999999999998,3.3100000000000023,,,,,240.84678814598294,267.8,2.5277756882435996,2.0925929057552817,1.9331969022396494,0.8531896953559508,3.1328105606579797,2.3793896413700306,1.441349340904554,7,3,5,600,750,,3000,,9000,,,,,,,,,,2,2.0,2.0,0.023488343615232336,0.023488343615232336,25.83717797675557,4.778063087975057,6.172583319408893,0.5253288509036804,0.5614991034794012,2217.6836000000003,6.583164,-0.5314426219640274,-0.7001497979432686,,,,,,,481.9993515924897,255.9370508644838,-0.5026121418687435,0.1999999999999993,,,7,1,0,600,,6.0,5.279480278481904,1.0199203112568416,0.5458177364511755
2021-01-17 06:20:00,2021-01-17 07:20:00,0.0,0.0,0.0,1.0,6.123233995736766e-17,0.49999999999999994,0.8660254037844387,1,0,0.0,0.0,0.0,0.0,,1.3818817551801292,1,1.0,24.2,24.2,24.2,85.9,1007.094,1.571,2.324602,33.9,0.0,1.589,,,,,1,1,0,0,0,,,,,,,,,0.0,0.0,0.0,0.0,0.0,0.0,0.0,24.4,88.8,1006.675,,,0.0,0.0,0.0,0.0,0.0,0.0,0.0,0.0,0.0,0.0,0.0,0.0,0.0,0.0,24.53111111111111,88.22222222222223,1.1588333333333336,0.0,,,0.0,0.0,-0.1999999999999993,-2.8999999999999915,,,,,0.0,0.0,0.0,0.0,0.0,0.0,0.0,0.0,0.0,,,,,,,,,,,,,,,,,,,,,,0.024116048305365293,0.024116048305365293,26.527653135901822,0.0,0.0,0.0,0.0,2078.78,3.4121999999999986,0.8762175662070931,1.3039492998848223,,,,,,,0.0,0.0,0.0,0.0,,,,0,0,,,0.0,0.0,0.0,0.0
2021-01-17 07:30:00,2021-01-17 08:30:00,0.0,0.0,0.0,0.9659258262890683,-0.25881904510252063,0.49999999999999994,0.8660254037844387,1,1,0.0,0.0,0.0,0.0,,17.71300311634308,1,1.0,25.56,25.4,25.7,76.26,1008.102,1.067,1.927497,36.33,0.0,108.0,9.598030090332031,14.334818840026855,209.4072723388672,12.32727336883545,0,0,0,1,0,24.4,21.3,83.0,2.0,40.0,6.0,0.0,1717.0,0.0,0.0,0.0,0.0,0.0,0.0,0.0,24.23,84.5,1007.198,,,0.0,0.0,0.0,0.0,0.0,0.0,0.0,0.0,0.0,0.0,0.0,0.0,0.0,0.0,24.54277777777778,84.8611111111111,1.2683888888888886,0.0,9.12172281742096,14.336434364318848,0.0,0.0,1.3299999999999983,-8.239999999999995,11.68678092956543,6.891636371612549,8.310443878173828,14.231913566589355,0.0,0.0,0.0,0.0,0.0,0.0,0.0,0.0,0.0,8,0,3,9999,,,3000,,9000,,,,,,,,,,2,2.0,2.0,0.3042492569432652,0.3042492569432652,334.67418263759174,0.0,0.0,0.0,0.0,1949.2056,6.067943999999999,0.6321282310960785,0.859594613437836,-2.0887508392333984,1.2875862121582031,,,0.4763072729110718,-0.0016155242919921875,0.0,0.0,0.0,0.3000000000000007,0.0,3001.815312761828,8,0,0,3000,,6.0,0.0,0.0,0.0
2021-01-17 08:20:00,2021-01-17 09:20:00,0.0,0.0,0.0,0.8660254037844387,-0.4999999999999998,0.49999999999999994,0.8660254037844387,1,1,0.0,0.0,0.0,0.0,,29.336292099819943,1,1.0,26.86,26.7,26.9,72.67,1008.623,0.874,1.726851,40.51,0.0,181.2,6.707912921905518,13.595349311828612,213.12745666503903,21.00639533996582,0,0,0,1,0,25.7,21.3,77.0,2.0,40.0,6.0,,,0.0,0.0,0.0,0.0,0.0,0.0,0.0,25.29,77.59,1007.93,11.68678092956543,14.265966415405272,0.0,0.0,0.0,0.0,0.0,0.0,0.0,0.0,0.0,0.0,0.0,0.0,0.0,0.0,25.051111111111116,80.70333333333335,1.2941111111111112,0.0,8.045724444919163,14.059293852912056,0.0,0.0,1.5700000000000003,-4.920000000000002,6.527090072631836,6.7331624031066895,7.616464138031006,13.967354774475098,0.0,0.0,0.0,0.0,0.0,0.0,0.0,0.0,0.0,7,2,3,600,750,,3000,,9000,,,,,,,,,,1,2.0,2.0,0.4899347367211605,0.4899347367211605,538.9282103932766,0.0,0.0,0.0,0.0,1951.9162000000001,7.340837999999999,0.5677335792716296,0.6644957358534547,0.18082284927368164,-0.9085512161254883,-4.978868007659912,-0.6706171035766602,-1.3378115230136451,-0.4639445410834444,0.0,0.0,0.0,0.1999999999999993,0.0,2897.5422213028205,7,1,0,600,,5.0,0.0,0.0,0.0
2021-01-17 09:10:00,2021-01-17 10:10:00,0.0,0.0,0.0,0.7071067811865476,-0.7071067811865475,0.49999999999999994,0.8660254037844387,1,1,0.0,0.0,0.0,0.0,,40.81061736751543,1,1.0,28.18,28.0,28.4,68.62,1008.597,0.686,1.716067,89.8,0.0,259.7,9.686446189880373,14.135281562805176,210.2967834472656,20.466197967529297,0,0,0,1,0,27.0,22.0,74.0,2.0,40.0,7.0,,,0.0,0.0,0.0,0.0,0.0,0.0,0.0,26.55,73.43,1008.529,6.527090072631836,13.750863075256348,0.0,0.0,0.0,0.0,0.0,0.0,0.0,0.0,0.0,0.0,0.0,0.0,0.0,0.0,25.99277777777778,75.76444444444444,1.1714444444444443,0.0,8.231176853179932,14.021408353533063,0.0,0.0,1.629999999999999,-4.810000000000002,9.367189407348633,8.697272300720215,7.779090404510498,13.81102466583252,0.0,0.0,0.0,0.0,0.0,0.0,0.0,0.0,0.0,8,0,4,9999,,,3000,,9000,,,,,,,,,,3,2.0,2.0,0.6535608700260758,0.6535608700260758,718.9169570286833,0.0,0.0,0.0,0.0,1933.7116,8.842884,0.6859958206532443,0.002394586870843526,0.31925678253174006,1.9073557853698748,3.159356117248537,0.3844184875488281,1.4552693367004412,0.11387320927211242,0.0,0.0,0.0,0.3999999999999986,0.0,2972.604245779366,8,0,0,3000,,7.0,0.0,0.0,0.0
2021-01-17 10:10:00,2021-01-17 11:10:00,0.0,0.0,0.0,0.49999999999999994,-0.8660254037844387,0.49999999999999994,0.8660254037844387,1,1,0.0,0.0,0.0,0.0,,54.09289970493528,1,1.0,28.86,28.8,29.0,70.45,1008.855,1.209,1.617522,255.0,0.0,365.8,10.069173812866213,14.203117370605469,209.9493408203125,24.310333251953125,0,0,0,0,1,28.5,23.3,73.0,2.0,80.0,6.0,,,0.0,0.0,0.0,0.0,0.0,0.0,0.0,28.18,68.62,1008.597,9.686446189880373,14.135281562805176,0.0,0.0,0.0,0.0,0.0,0.0,0.0,0.0,0.0,0.0,0.0,0.0,0.0,0.0,27.503333333333337,70.56388888888888,0.9077222222222223,0.0,8.748916654025807,14.010532827938304,0.0,0.0,0.6799999999999997,1.8299999999999983,9.746942520141602,9.526527404785156,,,0.0,0.0,0.0,0.0,0.0,0.0,0.0,0.0,0.0,8,0,4,9999,,,3000,,9000,,,,,,,,,,2,2.0,2.0,0.8099689688956299,0.8099689688956299,890.9658657851928,0.0,0.0,0.0,0.0,2033.1870000000001,8.528129999999999,-1.1678043239834837,-0.3129122255289475,0.32223129272461115,,0.38272762298583984,0.06783580780029297,1.3202571588404055,0.19258454266716463,0.0,0.0,0.0,0.1999999999999993,0.0,2981.9351295521483,8,0,0,3000,,6.0,0.0,0.0,0.0
2021-01-17 13:10:00,2021-01-17 14:10:00,82.8,82.8,0.08057965084072873,-0.2588190451025208,-0.9659258262890683,0.49999999999999994,0.8660254037844387,1,1,0.0,0.0,1.071,0.0,,69.08975128026651,1,1.0,29.73,29.6,29.9,67.29,1007.166,1.486,2.292988,248.9,0.0,372.9,11.507271766662598,14.299199104309082,209.89389038085932,28.394794464111328,0,0,0,0,1,29.9,23.5,68.0,4.0,290.0,5.0,,,0.0,0.0,0.0,0.0,0.0,0.0,0.0,29.92,63.44,1008.002,10.444131851196287,14.428167343139648,0.0,0.0,0.0,0.0,0.0,0.0,0.0,0.0,0.0,0.0,0.0,0.0,0.0,0.0595,29.751666666666672,65.76777777777777,1.4340555555555554,0.0,10.882070488399929,14.284955766465929,0.0,0.0,-0.19000000000000128,3.8500000000000085,11.32925510406494,11.13231372833252,10.998099327087402,14.381918907165527,0.0,0.0,0.0,0.0,0.0,0.0,0.0,0.0,0.0,8,1,4,600,,,3000,,9000,,,,,,,,,,5,2.0,2.0,0.9341406482575737,0.9341406482575737,1027.554713083331,0.0,0.0,0.0,0.05355,2000.5317000000002,9.724682999999997,-1.3863689527506766,-0.5349552568663966,0.17801666259765803,0.5091724395751953,1.0631399154663104,-0.1289682388305664,0.6252012782626686,0.014243337843153014,0.0,0.0,0.0,0.29999999999999716,0.0,3001.314529333932,8,1,0,600,,9.0,0.0,0.0,0.0
2021-01-17 13:20:00,2021-01-17 14:20:00,99.9,95.0,0.09823498953771226,-0.2588190451025208,-0.9659258262890683,0.49999999999999994,0.8660254037844387,1,1,4.9,4.9,3.186,0.0,,67.59297863526805,1,1.0,29.72,29.7,29.8,67.59,1007.121,1.549,2.109436,253.4,0.0,354.2,11.335124015808104,14.275471687316896,210.0175170898437,28.180578231811523,0,0,0,0,1,29.9,23.5,68.0,4.0,290.0,5.0,,,0.0,0.0,0.0,0.0,0.0,0.0,0.0,29.98,64.62,1007.855,10.522149085998535,14.429710388183594,1.6333333333333335,0.0,4.9,2.8290163190291664,0.8166666666666668,0.0,4.9,2.000416623272929,0.27222222222222225,0.0,4.9,1.1549410759380276,0.27222222222222225,0.2365,29.790555555555557,65.62611111111109,1.4454444444444443,0.0,10.935077879163954,14.285816139645046,4.9,4.9,-0.26000000000000156,2.969999999999999,11.507271766662598,11.32925510406494,11.13231372833252,14.341273307800291,0.0,0.0,0.0,0.0,0.0,0.0,0.0016061109400560228,0.0008030554700280114,0.0027818657507692433,8,1,4,600,,,3000,,9000,,,,,,,,,,5,2.0,2.0,0.9244993280456031,0.9244993280456031,1016.9492608501633,0.004818332820168069,0.013833992094861662,0.24500000000000002,0.1593,2008.7748,9.632252,-1.4844416678464913,-0.44253128111030393,-0.17214775085449396,0.20281028747558416,0.8129749298095685,-0.15423870086669744,0.4000461366441499,-0.010344452328149956,4.9,4.9,0.24500000000000002,0.10000000000000142,0.0,2998.099119056656,8,1,0,600,,9.0,0.0008443669252763352,0.0013057502122091394,0.0002763589281115101
2021-01-17 13:30:00,2021-01-17 14:30:00,115.1,99.89999999999999,0.11458904745792357,-0.2588190451025208,-0.9659258262890683,0.49999999999999994,0.8660254037844387,1,1,15.2,15.2,5.364,0.0,,65.94358703869331,1,1.0,29.61,29.4,29.7,68.45,1007.042,1.814,2.676174,256.7,0.0,348.9,10.956859588623049,14.281472206115724,209.99050903320312,27.746694564819336,0,0,0,0,1,29.9,23.5,68.0,4.0,290.0,5.0,,,4.9,0.0,0.0,0.0,0.0,0.0,0.0,29.8,65.27000000000001,1007.709,10.801321983337402,14.41899299621582,6.7,0.0,15.2,7.758221445666526,3.35,0.0,15.2,6.127234286364444,1.1166666666666667,0.0,15.2,3.699006225842764,1.1166666666666667,0.5345,29.810000000000002,65.68777777777775,1.4821666666666666,0.0,10.958080662621391,14.288949330647787,10.299999999999999,15.2,-0.19000000000000128,3.1799999999999926,11.335124015808104,11.507271766662598,11.32925510406494,14.32435703277588,0.0,0.0,0.004818332820168069,0.0,0.0,0.0,0.006650285632672409,0.0033251428163362045,0.00773080588115515,8,1,4,600,,,3000,,9000,,,,,,,,,,5,2.0,2.0,0.9131445452916038,0.9131445452916038,1004.4589998207642,0.015132524077849159,0.04356549154485526,0.76,0.2682,2026.8045,9.341954999999999,-1.7653464752176382,-0.41731022325922135,-0.37826442718505504,-0.372395515441891,0.1555376052856463,-0.13752079010009588,-0.0012210739983427032,-0.007477124532062618,15.2,15.2,0.76,0.3000000000000007,0.0,2998.9736183057835,8,1,0,600,,9.0,0.0066257965807674166,0.003907316608735001,0.0019248768231896678
2021-01-17 13:40:00,2021-01-17 14:40:00,136.6,106.69999999999999,0.13796479491106453,-0.2588190451025208,-0.9659258262890683,0.49999999999999994,0.8660254037844387,1,1,29.9,29.9,7.632,0.0,,64.1709349351011,1,1.0,29.37,29.3,29.5,69.29,1006.913,2.107,2.936352,260.1,0.0,359.1,10.4456205368042,14.30992603302002,209.8473663330078,27.056114196777344,0,0,0,0,1,29.9,23.5,68.0,4.0,290.0,5.0,,,15.2,0.0,0.0,0.0,0.0,0.0,0.0,29.83,65.78999999999999,1007.556,10.998099327087402,14.381918907165527,16.666666666666668,4.9,29.9,12.564367605786344,8.333333333333334,0.0,29.9,12.10283713294807,2.7777777777777777,0.0,29.9,7.708555640673515,2.7777777777777777,0.9585,29.813888888888894,65.76333333333332,1.5388333333333333,0.0,10.95372814602322,14.29936573240492,14.7,29.9,-0.4599999999999973,3.500000000000014,10.956859588623049,11.335124015808104,11.507271766662598,14.299199104309082,4.9,0.0,0.015132524077849159,0.004818332820168069,0.0,0.0,0.01671653103979986,0.00835826551989993,0.012764130512640633,8,1,4,600,,,3000,,9000,,,,,,,,,,5,2.0,2.0,0.9000978710682591,0.9000978710682591,990.107658175085,0.030198736221382354,0.0832637148426622,1.0,0.25525083612040134,2035.0473000000002,9.019526999999998,-2.075625350208109,-0.36225461428871614,-0.5112390518188494,-1.0616512298583984,-0.5524787902832031,-0.07199287414550781,-0.5081076092190209,0.010560300615098939,29.9,29.9,1.4949999999999999,0.1999999999999993,0.0,3002.9002904493973,8,1,0,600,,9.0,0.020762570945809692,0.0071138130708588146,0.00600547456418932
2021-01-17 13:50:00,2021-01-17 14:50:00,151.3,104.30000000000001,0.1553511692541399,-0.2588190451025208,-0.9659258262890683,0.49999999999999994,0.8660254037844387,1,1,47.0,47.0,9.936,0.4,,62.298825393065925,1,1.0,29.61,29.4,29.7,69.05,1006.873,1.625,3.150566,248.8,0.0,390.8,9.713140487670898,14.267967224121094,210.0529022216797,26.52124214172364,0,0,0,1,0,29.9,23.5,68.0,4.0,290.0,5.0,,,29.9,4.9,0.0,0.0,0.0,0.0,0.0,29.88,66.67,1007.387,11.13231372833252,14.341273307800291,30.7,15.2,47.0,15.915087181665077,16.166666666666668,0.0,47.0,18.92032416917497,5.388888888888889,0.0,47.0,12.914510256428569,5.388888888888889,1.5105,29.82277777777778,65.83777777777776,1.5775555555555556,0.0,10.91272258758545,14.313704119788277,17.1,47.0,-0.2699999999999996,2.3799999999999955,10.4456205368042,10.956859588623049,11.335124015808104,14.275471687316896,15.2,0.0,0.030198736221382354,0.015132524077849159,0.004818332820168069,0.0,0.03119657333822054,0.01640134213913828,0.016585495535258923,8,1,4,600,,,3000,,9000,,,,,,,,,,5,2.0,2.0,0.8853840959538782,0.8853840959538782,973.922505549266,0.0482584597154301,0.1202661207778915,1.0,0.21140425531914894,2044.5704999999998,9.164295000000001,-1.5150261769752071,-0.5876399263834003,-0.7324800491333008,-1.6219835281372053,-1.419173240661621,-0.07330608367919744,-1.1995820999145508,-0.045736895667182864,47.0,47.0,2.35,0.3000000000000007,0.0,2997.0279242304387,8,1,0,600,,9.0,0.04470009118153345,0.010593149240915544,0.011145240709118194
2021-01-17 14:00:00,2021-01-17 15:00:00,164.6,102.39999999999999,0.17218756539114025,-0.4999999999999997,-0.8660254037844388,0.49999999999999994,0.8660254037844387,1,1,62.2,62.2,12.249,0.4,,60.34625115414208,1,1.0,29.6,29.4,29.7,67.65,1006.742,1.9,3.125094,259.4,0.0,425.3,8.961915969848633,14.160650253295898,210.5874938964844,26.04158401489257,0,0,0,1,0,29.8,23.2,68.0,5.0,270.0,5.0,,,47.0,15.2,0.0,0.0,0.0,0.0,0.0,29.68,67.05,1007.22,11.32925510406494,14.32435703277588,46.366666666666674,29.9,62.2,16.159311041419226,26.53333333333333,0.0,62.2,24.506298510110962,8.844444444444443,0.0,62.2,18.500976833422868,8.844444444444443,2.1910000000000003,29.80277777777778,65.93833333333333,1.6491666666666667,0.0,10.826323085361057,14.319848537445068,15.200000000000003,62.2,-0.0799999999999983,0.6000000000000085,9.713140487670898,10.4456205368042,10.956859588623049,14.281472206115724,29.9,0.0,0.0482584597154301,0.030198736221382354,0.015132524077849159,0.0,0.047841476343718624,0.02724588098819551,0.017437987982968,8,2,4,600,,,3000,,9000,,,,,,,,,,5,2.0,2.0,0.8690311829222428,0.8690311829222428,955.934301214467,0.0650672330943434,0.14624970608981896,1.0,0.19692926045016076,2002.4400000000003,9.575599999999998,-1.867577163384153,-0.34950756616416867,-0.7512245178222656,-1.9949436187744158,-2.367339134216307,-0.16370677947998225,-1.8644071155124244,-0.15919828414916992,62.2,62.2,3.1100000000000003,0.3000000000000007,0.0,2982.0558487862004,8,1,0,600,,9.0,0.07718026379321044,0.013281467192892511,0.016104450930729586
2021-01-17 14:10:00,2021-01-17 15:10:00,173.3,90.50000000000001,0.1851145204210492,-0.4999999999999997,-0.8660254037844388,0.49999999999999994,0.8660254037844387,1,1,82.8,82.8,14.571,2.4,,58.32826325909751,1,1.0,29.61,29.5,29.7,67.07,1006.623,1.938,3.355346,253.3,0.0,453.8,8.398000717163086,13.998050689697266,211.3996734619141,25.589580535888672,0,0,0,1,0,29.8,23.2,68.0,5.0,270.0,5.0,,,62.2,29.9,0.0,0.0,0.0,0.0,1.071,29.73,67.29,1007.166,11.507271766662598,14.299199104309082,64.0,47.0,82.8,17.96774888515531,40.333333333333336,4.9,82.8,29.400929690516026,13.444444444444445,0.0,82.8,25.23907386718464,13.444444444444445,3.0005,29.769444444444453,66.06833333333333,1.6953333333333331,0.0,10.691730817159018,14.314667224884033,20.599999999999994,82.8,-0.120000000000001,-0.22000000000001307,8.961915969848633,9.713140487670898,10.4456205368042,14.30992603302002,47.0,4.9,0.0650672330943434,0.0482584597154301,0.030198736221382354,0.0,0.0672568279569083,0.04198667949835407,0.020182444128490334,8,2,4,600,,,3000,,9000,,,,,,,,,,5,2.0,2.0,0.8510702141955808,0.8510702141955808,936.1772356151389,0.08844479106095136,0.18245923314235346,1.0,0.17597826086956522,1985.9426999999998,9.750573000000001,-1.8562599950102203,-0.5569046874687416,-0.5639152526855469,-2.0476198196411133,-3.1092710494995117,-0.3011484146118164,-2.2937300999959316,-0.3166165351867676,82.8,77.89999999999999,4.14,0.1999999999999993,0.0,2959.1833449053233,8,1,0,600,,9.0,0.11483910516881914,0.017708348823796575,0.020124841961654323
2021-01-17 14:20:00,2021-01-17 15:20:00,188.5,88.6,0.2060810043009898,-0.4999999999999997,-0.8660254037844388,0.49999999999999994,0.8660254037844387,1,1,99.9,112.446,16.893,3.9,,56.25677826801592,1,1.0,29.63,29.5,29.8,65.86,1006.589,2.29,3.107488,265.9,0.0,482.9,8.024083137512207,13.928824424743652,211.74758911132807,24.963916778564453,0,0,0,1,0,29.8,23.2,68.0,5.0,270.0,5.0,,,82.8,47.0,4.9,0.0,0.0,4.9,3.186,29.72,67.59,1007.121,11.335124015808104,14.275471687316896,81.63333333333334,62.2,99.9,18.877058386659012,56.166666666666664,15.2,99.9,31.97052809489807,18.994444444444444,0.0,99.9,32.14722515190573,19.691444444444446,3.939,29.753333333333337,66.07666666666665,1.7563888888888888,0.0,10.51515785853068,14.298559188842773,17.10000000000001,95.0,-0.08999999999999986,-1.730000000000004,8.398000717163086,8.961915969848633,9.713140487670898,14.267967224121094,62.2,15.2,0.08844479106095136,0.0650672330943434,0.0482584597154301,0.004818332820168069,0.08757649669839424,0.059386535018307395,0.0220879201466319,8,2,4,600,,,3000,,9000,,,,,,,,,,5,2.0,2.0,0.831535332161681,0.831535332161681,914.6888653778491,0.10921746593988797,0.20687512942638228,1.1255855855855854,0.1690990990990991,1951.4317999999998,10.115682,-2.284139392911862,-0.16372914752185116,-0.3739175796508789,-1.6890573501586914,-3.3110408782958967,-0.34664726257324396,-2.4910747210184727,-0.3697347640991211,99.9,84.7,4.75,0.3000000000000007,0.0,2949.3949910944493,8,1,0,600,,9.0,0.15900072438712012,0.021145462706524783,0.0258777076840899
2021-01-17 14:30:00,2021-01-17 15:30:00,199.3,84.20000000000002,0.22355328670451777,-0.4999999999999997,-0.8660254037844388,0.49999999999999994,0.8660254037844387,1,1,115.1,112.536,19.224,6.3,,54.14125843115943,1,1.0,29.84,29.6,30.0,65.22999999999999,1006.503,1.75,2.744667,256.8,0.0,517.9,7.712099552154541,13.96526050567627,211.56790161132807,24.113449096679688,0,0,0,1,0,29.8,23.2,68.0,5.0,270.0,5.0,,,99.9,62.2,15.2,0.0,0.0,15.2,5.364,29.61,68.45,1007.042,10.956859588623049,14.281472206115724,99.26666666666665,82.8,115.1,16.15931104141923,72.81666666666668,29.9,115.1,32.379340120926905,25.38888888888889,0.0,115.1,38.88749820109118,25.943444444444445,5.007000000000001,29.752222222222226,66.30833333333332,1.775222222222222,0.0,10.308998081419203,14.277759128146702,15.199999999999989,99.89999999999999,0.23000000000000043,-3.220000000000013,8.024083137512207,8.398000717163086,8.961915969848633,14.160650253295898,82.8,29.9,0.10921746593988797,0.08844479106095136,0.0650672330943434,0.015132524077849159,0.10892301575507153,0.07838224604939507,0.02033259871458431,8,2,4,600,,,3000,,9000,,,,,,,,,,5,2.0,2.0,0.8104636744674473,0.8104636744674473,891.510041914192,0.12910679026437527,0.2222436763854026,0.9777237185056473,0.1670199826238054,1946.4631999999997,10.375368000000003,-1.7037630800280306,-0.39961402269364765,-0.311983585357666,-1.2498164176940918,-3.2447600364685076,-0.3162117004394549,-2.596898529264662,-0.31249862247043225,115.1,85.19999999999999,4.994999999999999,0.3999999999999986,0.0,2954.6008606414825,8,1,0,600,,9.0,0.2051280112039059,0.02404469693387644,0.032185061331121576
2021-01-17 14:40:00,2021-01-17 15:40:00,208.1,71.5,0.24011035141660614,-0.4999999999999997,-0.8660254037844388,0.49999999999999994,0.8660254037844387,1,1,136.6,112.662,21.555,12.6,,51.989257058392575,1,1.0,29.88,29.7,30.0,64.37,1006.449,1.529,2.473499,272.3,0.0,530.5,7.22127103805542,14.061279296875,211.08204650878903,22.696271896362305,0,0,0,1,0,29.8,23.2,68.0,5.0,270.0,5.0,,,115.1,82.8,29.9,0.0,0.0,29.9,7.632,29.37,69.29,1006.913,10.4456205368042,14.30992603302002,117.2,99.9,136.6,18.439902385858765,90.60000000000001,47.0,136.6,33.37993409220576,32.97777777777778,0.0,136.6,46.269486267702646,32.202444444444446,6.2045,29.745000000000005,66.38444444444445,1.7808333333333328,0.0,10.07584555943807,14.25917132695516,21.5,106.69999999999999,0.509999999999998,-4.920000000000002,7.712099552154541,8.024083137512207,8.398000717163086,13.998050689697266,99.9,47.0,0.12910679026437527,0.10921746593988797,0.08844479106095136,0.030198736221382354,0.13197877898384683,0.09961780347037756,0.02432480061567771,8,2,4,600,,,3000,,9000,,,,,,,,,,5,2.0,2.0,0.7878953034122887,0.7878953034122887,866.6848337535176,0.15761208074727726,0.25749293119698397,0.8247584187408493,0.15779648609077598,1923.3756,10.646244,-1.5277682301299877,0.061361510782283794,-0.4908285140991211,-1.176729679107666,-3.2243494987487793,-0.24864673614501953,-2.8545745213826503,-0.1978920300801601,136.6,89.6,3.5685618729096986,0.3000000000000007,0.0,2968.083610516041,8,1,0,600,,9.0,0.2527822917875667,0.029647279238919858,0.03731251409768599
2021-01-17 14:50:00,2021-01-17 15:50:00,228.2,76.89999999999998,0.2715824622807374,-0.4999999999999997,-0.8660254037844388,0.49999999999999994,0.8660254037844387,1,1,151.3,112.824,23.877,11.4,,49.80684457297009,1,1.0,29.98,29.8,30.1,64.94,1006.374,1.726,2.82059,277.1,0.0,524.1,6.67734956741333,14.198504447937012,210.3966522216797,21.084875106811523,0,0,0,1,0,29.8,23.2,68.0,5.0,270.0,5.0,,,136.6,99.9,47.0,0.0,0.0,47.0,9.936,29.61,69.05,1006.873,9.713140487670898,14.267967224121094,134.33333333333334,115.1,151.3,18.206134497287817,107.98333333333335,62.2,151.3,33.291285145915694,41.38333333333334,0.0,151.3,53.156575045691525,38.47044444444444,7.5310000000000015,29.75,66.375,1.7773888888888887,0.0,9.829839732911852,14.24825350443522,14.700000000000017,104.30000000000001,0.370000000000001,-4.109999999999999,7.22127103805542,7.712099552154541,8.024083137512207,13.928824424743652,115.1,62.2,0.15761208074727726,0.12910679026437527,0.10921746593988797,0.0482584597154301,0.15559402995608337,0.1215852633272388,0.025538085293644125,8,2,4,600,,,3000,,9000,,,,,,,,,,5,2.0,2.0,0.7638731297755806,0.7638731297755806,840.2604427531387,0.1800632188565976,0.2886853653882847,0.7456972901520158,0.1578122934567085,1946.9012,10.510988,-1.7127649247903534,0.21333614885409058,-0.5439214706420898,-1.346733570098877,-3.0357909202575684,-0.06946277618408203,-3.152490165498522,-0.04974905649820904,151.3,89.10000000000001,2.219148936170213,0.3000000000000007,0.0,2987.3178024005756,8,1,0,600,,9.0,0.3064134103245358,0.033002082596697783,0.04436606762895694
2021-01-17 15:00:00,2021-01-17 16:00:00,248.3,83.70000000000002,0.305680092192675,-0.7071067811865471,-0.7071067811865479,0.49999999999999994,0.8660254037844387,1,1,164.6,162.1,6.7,38.2,,47.598937081165836,1,1.0,29.77,29.7,29.9,66.05,1006.279,1.762,2.695141,260.8,0.0,497.3,6.3057403564453125,14.260628700256348,210.0876007080078,19.43897819519043,0,0,0,1,0,29.8,22.9,67.0,2.0,280.0,5.0,,,151.3,115.1,62.2,0.0,0.0,62.2,12.249,29.6,67.65,1006.742,8.961915969848633,14.160650253295898,150.83333333333334,136.6,164.6,14.005832118561672,125.05000000000001,82.8,164.6,31.31534767490216,50.527777777777786,0.0,164.6,59.40892986506673,47.476,7.903222222222222,29.74666666666667,66.42666666666668,1.7785,0.0,9.582541545232138,14.240647474924723,13.299999999999983,102.39999999999999,0.16999999999999815,-1.6000000000000085,6.67734956741333,7.22127103805542,7.712099552154541,13.96526050567627,136.6,82.8,0.1800632188565976,0.15761208074727726,0.12910679026437527,0.0650672330943434,0.18010433624185318,0.14451367599846235,0.02251284234847052,8,2,4,600,,,3000,,9000,,,,,,,,,,5,2.0,2.0,0.7384428312230201,0.7384428312230201,812.2871143453222,0.20263770912168466,0.3309873315905892,0.9848116646415553,0.04070473876063184,1966.3084999999999,10.106915,-1.7393340990586048,-0.28171065271301293,-0.3716092109680176,-1.4063591957092285,-2.6561756134033203,0.09997844696044922,-3.276801188786825,0.01998122533162494,164.6,81.8,1.6463022508038583,0.1999999999999993,0.0,2995.981268224612,8,1,0,600,,9.0,0.35945476526151915,0.03634442707103447,0.05144301861318525
2021-01-17 15:10:00,2021-01-17 16:10:00,271.8,98.5,0.3472071227541646,-0.7071067811865471,-0.7071067811865479,0.49999999999999994,0.8660254037844387,1,1,173.3,170.9,4.7,39.6,,45.36954846409513,1,1.0,29.83,29.7,30.0,66.78,1006.245,1.91,2.664145,261.6,0.0,475.8,5.908703804016113,14.29517650604248,209.9145355224609,18.569629669189453,0,0,0,1,0,29.8,22.9,67.0,2.0,280.0,5.0,,,164.6,136.6,82.8,0.0,0.0,82.8,14.571,29.61,67.07,1006.623,8.398000717163086,13.998050689697266,163.06666666666666,151.3,173.3,11.079861611650822,140.13333333333333,99.9,173.3,28.56996091468567,60.155555555555566,0.0,173.3,64.55805615396955,56.970444444444446,8.164333333333333,29.741666666666667,66.61222222222221,1.7903888888888888,0.0,9.330573320388794,14.233259095085991,8.700000000000017,90.50000000000001,0.21999999999999886,-0.28999999999999204,6.3057403564453125,6.67734956741333,7.22127103805542,14.061279296875,151.3,99.9,0.20263770912168466,0.1800632188565976,0.15761208074727726,0.08844479106095136,0.20136019940862626,0.16666948919623656,0.020687830050210985,8,2,4,600,,,3000,,9000,,,,,,,,,,5,2.0,2.0,0.7116527654470342,0.7116527654470342,782.8180419917376,0.2213796702475965,0.36422866750735605,0.9861511829197922,0.027120600115406807,1992.0474,9.909526,-1.8895101559593077,-0.2790185845542061,-0.3970365524291992,-1.3125672340393066,-2.4892969131469727,0.29712581634521484,-3.4218695163726807,0.061917410956489505,173.3,73.4,1.0929951690821258,0.3000000000000007,0.0,3000.765336477503,8,1,0,600,,9.0,0.4114444241213707,0.0390288947956015,0.057183386053179644
2021-01-17 15:20:00,2021-01-17 16:20:00,294.8,106.30000000000001,0.39206858236722575,-0.7071067811865471,-0.7071067811865479,0.49999999999999994,0.8660254037844387,1,1,188.5,113.616,30.843,3.1,,43.12198372844051,1,1.0,29.75,29.6,29.9,67.13,1006.209,1.798,2.423538,267.7,0.0,453.0,5.636168479919434,14.504981994628906,208.86306762695312,17.439905166625977,0,0,0,1,0,29.8,22.9,67.0,2.0,280.0,5.0,,,173.3,151.3,99.9,4.9,0.0,112.446,16.893,29.63,65.86,1006.589,8.024083137512207,13.928824424743652,175.46666666666667,164.6,188.5,12.09641820264716,154.9,115.1,188.5,26.432934002868464,70.6277777777778,0.0,188.5,69.33771408671649,63.28244444444445,9.877833333333333,29.72888888888889,66.75166666666668,1.7931111111111109,0.0,9.0591299533844,14.23744085099962,15.199999999999989,88.6,0.120000000000001,1.269999999999996,5.908703804016113,6.3057403564453125,6.67734956741333,14.198504447937012,164.6,115.1,0.2213796702475965,0.20263770912168466,0.1800632188565976,0.10921746593988797,0.2249041736932227,0.19024910182465302,0.02422180423003385,8,2,4,600,,,3000,,9000,,,,,,,,,,5,2.0,2.0,0.6835538782063936,0.6835538782063936,751.9092660270329,0.25069514171038687,0.41611479028697573,0.602737400530504,0.1636233421750663,1997.1174999999998,9.778825000000001,-1.796551522415774,-0.07215696297354303,-0.2725353240966797,-1.0411810874938965,-2.3879146575927734,0.5761575698852539,-3.422961473464966,0.2675411436292858,188.5,73.4,0.8868868868868868,0.29999999999999716,0.0,3029.5550352719147,8,1,0,600,,9.0,0.4617664020594102,0.044656876691537915,0.06201102735947633
2021-01-17 15:30:00,2021-01-17 16:30:00,314.9,115.59999999999997,0.43759232572851847,-0.7071067811865471,-0.7071067811865479,0.49999999999999994,0.8660254037844387,1,1,199.3,113.985,33.156,2.8,,40.85898770558922,1,1.0,29.78,29.6,30.1,67.51,1006.054,1.476,2.566318,262.5,0.0,420.4,5.445887088775635,14.623327255249023,208.2703094482422,16.92317771911621,0,0,0,1,0,29.8,22.9,67.0,2.0,280.0,5.0,,,188.5,164.6,115.1,15.2,0.0,112.536,19.224,29.84,65.22999999999999,1006.503,7.712099552154541,13.96526050567627,187.03333333333333,173.3,199.3,13.061903893894389,168.9333333333333,136.6,199.3,23.234514556294638,81.7,0.0,199.3,73.20108485213461,69.61494444444445,11.719833333333334,29.727777777777778,66.8761111111111,1.762611111111111,0.0,8.761605792575413,14.248792754279243,10.800000000000011,84.20000000000002,-0.05999999999999872,2.2800000000000153,5.636168479919434,5.908703804016113,6.3057403564453125,14.260628700256348,173.3,136.6,0.2506951417103868,0.2213796702475965,0.20263770912168466,0.12910679026437527,0.24967556769690133,0.21488995196937724,0.02780013636482723,8,2,4,600,,,3000,,9000,,,,,,,,,,5,2.0,2.0,0.6541996064399227,0.6541996064399227,719.619567083915,0.2769518911327207,0.47407231208372985,0.5719267436026091,0.16636226793778222,2010.4478000000001,9.675521999999999,-1.4633726153877442,-0.1926566597167962,-0.19028139114379883,-0.8598532676696777,-2.2662124633789062,0.6580667495727539,-3.315718703799778,0.37453450096978,199.3,62.70000000000002,0.7315377932232843,0.5,0.0,3045.604892613628,8,1,0,600,,9.0,0.5165325232537267,0.04924190321731859,0.06995668056174764
2021-01-17 15:40:00,2021-01-17 16:40:00,318.8,110.70000000000002,0.4647160177694138,-0.7071067811865471,-0.7071067811865479,0.49999999999999994,0.8660254037844387,1,1,208.1,114.408,35.469,1.2,,38.58285994488991,1,1.0,29.71,29.5,29.8,68.96,1005.977,1.346,2.340229,264.1,0.0,374.0,5.397449970245361,14.662450790405272,208.07833862304688,16.24911880493164,0,0,0,1,0,29.8,22.9,67.0,2.0,280.0,5.0,,,199.3,173.3,136.6,29.9,0.0,112.662,21.555,29.88,64.37,1006.449,7.22127103805542,14.061279296875,198.63333333333333,188.5,208.1,9.816992071573317,180.85,151.3,208.1,21.61367622594546,93.26111111111112,0.0,208.1,75.92139231111028,75.97094444444444,13.690333333333333,29.721111111111114,67.05222222222224,1.7399999999999998,0.0,8.450458606084188,14.264377858903673,8.799999999999983,71.5,-0.16999999999999815,4.589999999999989,5.445887088775635,5.636168479919434,5.908703804016113,14.29517650604248,188.5,151.3,0.2769518911327207,0.2506951417103868,0.2213796702475965,0.15761208074727726,0.27699840795503733,0.2391793036818318,0.02632655547757768,8,2,4,600,,,3000,,9000,,,,,,,,,,5,2.0,2.0,0.6236457766385534,0.6236457766385534,686.0103543024087,0.3033481910220044,0.5564171122994652,0.5497741470446901,0.17044209514656417,2048.8016,9.221984000000003,-1.3388699918397167,-0.1383587545156342,-0.04843711853027344,-0.511253833770752,-1.8238210678100586,0.6011714935302717,-3.053008635838827,0.3980729315015985,208.1,56.79999999999998,0.5234260614934114,0.3000000000000007,0.0,3050.9384006097093,8,1,0,600,,9.0,0.5738417928336681,0.05315555211085955,0.07964254898763294
2021-01-17 15:50:00,2021-01-17 16:50:00,330.5,102.30000000000001,0.5075670113128052,-0.7071067811865471,-0.7071067811865479,0.49999999999999994,0.8660254037844387,1,1,228.2,114.912,37.764,1.2,,36.2955440149909,1,1.0,29.63,29.5,29.7,69.19,1005.939,1.543,2.451108,254.0,0.0,327.9,5.323269367218018,14.779827117919922,207.4763336181641,15.840287208557127,0,0,0,1,0,29.8,22.9,67.0,2.0,280.0,5.0,,,208.1,188.5,151.3,47.0,0.0,112.824,23.877,29.98,64.94,1006.374,6.67734956741333,14.198504447937012,211.86666666666665,199.3,228.2,14.813619859215148,193.66666666666666,164.6,228.2,23.319405366918474,105.9388888888889,0.0,228.2,78.4432289200202,82.35494444444444,15.788333333333334,29.707222222222224,67.19222222222221,1.7367222222222223,0.0,8.127733919355604,14.288741959465874,20.099999999999994,76.89999999999998,-0.3500000000000014,4.25,5.397449970245361,5.445887088775635,5.636168479919434,14.504981994628906,199.3,164.6,0.3033481910220044,0.2769518911327207,0.2506951417103868,0.1800632188565976,0.31025312065932303,0.26757864717627283,0.03723697877107059,8,2,4,600,,,3000,,9000,,,,,,,,,,5,2.0,2.0,0.591950498668993,0.591950498668993,651.1455485358922,0.35045927982324404,0.6959438853308936,0.503558282208589,0.16548641542506576,2050.0996999999998,9.129003,-1.483226796832826,-0.4253084400256293,-0.07418060302734375,-0.312899112701416,-1.3540802001953125,0.5813226699829102,-2.8044645521375866,0.4910851584540481,228.2,63.599999999999994,0.5082617316589555,0.1999999999999993,0.0,3066.4643419363424,8,1,0,600,,9.0,0.6364567590423794,0.06345686355705585,0.08839400588097204
2021-01-17 16:00:00,2021-01-17 17:00:00,337.4,89.09999999999997,0.5485363096641072,-0.8660254037844384,-0.5000000000000004,0.49999999999999994,0.8660254037844387,1,1,248.3,115.479,40.059,2.0,,33.99869738694477,1,1.0,29.31,29.2,29.5,70.05,1005.927,1.457,2.317302,275.7,0.0,290.9,5.4681243896484375,14.614459037780762,208.3008270263672,16.088333129882812,0,0,0,1,0,29.6,23.6,70.0,2.0,290.0,5.0,,,228.2,199.3,164.6,62.2,0.0,162.1,6.7,29.77,66.05,1006.279,6.3057403564453125,14.260628700256348,228.19999999999996,208.1,248.3,20.10000000000002,207.61666666666667,173.3,248.3,27.170897421076585,119.73333333333335,0.0,248.3,80.52228774401168,88.77044444444444,18.013833333333334,29.686666666666667,67.35888888888888,1.7225555555555556,0.0,7.802115546332465,14.304858737521702,20.100000000000023,83.70000000000002,-0.46000000000000085,4.0,5.323269367218018,5.397449970245361,5.445887088775635,14.623327255249023,208.1,173.3,0.35045927982324404,0.3033481910220044,0.2769518911327207,0.20263770912168466,0.3524957581039168,0.30108566290040906,0.050196798172482716,8,3,4,600,,,3000,,9000,,,,,,,,,,5,2.0,2.0,0.5591740552509555,0.5591740552509555,615.0914607760511,0.4036798034665021,0.8535579236851153,0.4650785340314136,0.16133306484091822,2053.1654999999996,8.778345,-1.4497959654335069,0.14470887537648183,0.14485502243041992,0.022237300872802734,-0.837615966796875,0.35383033752441406,-2.3339911566840277,0.30960030025905994,248.3,75.0,0.5085054678007291,0.3000000000000007,0.0,3044.203904112699,8,1,0,600,,9.0,0.7184964954922841,0.07372680576274916,0.10113560942158299
2021-01-17 16:10:00,2021-01-17 17:10:00,356.0,84.19999999999999,0.6160057685250643,-0.8660254037844384,-0.5000000000000004,0.49999999999999994,0.8660254037844387,1,1,271.8,116.136,42.336,5.5,,31.69374652851385,1,1.0,29.31,29.2,29.4,71.12,1005.964,1.36,2.028755,263.8,0.0,267.0,5.541568756103516,14.43809700012207,209.17892456054688,16.316274642944336,0,0,0,1,0,29.6,23.6,70.0,2.0,290.0,5.0,,,248.3,208.1,173.3,82.8,0.0,170.9,4.7,29.83,66.78,1006.245,5.908703804016113,14.29517650604248,249.4333333333333,228.2,271.8,21.822083615762583,224.0333333333333,188.5,271.8,31.673690449119878,134.83333333333337,4.9,271.8,82.21538427669549,95.22244444444443,20.306333333333335,29.66333333333333,67.57166666666666,1.7155555555555555,0.0,7.470687601301405,14.31257528728909,23.5,98.5,-0.5199999999999996,4.340000000000003,5.4681243896484375,5.323269367218018,5.397449970245361,14.662450790405272,228.2,188.5,0.4036798034665021,0.35045927982324404,0.3033481910220044,0.2213796702475965,0.40814970181297944,0.3425740548840084,0.06005027146017826,8,3,4,600,,,3000,,9000,,,,,,,,,,5,2.0,2.0,0.5253787872981507,0.5253787872981507,577.9166660279658,0.4703100221491924,1.0179775280898877,0.4272847682119205,0.1557615894039735,2084.5272,8.464727999999997,-1.352045311002349,-0.14687912376019063,0.07344436645507812,0.1441187858581543,-0.36713504791259766,0.14292049407958984,-1.9291188451978893,0.12552171283298108,266.90000000000003,83.30000000000001,0.5683785343335256,0.1999999999999993,0.0,3020.1456031863927,8,1,0,600,,9.0,0.8188588846734893,0.0854762206125848,0.11645386191554832
2021-01-17 16:20:00,2021-01-17 17:20:00,370.7,75.89999999999998,0.6868734154269847,-0.8660254037844384,-0.5000000000000004,0.49999999999999994,0.8660254037844387,1,1,294.8,116.892,44.604,11.8,,29.381930684804487,1,1.0,29.2,29.2,29.2,71.95,1005.945,1.367,1.880726,268.3,0.0,249.6,5.500275135040283,14.418257713317873,209.27786254882807,16.107431411743164,0,0,0,1,0,29.6,23.6,70.0,2.0,290.0,5.0,,,271.8,228.2,188.5,99.9,4.9,113.616,30.843,29.75,67.13,1006.209,5.636168479919434,14.504981994628906,271.6333333333334,248.3,294.8,23.25044802435716,241.74999999999997,199.3,294.8,37.08944593816415,150.93888888888893,15.2,294.8,83.6473489533775,101.44422222222221,22.60733333333333,29.63444444444444,67.81388888888888,1.7054444444444445,0.0,7.146529330147637,14.320507844289144,23.0,106.30000000000001,-0.5500000000000007,4.820000000000007,5.541568756103516,5.4681243896484375,5.323269367218018,14.779827117919922,248.3,199.3,0.4703100221491924,0.4036798034665021,0.35045927982324404,0.2506951417103868,0.47340914596134615,0.3918311333103346,0.07132941636448403,8,3,4,600,,,3000,,9000,,,,,,,,,,5,2.0,2.0,0.49062897534112443,0.49062897534112443,539.6918728752369,0.546237612268344,1.1810897435897436,0.39651289009497964,0.1513025780189959,2100.94,8.1906,-1.366398328783198,-0.04055375566434656,-0.04129362106323242,0.17700576782226562,-0.1358933448791504,-0.08672428131103338,-1.6462541951073542,0.0977498690287284,279.6,95.5,0.5639257294429709,0.0,0.0,3017.422155921318,8,1,0,600,,9.0,0.9426657521173499,0.09774795297606312,0.132944473210141
2021-01-17 16:30:00,2021-01-17 17:30:00,378.0,63.10000000000002,0.7552601637846178,-0.8660254037844384,-0.5000000000000004,0.49999999999999994,0.8660254037844387,1,1,314.9,117.747,46.854,22.4,,27.064336962503706,1,1.0,29.15,29.1,29.2,72.14,1005.926,1.489,2.1159,264.3,0.0,216.4,5.544486045837402,14.34455108642578,209.6524353027344,15.838972091674805,0,0,0,1,0,29.6,23.6,70.0,2.0,290.0,5.0,,,294.8,248.3,199.3,115.1,15.2,113.985,33.156,29.78,67.51,1006.054,5.445887088775635,14.623327255249023,293.8333333333333,271.8,314.9,21.566254504047127,261.01666666666665,208.1,314.9,40.496489559796004,167.58888888888893,29.9,314.9,84.85806065139799,107.14127777777777,24.91233333333333,29.608888888888885,68.0188888888889,1.687388888888889,0.0,6.8458419111039905,14.324012226528591,20.099999999999966,115.59999999999997,-0.6300000000000026,4.6299999999999955,5.500275135040283,5.541568756103516,5.4681243896484375,14.614459037780762,271.8,208.1,0.546237612268344,0.4703100221491924,0.4036798034665021,0.2769518911327207,0.5485770999873059,0.45053642904561136,0.07946265502426784,8,3,4,600,,,3000,,9000,,,,,,,,,,5,2.0,2.0,0.4549907172574781,0.4549907172574781,500.4897889832259,0.6291836655443813,1.4551756007393715,0.3739187043505875,0.14879009209272787,2102.881,8.121189999999999,-1.4816377436722659,-0.14788710736827881,0.04421091079711914,0.07636165618896484,0.09859895706176758,-0.27877616882324396,-1.3013558652665882,0.02053885989718829,285.0,106.79999999999998,0.5800301053687905,0.09999999999999787,0.0,3007.370068593649,8,1,0,600,,9.0,1.0897170991318172,0.10973527482599262,0.15037426013648383
2021-01-17 16:40:00,2021-01-17 17:40:00,375.6,56.80000000000001,0.8158389479141925,-0.8660254037844384,-0.5000000000000004,0.49999999999999994,0.8660254037844387,1,1,318.8,118.728,49.095,16.9,,24.741928698566696,1,1.0,29.02,29.0,29.1,72.85,1005.923,1.209,1.840306,262.6,0.0,195.9,5.767648220062256,14.147744178771973,210.6385498046875,15.207647323608398,0,0,0,1,0,29.6,23.6,70.0,2.0,290.0,5.0,,,314.9,271.8,208.1,136.6,29.9,114.408,35.469,29.71,68.96,1005.977,5.397449970245361,14.662450790405272,309.5,294.8,318.8,12.879052760199384,279.46666666666664,228.2,318.8,36.595500634185456,183.63888888888894,47.0,318.8,84.60456905259409,112.07616666666667,27.215833333333332,29.58944444444444,68.21666666666665,1.6375000000000002,0.0,6.5859545601738825,14.31500212351481,3.900000000000034,110.70000000000002,-0.6900000000000013,3.8900000000000006,5.544486045837402,5.500275135040283,5.541568756103516,14.43809700012207,294.8,228.2,0.6291836655443813,0.546237612268344,0.4703100221491924,0.3033481910220044,0.6226284065863544,0.515389054199667,0.07333323556055228,8,3,4,600,,,3000,,9000,,,,,,,,,,5,2.0,2.0,0.41853180254206085,0.41853180254206085,460.3849827962669,0.6924639419463381,1.62736089841756,0.37242158092848177,0.15399937264742786,2114.107,7.878930000000001,-1.1989304353211565,-0.1557138762622725,0.22316217422485352,0.22607946395874023,0.37019824981689453,-0.514706611633299,-0.8183063401116266,-0.16725794474283795,271.8,90.60000000000002,0.5319557904853437,0.10000000000000142,0.0,2980.060316824238,8,1,0,600,,9.0,1.2511338812720516,0.11558886931332915,0.1681412829875647
2021-01-17 16:50:00,2021-01-17 17:50:00,310.6118588096865,-19.88814119031349,0.7405151699370082,-0.8660254037844384,-0.5000000000000004,0.49999999999999994,0.8660254037844387,1,1,330.5,119.844,51.309,23.2,,22.415568621695897,1,1.0,28.95,28.9,29.0,73.52,1005.963,1.304,1.847667,270.7,0.0,179.8,6.000890731811523,14.04787254333496,211.0424652099609,14.430791854858398,0,0,0,1,0,29.6,23.6,70.0,2.0,290.0,5.0,,,318.8,294.8,228.2,151.3,47.0,114.912,37.764,29.63,69.19,1005.939,5.323269367218018,14.779827117919922,321.40000000000003,314.9,330.5,8.118497397917897,296.5166666666667,248.3,330.5,31.39448465362455,199.38888888888894,62.2,330.5,84.05801140311227,116.12305555555557,29.51433333333333,29.552777777777774,68.46499999999999,1.6196666666666666,0.0,6.37971846262614,14.302774641248915,11.699999999999989,102.30000000000001,-0.6799999999999997,4.329999999999998,5.767648220062256,5.544486045837402,5.500275135040283,14.418257713317873,314.9,248.3,0.6924639419463381,0.6291836655443813,0.546237612268344,0.35045927982324404,0.7031923874695863,0.5883007667154662,0.07991488600859911,8,3,4,600,,,3000,,9000,,,,,,,,,,5,2.0,2.0,0.38132158335626687,0.38132158335626687,419.4537416918936,0.7879295549180394,1.8381535038932146,0.36261422087745837,0.1552465960665658,2128.404,7.665960000000001,-1.3039026820372295,0.015930969089162236,0.23324251174926758,0.5006155967712402,0.6776213645935059,-0.7319545745849627,-0.3788277308146162,-0.25490209791395557,268.3,82.19999999999999,0.4482909728308502,0.10000000000000142,0.0,2964.697652500733,8,1,0,600,,9.0,1.4132833609595903,0.13045886569162,0.18145212623455842
2021-01-17 17:00:00,2021-01-17 18:00:00,242.8842243830779,-94.51577561692207,0.6429353830759618,-0.9659258262890683,-0.25881904510252063,0.49999999999999994,0.8660254037844387,1,1,337.4,121.122,53.505,19.7,,20.086037963399534,1,1.0,28.9,28.9,28.9,75.07,1006.212,1.164,1.847875,267.3,0.0,161.5,5.912467002868652,14.105403900146484,210.609603881836,14.530932426452637,0,0,0,1,0,29.2,24.5,76.0,4.0,270.0,5.0,,,330.5,314.9,248.3,164.6,62.2,115.479,40.059,29.31,70.05,1005.927,5.4681243896484375,14.614459037780762,328.9,318.8,337.4,9.40265919833321,311.3666666666666,271.8,337.4,24.296227416343203,214.6777777777778,82.8,337.4,82.65324843661126,119.3965,31.806333333333335,29.51388888888889,68.8772222222222,1.5787777777777778,0.0,6.210304631127252,14.29970539940728,6.899999999999977,89.09999999999997,-0.41000000000000014,5.019999999999996,6.000890731811523,5.767648220062256,5.544486045837402,14.34455108642578,318.8,271.8,0.7879295549180394,0.6924639419463381,0.6291836655443813,0.4036798034665021,0.79117341603359,0.669875258010448,0.10037072648061769,8,3,5,600,600,,3000,,9000,,,,,,,,,,5,2.0,2.0,0.34343084260174406,0.34343084260174406,377.7739268619185,0.893126751236393,2.0891640866873065,0.3589863663307647,0.15858032009484294,2169.5229999999997,7.204770000000002,-1.162707814455733,-0.054831908626023954,-0.0884237289428711,0.36798095703125,0.44434261322021484,-0.5090551376342773,-0.2978376282585993,-0.19430149926079565,254.59999999999997,65.59999999999997,0.35884011276681416,0.0,0.0,2970.7335280031557,8,1,0,600,,9.0,1.5949326964098272,0.1466767553178552,0.19926803055880915
2021-01-17 17:10:00,2021-01-17 18:10:00,180.01496707619918,-175.98503292380082,0.5366775311600236,-0.9659258262890683,-0.25881904510252063,0.49999999999999994,0.8660254037844387,1,1,356.0,122.589,55.665,21.2,,17.754052413122295,1,1.0,28.82,28.7,28.9,75.55,1006.418,1.32,2.311177,270.7,0.0,141.6,6.23086404800415,14.067420959472656,210.81246948242188,13.391644477844238,0,0,0,1,0,29.2,24.5,76.0,4.0,270.0,5.0,,,337.4,318.8,271.8,173.3,82.8,116.136,42.336,29.31,71.12,1005.964,5.541568756103516,14.43809700012207,341.3,330.5,356.0,13.189768762188361,325.40000000000003,294.8,356.0,20.959675570008233,229.85555555555558,99.9,356.0,82.09397930365235,121.607,34.08933333333333,29.469999999999995,69.34833333333331,1.5444444444444445,0.0,6.089908149507311,14.303559303283691,18.600000000000023,84.19999999999999,-0.48999999999999844,4.429999999999993,5.912467002868652,6.000890731811523,5.767648220062256,14.147744178771973,330.5,294.8,0.893126751236393,0.7879295549180394,0.6924639419463381,0.4703100221491924,0.9141323167305068,0.7683803616584307,0.13791059150627877,8,3,5,600,600,,3000,,9000,,,,,,,,,,5,2.0,2.0,0.30493165926947613,0.30493165926947613,335.42482519642374,1.0613406440370878,2.514124293785311,0.3443511235955056,0.1563623595505618,2177.351,7.046490000000001,-1.3199014879517967,0.01612644110252619,0.31839704513549805,0.46321582794189453,0.6892952919006348,-0.37067604064941406,0.14095589849683954,-0.23613834381103516,256.1,61.19999999999999,0.3097866077998528,0.1999999999999993,0.0,2965.587751715211,8,1,0,600,,9.0,1.810124158623035,0.17778770515285022,0.22439996091309983
2021-01-17 17:20:00,2021-01-17 18:20:00,124.8627880576192,-245.8372119423808,0.4269003022981769,-0.9659258262890683,-0.25881904510252063,0.49999999999999994,0.8660254037844387,1,1,370.7,124.272,57.789,27.9,,15.420275615712217,1,1.0,28.76,28.7,28.8,76.26,1006.502,1.243,2.032506,267.1,0.0,120.0,6.841519355773926,13.695330619812012,212.8300018310547,12.209867477416992,0,0,0,1,0,29.2,24.5,76.0,4.0,270.0,5.0,,,356.0,330.5,294.8,188.5,99.9,116.892,44.604,29.2,71.95,1005.945,5.500275135040283,14.418257713317873,354.7,337.4,370.7,16.688019654830235,338.05,314.9,370.7,21.689329173582077,244.90000000000003,115.1,370.7,81.68981504663198,122.26400000000002,36.36133333333333,29.421666666666663,69.92611111111111,1.4862777777777778,0.0,6.024210161632961,14.290587425231934,14.699999999999989,75.89999999999998,-0.4399999999999977,4.310000000000002,6.23086404800415,5.912467002868652,6.000890731811523,14.04787254333496,337.4,314.9,1.0613406440370878,0.893126751236393,0.7879295549180394,0.546237612268344,1.0739580528397088,0.8885752201546476,0.18745874506429638,8,3,5,600,600,,3000,,9000,,,,,,,,,,5,2.0,2.0,0.26589727132037055,0.26589727132037055,292.4869984524076,1.2674067632456454,3.0891666666666664,0.33523603992446727,0.15589155651470193,2193.2376000000004,6.827623999999998,-1.2414081609799437,-0.06288702451535429,0.6106553077697754,0.8406286239624023,1.3412442207336426,-0.7229270935058612,0.8173091941409645,-0.5952568054199219,255.6,55.80000000000001,0.2574626865671641,0.10000000000000142,0.0,2914.77724089149,8,1,0,600,,9.0,2.098242598434684,0.21545758997807135,0.26596360410304526
2021-01-17 17:30:00,2021-01-17 18:30:00,0.0,-378.0,0.0,-0.9659258262890683,-0.25881904510252063,0.49999999999999994,0.8660254037844387,1,1,378.0,126.216,59.877,27.1,,13.085330762404267,1,1.0,28.7,28.7,28.7,76.3,1006.57,1.218,2.192716,262.7,0.0,96.6,7.435624599456787,13.270251274108888,215.1752471923828,11.314682960510254,0,0,0,1,0,29.2,24.5,76.0,4.0,270.0,5.0,,,370.7,337.4,314.9,199.3,115.1,117.747,46.854,29.15,72.14,1005.926,5.544486045837402,14.34455108642578,368.23333333333335,356.0,378.0,11.205504599674788,348.5666666666666,318.8,378.0,23.44616528702867,259.5055555555556,136.6,378.0,80.61258456872396,123.02400000000002,38.619833333333325,29.35833333333333,70.54111111111109,1.4567222222222223,0.0,6.008850442038642,14.251975801255968,7.300000000000011,63.10000000000002,-0.4499999999999993,4.159999999999997,6.841519355773926,6.23086404800415,5.912467002868652,14.105403900146484,356.0,318.8,1.2674067632456454,1.0613406440370878,0.893126751236393,0.6291836655443813,1.2821876289910383,1.0366805225123141,0.2285960944336384,8,3,5,600,600,,3000,,9000,,,,,,,,,,5,2.0,2.0,0.22640193635820724,0.22640193635820724,249.04212999402796,1.517815479690382,3.9130434782608696,0.33390476190476187,0.1584047619047619,2189.81,6.801900000000001,-1.208127431074656,-0.15476469327644515,0.5941052436828613,1.5231575965881348,1.8911385536193848,-1.074299812316891,1.4267741574181452,-0.9817245271470796,241.4,59.19999999999999,0.20038107335662123,0.0,0.0,2855.429598211413,8,1,0,600,,9.0,2.473954599840188,0.2572319457615066,0.32378577496646116
2021-01-17 17:40:00,2021-01-17 18:40:00,0.0,-375.6,0.0,-0.9659258262890683,-0.25881904510252063,0.49999999999999994,0.8660254037844387,1,1,375.6,128.457,61.911,24.0,,10.749810716229536,1,1.0,28.58,28.5,28.7,77.02,1006.746,1.147,1.962379,267.0,0.0,72.76,,,,,1,1,0,0,0,29.2,24.5,76.0,4.0,270.0,5.0,,,378.0,356.0,318.8,208.1,136.6,118.728,49.095,29.02,72.85,1005.923,5.767648220062256,14.147744178771973,374.7666666666667,370.7,378.0,3.7206630233512494,358.0333333333333,330.5,378.0,20.276357332288935,272.78333333333336,151.3,378.0,78.84137649140091,123.90150000000001,40.86183333333333,29.286111111111104,71.24388888888888,1.4355,0.0,5.93753158344942,14.263193242690143,-2.3999999999999773,56.80000000000001,-0.4400000000000013,4.170000000000002,7.435624599456787,6.841519355773926,6.23086404800415,14.067420959472656,370.7,330.5,1.5178154796903818,1.2674067632456454,1.0613406440370878,0.6924639419463381,1.5386245466676012,1.226378431699054,0.2821983209259435,8,3,5,600,600,,3000,,9000,,,,,,,,,,5,2.0,2.0,0.18652079036000668,0.18652079036000668,205.17286939600734,1.8306513970667762,5.162177020340846,0.3420047923322683,0.16483226837060702,2201.2315999999996,6.567684000000001,-1.1454280763634963,-0.06002934181065712,,,,,,,226.7,47.5,0.17816813048933502,0.1999999999999993,,,8,1,0,600,,9.0,2.94981381920946,0.31403899749684105,0.39204089706152656
2021-01-17 17:50:00,2021-01-17 18:50:00,0.0,-310.6118588096865,0.0,-0.9659258262890683,-0.25881904510252063,0.49999999999999994,0.8660254037844387,1,1,310.6118588096865,131.049,63.882,20.4,,8.414287030320695,1,1.0,28.45,28.4,28.5,77.62,1006.888,1.297,2.200245,264.0,0.0,52.77,,,,,1,1,0,0,0,29.2,24.5,76.0,4.0,270.0,5.0,,,375.6,370.7,330.5,228.2,151.3,119.844,51.309,28.95,73.52,1005.963,6.000890731811523,14.04787254333496,354.7372862698955,310.6118588096865,378.0,38.23257788077629,354.71864313494774,310.6118588096865,378.0,26.383487670200594,281.63399215609365,164.6,378.0,73.13731933561408,124.91400000000002,43.08433333333332,29.201111111111103,71.94833333333332,1.4116666666666664,0.0,5.891292959451675,14.267236292362213,-64.98814119031351,-19.88814119031349,-0.5,4.1000000000000085,,7.435624599456787,6.841519355773926,13.695330619812012,378.0,337.4,1.8306513970667762,1.5178154796903818,1.2674067632456454,0.7879295549180394,1.7593934826697255,1.4166757677547173,0.21499599352358337,8,3,5,600,600,,3000,,9000,,,,,,,,,,5,2.0,2.0,0.14632970473255652,0.14632970473255652,160.96267520581216,1.9297135712520184,5.886144756673991,0.4219059777762523,0.20566503881985018,2208.289,6.367109999999999,-1.2898948982926506,-0.1355734168581464,,,,,,,213.4,67.38814119031349,-0.06017591888143265,0.10000000000000142,,,8,1,0,600,,9.0,3.4974631403937515,0.3059410911639024,0.4719913225935989
2021-01-17 18:00:00,2021-01-17 19:00:00,0.0,-242.8842243830779,0.0,-1.0,-1.8369701987210297e-16,0.49999999999999994,0.8660254037844387,1,1,242.8842243830779,134.073,65.781,23.2,,6.079318156457147,1,1.0,28.35,28.3,28.4,77.99,1007.023,1.098,1.863052,264.7,0.0,35.72,,,,,1,1,0,0,0,28.8,24.6,78.0,2.0,280.0,5.0,,,310.6118588096865,378.0,337.4,248.3,164.6,121.122,53.505,28.9,75.07,1006.212,5.912467002868652,14.105403900146484,309.69869439758816,242.8842243830779,375.6,66.3625999817137,338.96601386546075,242.8842243830779,378.0,53.28897062683733,285.9831157329314,173.3,378.0,67.90922512473118,123.35694444444442,46.366611111111105,29.122222222222213,72.61166666666666,1.3747777777777777,0.0,5.863663132985433,14.267676798502604,-67.7276344266086,-94.51577561692207,-0.5499999999999972,2.9200000000000017,,,7.435624599456787,13.270251274108888,375.6,356.0,1.9297135712520184,1.8306513970667762,1.5178154796903818,0.893126751236393,1.948428611579487,1.6153081202852626,0.1281636856215293,8,3,5,600,600,,3000,,9000,,,,,,,,,,5,2.0,2.0,0.10590514196705622,0.10590514196705622,116.49565616376184,2.0849208664196666,6.799670335472506,0.5520037389852853,0.2708327400311103,2211.0165,6.239835000000002,-1.0933057186066713,-0.10142290501632532,,,,,,,204.7,135.1157756169221,-0.28012974397428003,0.09999999999999787,,,8,1,0,600,,9.0,3.9447031537551456,0.3245856879500986,0.49950473529246325
2021-01-17 18:10:00,2021-01-17 19:10:00,0.0,-180.01496707619918,0.0,-1.0,-1.8369701987210297e-16,0.49999999999999994,0.8660254037844387,1,0,180.01496707619918,100.67614581492614,24.8,95.2,,3.7454570966427863,1,1.0,28.27,28.2,28.3,77.7,1007.176,1.085,2.143551,252.2,0.0,20.62,,,,,1,1,0,0,0,28.8,24.6,78.0,2.0,280.0,5.0,,,242.8842243830779,375.6,356.0,271.8,173.3,122.589,55.665,28.82,75.55,1006.418,6.23086404800415,14.067420959472656,244.50368342298785,180.01496707619918,310.6118588096865,65.31350563473464,309.6351750448273,180.01496707619918,378.0,82.47673842796905,286.3561694593869,180.01496707619918,378.0,67.26922532309017,119.45561921194033,47.48327777777777,29.035555555555554,73.21833333333332,1.3289444444444445,0.0,5.8604459421975275,14.265712533678327,-62.86925730687872,-175.98503292380082,-0.5500000000000007,2.1500000000000057,,,,,310.6118588096865,370.7,2.0849208664196666,1.9297135712520184,1.8306513970667762,1.0613406440370878,2.173279471590966,1.8559520091292836,0.29774609004482494,8,3,5,600,600,,3000,,9000,,,,,,,,,,5,2.0,2.0,0.06532401016648248,0.06532401016648248,71.85641118313073,2.505203977101213,8.730114795159999,0.5592654180377712,0.13776632244974563,2196.579,6.304209999999999,-1.0330603911252203,-0.33167940588497,,,,,,,197.98503292380082,197.98503292380082,-0.494339980123036,0.10000000000000142,,,8,1,0,600,,9.0,4.385111244536144,0.41939544706135123,0.518721438739372
2021-01-17 18:20:00,2021-01-17 19:20:00,0.0,-124.8627880576192,0.0,-1.0,-1.8369701987210297e-16,0.49999999999999994,0.8660254037844387,1,0,124.8627880576192,65.74643243649216,17.7,94.7,,1.4132587191507961,1,1.0,28.11,28.0,28.3,78.62,1007.339,0.811,1.300153,257.5,0.0,8.06,,,,,1,1,0,0,0,28.8,24.6,78.0,2.0,280.0,5.0,,,180.01496707619918,310.6118588096865,370.7,294.8,188.5,124.272,57.789,28.76,76.26,1006.502,6.841519355773926,13.695330619812012,182.5873265056321,124.8627880576192,242.8842243830779,59.05275296594325,268.66230638776375,124.8627880576192,378.0,104.2605661396378,282.8207687959213,124.8627880576192,378.0,74.04562455940012,116.79619879174545,46.75311111111111,28.94444444444444,73.85666666666664,1.274111111111111,0.0,5.877698054680457,14.247307190528282,-55.152179018579986,-245.8372119423808,-0.6500000000000021,2.3599999999999994,,,,,242.8842243830779,378.0,2.505203977101213,2.0849208664196666,1.9297135712520184,1.2674067632456454,3.064178409681046,2.4117859461753857,1.3486206590091627,8,3,5,600,600,,3000,,9000,,,,,,,,,,5,2.0,2.0,0.024663516722454516,0.024663516722454516,27.12986839469997,4.602410385522258,6.24313940288096,0.5265494504748108,0.14175560449468863,2210.0082,6.009917999999999,-0.791776061774266,-0.1755325269038014,,,,,,,253.13721194238082,253.13721194238082,-0.6631702507212862,0.3000000000000007,,,8,1,0,600,,9.0,5.302135940095171,0.9515010644047325,0.6416436376680398
2021-01-18 10:00:00,2021-01-18 11:00:00,0.0,-3.4,0.0,0.49999999999999994,-0.8660254037844387,0.49999999999999994,0.8660254037844387,1,1,3.4,2.9,0.0,1.4,,51.939563664080396,1,1.0,30.13,30.0,30.3,65.28,1008.984,3.194,5.475233,55.95,0.0,423.6,4.201583385467529,11.106776237487791,230.62940979003903,21.25433158874512,0,0,0,1,0,30.0,23.0,66.0,8.0,60.0,8.0,,,2.9,0.0,1.9,1.5,1.0,1.0,0.0,28.52,72.62,1009.613,4.902892112731934,11.782612800598145,2.1,0.0,3.4,1.835755975068582,1.05,0.0,3.4,1.6343194302216444,1.7611111111111108,0.0,3.4,1.1141543292026674,0.38333333333333336,0.0,27.726666666666667,76.74388888888889,2.3673888888888888,0.0,5.252341214348288,11.895798739264993,0.5,1.5,1.6099999999999994,-7.340000000000003,4.066333293914795,,4.0187602043151855,12.186909675598145,0.0,0.0,0.003454208007446815,0.0,0.0,0.0027747118294155415,0.002459955100919162,0.001229977550459581,0.0021433852737341667,8,3,6,600,750,,3000,,9000,,,,,,,,,,2,2.0,2.0,0.7873609075864277,0.7873609075864277,866.0969983450705,0.003925657295310671,0.008026440037771481,0.145,0.0,1966.8863999999999,10.461136,2.6463863654316944,1.7883722221219012,0.13525009155273438,0.18282318115234375,-0.7013087272644043,-0.6758365631103533,-1.0507578288807586,-0.7890225017772021,3.4,3.4,0.075,0.3000000000000007,0.0,2561.5492483218395,8,1,0,600,,6.0,0.0010510463658533907,0.0013265085562375668,0.0024756534097449203
2021-01-18 10:10:00,2021-01-18 11:10:00,0.0,-1.9,0.0,0.49999999999999994,-0.8660254037844387,0.49999999999999994,0.8660254037844387,1,1,1.9,1.0,0.0,0.0,,54.0995539915655,1,1.0,30.13,30.0,30.3,66.0,1008.91,2.849,5.162067,91.8,0.0,384.0,3.9737191200256334,11.280323028564451,229.4673614501953,23.87348365783692,0,0,0,1,0,30.0,23.0,66.0,8.0,60.0,8.0,,,3.4,0.0,0.0,2.9,2.4,0.0,0.0,29.06,70.62,1009.568,4.581239223480225,11.96267032623291,2.733333333333333,1.9,3.4,0.7637626158259734,1.3666666666666665,0.0,3.4,1.5731073284002801,1.7333333333333332,0.0,3.4,1.1034704612374222,0.4388888888888889,0.0,28.034444444444446,75.23833333333332,2.46,0.0,5.113247366512523,11.805895076078528,-1.5,1.9,1.0700000000000003,-4.6200000000000045,4.201583385467529,4.066333293914795,,,2.9,0.0,0.003925657295310671,0.003454208007446815,0.0,0.0,0.003170734388531544,0.001585367194265772,0.0009296594087016387,8,3,6,600,750,,3000,,9000,,,,,,,,,,2,2.0,2.0,0.8100370759137264,0.8100370759137264,891.0407835050991,0.002132337862837147,0.0049479166666666664,0.05,0.0,1988.58,10.244200000000001,2.8475941904819697,-0.08948925261358746,-0.22786426544189586,,-0.6075201034545912,-0.6823472976684588,-1.1395282464868894,-0.5255720475140766,3.4,3.4,0.095,0.3000000000000007,0.0,2588.465961670561,8,1,0,600,,6.0,0.003996894445870583,0.0013136525010464767,0.001689339284591829
2021-01-18 10:30:00,2021-01-18 11:30:00,0.0,0.0,0.0,0.49999999999999994,-0.8660254037844387,0.49999999999999994,0.8660254037844387,1,1,0.0,0.0,0.0,0.0,,58.30562405034818,1,1.0,30.37,30.3,30.5,65.39,1008.604,2.735,4.388157,48.2,0.0,555.5,3.2423274517059326,12.225837707519531,223.0901641845703,25.41932487487793,0,0,0,1,0,30.0,23.0,66.0,8.0,60.0,8.0,,,0.0,3.4,0.0,2.0,2.0,0.0,0.0,29.8,66.99,1009.324,4.0187602043151855,12.186909675598145,0.6333333333333333,0.0,1.9,1.0969655114602888,1.3666666666666665,0.0,3.4,1.5731073284002801,1.5111111111111108,0.0,3.4,1.2290067194038725,0.4388888888888889,0.0,28.59722222222222,72.49333333333335,2.6095000000000006,0.0,4.7821082227370315,11.730547680574304,0.0,0.0,0.5700000000000003,-1.5999999999999943,3.5734188556671143,3.9737191200256334,4.201583385467529,11.106776237487791,1.9,0.0,0.0,0.002132337862837147,0.003925657295310671,0.0,0.0007107792876123823,0.001585367194265772,0.0012311058391122581,8,3,6,600,750,,3000,,9000,,,,,,,,,,2,2.0,2.0,0.8508626846744245,0.8508626846744245,935.9489531418669,0.0,0.0,0.0,0.0,1985.8943000000002,10.511057000000001,2.0388768591326283,1.8229663061322523,-0.33109140396118164,-0.9592559337615967,-0.7764327526092529,0.03892803192138672,-1.539780771031099,0.49529002694522717,3.4,3.4,0.0,0.1999999999999993,0.0,2727.464141464443,8,1,0,600,,6.0,0.002132305229221308,0.0013813882829214635,0.0026114561242374297
2021-01-18 11:00:00,2021-01-18 12:00:00,0.0,0.0,0.0,0.258819045102521,-0.9659258262890682,0.49999999999999994,0.8660254037844387,1,1,0.0,0.0,0.0,0.0,,64.18746884970308,1,1.0,31.26,31.0,31.6,64.64,1008.28,2.505,4.618824,107.1,0.0,749.8,2.7936248779296875,12.530213356018066,221.18051147460932,32.56999588012695,0,0,0,1,0,31.0,24.1,67.0,4.0,60.0,8.0,,,0.0,0.0,3.4,1.9,1.5,2.9,0.0,30.13,65.28,1008.984,4.201583385467529,11.106776237487791,0.0,0.0,0.0,0.0,0.31666666666666665,0.0,1.9,0.7756717518813396,1.2388888888888887,0.0,3.4,1.331579729180119,0.38333333333333336,0.0,29.34777777777778,69.38500000000002,2.733888888888889,0.0,4.3057260934044335,11.829198837280273,0.0,-3.4,1.1300000000000026,-0.6400000000000006,2.753938913345337,3.0611767768859863,3.2423274517059326,12.225837707519531,0.0,1.9,0.0,0.0,0.0,0.003925657295310671,0.0,0.00035538964380619115,0.0,7,2,2,600,750,,3000,,9000,,,,,,,,,,1,2.0,2.0,0.9002235605495195,0.9002235605495195,990.2459166044714,0.0,0.0,0.0,0.0,2020.6464,11.053536000000001,2.394261502069817,-0.7365710147069209,0.039685964584350586,-0.4487025737762451,-1.4079585075378418,1.4234371185302752,-1.512101215474746,0.701014518737793,3.4,1.9,-0.16999999999999998,0.6000000000000014,0.0,2771.4389989700567,7,1,0,600,,5.0,-0.0014987653804829047,0.00135665457071912,0.0015235651730212635
2021-01-18 13:10:00,2021-01-18 14:10:00,100.4,100.4,0.09757668611835728,-0.2588190451025208,-0.9659258262890683,0.49999999999999994,0.8660254037844387,1,1,0.0,0.0,0.0,0.0,,69.29202561194764,1,1.0,30.21,30.1,30.3,66.02000000000001,1006.945,2.994,4.731012,276.1,0.0,678.9,4.4951043128967285,11.826251029968262,225.1201934814453,36.11652755737305,0,0,0,1,0,30.2,22.6,64.0,7.0,300.0,8.0,,,0.0,0.0,0.0,0.0,1.9,0.0,0.0,31.02,61.08,1007.283,2.5771875381469727,12.600563049316406,0.0,0.0,0.0,0.0,0.0,0.0,0.0,0.0,0.0,0.0,0.0,0.0,0.0,0.0,30.880555555555564,63.025555555555556,2.5711111111111107,0.0,3.0544922484291925,12.28007173538208,0.0,0.0,-0.8099999999999987,4.940000000000012,4.053823471069336,3.897282361984253,3.3070709705352783,12.106282234191896,0.0,0.0,0.0,0.0,0.0,0.0,0.0,0.0,0.0,7,2,1,600,750,,3000,,9000,,,,,,,,,,2,2.0,2.0,0.935394825378846,0.935394825378846,1028.9343079167306,0.0,0.0,0.0,0.0,1994.4642000000003,10.265357999999997,-2.9770478047348146,0.31815462958068313,0.4412808418273926,1.1880333423614502,1.9179167747497559,-0.7743120193481445,1.440612064467536,-0.45382070541381836,0.0,0.0,0.0,0.1999999999999993,0.0,2662.327920026597,7,1,0,600,,6.0,0.0,0.0,0.0
2021-01-18 13:20:00,2021-01-18 14:20:00,147.1,143.2,0.14444532781723557,-0.2588190451025208,-0.9659258262890683,0.49999999999999994,0.8660254037844387,1,1,3.9,3.9,3.105,0.0,,67.78907675656438,1,1.0,29.92,29.7,30.2,67.59,1006.953,3.227,5.73072,269.8,0.0,682.7,4.84260892868042,11.882262229919434,224.34120178222656,33.75454330444336,0,0,0,1,0,30.2,22.6,64.0,7.0,300.0,8.0,,,0.0,0.0,0.0,0.0,0.0,0.0,0.0,31.04,61.1,1007.163,2.763713836669922,12.225743293762209,1.3,0.0,3.9,2.25166604983954,0.65,0.0,3.9,1.5921683328090657,0.21666666666666667,0.0,3.9,0.9192388155425117,0.21666666666666667,0.1725,30.86222222222223,63.15833333333333,2.6014444444444442,0.0,3.125002808041043,12.292753378550211,3.9,3.9,-1.1199999999999974,6.490000000000002,4.4951043128967285,4.053823471069336,3.897282361984253,11.94719696044922,0.0,0.0,0.0,0.0,0.0,0.0,0.0012765392669096278,0.0006382696334548139,0.0022110308681442033,7,2,1,600,750,,3000,,9000,,,,,,,,,,2,2.0,2.0,0.9257985339371846,0.9257985339371846,1018.378387330903,0.0038296178007288834,0.0057126116888823785,0.195,0.15525,2022.2928000000002,9.697071999999999,-3.2269803400116897,-0.011264332116926875,0.3475046157836914,0.945326566696167,2.078895092010498,-0.3434810638427752,1.7176061206393771,-0.4104911486307774,3.9,3.9,0.195,0.5,0.0,2665.680988551685,7,1,0,600,,6.0,0.0006711040370333273,0.0010378121318334367,0.00021965047039844722
2021-01-18 13:30:00,2021-01-18 14:30:00,161.1,147.4,0.1601495985991973,-0.2588190451025208,-0.9659258262890683,0.49999999999999994,0.8660254037844387,1,1,13.7,13.7,5.283,0.0,,66.13281937184064,1,1.0,29.64,29.4,29.9,68.37,1006.872,4.109,6.578884,271.8,0.0,536.1,4.903186321258545,11.957262992858888,224.0996551513672,33.32568359375,0,0,0,1,0,30.2,22.6,64.0,7.0,300.0,8.0,,,3.9,0.0,0.0,0.0,0.0,0.0,0.0,30.53,63.05,1007.121,3.104197263717652,12.356346130371094,5.866666666666666,0.0,13.7,7.058564537732394,2.933333333333333,0.0,13.7,5.500424226063537,0.9777777777777776,0.0,13.7,3.30499720664749,0.9777777777777776,0.46599999999999997,30.821666666666673,63.32388888888889,2.6777777777777776,0.0,3.21727274523841,12.277832561069065,9.799999999999999,13.7,-0.8900000000000006,5.320000000000007,4.84260892868042,4.4951043128967285,4.053823471069336,11.955891609191896,0.0,0.0,0.0038296178007288834,0.0,0.0,0.0,0.005816265111745141,0.0029081325558725705,0.007023572796866135,7,2,1,600,750,,3000,,9000,,,,,,,,,,2,2.0,2.0,0.9144858728061744,0.9144858728061744,1005.9344600867919,0.013619177534506538,0.025554933781011004,0.6849999999999999,0.26415,2026.4868000000001,9.375131999999999,-4.106972456542791,0.12906680905203133,0.060577392578125,0.849362850189209,1.798989057540893,-0.39908313751220525,1.685913576020135,-0.32056956821017657,13.7,13.7,0.6849999999999999,0.5,0.0,2679.6185132538817,7,1,0,600,,6.0,0.005545144884623958,0.0035304068636176694,0.0015834342938272816
2021-01-18 13:40:00,2021-01-18 14:40:00,178.6,148.7,0.1801081962168944,-0.2588190451025208,-0.9659258262890683,0.49999999999999994,0.8660254037844387,1,1,29.9,29.9,7.551,0.0,,64.3530729781573,1,1.0,29.39,29.3,29.5,69.76,1006.786,3.936,5.799567,271.0,0.0,553.3,5.0005621910095215,11.838641166687012,225.0316925048828,33.84662628173828,0,0,0,1,0,30.2,22.6,64.0,7.0,300.0,8.0,,,13.7,0.0,0.0,0.0,0.0,0.0,0.0,30.27,64.08,1007.056,3.3070709705352783,12.106282234191896,15.833333333333334,3.9,29.9,13.130625778436203,7.916666666666667,0.0,29.9,12.007233930704718,2.638888888888889,0.0,29.9,7.559811613657242,2.638888888888889,0.8855,30.762777777777778,63.59944444444446,2.754111111111111,0.0,3.3250163793563843,12.266655180189344,16.2,29.9,-0.879999999999999,5.680000000000007,4.903186321258545,4.84260892868042,4.4951043128967285,11.826251029968262,3.9,0.0,0.013619177534506538,0.0038296178007288834,0.0,0.0,0.015867095770358695,0.007933547885179347,0.013304633723105613,7,2,1,600,750,,3000,,9000,,,,,,,,,,2,2.0,2.0,0.9014783323248142,0.9014783323248142,991.6261655572956,0.030152491975840662,0.05403939996385325,1.0,0.25254180602006693,2050.2464,8.887535999999999,-3.935400528135556,0.0686926717371464,0.09737586975097656,0.505457878112793,1.6934912204742432,-0.2676410675048846,1.6755458116531372,-0.4280140135023327,29.9,29.9,1.4949999999999999,0.1999999999999993,0.0,2664.0694586975587,7,1,0,600,,6.0,0.01889280987581162,0.007252363365445623,0.005426721709201317
2021-01-18 13:50:00,2021-01-18 14:50:00,205.7,155.79999999999998,0.21087039643364516,-0.2588190451025208,-0.9659258262890683,0.49999999999999994,0.8660254037844387,1,1,49.9,48.5,0.4,11.1,,62.47392822920659,1,1.0,29.5,29.5,29.5,70.06,1006.716,3.887,6.428996,270.5,0.0,540.0,4.767934799194336,11.700567245483398,226.3216094970703,34.70580291748047,0,0,0,1,0,30.2,22.6,64.0,7.0,300.0,8.0,,,29.9,3.9,0.0,0.0,0.0,0.0,0.0,30.29,64.25999999999999,1006.996,3.897282361984253,11.94719696044922,31.166666666666668,13.7,49.9,18.133210783899617,16.233333333333334,0.0,49.9,20.028945720298573,5.411111111111111,0.0,49.9,13.416139923894514,5.333333333333333,0.9077222222222221,30.69055555555556,63.86944444444444,2.8426111111111108,0.0,3.4369050396813288,12.226779884762234,20.0,49.9,-0.7899999999999991,5.800000000000011,5.0005621910095215,4.903186321258545,4.84260892868042,11.882262229919434,13.7,0.0,0.030152491975840662,0.013619177534506538,0.0038296178007288834,0.0,0.03164197893423645,0.01645925910057304,0.01881182259463428,7,2,1,600,750,,3000,,9000,,,,,,,,,,2,2.0,2.0,0.8868006280760395,0.8868006280760395,975.4806908836435,0.05115426729236215,0.09240740740740741,0.9719438877755512,0.008016032064128258,2066.77,8.832299999999998,-3.886851994950434,0.03392004348218011,-0.23262739181518555,-0.07467412948608398,0.870652437210083,-0.2466297149658221,1.3310297595130072,-0.5262126392788353,49.9,49.9,2.495,0.0,0.0,2648.0912110265053,7,1,0,600,,6.0,0.0438309155910234,0.011475868495219213,0.011257511105575099
2021-01-18 14:00:00,2021-01-18 15:00:00,228.7,158.7,0.23884401103321162,-0.4999999999999997,-0.8660254037844388,0.49999999999999994,0.8660254037844387,1,1,70.0,70.0,12.168,0.8,,60.51454270646007,1,1.0,29.66,29.5,29.8,67.61,1006.639,4.203,7.284342,266.7,0.0,755.8,4.6983513832092285,11.257033348083496,229.77735900878903,34.99071502685547,0,0,0,1,0,30.0,22.7,65.0,9.0,270.0,8.0,,,49.9,13.7,0.0,0.0,0.0,0.0,0.0,30.29,64.63,1006.948,4.053823471069336,11.955891609191896,49.93333333333334,29.9,70.0,20.050020781369117,27.900000000000002,0.0,70.0,27.627739683151784,9.3,0.0,70.0,20.190417062965057,9.222222222222221,1.583722222222222,30.60166666666667,64.03444444444443,2.9369444444444444,0.0,3.5427231788635254,12.156047662099203,20.1,70.0,-0.629999999999999,2.980000000000004,4.767934799194336,5.0005621910095215,4.903186321258545,11.957262992858888,29.9,0.0,0.05115426729236215,0.030152491975840662,0.013619177534506538,0.0,0.051470538721706455,0.028643401916725802,0.021477928992132418,7,2,1,600,750,,3000,,9000,,,,,,,,,,2,2.0,2.0,0.8704806539201053,0.8704806539201053,957.5287193121159,0.07310485689691655,0.09261709446943636,1.0,0.17382857142857142,2005.3126,9.606874,-4.196030655228761,-0.24194160531106196,-0.06958341598510742,-0.2048349380493164,0.6445279121398926,-0.6988582611084002,1.1556282043457031,-0.899014314015707,70.0,70.0,3.5,0.3000000000000007,0.0,2586.6113929964918,7,1,0,600,,6.0,0.08010640800622655,0.01530036626115197,0.01756556142962924
2021-01-18 14:10:00,2021-01-18 15:10:00,217.9,117.5,0.23235123074090197,-0.4999999999999997,-0.8660254037844388,0.49999999999999994,0.8660254037844387,1,1,100.4,112.203,14.499,12.2,,58.49005161359503,1,1.0,29.89,29.7,30.0,64.94,1006.607,4.323,6.64817,267.5,0.0,871.0,4.325454711914063,11.04311180114746,231.4036407470703,37.16166305541992,0,0,0,1,0,30.0,22.7,65.0,9.0,270.0,8.0,,,70.0,29.9,0.0,0.0,0.0,0.0,0.0,30.21,66.02000000000001,1006.945,4.4951043128967285,11.826251029968262,73.43333333333334,49.9,100.4,25.4244632850594,44.63333333333333,3.9,100.4,36.371069088860544,14.877777777777778,0.0,100.4,29.28843488991267,15.45572222222222,2.389222222222222,30.521666666666665,64.13944444444445,3.0691111111111113,0.0,3.6219845612843833,12.084339353773329,30.400000000000006,100.4,-0.3200000000000003,-1.0800000000000125,4.6983513832092285,4.767934799194336,5.0005621910095215,11.838641166687012,49.9,3.9,0.07310485689691655,0.05115426729236215,0.030152491975840662,0.0,0.0771058998427878,0.04648649780657325,0.028166099712894962,7,2,1,600,750,,3000,,9000,,,,,,,,,,2,2.0,2.0,0.8525494289797974,0.8525494289797974,937.804371877777,0.10705857533908471,0.11526980482204363,1.1175597609561754,0.14441235059760957,1941.0566,10.479434000000001,-4.318885461898372,-0.18856661158034813,-0.3728966712951651,-0.6751074790954581,-0.16964960098266513,-0.7831392288208026,0.7034701506296801,-1.0412275526258696,100.4,96.5,5.0200000000000005,0.3000000000000007,0.0,2555.416275962459,7,1,0,600,,6.0,0.12615530986979906,0.022132771521282034,0.02324110973511038
2021-01-18 14:20:00,2021-01-18 15:20:00,257.1,110.00000000000003,0.2805711386057551,-0.4999999999999997,-0.8660254037844388,0.49999999999999994,0.8660254037844387,1,1,147.1,133.7,39.7,33.3,,56.41240538751272,1,1.0,30.13,30.0,30.2,64.25999999999999,1006.541,4.096,6.583009,263.6,0.0,911.0,4.09201717376709,10.796948432922363,233.4267578125,38.04230499267578,0,0,0,1,0,30.0,22.7,65.0,9.0,270.0,8.0,,,100.4,49.9,3.9,0.0,0.0,3.9,3.105,29.92,67.59,1006.953,4.84260892868042,11.882262229919434,105.83333333333333,70.0,147.1,38.8361086275818,68.5,13.7,147.1,49.06481427662801,23.049999999999997,0.0,147.1,42.45554422327098,22.883499999999998,4.594777777777778,30.433333333333337,64.34444444444445,3.1709444444444452,0.0,3.693305770556132,11.994963910844591,46.69999999999999,143.2,0.2099999999999973,-3.3300000000000125,4.325454711914063,4.6983513832092285,4.767934799194336,11.700567245483398,70.0,13.7,0.10705857533908471,0.07310485689691655,0.05115426729236215,0.0038296178007288834,0.1135641552142908,0.07260306707426363,0.044073672262989826,7,2,1,600,750,,3000,,9000,,,,,,,,,,2,2.0,2.0,0.8330410386782331,0.8330410386782331,916.3451425460564,0.16052903340687114,0.16147091108671788,0.9089055064581917,0.26988443235893955,1936.1537999999996,10.768462000000001,-4.070473396881804,-0.4565767463171069,-0.23343753814697354,-0.6759176254272461,-0.7505917549133301,-1.0853137969970703,0.398711403210958,-1.1980154779222278,147.1,133.4,7.159999999999999,0.1999999999999993,0.0,2520.29666696582,7,1,0,600,,6.0,0.18949106937391738,0.03357213390344987,0.032182113342197956
2021-01-18 14:30:00,2021-01-18 15:30:00,292.3,131.20000000000002,0.3272533303432482,-0.4999999999999997,-0.8660254037844388,0.49999999999999994,0.8660254037844387,1,1,161.1,112.32,19.161,21.6,,54.291070237720845,1,1.0,30.04,29.9,30.2,66.45,1006.444,3.619,6.198427,265.9,0.0,829.0,4.554522514343262,10.642017364501951,234.2931365966797,37.791107177734375,0,0,0,1,0,30.0,22.7,65.0,9.0,270.0,8.0,,,147.1,70.0,13.7,0.0,0.0,13.7,5.283,29.64,68.37,1006.872,4.903186321258545,11.957262992858888,136.20000000000002,100.4,161.1,31.784115529616358,93.06666666666666,29.9,161.1,52.89115868145325,32.0,0.0,161.1,52.98540309534759,29.123499999999996,5.659277777777778,30.34111111111111,64.72444444444444,3.230555555555556,0.0,3.795447720421685,11.890112717946371,14.0,147.4,0.3999999999999986,-1.9200000000000017,4.09201717376709,4.325454711914063,4.6983513832092285,11.257033348083496,100.4,29.9,0.16052903340687114,0.10705857533908471,0.07310485689691655,0.013619177534506538,0.1493173332817199,0.10039393600171316,0.03791717712114616,7,2,1,600,750,,3000,,9000,,,,,,,,,,2,2.0,2.0,0.8119925699413288,0.8119925699413288,893.1918269354617,0.18036439109920382,0.19433051869722556,0.6972067039106145,0.11893854748603354,1996.1580000000001,10.07842,-3.6097381934270865,-0.25874925103999097,0.4625053405761719,-0.1438288688659668,-0.3486638069152832,-1.3152456283569371,0.7590747939215765,-1.2480953534444197,161.1,131.2,7.37,0.3000000000000007,0.0,2493.351628045493,7,1,0,600,,6.0,0.2719029184832097,0.03415334908833885,0.048086767668005855
2021-01-18 14:40:00,2021-01-18 15:40:00,306.0,127.4,0.3523768675729612,-0.4999999999999997,-0.8660254037844388,0.49999999999999994,0.8660254037844387,1,1,178.6,176.8,1.2,38.2,,52.133586549457625,1,1.0,30.13,29.9,30.3,67.65,1006.359,3.139,4.839614,266.3,0.0,676.2,4.858973979949951,10.802659034729004,233.3247833251953,35.46036911010742,0,0,0,1,0,30.0,22.7,65.0,9.0,270.0,8.0,,,161.1,100.4,29.9,0.0,0.0,29.9,7.551,29.39,69.76,1006.786,5.0005621910095215,11.838641166687012,162.26666666666665,147.1,178.6,15.782374134880135,117.85000000000001,49.9,178.6,52.20730791757031,41.922222222222224,0.0,178.6,62.50748242792317,38.945722222222216,5.725944444444445,30.244444444444444,65.15444444444444,3.300555555555556,0.0,3.930103686120775,11.779950247870552,17.5,148.7,0.7399999999999984,-2.1099999999999994,4.554522514343262,4.09201717376709,4.325454711914063,11.04311180114746,147.1,49.9,0.18036439109920382,0.16052903340687114,0.10705857533908471,0.030152491975840662,0.18218725103201505,0.1296465754374014,0.02262478963786676,7,2,1,600,750,,3000,,9000,,,,,,,,,,2,2.0,2.0,0.7894440406881118,0.7894440406881118,868.388444756923,0.20566832858997017,0.264123040520556,0.9899216125419934,0.006718924972004479,2038.2945000000002,9.747054999999998,-3.13245712575637,-0.20256691560603418,0.30445146560668945,0.5335192680358878,-0.1415882110595703,-1.0359821319580078,0.928870293829176,-0.9772912131415481,178.6,128.7,4.973244147157191,0.40000000000000213,0.0,2520.5280786141084,7,1,0,600,,6.0,0.3447132537139314,0.037154154043629824,0.05510558311338859
2021-01-18 14:50:00,2021-01-18 15:50:00,328.1,122.40000000000003,0.3896757165413406,-0.4999999999999997,-0.8660254037844388,0.49999999999999994,0.8660254037844387,1,1,205.7,112.608,23.823,2.4,,49.946003010229724,1,1.0,29.55,29.4,29.9,69.11,1006.294,3.392,5.461008,270.0,0.0,483.9,5.931366920471191,10.95388889312744,232.69076538085932,36.08080291748047,0,0,0,1,0,30.0,22.7,65.0,9.0,270.0,8.0,,,178.6,147.1,49.9,0.0,0.0,48.5,0.4,29.5,70.06,1006.716,4.767934799194336,11.700567245483398,181.79999999999998,161.1,205.7,22.471537553091466,143.8166666666667,70.0,205.7,50.364329308218394,53.349999999999994,0.0,205.7,72.41105903512415,45.201722222222216,7.049444444444445,30.140555555555554,65.64722222222223,3.3576666666666677,0.0,4.135020891825358,11.692690054575602,27.099999999999994,155.79999999999998,0.05000000000000071,-0.9500000000000028,4.858973979949951,4.554522514343262,4.09201717376709,10.796948432922363,161.1,70.0,0.20566832858997017,0.18036439109920382,0.16052903340687114,0.05115426729236215,0.21011239482126562,0.16183827501777817,0.032200862549093434,7,2,1,600,750,,3000,,9000,,,,,,,,,,2,2.0,2.0,0.765438323742926,0.765438323742926,841.9821561172186,0.2443044647746228,0.42508782806364953,0.5474380165289257,0.11581429265921245,2042.2005,9.127995,-3.392,-6.231002914061732e-16,1.0723929405212402,1.8393497467041016,1.1634321212768555,-0.7466783523559588,1.796346028645833,-0.738801161448162,205.7,135.7,3.1222444889779557,0.5,0.0,2548.868790438718,7,1,0,600,,6.0,0.4141838407054932,0.045344217136797135,0.05782730058511485
2021-01-18 15:00:00,2021-01-18 16:00:00,350.1,121.40000000000003,0.4300860369935428,-0.7071067811865471,-0.7071067811865479,0.49999999999999994,0.8660254037844387,1,1,228.7,112.815,26.145,1.6,,47.733210042724856,1,1.0,29.9,29.5,30.3,70.18,1006.245,2.952,4.904958,263.2,0.0,773.7,8.535412788391113,11.387945175170898,229.87843322753903,32.99235916137695,0,0,0,1,0,30.1,24.0,70.0,6.0,280.0,8.0,,,205.7,161.1,70.0,0.0,0.0,70.0,12.168,29.66,67.61,1006.639,4.6983513832092285,11.257033348083496,204.33333333333334,178.6,228.7,25.077945157714453,170.26666666666668,100.4,228.7,45.258133707286994,66.05555555555556,0.0,228.7,81.9371295727058,51.469222222222214,8.501944444444446,30.077777777777776,66.12222222222222,3.3577777777777786,0.0,4.483820637067159,11.626700666215685,23.0,158.7,0.23999999999999844,2.5700000000000074,5.931366920471191,4.858973979949951,4.554522514343262,10.642017364501951,178.6,100.4,0.2443044647746228,0.20566832858997017,0.18036439109920382,0.07310485689691655,0.24364100887114848,0.1964791710764342,0.03764533732840167,7,2,2,600,750,,3000,,9000,,,,,,,,,,2,2.0,2.0,0.7400210653142076,0.7400210653142076,814.0231718456284,0.28095023324885243,0.29559260695359957,0.49328815041539137,0.11432006996064714,2098.382,8.916179999999997,-2.931234179930497,-0.3495285144407905,2.604045867919922,3.9808902740478516,3.8370614051818848,0.13091182708740234,4.051592151323955,-0.23875549104478644,228.7,128.29999999999998,2.267142857142857,0.8000000000000007,0.0,2617.8429945493986,7,1,0,600,,6.0,0.48865836315017885,0.05146869429537058,0.06766147968206442
2021-01-18 15:10:00,2021-01-18 16:10:00,370.7,152.79999999999998,0.4724913316108594,-0.7071067811865471,-0.7071067811865479,0.49999999999999994,0.8660254037844387,1,1,217.9,113.067,28.476,1.6,,45.49919473976475,1,1.0,30.09,29.8,30.4,69.08,1006.253,3.05,4.914775,267.5,0.0,614.2,10.322086334228516,11.79978370666504,227.1597442626953,32.428585052490234,0,0,0,0,1,30.1,24.0,70.0,6.0,280.0,8.0,,,228.7,178.6,100.4,0.0,0.0,112.203,14.499,29.89,64.94,1006.607,4.325454711914063,11.04311180114746,217.4333333333333,205.7,228.7,11.507099257994316,189.85000000000002,147.1,228.7,32.64363643958803,78.16111111111111,0.0,228.7,87.51080026715955,57.750722222222215,10.083944444444446,30.026111111111113,66.56666666666666,3.3857222222222227,0.0,4.914092792405023,11.582212924957275,-10.799999999999983,117.5,0.1999999999999993,4.140000000000001,8.535412788391113,5.931366920471191,4.858973979949951,10.802659034729004,205.7,147.1,0.28095023324885243,0.2443044647746228,0.20566832858997017,0.10705857533908471,0.26766278006951577,0.22492501555076547,0.020292727381493642,7,2,2,600,750,,3000,,9000,,,,,,,,,,2,2.0,2.0,0.7132405981948275,0.7132405981948275,784.5646580143103,0.2777336421850722,0.35477043308368605,0.518893988067921,0.13068379990821477,2078.6172,9.303828000000001,-3.047097075824666,-0.1330391314642752,1.7866735458374023,5.4631123542785645,5.996631622314452,0.7566719055175817,5.407993541823493,0.21757078170776545,228.7,81.6,1.1703187250996014,0.5999999999999979,0.0,2680.4358491611497,7,1,0,600,,6.0,0.5571424577341262,0.04667726384987811,0.08034695646762169
2021-01-18 15:20:00,2021-01-18 16:20:00,406.5,149.39999999999998,0.5393659990713896,-0.7071067811865471,-0.7071067811865479,0.49999999999999994,0.8660254037844387,1,1,257.1,113.373,30.798,12.2,,43.24723581054645,1,1.0,29.67,29.5,29.8,69.6,1006.264,3.198,5.638909,265.9,0.0,496.1,12.728707313537598,12.340250968933104,223.3074951171875,28.825040817260746,0,0,0,0,1,30.1,24.0,70.0,6.0,280.0,8.0,,,217.9,205.7,147.1,3.9,0.0,133.7,39.7,30.13,64.25999999999999,1006.541,4.09201717376709,10.796948432922363,234.5666666666667,217.9,257.1,20.247798234211377,208.1833333333333,161.1,257.1,34.65939507069719,92.44444444444444,0.0,257.1,94.6902394014742,64.04922222222223,11.794944444444447,29.949999999999996,67.03888888888888,3.425444444444445,0.0,5.467703541119893,11.58857446246677,39.20000000000002,110.00000000000003,-0.4599999999999973,5.340000000000003,10.322086334228516,8.535412788391113,5.931366920471191,10.95388889312744,228.7,161.1,0.2777336421850722,0.28095023324885243,0.2443044647746228,0.16052903340687114,0.2999393142477611,0.2550258545345134,0.03571193602106161,7,2,2,600,750,,3000,,9000,,,,,,,,,,2,2.0,2.0,0.6851478498490635,0.6851478498490635,753.6626348339698,0.34113406730935864,0.5182422898609151,0.4409684947491248,0.11978996499416568,2065.032,9.019680000000001,-3.1898156238131588,-0.22864882697593011,2.406620979309082,6.797340393066406,8.636690139770508,1.5433025360107404,7.261003772417705,0.7516765064663335,257.1,96.00000000000003,0.7477906186267848,0.3000000000000007,0.0,2755.6705329898973,7,1,0,600,,6.0,0.6098504971108571,0.062169006458050256,0.07997179200767159
2021-01-18 15:30:00,2021-01-18 16:30:00,548.9,256.59999999999997,0.7609070704165761,-0.7071067811865471,-0.7071067811865479,0.49999999999999994,0.8660254037844387,1,1,292.3,113.733,33.111,9.8,,40.98005311684639,1,1.0,29.5,29.4,29.6,71.28,1006.299,3.342,5.434678,265.1,0.0,442.1,16.423246383666992,12.68539333343506,220.76596069335932,26.915477752685547,0,0,0,0,1,30.1,24.0,70.0,6.0,280.0,8.0,,,257.1,228.7,161.1,13.7,0.0,112.32,19.161,30.04,66.45,1006.444,4.554522514343262,10.642017364501951,255.76666666666665,217.9,292.3,37.21791683226419,230.04999999999998,178.6,292.3,39.99058639229988,108.68333333333334,0.0,292.3,102.63463037854804,70.36772222222221,13.634444444444446,29.892777777777773,67.4961111111111,3.426944444444445,0.0,6.207650714450413,11.60685486263699,35.19999999999999,131.20000000000002,-0.5399999999999991,4.829999999999998,12.728707313537598,10.322086334228516,8.535412788391113,11.387945175170898,217.9,178.6,0.34113406730935864,0.2777336421850722,0.28095023324885243,0.18036439109920382,0.34135520885665777,0.2924981088639031,0.06373242519335268,7,2,2,600,750,,3000,,9000,,,,,,,,,,2,2.0,2.0,0.6557962455609867,0.6557962455609867,721.3758701170854,0.4051979170755424,0.6611626328884868,0.3890968183373247,0.11327745466985972,2102.76,8.4724,-3.32978597987001,-0.28546335712507975,3.6945390701293945,7.887833595275879,11.86872386932373,2.043375968933109,10.21559566921658,1.0785384707980707,292.3,113.70000000000002,0.814400993171943,0.20000000000000284,0.0,2800.5030460289267,7,1,0,600,,6.0,0.6951883701236752,0.07678755613935483,0.09169860544384842
2021-01-18 15:40:00,2021-01-18 16:40:00,461.3,155.3,0.6707225363501793,-0.7071067811865471,-0.7071067811865479,0.49999999999999994,0.8660254037844387,1,1,306.0,114.156,35.424,28.3,,38.69992294981896,1,1.0,29.44,29.4,29.5,72.46,1006.298,2.803,4.766699,261.1,0.0,374.7,17.368244171142578,12.993123054504396,218.6878967285156,25.354246139526367,0,0,0,0,1,30.1,24.0,70.0,6.0,280.0,8.0,,,292.3,217.9,178.6,29.9,0.0,176.8,1.2,30.13,67.65,1006.359,4.858973979949951,10.802659034729004,285.1333333333334,257.1,306.0,25.22545011161013,251.28333333333333,205.7,306.0,41.01806512582798,125.68333333333334,0.0,306.0,108.7348488431431,76.70972222222221,15.602444444444444,29.846666666666668,67.96166666666666,3.4336111111111105,0.0,6.98882700337304,11.656123797098795,13.699999999999989,127.4,-0.6899999999999977,4.809999999999988,16.423246383666992,12.728707313537598,10.322086334228516,11.79978370666504,257.1,205.7,0.4051979170755424,0.34113406730935864,0.2777336421850722,0.20566832858997017,0.39708363358617654,0.33237320682784616,0.052366066505253904,7,2,2,600,750,,3000,,9000,,,,,,,,,,2,2.0,2.0,0.6252416068284452,0.6252416068284452,687.7657675112897,0.4449189163736286,0.8166533226581265,0.3730588235294118,0.11576470588235294,2133.2224,8.107776000000003,-2.769251503751598,-0.43365321279740743,0.9449977874755859,7.0461578369140625,12.509270191192627,2.1904640197753924,10.379417167769539,1.3369992574056013,306.0,100.30000000000001,0.7133258678611423,0.10000000000000142,0.0,2841.4387527243525,7,1,0,600,,6.0,0.8015753549866091,0.07927476858652178,0.11764830049590884
2021-01-18 15:50:00,2021-01-18 16:50:00,427.5,99.39999999999998,0.6547747826493115,-0.7071067811865471,-0.7071067811865479,0.49999999999999994,0.8660254037844387,1,1,328.1,114.651,37.728,73.5,,36.40876744939494,1,1.0,29.12,28.9,29.4,73.46,1006.317,3.593,5.498093,265.1,0.0,261.9,19.431171417236328,13.157198905944824,217.32862854003903,24.400728225708008,0,0,0,0,1,30.1,24.0,70.0,6.0,280.0,8.0,,,306.0,257.1,205.7,49.9,0.0,112.608,23.823,29.55,69.11,1006.294,5.931366920471191,10.95388889312744,308.8,292.3,328.1,18.063499107315856,271.68333333333334,217.9,328.1,44.13254656901939,143.91111111111113,0.0,328.1,113.80871924050194,83.07922222222221,17.698444444444444,29.78166666666667,68.4727777777778,3.488888888888889,0.0,7.851820839775933,11.723346127404106,22.100000000000023,122.40000000000003,-0.4299999999999997,4.349999999999994,17.368244171142578,16.423246383666992,12.728707313537598,12.340250968933104,292.3,228.7,0.4449189163736286,0.4051979170755424,0.34113406730935864,0.2443044647746228,0.4508823021339257,0.37541080819084344,0.04893933611333366,7,2,2,600,750,,3000,,9000,,,,,,,,,,2,2.0,2.0,0.5935420451958853,0.5935420451958853,652.8962497154738,0.5025300729526062,1.2527682321496756,0.34943919536726603,0.11498933252057299,2139.1551999999997,7.728448000000002,-3.579868649213927,-0.30690300483255883,2.06292724609375,6.7024641036987305,13.499804496765137,2.2033100128173846,11.579350577460396,1.433852778540718,328.1,110.20000000000002,0.5950413223140498,0.5,0.0,2859.4359936574906,7,1,0,600,,6.0,0.9091118946914505,0.0907827376059973,0.1329089267879668
2021-01-18 16:00:00,2021-01-18 17:00:00,376.5,26.399999999999977,0.610375273780016,-0.8660254037844384,-0.5000000000000004,0.49999999999999994,0.8660254037844387,1,1,350.1,115.209,40.023,104.9,,34.10822445488173,1,1.0,28.9,28.9,28.9,75.46,1006.276,2.618,4.949648,274.1,0.0,217.7,19.1277084350586,13.368744850158691,215.7830047607422,23.33376121520996,0,0,0,0,1,29.2,23.9,73.0,7.0,270.0,7.0,,,328.1,292.3,228.7,70.0,0.0,112.815,26.145,29.9,70.18,1006.245,8.535412788391113,11.387945175170898,328.06666666666666,306.0,350.1,22.05001889643939,291.9166666666667,217.9,350.1,48.1325011470074,163.36111111111111,0.0,350.1,117.61983195567424,89.47972222222222,19.921944444444446,29.704444444444448,69.07444444444445,3.471166666666667,0.0,8.689258893330893,11.801837974124485,22.0,121.40000000000003,-1.0,5.279999999999987,19.431171417236328,17.368244171142578,16.423246383666992,12.68539333343506,306.0,217.9,0.5025300729526062,0.4449189163736286,0.4051979170755424,0.28095023324885243,0.5050083469072253,0.42318177788194156,0.06136611095943267,7,3,2,450,600,,3000,,9000,,,,,,,,,,2,2.0,2.0,0.5607578517279274,0.5607578517279274,616.8336369007201,0.5675760513954412,1.6081763895268721,0.3290745501285347,0.11431876606683805,2180.794,7.092060000000001,-2.6112999697132113,0.18718030926297352,-0.30346298217772727,2.7044620513916087,10.592295646667488,1.980799674987793,10.438449541727708,1.5669068760342064,350.1,132.20000000000002,0.530826410144294,0.0,0.0,2884.7479336469405,7,1,0,450,,6.0,1.0333967310304715,0.10194708496440961,0.14460418813871737
2021-01-18 16:10:00,2021-01-18 17:10:00,393.2,22.5,0.6783444496745608,-0.8660254037844384,-0.5000000000000004,0.49999999999999994,0.8660254037844387,1,1,370.7,115.857,42.309,88.0,,31.79970248574212,1,1.0,28.85,28.8,28.9,76.32,1006.257,2.038,3.261103,280.6,0.0,177.6,20.669214248657227,13.5089750289917,214.6219024658203,22.320348739624023,0,0,0,0,1,29.2,23.9,73.0,7.0,270.0,7.0,,,350.1,306.0,217.9,100.4,0.0,113.067,28.476,30.09,69.08,1006.253,10.322086334228516,11.79978370666504,349.6333333333334,328.1,370.7,21.303833770787193,317.3833333333333,257.1,370.7,41.038343858721504,183.95555555555555,3.9,370.7,119.76777147867168,95.91622222222222,22.272444444444446,29.628888888888884,69.64666666666668,3.4180555555555556,0.0,9.587820556428698,11.895322640736898,20.599999999999966,152.79999999999998,-1.2399999999999984,7.239999999999995,19.1277084350586,19.431171417236328,17.368244171142578,12.993123054504396,328.1,257.1,0.5675760513954412,0.5025300729526062,0.4449189163736286,0.2777336421850722,0.5698779379349034,0.48348078576053993,0.0685278099984126,7,3,2,450,600,,3000,,9000,,,,,,,,,,2,2.0,2.0,0.5269513823339103,0.5269513823339103,579.6465205673013,0.6395276894566625,2.087274774774775,0.3125357431885622,0.114132721877529,2201.832,6.831680000000002,-2.003222241566791,0.3748928525487251,1.5415058135986257,3.3009700775146484,10.347127914428711,1.7091913223266584,11.081393692228529,1.6136523882548008,366.8,113.59999999999997,0.7012391005048186,0.09999999999999787,0.0,2899.3219210854586,7,1,0,450,,6.0,1.165444648633602,0.11512773784629024,0.16115053305302804
2021-01-18 16:20:00,2021-01-18 17:20:00,479.4,72.89999999999998,0.8854728704516727,-0.8660254037844384,-0.5000000000000004,0.49999999999999994,0.8660254037844387,1,1,406.5,115.956,44.613,216.6,,29.48442436920414,1,1.0,28.77,28.7,28.8,76.89,1006.431,1.562,2.55045,282.5,0.0,140.4,17.515392303466797,13.297451972961426,215.6037139892578,23.086694717407227,0,0,0,0,1,29.2,23.9,73.0,7.0,270.0,7.0,,,370.7,328.1,257.1,147.1,3.9,113.373,30.798,29.67,69.6,1006.264,12.728707313537598,12.340250968933104,375.76666666666665,350.1,406.5,28.539329588014745,342.2833333333333,292.3,406.5,42.44612663914892,206.32222222222222,13.7,406.5,121.74095717380726,102.14155555555556,24.578444444444443,29.564999999999998,70.16333333333336,3.325555555555555,0.0,10.291864077250162,11.97394429312812,35.80000000000001,149.39999999999998,-0.9000000000000021,7.290000000000006,20.669214248657227,19.1277084350586,19.431171417236328,13.157198905944824,350.1,292.3,0.6395276894566625,0.5675760513954412,0.5025300729526062,0.34113406730935864,0.6526423690746096,0.5517623356042677,0.0923249193209254,7,3,2,450,600,,3000,,9000,,,,,,,,,,2,2.0,2.0,0.49218693916152895,0.49218693916152895,541.4056330776818,0.750823366371725,2.8952991452991452,0.28525461254612544,0.10974907749077491,2212.1253,6.648746999999999,-1.5249743631213362,0.33807867697131605,-3.1538219451904297,-1.9157791137695312,4.786684989929199,0.9572010040283221,7.223528226216635,1.3235076798333054,392.8,114.19999999999999,0.5810968494749124,0.10000000000000142,0.0,2866.9800319642673,7,1,0,450,,6.0,1.3146618135538564,0.13502005771982525,0.18236483642289505
2021-01-18 16:30:00,2021-01-18 17:30:00,458.093467323269,-90.80653267673097,0.9122029555339082,-0.8660254037844384,-0.5000000000000004,0.49999999999999994,0.8660254037844387,1,1,548.9,441.7,140.3,126.6,,27.163462156274004,1,1.0,28.71,28.7,28.8,77.83,1006.654,1.5,2.531257,286.1,0.0,112.5,19.07295608520508,13.07140064239502,216.7206115722656,23.094432830810547,0,0,0,0,1,29.2,23.9,73.0,7.0,270.0,7.0,,,406.5,350.1,292.3,161.1,13.7,113.733,33.111,29.5,71.28,1006.299,16.423246383666992,12.68539333343506,442.0333333333333,370.7,548.9,94.26437998169472,385.05,306.0,548.9,87.43746908505527,236.05555555555551,29.9,548.9,136.4028558534143,125.91933333333333,32.07938888888889,29.513333333333335,70.6888888888889,3.1806111111111104,0.0,11.079073508580526,12.03584082921346,142.39999999999998,256.59999999999997,-0.7899999999999991,6.549999999999997,17.515392303466797,20.669214248657227,19.1277084350586,13.368744850158691,370.7,306.0,0.750823366371725,0.6395276894566625,0.5675760513954412,0.4051979170755424,0.8277924480498774,0.6664003974785514,0.23634386906331709,7,3,2,450,600,,3000,,9000,,,,,,,,,,2,2.0,2.0,0.4565306482851416,0.4565306482851416,502.18371311365576,1.0930262883212447,4.8791111111111105,0.8047003097103298,0.25560211331754423,2234.4993,6.365007,-1.4411687312363912,0.41597197995356683,1.5575637817382848,-0.05475234985351918,2.6497097015380895,0.38600730895995916,7.993882576624555,1.0355598131815587,519.0,242.89999999999998,0.8778652069791308,0.10000000000000142,0.0,2832.841941325954,7,1,0,450,,6.0,1.546484943497396,0.21573437441325527,0.21420541059726156
2021-01-19 16:00:00,2021-01-19 17:00:00,314.4,-258.70000000000005,0.5082844220329317,-0.8660254037844384,-0.5000000000000004,0.49999999999999994,0.8660254037844387,1,1,573.1,212.0,547.1,129.5,,34.21635067285272,1,1.0,29.48,29.3,29.6,72.91,1005.975,2.842,4.379704,259.4,0.2,369.9,4.597999572753906,10.070184707641602,239.06414794921875,40.84557723999024,0,0,0,1,0,29.8,24.1,72.0,6.0,280.0,7.0,,,573.6566849152518,670.7544077261733,770.5446153317357,1023.5658952180454,1001.6301120173722,475.24629495650373,398.19677495662484,29.7,71.76,1006.1,3.214444875717163,6.848778247833252,594.1302673150453,573.1,635.6341170298841,35.94446592158051,654.8600375782224,573.1,765.4780236903437,76.46857834301237,809.6060243988624,573.1,1023.5658952180454,144.4878012850749,452.17703057325815,449.6459126946907,29.768333333333334,70.405,3.2129999999999996,3.600000000000001,2.7426798343658447,8.601937161551582,-0.5566849152518216,-197.4446153317357,-0.21999999999999886,1.1499999999999915,3.077916622161865,3.2768750190734863,3.682000160217285,9.627079010009766,635.6341170298841,765.4780236903437,0.8763139945808172,0.9218755961822127,0.9275913323875986,0.9445867869094275,0.9082364393585345,0.9277387771390494,0.027742996394203818,4,2,2,600,750,,3000,,9000,,,,,,,,,,2,1.0,1.0,0.5623193814892554,0.5623193814892554,618.551319638181,0.9265197273125736,1.54933765882671,0.36991798987960217,0.9546326993543884,2149.3867999999998,7.986132000000001,-2.793502262283033,-0.5227897384413512,1.5200829505920415,0.9159994125366211,1.3835546970367432,3.2214064598083496,1.8553197383880615,1.4682475460900193,450.4658952180454,192.37802369034364,-0.25624034144568203,0.3000000000000007,0.0,2407.420126823592,4,1,0,600,,4.0,1.8218430814185318,0.03879082273894284,0.07761348891818938
2021-01-19 16:10:00,2021-01-19 17:10:00,323.7,103.79999999999998,0.556807636334982,-0.8660254037844384,-0.5000000000000004,0.49999999999999994,0.8660254037844387,1,1,219.9,114.93,42.3,219.9,,31.904148632696742,1,1.0,29.4,29.4,29.5,72.37,1005.885,3.062,4.755721,263.4,0.2,458.4,4.992461204528809,9.169692993164062,245.7027587890625,42.62052154541016,0,0,0,1,0,29.8,24.1,72.0,6.0,280.0,7.0,,,573.1,635.6341170298841,765.4780236903437,940.4048367856442,920.7835056640929,474.59868444136583,406.9289465833344,29.85,71.64,1005.994,2.1906449794769287,7.642580986022949,455.55222830508393,219.9,573.6566849152518,204.08100598386727,563.930366963165,219.9,710.5369921076813,176.96433698266856,770.6680518619683,219.9,1023.5658952180454,197.48508512856782,428.9040987835853,429.04553643821856,29.761111111111113,70.54444444444445,3.175611111111111,3.600000000000001,2.926637225680881,8.642404476801554,-353.20000000000005,-545.5780236903437,-0.45000000000000284,0.730000000000004,4.597999572753906,3.077916622161865,3.2768750190734863,10.178187370300291,573.6566849152518,710.5369921076813,0.9265197273125736,0.8763139945808172,0.9218755961822127,0.9735219565525143,0.7270304551611092,0.8285280583119531,0.3030874617469825,4,2,2,600,750,,3000,,9000,,,,,,,,,,2,1.0,1.0,0.5284998050847302,0.5284998050847302,581.3497855932031,0.3782576435899368,0.4797120418848168,0.5226466575716234,0.1923601637107776,2127.678,8.123219999999998,-3.041707408268414,-0.35193755480915795,0.39446163177490234,1.7155861854553223,2.80181622505188,1.5271120071411133,2.0658239788479276,0.5272885163625087,803.6658952180454,490.6369921076813,-0.7127285262353196,0.10000000000000142,0.0,2253.018865669146,4,1,0,600,,4.0,1.7296808301606625,0.14565544658502294,0.045920932618712586
2021-01-19 16:20:00,2021-01-19 17:20:00,345.2,-297.59999999999997,0.635621218925364,-0.8660254037844384,-0.5000000000000004,0.49999999999999994,0.8660254037844387,1,1,642.8,232.6,553.0,142.6,,29.585305761249053,1,1.0,29.42,29.3,29.6,73.1,1005.916,2.773,4.969475,261.2,0.2,436.7,3.69944429397583,9.056792259216309,247.04763793945312,44.17283248901367,0,0,0,1,0,29.8,24.1,72.0,6.0,280.0,7.0,,,219.9,573.6566849152518,710.5369921076813,936.8411431090739,919.9491513288485,419.4786932370582,423.8338079043103,29.74,72.22,1005.902,3.240262985229492,8.999711990356445,478.59999999999997,219.9,642.8,226.73506566034288,552.6408682785515,219.9,670.7544077261733,167.65684156298445,755.2708767881434,219.9,1023.5658952180454,195.959806569733,418.8894156802803,429.3814341085349,29.756666666666668,70.70555555555555,3.160833333333333,3.600000000000001,3.03923597600725,8.662917958365547,422.9,-67.73699210768132,-0.31999999999999673,0.8799999999999955,4.992461204528809,4.597999572753906,3.077916622161865,10.16082000732422,573.1,670.7544077261733,0.37825764358993674,0.9265197273125736,0.8763139945808172,0.9406100558185798,0.8294577713024051,0.869025706176307,0.4113492574497461,4,2,2,600,750,,3000,,9000,,,,,,,,,,2,1.0,1.0,0.4937188571972941,0.4937188571972941,543.0907429170235,1.1835959430047045,1.4719487062056331,0.36185438705662726,0.8602986932171749,2150.602,7.913980000000002,-2.740357301751291,-0.42422972401563863,-1.2930169105529785,0.6215276718139653,0.4591813087463379,0.05708026885986328,0.6602083179685803,0.39387430085076147,803.6658952180454,450.85440772617335,-0.09533211199427015,0.3000000000000007,0.0,2237.4591349477123,4,1,0,600,,4.0,1.4150905314184554,0.1272828717734459,0.1774941912760956
2021-01-19 16:30:00,2021-01-19 17:30:00,333.4,-324.4,0.661708857990465,-0.8660254037844384,-0.5000000000000004,0.49999999999999994,0.8660254037844387,1,1,657.8,251.2,523.9,145.0,,27.260878180224047,1,1.0,29.63,29.5,29.7,72.38,1005.968,3.058,5.386504,263.7,0.2,504.4,4.068077087402344,8.70028305053711,249.4933624267578,49.00205612182617,0,0,0,1,0,29.8,24.1,72.0,6.0,280.0,7.0,,,642.8,573.1,670.7544077261733,848.3315623737305,969.6129512371778,402.1437219080811,408.6101189790381,29.91,71.69,1005.897,3.682000160217285,9.627079010009766,506.8333333333333,219.9,657.8,248.60471301512632,550.4818003241894,219.9,657.8,165.90584555786637,737.9479350527446,219.9,1023.5658952180454,189.5754867189743,405.07955962930623,429.9862435449998,29.721666666666675,70.8722222222222,3.1655555555555552,3.600000000000001,3.1422357294294567,8.728346321317884,15.0,-12.954407726173372,-0.28000000000000114,0.6899999999999977,3.69944429397583,4.992461204528809,4.597999572753906,10.070184707641602,219.9,635.6341170298841,1.1835959430047045,0.37825764358993674,0.9265197273125736,0.9275913323875986,0.9558029119743864,0.9320196756664604,0.5038724191466855,4,2,2,600,750,,3000,,9000,,,,,,,,,,2,1.0,1.0,0.4580426957126763,0.4580426957126763,503.8469652839439,1.3055551493285178,1.3041237113402062,0.38187899057464275,0.7964426877470356,2144.6193999999996,8.183806,-3.039532601781939,-0.33556752331641776,0.36863279342651367,-0.5299224853515625,0.3860769271850586,-0.9267959594726562,0.925841357972887,-0.028063270780775085,803.6658952180454,437.9,-0.019313190605915243,0.1999999999999993,0.0,2170.662872343033,4,1,0,600,,4.0,1.7734805418977624,0.21904056466278504,0.07882105400976584
2021-01-19 16:50:00,2021-01-19 17:50:00,254.1,-317.5,0.6011276883811993,-0.8660254037844384,-0.5000000000000004,0.49999999999999994,0.8660254037844387,1,1,571.6,302.6,305.8,124.7,,22.59890987831802,1,1.0,29.63,29.5,29.9,72.46,1006.095,3.015,6.495256,265.8,0.2,376.1,2.780799865722656,8.093240737915039,253.8402557373047,52.8001594543457,0,0,0,1,0,29.8,24.1,72.0,6.0,280.0,7.0,,,277.7,642.8,573.6566849152518,723.5620925693265,923.5171949562429,334.10067589806226,402.53851751169816,29.76,71.6,1005.98,3.077916622161865,10.16082000732422,502.3666666666666,277.7,657.8,199.2835751719979,490.4833333333333,219.9,657.8,191.3597388863882,680.9271289883309,219.9,1023.5658952180454,204.59633066167208,378.42065695636626,389.1722565722713,29.691176470588236,71.21470588235294,3.140470588235294,3.400000000000001,3.200604875882467,8.671634700563219,293.90000000000003,-2.0566849152518216,-0.13000000000000256,0.8599999999999994,2.866666793823242,4.068077087402344,3.69944429397583,9.056792259216309,657.8,573.1,0.5988874950813865,1.3055551493285178,1.1835959430047045,0.8763139945808172,1.085561409711728,0.9575095905070664,0.42211791030318735,4,2,2,600,750,,3000,,9000,,,,,,,,,,2,1.0,1.0,0.38427775739638453,0.38427775739638453,422.705533136023,1.3522415847252798,1.5198085615527785,0.5293911826452065,0.5349895031490552,2146.9898,8.160102000000002,-3.0069031488317415,-0.22081316433980977,-0.08586692810058638,-0.9186444282531743,-0.297116756439209,-2.0675792694091815,-0.419805010159811,-0.57839396264818,803.6658952180454,437.9,-0.0035852191203100204,0.3999999999999986,0.0,2054.390298655926,4,1,0,600,,4.0,1.8334753988964354,0.2744621417734878,0.10553751747017835
2021-01-19 17:00:00,2021-01-19 18:00:00,236.5,-77.89999999999998,0.6207964501508257,-0.9659258262890683,-0.25881904510252063,0.49999999999999994,0.8660254037844387,1,1,314.4,119.727,53.586,244.1,,20.2629623123614,1,1.0,29.44,29.4,29.5,73.78,1006.233,2.982,4.631828,262.7,0.2,331.6,2.763833284378052,8.557416915893555,249.7961578369141,60.59575653076172,0,0,0,1,0,29.8,24.4,73.0,7.0,290.0,7.0,,,571.6,657.8,573.1,770.5446153317357,1023.5658952180454,212.0,547.1,29.48,72.91,1005.975,4.597999572753906,10.070184707641602,387.8999999999999,277.7,571.6,160.14365426079178,447.36666666666673,219.9,657.8,198.04963687587679,641.5290236984395,219.9,940.4048367856442,203.00901376640627,350.2623681912778,366.8548677520559,29.664117647058823,71.52176470588236,3.110294117647059,3.400000000000001,3.1757893429862127,8.67283166779412,-257.20000000000005,-258.70000000000005,-0.03999999999999915,0.8700000000000045,2.780799865722656,2.866666793823242,4.068077087402344,8.70028305053711,277.7,219.9,1.3522415847252798,0.5988874950813865,1.3055551493285178,0.9265197273125736,0.9254692477825176,0.9406360798784519,0.3865413444559383,4,2,2,600,750,,3000,,9000,,,,,,,,,,2,1.0,1.0,0.3463292999625958,0.3463292999625958,380.9622299588554,0.8252786635408863,0.948130277442702,0.3808110687022901,0.17043893129770993,2172.0832,7.719168,-2.9578292278034684,-0.37890666284922786,-0.016966581344603604,-1.3042438030242915,-1.834166288375854,-1.5127677917480469,-0.41195605860816054,-0.11541475190056616,720.5048367856442,437.9,-0.45140464142383535,0.10000000000000142,0.0,2137.609866598825,4,1,0,600,,4.0,2.1755507798577725,0.23278720799363362,0.09903608867207166
2021-01-19 17:10:00,2021-01-19 18:10:00,183.4134808308908,-140.2865191691092,0.5417737098883956,-0.9659258262890683,-0.25881904510252063,0.49999999999999994,0.8660254037844387,1,1,323.7,121.167,55.764,151.3,,17.924650784311538,1,1.0,29.43,29.3,29.6,74.13,1006.266,2.829,4.737072,271.5,0.2,313.0,5.544915676116943,8.947339057922363,246.6035614013672,48.665184020996094,0,0,0,1,0,29.8,24.4,73.0,7.0,290.0,7.0,,,314.4,277.7,219.9,765.4780236903437,940.4048367856442,114.93,42.3,29.4,72.37,1005.885,4.992461204528809,9.169692993164062,403.23333333333335,314.4,571.6,145.8839378867096,464.6666666666667,277.7,657.8,177.69350766605587,607.2676438770148,219.9,936.8411431090739,201.63662605009145,327.1777519886998,343.690746209251,29.645882352941175,71.86588235294117,3.076882352941177,3.400000000000001,3.3211114671495228,8.627883142895168,9.300000000000011,103.79999999999998,0.030000000000001137,1.759999999999991,2.763833284378052,2.780799865722656,2.866666793823242,8.479310989379883,571.6,642.8,0.8252786635408863,1.3522415847252798,0.5988874950813865,0.37825764358993674,1.0445592032482613,1.0369526995265654,0.27437865131419414,4,2,2,600,750,,3000,,9000,,,,,,,,,,2,1.0,1.0,0.30776600079474253,0.30776600079474253,338.54260087421676,0.9561573614786181,1.0341853035143769,0.3743188137164041,0.17227062094531975,2181.6459,7.6135410000000014,-2.8280305723558516,0.07405458676297305,2.781082391738891,2.678248882293701,0.5524544715881348,-0.22235393524169922,2.2238042089674206,0.31945591502719495,716.9411431090739,380.09999999999997,0.47203274215552515,0.3000000000000007,0.0,2206.4456767492084,4,1,0,600,,4.0,1.969478207427093,0.2899526741466175,0.08748580661670995
2021-01-19 17:20:00,2021-01-19 18:20:00,127.56044118282382,-217.63955881717618,0.43163667967317937,-0.9659258262890683,-0.25881904510252063,0.49999999999999994,0.8660254037844387,1,1,345.2,122.877,57.897,345.2,,15.584617233543446,1,1.0,29.53,29.5,29.6,74.11,1006.309,2.74,4.271328,269.6,0.2,282.7,19.241334915161133,8.916800498962402,246.90708923339844,55.46600341796875,0,0,0,0,1,29.8,24.4,73.0,7.0,290.0,7.0,,,323.7,571.6,642.8,710.5369921076813,936.8411431090739,232.6,553.0,29.42,73.1,1005.916,3.69944429397583,9.056792259216309,327.76666666666665,314.4,345.2,15.797573653359995,415.0666666666666,277.7,657.8,158.52744452197123,574.3986914820665,219.9,848.3315623737305,192.77977780299645,302.3848793350873,322.4299914851864,29.624117647058824,72.16823529411764,3.049411764705883,3.400000000000001,4.247206661436293,8.658290889528063,21.5,-297.59999999999997,0.10999999999999943,1.0100000000000051,5.544915676116943,2.763833284378052,2.780799865722656,8.093240737915039,314.4,657.8,0.9561573614786181,0.8252786635408863,1.3522415847252798,1.1835959430047045,0.9831724831117598,1.034366946411744,0.17299073904796602,4,2,2,600,750,,3000,,9000,,,,,,,,,,2,1.0,1.0,0.2686612211147921,0.2686612211147921,295.52734322627134,1.168081424315775,1.2210824195259993,0.35595886442641944,0.16772016222479721,2188.4683,7.645317,-2.7399332281327817,-0.01912865321641397,13.69641923904419,16.460535049438477,15.541890621185303,-0.13999176025390625,14.99412825372484,0.25850960943433954,628.4315623737306,380.09999999999997,-0.46297448662103297,0.10000000000000142,0.0,2201.6212564737216,4,1,0,600,,4.0,1.9491960699488273,0.24178268244233972,0.2225485264064463
2021-01-19 17:30:00,2021-01-19 18:30:00,0.0,-333.4,0.0,-0.9659258262890683,-0.25881904510252063,0.49999999999999994,0.8660254037844387,1,1,333.4,124.794,60.03,333.4,,13.243464138696439,1,1.0,29.54,29.5,29.6,74.73,1006.347,2.486,3.815018,269.2,0.2,219.4,13.951190948486328,8.079025268554688,252.38951110839844,45.71176528930664,0,0,0,0,1,29.8,24.4,73.0,7.0,290.0,7.0,,,345.2,314.4,657.8,670.7544077261733,848.3315623737305,251.2,523.9,29.63,72.38,1005.968,4.068077087402344,8.70028305053711,334.09999999999997,323.7,345.2,10.767079455451231,361.0,277.7,571.6,105.70288548568578,545.7913824613036,219.9,770.5446153317357,187.88279694875573,281.72102315834695,301.7548343912035,29.61470588235294,72.47588235294117,3.003294117647059,3.400000000000001,4.876979615953234,8.651252137290108,-11.800000000000011,-324.4,-0.08999999999999986,2.3500000000000085,19.241334915161133,5.544915676116943,2.763833284378052,8.557416915893555,323.7,277.7,1.168081424315775,0.9561573614786181,0.8252786635408863,1.3055551493285178,1.1490878802201119,1.037278564001315,0.18416977348104682,4,2,2,600,750,,3000,,9000,,,,,,,,,,2,1.0,1.0,0.22908935382141415,0.22908935382141415,251.99828920355557,1.3230248548659427,1.5195989061075659,0.37430713857228554,0.1800539892021596,2207.5242,7.464757999999998,-2.4857576746871306,-0.034709980323115654,-5.290143966674805,11.187357664108276,9.883113861083984,-0.6212577819824219,9.074211332533094,-0.5722268687354202,550.6446153317357,293.90000000000003,-0.49315901489814534,0.10000000000000142,0.0,2039.061237762915,4,1,0,600,,4.0,2.2267118021413315,0.31032253992593434,0.09559477790719904
2021-01-19 17:40:00,2021-01-19 18:40:00,0.0,-386.44323596279935,0.0,-0.9659258262890683,-0.25881904510252063,0.49999999999999994,0.8660254037844387,1,1,386.44323596279935,231.41404944310622,550.6,186.5,,10.90176440259089,1,1.0,29.25,29.2,29.5,75.46,1006.466,2.657,4.24758,272.7,0.2,173.7,,,,,1,0,0,0,0,29.8,24.4,73.0,7.0,290.0,7.0,,,333.4,323.7,277.7,635.6341170298841,714.4779509330674,117.432,49.113,,,,2.866666793823242,8.479310989379883,355.0144119875998,333.4,386.44323596279935,27.8502824464683,379.1238726604666,314.4,571.6,97.5736846644441,527.5672316296219,219.9,770.5446153317357,186.46204327580028,271.82274693073674,310.92918832139674,29.591764705882355,72.80823529411767,2.975411764705883,3.4000000000000004,5.019016476238475,8.73066832037533,53.04323596279937,108.74323596279936,,,13.951190948486328,19.241334915161133,5.544915676116943,8.947339057922363,345.2,571.6,1.3230248548659427,1.168081424315775,0.9561573614786181,0.5988874950813865,1.4495549521272533,1.2470570776877572,0.36173482721748806,4,2,2,600,750,,3000,,9000,,,,,,,,,,2,1.0,1.0,0.1891256819599186,0.1891256819599186,208.03825015591048,1.8575585772000414,2.2247739548808254,0.5988306377430892,1.4247888143991299,2207.205,7.177950000000002,-2.6540503977739545,0.12516183953551935,,,,,,,550.6446153317357,257.20000000000005,0.39158529334821524,0.3000000000000007,,,4,1,0,600,,4.0,2.4986485939532312,0.32721301449140144,0.27072912141102573
2021-01-19 17:50:00,2021-01-19 18:50:00,0.0,-254.1,0.0,-0.9659258262890683,-0.25881904510252063,0.49999999999999994,0.8660254037844387,1,1,254.1,129.618,64.098,254.1,,8.560070144266714,1,1.0,29.19,29.1,29.2,76.33,1006.497,2.344,4.145464,275.2,0.2,125.2,,,,,1,1,0,0,0,29.8,24.4,73.0,7.0,290.0,7.0,,,386.44323596279935,345.2,571.6,573.6566849152518,723.5620925693265,302.6,305.8,29.63,72.46,1006.095,2.780799865722656,8.093240737915039,324.6477453209331,254.1,386.44323596279935,66.60431290653581,326.20720599379985,254.1,386.44323596279935,43.32663653622663,501.48600426465936,219.9,770.5446153317357,190.2295493513085,253.37540040562908,295.5206458572797,29.578235294117647,73.08529411764707,2.9362941176470594,3.400000000000001,5.1993042677640915,8.845452755689621,-132.34323596279935,-317.5,-0.4399999999999977,3.8700000000000045,,13.951190948486328,19.241334915161133,8.916800498962402,333.4,314.4,1.8575585772000414,1.3230248548659427,1.168081424315775,1.3522415847252798,1.5775068550821125,1.2803396690969362,0.2681826487427678,4,2,2,600,750,,3000,,9000,,,,,,,,,,2,1.0,1.0,0.14884623549577447,0.14884623549577447,163.7308590453519,1.5519371331803535,2.029552715654952,0.5101062573789846,0.25225501770956316,2228.0727,6.909273000000001,-2.3343530303558344,0.21244276798359546,,,,,,,550.6446153317357,132.34323596279935,-0.5554583624912526,0.09999999999999787,,,4,1,0,600,,4.0,3.075499970441321,0.3103057014621661,0.3038476346438073
2021-01-19 18:00:00,2021-01-19 19:00:00,0.0,-236.5,0.0,-1.0,-1.8369701987210297e-16,0.49999999999999994,0.8660254037844387,1,1,236.5,132.624,66.033,236.5,,6.218920691905689,1,1.0,29.01,28.9,29.1,77.26,1006.605,2.1,3.443589,272.1,0.2,75.98,,,,,1,1,0,0,0,29.2,24.7,77.0,6.0,290.0,7.0,,,254.1,333.4,314.4,573.1,770.5446153317357,119.727,53.586,29.44,73.78,1006.233,2.763833284378052,8.557416915893555,292.34774532093314,236.5,386.44323596279935,81.96286366001468,313.2238726604665,236.5,386.44323596279935,57.065853528846475,471.8168589684518,219.9,765.4780236903437,187.42279721476282,234.3408284636011,277.0671028041339,29.537647058823527,73.40882352941176,2.8822941176470596,3.400000000000001,5.331628227233887,8.978564389546712,-17.599999999999994,-77.89999999999998,-0.4299999999999997,3.480000000000004,,,13.951190948486328,8.079025268554688,386.44323596279935,323.7,1.5519371331803535,1.8575585772000414,1.3230248548659427,0.8252786635408863,1.798071759183587,1.4735798197018495,0.22243913758795228,5,2,2,600,750,,3000,,9000,,,,,,,,,,3,1.0,1.0,0.10832764666422248,0.10832764666422248,119.16041133064473,1.9847195671703661,3.112661226638589,0.5607780126849894,0.2792093023255814,2241.3126,6.596873999999999,-2.098589626935178,0.0769517882837686,,,,,,,545.5780236903437,149.94323596279935,-0.24777353689567425,0.20000000000000284,,,5,1,0,600,,5.0,3.336624506778923,0.3261545444710928,0.323875210295401
