ts_wib,target_ts_60m,target_ghi_60m,ghi_now,hour,month,solar_elev_deg,solar_segment,target_ghi_bin,has_clp,has_synop,clp_qc_status,synop_qc_status,persistence,direct_all_features,direct_no_cloud_features,direct_rad_met_features,direct_regularized_all,direct_deeper_all,direct_smooth_all,direct_top20,direct_top40,direct_top60,ensemble_direct_mean,ensemble_best2_mean,best_model_prediction,best_model_error,persistence_error
2025-01-02 11:30:00,2025-01-02 12:30:00,0.0,960.2,11,1,68.61107462881553,high,,True,True,ok,ok,960.2,958.2335394233965,950.3343391908521,933.9556954187965,968.3385610546102,962.6252887087578,960.8661948375677,965.6585446387007,977.4804695520462,976.4885394167031,961.5534635823811,972.4135502356567,968.3385610546102,968.3385610546102,960.2
2025-01-02 11:20:00,2025-01-02 12:20:00,0.0,951.3,11,1,67.4257645495826,high,,True,True,ok,ok,951.3,964.0437759510854,958.2673588751651,964.9348084838545,967.1236828429281,968.2731520606924,963.744488049691,973.1970943849014,981.3379937039265,983.6116162392932,969.3926633990598,975.3676495411107,967.1236828429281,967.1236828429281,951.3
2025-01-02 11:40:00,2025-01-02 12:40:00,0.0,966.5714285714286,11,1,69.57810076316028,high,,True,True,ok,ok,966.5714285714286,953.5146698638761,953.9541726639428,956.6046900302017,964.8730342220233,956.8131684182239,960.8661948375677,965.2762233277609,977.3976535120016,978.4928574013343,963.0880738085481,971.6829458116788,964.8730342220233,964.8730342220233,966.5714285714286
2025-08-15 12:50:00,2025-08-15 13:50:00,1049.3,894.9,12,8,69.43659375286741,high,900+,True,True,ok,ok,894.9,305.85799471195685,601.8235604882509,606.9745374834729,339.511246646022,362.4950480280676,452.90375712207145,237.43363100531835,317.31015082169176,294.2251944824503,390.94834675436687,316.86822056423614,339.511246646022,-709.7887533539779,-154.39999999999998
2025-08-23 09:50:00,2025-08-23 10:50:00,137.9,562.6899999999999,9,8,52.007501117346024,high,100-300,True,True,ok,ok,562.6899999999999,819.6322167376885,832.3960900009914,833.1743389208492,815.5012532030761,821.9404625984549,870.3296367916678,841.3132039026215,810.1918455173939,824.0243907884673,829.8337153845789,819.7628219957717,815.5012532030761,677.6012532030761,424.78999999999996
2025-08-23 10:00:00,2025-08-23 11:00:00,122.09,442.57000000000005,10,8,54.260188706800626,high,100-300,True,True,ok,ok,442.57000000000005,791.6958955663395,832.1766083834694,834.82329102593,796.8322745517008,810.9032749534774,844.4268921334976,794.1384477088955,789.5899097413073,791.3134103003903,809.5444449294454,794.0728424260456,796.8322745517008,674.7422745517008,320.48
2025-08-15 13:00:00,2025-08-15 14:00:00,1032.8,927.8,13,8,68.16724781805897,high,900+,True,True,ok,ok,927.8,339.58063876549113,560.3543636517012,594.9674651702368,359.6131703902919,353.4362658353783,475.6838913265161,267.99002786377866,336.4123654675554,331.4916445780899,402.16998144989327,345.5524074841909,359.6131703902919,-673.1868296097081,-105.0
2025-08-23 10:10:00,2025-08-23 11:10:00,163.37,589.3299999999999,10,8,56.47995377031132,high,100-300,True,True,ok,ok,589.3299999999999,848.5755848586961,856.1369701178163,863.2134388345625,835.928685005187,853.4088606103528,883.4991609948784,859.9511208279206,838.065488088507,846.9438450025613,853.9692393711646,841.4362650038742,835.928685005187,672.558685005187,425.9599999999999
2025-10-24 09:10:00,2025-10-24 10:10:00,41.698,946.8,9,10,49.59500659471245,high,0-100,True,True,ok,ok,946.8,719.0651143745843,716.6323373651362,685.3222763547634,713.5407236273697,718.2148465744967,788.736267321513,708.4351553563284,723.7043595020921,727.8305788843351,722.3868510400688,720.6856512558525,713.5407236273697,671.8427236273698,905.102
2025-12-07 13:10:00,2025-12-07 14:10:00,1040.0,1147.7,13,12,64.43853108974834,high,900+,True,True,ok,ok,1147.7,362.9176890219142,336.12511104394315,360.7466644161375,371.9511823205547,344.84440359885116,415.60224994456945,336.01236180534477,354.4979320426979,301.430465412296,353.7920066229233,336.6908238664254,371.9511823205547,-668.0488176794453,107.70000000000005
2025-10-17 12:30:00,2025-10-17 13:30:00,126.67999999999999,915.85,12,10,79.14122603082974,high,100-300,True,True,ok,ok,915.85,773.8838683336651,797.5114415775229,794.9205975638741,776.3163761614594,768.1181266737981,824.4079491550798,773.8413054990406,783.5040209420241,785.3158512401319,786.4243930162884,780.8161137007957,776.3163761614594,649.6363761614595,789.1700000000001
2025-09-25 14:00:00,2025-09-25 15:00:00,799.8,137.94,14,9,59.31131225183459,high,600-900,True,True,ok,ok,137.94,158.90391484675249,164.7919657470042,204.83401233770704,163.40096592903484,164.91932747115777,158.88151930213883,219.7741467818933,177.6138196127912,186.31382083266422,177.7148325401271,174.85739338084954,163.40096592903484,-636.3990340709652,-661.8599999999999
2025-09-20 12:50:00,2025-09-20 13:50:00,66.19300000000001,965.5600000000001,12,9,76.37390666626324,high,0-100,True,True,ok,ok,965.5600000000001,695.7595162107609,618.848753737783,589.0394374219081,699.0380732138788,695.2533892679182,754.0068261245843,669.6249725146353,660.6336339823554,664.1671938434646,671.8190884796988,681.6026335286717,699.0380732138788,632.8450732138788,899.3670000000001
2025-10-09 10:10:00,2025-10-09 11:10:00,1041.9,226.55,10,10,64.17773435050076,high,900+,True,True,ok,ok,226.55,392.66667425525304,629.9385578348584,601.816077126331,415.27350444846576,405.7871665179608,415.8080063739793,384.3492062606576,436.25347015152215,395.9705371673825,453.0959111262678,405.6220208079241,415.27350444846576,-626.6264955515344,-815.3500000000001
2025-06-28 09:30:00,2025-06-28 10:30:00,981.6,181.91,9,6,42.64348322239932,high,900+,True,True,ok,ok,181.91,324.5652393696513,441.4827944287246,416.6567645220954,355.36600617362114,344.8497401991321,350.3474388497121,320.50110353381007,358.7826238724006,377.7992086712255,365.59454662448593,366.5826074224233,355.36600617362114,-626.2339938263789,-799.69
2025-09-27 09:40:00,2025-09-27 10:40:00,146.10999999999999,416.91999999999996,9,9,55.64166507315248,high,100-300,False,True,,ok,416.91999999999996,785.0398346083123,837.2641293433323,858.5019785443504,770.8822859901848,796.3347586443969,818.9827800033404,713.1338444928813,755.4407748703992,757.6844603998517,788.1405385441166,764.2833731950182,770.8822859901848,624.7722859901847,270.80999999999995
2025-10-11 12:40:00,2025-10-11 13:40:00,133.62,953.8,12,10,77.9044973974082,high,100-300,True,True,ok,ok,953.8,759.1494587423479,637.1338478276564,642.3908548383073,758.1021095894063,755.1126893136407,753.026092032491,736.060242639516,755.1448297005849,781.6794487168376,730.8666192667541,769.8907791531219,758.1021095894063,624.4821095894063,820.18
2025-01-18 10:50:00,2025-01-18 11:50:00,1078.1,309.2,10,1,63.15688727261825,high,900+,True,True,ok,ok,309.2,449.59977688122643,564.392607171536,521.7740009889632,457.2575979908535,425.1408077921796,464.8601035998519,460.53812127944224,437.85532388322565,450.23020533497515,470.1831716580282,453.74390166291437,457.2575979908535,-620.8424020091463,-768.8999999999999
2025-04-28 11:10:00,2025-04-28 12:10:00,220.76000000000005,606.21,11,4,67.80339649231574,high,100-300,True,True,ok,ok,606.21,814.9279003841435,875.2880091134776,864.0855753366196,833.7562554179976,804.3296215076367,877.2576345273628,875.0290008082661,851.0714579294853,845.1585168535754,848.9893302087295,839.4573861357865,833.7562554179976,612.9962554179976,385.45
2025-11-23 09:00:00,2025-11-23 10:00:00,883.95,422.51000000000005,9,11,44.8758616543767,high,600-900,True,True,ok,ok,422.51000000000005,229.33843262815145,700.391569436157,712.3617065528643,273.5310645703881,304.5884341581389,446.6032825602611,314.1963970935245,282.78395939314447,286.53986438142323,394.4816345304504,280.03546447590566,273.5310645703881,-610.418935429612,-461.44
2025-09-20 13:00:00,2025-09-20 14:00:00,43.983,907.9,13,9,74.04156859147211,high,0-100,True,True,ok,ok,907.9,672.3478587985932,557.4114216470567,584.8731133974788,653.0036693369967,676.9518763230664,690.0509353633382,666.57113617494,663.5807057573552,628.4500306889429,643.6934163875299,640.7268500129699,653.0036693369967,609.0206693369968,863.917
2025-12-06 12:50:00,2025-12-06 13:50:00,967.5,939.8,12,12,67.50601193057639,high,900+,True,True,ok,ok,939.8,358.0887886894848,638.8291137760268,674.4006915660099,358.8987164008952,322.0527621722441,392.9407883127674,339.7369895851924,378.03502750423064,370.4183056455098,425.9334648502624,364.6585110232025,358.8987164008952,-608.6012835991048,-27.700000000000045
2025-08-17 11:10:00,2025-08-17 12:10:00,192.95,545.9599999999999,11,8,66.86406063212368,high,100-300,True,True,ok,ok,545.9599999999999,799.7458632218962,775.5227636946447,799.4704366103296,794.0020662658295,770.3936438586118,825.2331955356929,737.7965720252078,787.7856373203053,801.4428830681078,787.9325624000695,797.7224746669687,794.0020662658295,601.0520662658296,353.00999999999993
2025-08-23 10:20:00,2025-08-23 11:20:00,210.1,660.66,10,8,58.65975704936868,high,100-300,True,True,ok,ok,660.66,813.7534820406116,780.2656570196491,775.938162556185,808.4368974131901,815.9775645447256,846.4788339432063,815.8955928048482,802.2816905193216,809.8148226302843,807.6491892746692,809.1258600217373,808.4368974131901,598.3368974131901,450.55999999999995
2025-12-07 12:10:00,2025-12-07 13:10:00,1147.7,853.3100000000001,12,12,71.09834197941203,high,900+,True,True,ok,ok,853.3100000000001,547.1163751685222,755.3046277682284,723.9773613388189,554.4602927289353,537.3276331804965,612.698313720743,529.2634117545236,559.9393200316923,531.1598976358513,594.5830259253123,542.8100951823933,554.4602927289353,-593.2397072710647,-294.39
2025-08-17 12:10:00,2025-08-17 13:10:00,66.508,192.95,12,8,72.44850275951178,high,0-100,True,True,ok,ok,192.95,686.2676148832209,631.9119626721147,608.123407226599,659.3171291100084,673.1631713367667,556.1905424177335,619.6451971938345,629.1140862679744,657.6464516981387,635.7088403118212,658.4817904040735,659.3171291100084,592.8091291100084,126.442
2025-06-18 10:10:00,2025-06-18 11:10:00,153.60999999999999,574.01,10,6,50.561607507859904,high,100-300,True,True,ok,ok,574.01,740.1548866441291,776.4539671429466,764.2155066650388,746.3628063935266,749.2270969161112,806.3361652194492,752.4733650920535,742.1841657051259,739.9132500696162,757.4801344275552,743.1380282315714,746.3628063935266,592.7528063935266,420.4
2025-09-19 11:10:00,2025-09-19 12:10:00,266.45,708.87,11,9,76.24864963603589,high,100-300,True,True,ok,ok,708.87,847.0015855576441,903.4611681154429,895.454050980197,858.2205908282671,846.9086480165864,867.9240143003007,887.4046411906096,854.8683385162503,877.0114624277126,870.9171666592234,867.6160266279899,858.2205908282671,591.7705908282671,442.42
2025-07-20 10:10:00,2025-07-20 11:10:00,80.343,620.2800000000001,10,7,51.11125501097635,high,0-100,True,True,ok,ok,620.2800000000001,672.2581376890735,653.8351770477933,646.6541717374196,671.9059125670286,675.4331287622437,674.1605079132478,641.4674525798489,655.9875393339872,655.1266590237341,660.7587429615974,663.5162857953813,671.9059125670286,591.5629125670287,539.9370000000001
2025-08-17 11:20:00,2025-08-17 12:20:00,150.97,671.74,11,8,68.3983172355722,high,100-300,True,True,ok,ok,671.74,734.5474345221397,747.1604755249415,738.9000779323884,738.8604525062447,726.0699146943431,814.5944465474273,649.1460482725432,714.3890926741132,732.2822462058501,732.8833543199991,735.5713493560474,738.8604525062447,587.8904525062446,520.77
2025-04-23 12:40:00,2025-04-23 13:40:00,163.31,554.4,12,4,71.61094112821227,high,100-300,True,True,ok,ok,554.4,771.6424999124105,841.0725473611183,866.0810324293144,748.7074037224297,756.6014837853821,749.1768128230997,677.5296001452286,734.58742975868,757.2085729629459,766.9563758778454,752.9579883426878,748.7074037224297,585.3974037224298,391.09
2025-09-14 10:50:00,2025-09-14 11:50:00,205.49,878.05,10,9,70.4688494364104,high,100-300,True,True,ok,ok,878.05,790.1653413714861,799.9531717336502,801.755852229396,790.2663238680952,765.1547499037316,799.1715040876609,805.2108438441193,791.0516295692796,786.9797105658463,792.1899030192517,788.6230172169708,790.2663238680952,584.7763238680952,672.56
2025-08-17 11:00:00,2025-08-17 12:00:00,231.26,810.28,11,8,65.17615776597081,high,100-300,True,True,ok,ok,810.28,810.7869067330482,740.8228820158175,753.0450785146762,813.3454537801846,771.4656330073199,846.4697590566743,769.6474564782291,802.6811172762286,802.9268393775114,790.1323473599655,808.136146578848,813.3454537801846,582.0854537801846,579.02
2025-12-07 13:20:00,2025-12-07 14:20:00,956.4,1124.0,13,12,62.72933596037831,high,900+,True,True,ok,ok,1124.0,366.605787026682,290.58492313142614,310.60184980004,376.7374513696574,354.3016847633643,403.1757013544052,348.28635471138756,362.53961062708754,321.7848424799548,348.2909116960006,349.2611469248061,376.7374513696574,-579.6625486303426,167.60000000000002
2025-05-03 11:00:00,2025-05-03 12:00:00,240.82,895.99,11,5,65.19321937412174,high,100-300,True,True,ok,ok,895.99,822.0936154725216,749.8561190415442,754.4946156747676,818.5659742398473,816.1309524414041,837.4280884091096,841.7690006739398,815.6733342433655,845.2257175489125,811.2486019717124,831.8958458943798,818.5659742398473,577.7459742398473,655.1700000000001
2025-01-19 13:10:00,2025-01-19 14:10:00,990.1,1118.0,13,1,68.83277577954661,high,900+,True,True,ok,ok,1118.0,454.64440616013377,586.94287618587,595.9353956888253,412.5193658188891,435.70582348128715,452.02837394336314,345.1287776021833,405.29357109508675,381.97174497824835,452.24114832820965,397.24555539856874,412.5193658188891,-577.5806341811109,127.89999999999998
2025-10-17 12:40:00,2025-10-17 13:40:00,142.23000000000002,1046.1,12,10,76.89830884195221,high,100-300,True,True,ok,ok,1046.1,711.9561124851708,686.6069697606587,695.4389802976682,718.6005322820795,729.5500203707302,777.8052928996362,706.6317596866055,719.3518909307496,703.1153151345496,716.5618748719832,710.8579237083145,718.6005322820795,576.3705322820795,903.8699999999999
2025-09-12 11:00:00,2025-09-12 12:00:00,325.95,788.6400000000001,11,9,72.23105770192373,high,300-600,True,True,ok,ok,788.6400000000001,893.7009424879066,932.3159408141709,926.1129512769603,902.2982620130798,888.4709296338491,927.0404691146184,887.6749688690592,905.1072555238949,902.1067521373457,907.2031635412095,902.2025070752127,902.2982620130798,576.3482620130799,462.6900000000001
2025-10-11 12:50:00,2025-10-11 13:50:00,127.8,994.3,12,10,75.47382362816515,high,100-300,True,True,ok,ok,994.3,698.2939713988862,561.7793950267677,569.6960759996525,702.9210875553332,689.3128312050837,689.9941847807327,658.5745415355044,681.8461243980998,712.4099629321871,662.758686092472,707.6655252437602,702.9210875553332,575.1210875553332,866.5
2025-09-12 11:10:00,2025-09-12 12:10:00,334.74,701.72,11,9,74.39036407625613,high,300-600,True,True,ok,ok,701.72,905.123977801455,949.1267376494934,963.8897825392007,909.1551677427444,896.3599823019733,934.1833979556601,900.688545808343,910.3240179926144,910.538202598186,919.9322013766299,909.8466851704652,909.1551677427444,574.4151677427444,366.98
2025-04-13 08:40:00,2025-04-13 09:40:00,863.1,343.19999999999993,8,4,36.87908598465238,high,600-900,True,True,ok,ok,343.19999999999993,290.9201469367538,537.0809234148223,578.5467209137231,289.0702473417283,284.89419900310634,383.98097688759276,305.35939970095274,292.99307288706547,288.71560427366455,361.28458792882327,288.89292580769643,289.0702473417283,-574.0297526582717,-519.9000000000001
2025-09-27 09:50:00,2025-09-27 10:50:00,133.44,326.49,9,9,58.13188970517483,high,100-300,True,True,ok,ok,326.49,745.8812753379123,761.8389784740377,748.8359858847582,706.9022751651837,758.5164022625639,774.966633325543,724.8775515208629,717.4186859801251,716.5268741080941,739.5294068954533,711.7145746366389,706.9022751651837,573.4622751651837,193.05
2025-03-01 11:30:00,2025-03-01 12:30:00,295.46999999999997,880.2599999999999,11,3,77.13158911012395,high,100-300,True,True,ok,ok,880.2599999999999,879.815977541183,799.8829312826108,795.3059894063407,867.4240071127317,871.1712270181297,864.9076536441947,853.357341287758,861.9791837749912,864.4686068878319,850.9236575506412,865.9463070002819,867.4240071127317,571.9540071127317,584.79
2025-02-24 13:40:00,2025-02-24 14:40:00,925.7,1111.3,13,2,69.2757622145904,high,900+,True,True,ok,ok,1111.3,315.93703447870877,431.4167275466457,411.2146230374664,353.76565942422,335.1641739902303,451.2255061309147,278.2185166506575,309.28962070813515,303.6779221034011,354.4344204522644,328.72179076381053,353.76565942422,-571.93434057578,185.5999999999999
2025-02-27 09:20:00,2025-02-27 10:20:00,984.6600000000001,315.32,9,2,45.16342143431196,high,900+,True,True,ok,ok,315.32,390.8926563330684,593.7266644746383,618.0691923977297,415.65752766705515,377.21912206595647,458.56370291820735,364.7923490029923,409.62830638893524,386.622374036563,446.1302105872385,401.1399508518091,415.65752766705515,-569.002472332945,-669.3400000000001
2025-11-11 11:30:00,2025-11-11 12:30:00,311.5400000000001,667.37,11,11,75.7187208904623,high,300-600,True,True,ok,ok,667.37,903.3329765832299,916.5070102438092,940.385684030505,879.6622788528434,886.0230182357398,924.2960779414126,913.4242772447144,899.3282868902265,898.7260795806341,906.8539655114572,889.1941792167388,879.6622788528434,568.1222788528434,355.8299999999999
2025-03-15 10:40:00,2025-03-15 11:40:00,331.67999999999995,854.5,10,3,66.02089684066019,high,300-600,True,True,ok,ok,854.5,893.712701150548,954.2320568794585,960.6050929262906,898.8503634860211,920.5582295543699,886.1674398389954,919.9853395561076,919.6369896432174,921.7618489851743,919.5011180022425,910.3061062355978,898.8503634860211,567.1703634860212,522.82
2025-02-27 09:30:00,2025-02-27 10:30:00,973.64,315.46000000000004,9,2,47.63057861120687,high,900+,True,True,ok,ok,315.46000000000004,396.33666872452153,609.447531234542,634.3071962091142,406.5110849561095,380.0437383151877,466.78226563952825,353.77189221224296,380.55679441742376,377.5185713166613,445.03063811392565,392.0148281363854,406.5110849561095,-567.1289150438904,-658.18
2025-09-19 11:20:00,2025-09-19 12:20:00,216.85,729.74,11,9,78.47746275928937,high,100-300,True,True,ok,ok,729.74,772.2004889617948,840.499866740584,827.9766847806466,781.8542423020805,766.0719479667476,798.9842249507391,759.0979488111044,744.4566819471121,784.6810383842878,786.2025694272329,783.2676403431842,781.8542423020805,565.0042423020805,512.89
2025-03-01 11:10:00,2025-03-01 12:10:00,289.39,909.7,11,3,72.33941513990541,high,100-300,True,True,ok,ok,909.7,878.588343959164,773.768525640931,749.749581994093,853.8184284658785,851.1589656902896,848.4782593161563,873.4296945924976,849.8515622995516,851.1846248272777,836.6697763095377,852.5015266465781,853.8184284658785,564.4284284658785,620.3100000000001
2025-06-18 10:00:00,2025-06-18 11:00:00,167.79000000000002,524.3,10,6,48.768514280261215,high,100-300,True,True,ok,ok,524.3,727.3698137491646,756.5930631019015,744.8060775000148,731.4769921246387,731.9912103462348,780.9579930483899,747.364507026732,743.0444270723641,729.321052279377,743.6583484720909,730.3990222020079,731.4769921246387,563.6869921246387,356.50999999999993
2025-06-17 12:40:00,2025-06-17 13:40:00,950.29,162.29000000000002,12,6,61.57370475456396,high,900+,True,True,ok,ok,162.29000000000002,401.6896727363076,409.84138341760763,374.84141650042517,386.9763841312788,373.2906440917603,377.36042228624655,340.8084701242572,374.5637666726319,412.74849047589777,383.56896115960143,399.8624373035883,386.9763841312788,-563.3136158687212,-788.0
2025-09-19 14:00:00,2025-09-19 15:00:00,717.4399999999999,28.212,14,9,59.508926047966405,high,600-900,True,True,ok,ok,28.212,166.3350805151031,143.76226857343514,147.31769256580407,154.71189003427872,161.1791404094337,122.2904112039605,188.22441239466747,158.07458634224687,159.22467479030388,155.68001742547037,156.9682824122913,154.71189003427872,-562.7281099657212,-689.228
2025-08-15 13:10:00,2025-08-15 14:10:00,958.5,841.25,13,8,66.70240713910802,high,900+,True,True,ok,ok,841.25,387.08483425604845,532.6092443332111,599.0798110869341,397.6200781937016,386.7975612634827,530.5499472365116,285.53902203431807,359.13851918684685,322.96849512907335,422.3763903022364,360.29428666138745,397.6200781937016,-560.8799218062984,-117.25
2025-12-07 12:30:00,2025-12-07 13:30:00,1002.2300000000001,433.59,12,12,69.77244062123908,high,900+,True,True,ok,ok,433.59,437.2752301855015,659.7014634125738,677.8167738288325,443.0454691023511,471.5977394928543,587.6046475688183,331.0190156935274,467.2141903997984,422.3550229188181,499.73661695589726,432.7002460105846,443.0454691023511,-559.184530897649,-568.6400000000001
2025-10-06 11:50:00,2025-10-06 12:50:00,996.5200000000001,314.39,11,10,88.50158059491415,high,900+,True,True,ok,ok,314.39,422.13316979344216,730.1550781542817,730.9345429489995,437.88248595803356,434.0319226566173,536.1719672231453,393.8869679437876,408.03702561910944,444.9028778759314,504.23733757481637,441.3926819169825,437.88248595803356,-558.6375140419666,-682.1300000000001
2025-04-30 10:30:00,2025-04-30 11:30:00,256.51,565.12,10,4,60.45057508901325,high,100-300,True,True,ok,ok,565.12,833.5232515989064,819.4196102176429,843.1034185431464,813.6251481701744,829.0443977716895,875.6734953259801,823.0871586883276,833.4279707264791,825.5544243920757,832.9398750482692,819.589786281125,813.6251481701744,557.1151481701744,308.61
2025-04-23 12:50:00,2025-04-23 13:50:00,147.45,585.19,12,4,70.30033268933816,high,100-300,True,True,ok,ok,585.19,727.550353041661,825.8088954633187,829.0978801989438,702.1328219746525,717.9526335584309,716.9557151872192,670.8682723520077,716.7339820896792,729.4149990299237,737.3906169884264,715.7739105022881,702.1328219746525,554.6828219746526,437.74000000000007
2025-09-20 13:10:00,2025-09-20 14:10:00,73.86800000000001,638.7399999999999,13,9,71.66501682911469,high,0-100,True,True,ok,ok,638.7399999999999,666.1489468684634,678.4727269288554,681.9023482823089,624.9964417917071,682.1496387549829,703.6485328876364,671.1124821894805,660.3233922391732,629.3395591222439,666.4548965627614,627.1680004569755,624.9964417917071,551.128441791707,564.8719999999998
2025-10-24 09:40:00,2025-10-24 10:40:00,205.83,792.1600000000001,9,10,56.85341927724437,high,100-300,False,True,,ok,792.1600000000001,759.2705080643997,797.365752947895,804.3265161123686,756.8329970560133,770.0195745535448,836.8973524879725,751.8547281142261,780.7118437334035,768.5288584957609,780.6453479517317,762.6809277758871,756.8329970560133,551.0029970560132,586.33
2025-03-21 09:30:00,2025-03-21 10:30:00,257.22,767.0699999999999,9,3,48.82599718573734,high,100-300,True,True,ok,ok,767.0699999999999,821.8467108794545,812.2431225060648,797.1413692586149,807.579615772981,822.8701491870994,826.4238640820352,841.917124114975,827.9930236320935,804.7104497171341,818.0806032389391,806.1450327450575,807.579615772981,550.359615772981,509.8499999999999
2025-03-15 10:20:00,2025-03-15 11:20:00,335.86,780.3700000000001,10,3,61.03555587853248,high,300-600,True,True,ok,ok,780.3700000000001,885.283834449173,926.0734692235051,919.3290571221863,885.4071514947367,870.9371582182445,926.5009898516022,900.2433445221261,896.7970031155062,883.4593113725639,899.3368132632937,884.4332314336502,885.4071514947367,549.5471514947367,444.5100000000001
2025-09-27 10:00:00,2025-09-27 11:00:00,199.13,225.15,10,9,60.620873280847334,high,100-300,True,True,ok,ok,225.15,783.6646311692992,809.3621743752959,755.4689144186444,748.5313691573947,779.9594707636302,716.7501631906258,774.2498875862605,743.1546558071395,747.204071331207,762.0383708666109,747.8677202443009,748.5313691573947,549.4013691573947,26.02000000000001
2025-10-06 12:30:00,2025-10-06 13:30:00,85.15,760.72,12,10,81.02194355355059,high,0-100,True,True,ok,ok,760.72,592.2542646060272,845.93075844038,856.1745494948352,634.3389945790976,615.1919200413664,661.9191619326496,563.4161343923541,542.8120389489461,623.503375743803,659.5045775754955,628.9211851614502,634.3389945790976,549.1889945790977,675.57
2025-12-07 12:50:00,2025-12-07 13:50:00,893.61,431.39,12,12,67.46413572175047,high,600-900,True,True,ok,ok,431.39,331.34878271441244,627.1976733141657,642.5834200950505,347.6299765414747,372.38825746522855,513.4662740939004,288.9618311720143,336.61613750555443,324.81791274361007,420.5566961828235,336.2239446425424,347.6299765414747,-545.9800234585252,-462.22
2025-10-06 12:40:00,2025-10-06 13:40:00,88.7,681.67,12,10,78.53949478674697,high,0-100,True,True,ok,ok,681.67,620.9536827145089,835.4457380070462,861.9201364141885,634.4354751595159,590.7987049241061,679.6326072314575,576.9748723436494,584.973835217608,615.9638609146217,666.788768102967,625.1996680370688,634.4354751595159,545.7354751595159,592.9699999999999
2025-01-19 13:20:00,2025-01-19 14:20:00,905.1900000000002,1101.3,13,1,67.25096166693507,high,900+,True,True,ok,ok,1101.3,407.5294473580487,555.760207949311,560.2477922822902,359.4634900206404,378.7928100278484,394.55026627170184,305.8433465874124,370.25237037090983,332.5948721148037,407.22606699810734,346.02918106772205,359.4634900206404,-545.7265099793598,196.1099999999998
2025-11-23 09:30:00,2025-11-23 10:30:00,962.29,361.71000000000004,9,11,51.57592051656094,high,900+,True,True,ok,ok,361.71000000000004,384.1940277977519,690.4390587585888,668.0323798317966,416.59336135625585,428.6446030109431,574.8445084778282,447.4656087329691,386.14078513496725,378.1245761026161,486.05321213374623,397.358968729436,416.59336135625585,-545.6966386437441,-600.5799999999999
2025-09-27 09:00:00,2025-09-27 10:00:00,225.15,542.6099999999999,9,9,45.67271272460271,high,100-300,True,True,ok,ok,542.6099999999999,776.2330255429847,799.3851951770732,823.8575061353508,768.8870845978494,782.6464939229411,827.7677318658762,739.0638607337883,747.4305076307994,752.4295846283852,779.744554470561,760.6583346131173,768.8870845978494,543.7370845978494,317.4599999999999
2025-09-25 14:10:00,2025-09-25 15:10:00,723.28,124.03999999999999,14,9,56.82677748773656,high,600-900,True,True,ok,ok,124.03999999999999,189.21349624247588,165.0777294444412,205.83486752779348,180.32348562141001,181.52984642472484,166.86803018283823,209.24048515902405,201.10733577940456,194.2831190055202,188.16426615418138,187.3033023134651,180.32348562141001,-542.95651437859,-599.24
2025-06-16 12:00:00,2025-06-16 13:00:00,189.34,822.5,12,6,62.74916475805243,high,100-300,True,True,ok,ok,822.5,705.4058865665272,666.3948562856522,704.8636723642887,732.2222467358748,700.5925359168341,728.5569835555549,706.301731580128,706.6469044731592,736.1552379596537,709.6822283819636,734.1887423477642,732.2222467358748,542.8822467358748,633.16
2025-11-23 09:10:00,2025-11-23 10:10:00,858.0599999999998,305.2,9,11,47.1295327049193,high,600-900,True,True,ok,ok,305.2,281.58668672905605,624.5060213857571,625.221340524302,316.6173096481175,336.9769707305654,506.3503276654059,349.28527098243296,334.7257564735224,299.35525722037556,408.29166015105943,307.9862834342465,316.6173096481175,-541.4426903518823,-552.8599999999999
2025-05-10 09:00:00,2025-05-10 10:00:00,84.5,541.15,9,5,40.23908051434687,high,0-100,True,True,ok,ok,541.15,595.3626329368536,538.7376701708002,553.2195808100746,624.4768098228695,630.0407104648926,610.3992457789316,597.8779549456257,607.0443537005555,607.8054804329392,596.1071598959493,616.1411451279043,624.4768098228695,539.9768098228695,456.65
2025-09-27 09:30:00,2025-09-27 10:30:00,174.51000000000005,261.85999999999996,9,9,53.1504606344648,high,100-300,True,True,ok,ok,261.85999999999996,744.0083824643433,779.5992590865732,774.7453769313846,713.1419821795605,730.2397394798372,760.1258650105634,697.5145454693331,700.1003786883006,692.9486158897855,732.4915716888535,703.045299034673,713.1419821795605,538.6319821795605,87.34999999999991
2025-09-27 09:10:00,2025-09-27 10:10:00,234.48000000000002,469.05,9,9,48.165850620884115,high,100-300,True,True,ok,ok,469.05,774.0408973658162,797.9279177035559,816.3556889528857,770.1288259164997,768.7303580023621,844.0918006509087,763.1108504299063,760.9022402441466,750.5248379063814,782.8681574636071,760.3268319114406,770.1288259164997,535.6488259164997,234.57
2025-02-05 11:50:00,2025-02-05 12:50:00,324.51000000000005,504.32,11,2,75.64230589237977,high,300-600,True,True,ok,ok,504.32,875.5677867615186,923.3942861606316,948.0614106747425,859.6715453652412,872.2891685000914,810.6469001050558,852.3307461783041,848.2189783022301,860.0373912063496,872.2464681393517,859.8544682857954,859.6715453652412,535.1615453652412,179.80999999999995
2025-10-14 12:40:00,2025-10-14 13:40:00,98.46000000000001,559.87,12,10,77.42815808831179,high,0-100,True,True,ok,ok,559.87,602.6246294017444,711.7150391890045,696.0339140467947,633.222633196703,624.63951601368,660.8327526337324,630.9025645268717,632.6908251079827,654.1327631068758,649.6438485803767,643.6776981517894,633.222633196703,534.762633196703,461.40999999999997
2025-03-05 10:20:00,2025-03-05 11:20:00,1150.0,146.33,10,3,60.41718216269404,high,900+,True,True,ok,ok,146.33,626.1441932689239,532.9498673039644,602.238858851019,617.3120467385222,626.7192544774528,492.2229458359158,574.9259770117802,610.7371943462986,609.1947649713665,588.0494558672492,613.2534058549443,617.3120467385222,-532.6879532614778,-1003.67
2025-06-28 10:50:00,2025-06-28 11:50:00,156.88,399.65,10,6,56.655031898754885,high,100-300,True,True,ok,ok,399.65,697.3487816359502,675.4133825760163,683.1764245727304,688.6888454918865,705.0145107414972,767.3636529852452,709.0653819497545,712.4817752410444,700.7129204346076,704.362852847637,694.7008829632471,688.6888454918865,531.8088454918865,242.76999999999998
2025-06-28 10:40:00,2025-06-28 11:40:00,211.54000000000002,551.6700000000001,10,6,55.189282965913534,high,100-300,True,True,ok,ok,551.6700000000001,730.1895902014677,711.6532248862565,738.4693175717575,743.0311567748571,710.383922873601,820.9820474512691,760.7896315820027,787.1293337868974,749.7834527025387,750.2679642034053,746.4073047386979,743.0311567748571,531.491156774857,340.13000000000005
2025-03-15 10:30:00,2025-03-15 11:30:00,314.28000000000003,1042.9,10,3,63.52855234059907,high,300-600,True,True,ok,ok,1042.9,845.8282313076434,859.8094279474067,854.2695894265821,845.7588342080293,814.8026667513718,858.1558877263329,824.7052842568713,841.7518931769584,850.2540443258971,843.926206569677,848.0064392669632,845.7588342080293,531.4788342080292,728.6200000000001
2025-01-10 09:50:00,2025-01-10 10:50:00,954.7,326.94,9,1,50.87229947410644,high,900+,True,True,ok,ok,326.94,426.9496879552356,479.8004424327775,461.3101970117254,423.2858077519634,456.67252310959555,407.46086008712143,434.89009338460033,427.59661389932916,442.67450066566136,440.07119181088996,432.98015420881234,423.2858077519634,-531.4141922480367,-627.76
2025-02-24 13:50:00,2025-02-24 14:50:00,833.3799999999999,1115.5,13,2,66.88626696959095,high,600-900,True,True,ok,ok,1115.5,270.0965439848044,390.42068971590925,371.92059844543184,302.2407385317374,283.91438811203545,347.4354162129247,276.1331405139548,288.3206243477183,283.5883023764796,312.67449358233284,292.91452045410847,302.2407385317374,-531.1392614682625,282.1200000000001
2025-06-17 12:30:00,2025-06-17 13:30:00,885.96,162.5,12,6,62.171369160988135,high,600-900,True,True,ok,ok,162.5,366.2892526315659,414.3169260099717,379.7024458864028,357.224325109844,353.1663545957957,364.6218402707932,320.0093531499871,360.34720304134225,399.6266442618793,368.36714943973135,378.42548468586165,357.224325109844,-528.735674890156,-723.46
2025-01-18 11:00:00,2025-01-18 12:00:00,968.79,324.89,11,1,65.00164717414516,high,900+,True,True,ok,ok,324.89,427.2912563995319,533.9862360642692,519.6700826882532,440.10220082667223,390.6514875744462,396.615766493331,407.4265113001632,422.0542859791671,448.1085030740058,442.8784811555378,444.105351950339,440.10220082667223,-528.6877991733277,-643.9
2025-03-02 12:30:00,2025-03-02 13:30:00,831.2299999999999,1061.9,12,3,85.41785119326269,high,600-900,True,True,ok,ok,1061.9,239.8956860250864,736.9090643916879,688.1818800422717,304.7848998180164,211.7157518439304,378.3193323202193,390.99096325226583,326.17381499984145,275.80000351143815,394.7523773560842,290.2924516647273,304.7848998180164,-526.4451001819834,230.6700000000002
2025-11-26 10:40:00,2025-11-26 11:40:00,1069.0,1067.29,10,11,65.31673344111245,high,900+,True,True,ok,ok,1067.29,619.9735596617953,743.2809476912081,696.5713456392687,542.6287116011907,565.8941347868897,706.0042916933327,651.1018290678351,606.2240302012714,580.8222085327488,634.72233987506,561.7254600669698,542.6287116011907,-526.3712883988093,-1.7100000000000364
2025-12-07 09:20:00,2025-12-07 10:20:00,994.8100000000001,335.47999999999996,9,12,47.516393519991055,high,900+,True,True,ok,ok,335.47999999999996,478.18756785422283,681.8820579368147,680.4830043864166,469.52288785714194,475.40886324664643,574.9129614284547,481.9250683960448,488.0069464180021,473.40976362383134,533.7487912386196,471.46632574048664,469.52288785714194,-525.2871121428582,-659.3300000000002
2025-04-02 14:00:00,2025-04-02 15:00:00,778.95,1046.9,14,4,61.30146988192335,high,600-900,True,True,ok,ok,1046.9,250.94339628126957,306.67017866644954,288.6927801018443,255.71577818744902,234.98580117542264,288.4545803485202,267.7969121195504,253.15456291561418,254.15783419020735,266.7302026651475,254.9368061888282,255.71577818744902,-523.234221812551,267.95000000000005
2025-09-10 12:50:00,2025-09-10 13:50:00,1012.0,263.9,12,9,75.23362481863384,high,900+,True,True,ok,ok,263.9,421.88746201137656,485.37846571203613,525.0925452181787,490.32031021603433,414.3552683139145,458.19267419278873,395.8583272365013,449.60538297774116,461.4423866973429,455.79253584176826,475.8813484566886,490.32031021603433,-521.6796897839656,-748.1
2025-08-17 12:20:00,2025-08-17 13:20:00,44.501000000000005,150.97,12,8,72.30158656053963,high,0-100,True,True,ok,ok,150.97,564.826872583167,527.9225010552832,505.3093379674688,566.010673641106,608.7443701618778,471.78345613549686,524.4183546868809,544.0596928959801,576.4628252445784,543.2820093746487,571.2367494428422,566.010673641106,521.509673641106,106.469
2025-09-23 10:10:00,2025-09-23 11:10:00,310.16999999999996,836.5,10,9,62.54588344906002,high,300-600,True,True,ok,ok,836.5,838.9066529409382,721.1191887688057,717.5083901951781,830.892952044486,828.7468115536606,854.0266009987342,829.8744884732145,826.7324866364704,807.6226704040678,806.1589157795061,819.2578112242769,830.892952044486,520.7229520444861,526.33
2025-04-16 10:20:00,2025-04-16 11:20:00,156.76,547.1,10,4,60.20949043370479,high,100-300,True,True,ok,ok,547.1,645.1888889461642,815.0801581873219,837.9662679862389,676.428636524563,677.9150908637837,632.7346469156746,672.7949511044466,690.8764378616768,669.687872797891,702.0747723541956,673.058254661227,676.428636524563,519.668636524563,390.34000000000003
2025-12-07 12:20:00,2025-12-07 13:20:00,1124.0,626.9200000000001,12,12,70.57424192207664,high,900+,True,True,ok,ok,626.9200000000001,578.1193211459425,831.4261082521689,794.5594591423284,604.5905015795933,613.9602857885898,668.2331921490023,561.4571707877717,574.7001695227154,552.8739272792743,642.2133484052652,578.7322144294337,604.5905015795933,-519.4094984204067,-497.0799999999999
2025-03-01 11:20:00,2025-03-01 12:20:00,338.6,796.5200000000001,11,3,74.74999266074954,high,300-600,True,True,ok,ok,796.5200000000001,868.4770185106015,790.2367830456221,774.2711346704291,856.8539853110391,847.8645948408218,854.2282047989484,837.9915927913298,849.7541491396628,856.2325338089574,837.3233329908237,856.5432595599982,856.8539853110391,518.2539853110391,457.9200000000001
2025-10-17 10:30:00,2025-10-17 11:30:00,348.96,546.02,10,10,69.14695541969922,high,300-600,True,True,ok,ok,546.02,866.3115574168108,857.6581678126884,869.2905026965293,866.0866736220165,874.138112620052,870.78923363966,868.3592257164856,857.8237528194672,865.4335628735029,866.2100876908013,865.7601182477597,866.0866736220165,517.1266736220166,197.06
2025-08-15 12:40:00,2025-08-15 13:40:00,948.8,905.5,12,8,70.47235308815645,high,900+,True,True,ok,ok,905.5,396.1986779142299,629.3287183753504,632.6961019849496,431.98782872081154,421.36012549866143,532.1874346350413,332.56783950046224,398.6713669913941,408.30613668274736,464.8115811448499,420.14698270177945,431.98782872081154,-516.8121712791884,-43.299999999999955
2025-04-02 10:20:00,2025-04-02 11:20:00,1270.7,387.3,10,4,61.16954465508111,high,900+,True,True,ok,ok,387.3,751.9689681631834,759.1144475227143,769.2523728728165,753.9648531026494,733.9409479638477,792.3975660825686,755.9524868772289,760.8790428311335,732.5714064033057,756.6713435354942,743.2681297529775,753.9648531026494,-516.7351468973507,-883.4000000000001
2025-04-30 10:20:00,2025-04-30 11:20:00,204.60999999999999,328.37,10,4,58.473829645016224,high,100-300,True,True,ok,ok,328.37,754.2153698042533,729.097482546471,739.9774458187077,720.6731536267905,731.0524536249118,751.9757148250761,726.0564511553821,733.211139374467,710.7474697710426,733.0007422830113,715.7103116989165,720.6731536267905,516.0631536267905,123.76000000000002
2025-02-18 11:50:00,2025-02-18 12:50:00,1040.81,421.83000000000004,11,2,78.97039762134649,high,900+,True,True,ok,ok,421.83000000000004,544.6019701383673,812.1483201384365,863.4283092191856,524.783881273336,564.9355469414381,560.0811212569587,380.09615361994463,475.7036101787374,527.4950748142893,583.6971097311881,526.1394780438127,524.783881273336,-516.026118726664,-618.9799999999999
2025-07-31 14:20:00,2025-07-31 15:20:00,707.93,98.61,14,7,51.53844842448605,high,600-900,True,True,ok,ok,98.61,177.26855058460976,160.07262282997104,180.95404523973377,192.9985520122122,176.98372758691042,136.77508904478418,211.27582287881282,227.88466842830428,186.69510633512414,183.43424277116253,189.84682917366817,192.9985520122122,-514.9314479877878,-609.3199999999999
2025-03-05 14:30:00,2025-03-05 15:30:00,817.6800000000001,878.9,14,3,57.13504430986801,high,600-900,True,True,ok,ok,878.9,317.77033748460127,298.4333496845668,347.756792444798,303.1968697328512,300.07852671353623,321.98543745334007,341.4535725436902,295.31287081156916,290.66415143510505,312.96132314489535,296.93051058397816,303.1968697328512,-514.4831302671489,61.219999999999914
2025-10-17 12:20:00,2025-10-17 13:20:00,270.07,742.45,12,10,81.2516508539524,high,100-300,True,True,ok,ok,742.45,781.6235935007635,817.3317571298214,817.8140990642054,784.5394005197282,766.4374436271098,851.9491662199644,787.2494247913309,788.6455377001586,788.8331213233969,798.2692826529421,786.6862609215625,784.5394005197282,514.4694005197282,472.38000000000005
2025-10-03 11:00:00,2025-10-03 12:00:00,1357.7,518.9100000000001,11,10,76.24284939340214,high,900+,True,True,ok,ok,518.9100000000001,851.9958992154109,930.6607275290871,937.5249669368064,843.4819768439542,834.0982846307189,825.9095341316674,850.1259425435708,834.6464042111863,841.930528942756,861.152696109462,842.7062528933551,843.4819768439542,-514.2180231560459,-838.79
2025-04-23 12:30:00,2025-04-23 13:30:00,284.40999999999997,691.2899999999998,12,4,72.66252879822986,high,100-300,True,True,ok,ok,691.2899999999998,815.6672213486369,830.9961858583368,837.6924365091867,797.0803833987638,790.506309567409,820.6725173456149,774.33193875508,795.9411585212027,813.5181692466338,808.4895911723183,805.2992763226988,797.0803833987638,512.6703833987639,406.8799999999999
2025-03-05 09:20:00,2025-03-05 10:20:00,146.33,477.9200000000001,9,3,45.51846081319638,high,100-300,True,True,ok,ok,477.9200000000001,652.0801745352271,649.5693545413052,635.2429363044726,658.8641676420397,632.3887429512256,616.0797516647757,654.3437868847111,640.6911017644676,663.0490003084988,644.7010018440805,660.9565839752693,658.8641676420397,512.5341676420396,331.59000000000003
2025-10-26 09:10:00,2025-10-26 10:10:00,207.79000000000002,461.28000000000003,9,10,49.5469387125615,high,100-300,True,True,ok,ok,461.28000000000003,708.1922539410789,778.0311926118765,773.3004567556669,719.0195403673131,702.4063632010613,826.9992686709281,741.223060894044,717.6334830873982,707.593928295459,741.5999497583139,713.306734331386,719.0195403673131,511.22954036731306,253.49
2025-10-24 09:20:00,2025-10-24 10:20:00,139.566,829.6200000000001,9,10,52.02113820661052,high,100-300,True,True,ok,ok,829.6200000000001,678.324329364976,735.8081488007901,719.9395701573609,649.8642568335931,676.8850844374508,720.8798981882469,650.1569205515567,685.8075206348947,670.0628196650156,687.525394292654,659.9635382493043,649.8642568335931,510.2982568335931,690.0540000000001
2025-04-27 09:50:00,2025-04-27 10:50:00,293.43,815.77,9,4,52.499135110839674,high,100-300,True,True,ok,ok,815.77,793.49875581514,686.8889807517586,697.0286870769247,802.8726696341771,801.8972222672863,824.8481563444756,816.194790675038,781.9523992891646,799.6263203551156,778.3119980232311,801.2494949946463,802.8726696341771,509.4426696341771,522.3399999999999
2025-03-02 12:20:00,2025-03-02 13:20:00,924.1,1040.9,12,3,86.29444957682075,high,900+,True,True,ok,ok,1040.9,368.5342068529132,719.8910320617377,714.9640845541396,414.72826438277275,320.2740298948851,450.41164769749776,488.45463370857254,464.31462394206784,414.9465730204188,484.05767734611175,414.83741870159577,414.72826438277275,-509.3717356172273,116.80000000000007
2025-03-19 12:50:00,2025-03-19 13:50:00,315.34,717.28,12,3,80.67816516530458,high,300-600,True,True,ok,ok,717.28,830.8651726408057,879.5940672928099,887.5225158655545,824.5769348661804,832.9726042784924,899.4761653760185,852.5880409583015,813.9047503874135,843.8790421291624,851.7088104216377,834.2279884976714,824.5769348661804,509.23693486618043,401.94
2025-09-07 09:50:00,2025-09-07 10:50:00,306.24,796.75,9,9,54.87168966572019,high,300-600,True,True,ok,ok,796.75,833.808601750503,700.8881545371652,695.0036850988571,815.4268831254126,829.9558079354622,817.1464056476115,821.1394955777633,812.8287122101136,810.5617269719343,792.973274761647,812.9943050486734,815.4268831254126,509.1868831254126,490.51
2025-07-06 11:40:00,2025-07-06 12:40:00,1062.5,909.97,11,7,62.30964027404809,high,900+,True,True,ok,ok,909.97,565.7633284132609,715.5538952994874,688.0846206302532,553.6713014592942,501.55386522808084,524.5300966369941,500.03736784488865,538.771884358984,577.0961708162637,573.8958367430564,565.3837361377789,553.6713014592942,-508.8286985407058,-152.52999999999997
2025-05-07 12:20:00,2025-05-07 13:20:00,177.2,892.5,12,5,69.08472178988738,high,100-300,True,True,ok,ok,892.5,698.4767065788357,659.9756035835481,658.5152354004824,684.5447655497748,690.6815276528399,691.9859732174665,673.157309139787,660.9549044284444,673.8200946849074,676.9013466928984,679.182430117341,684.5447655497748,507.34476554977476,715.3
2025-11-22 10:50:00,2025-11-22 11:50:00,1288.1,863.3299999999999,10,11,67.79857719347137,high,900+,True,True,ok,ok,863.3299999999999,772.9470647798041,820.7534094931002,784.7193279518162,780.967828611859,762.8857688701111,829.9000399754226,816.2862331719974,798.4258346640436,801.847099541301,796.5258452288283,791.40746407658,780.967828611859,-507.13217138814093,-424.77
2025-09-12 10:50:00,2025-09-12 11:50:00,371.64,764.78,10,9,69.99242587253804,high,300-600,True,True,ok,ok,764.78,898.4965086207745,934.3703383126832,935.8312272271074,877.0742578995014,905.991262845559,930.1245862463567,866.3298505464672,891.1141684120427,904.4563320295242,904.8653924600019,890.7652949645128,877.0742578995014,505.4342578995014,393.14
2025-10-09 10:20:00,2025-10-09 11:20:00,964.1,250.76,10,10,66.65953950211431,high,900+,True,True,ok,ok,250.76,458.6451676811989,627.0169065453305,623.643696322551,458.94824534982683,458.90514210962397,556.02456191997,437.13484251617786,495.8710237751687,487.89257497650493,511.56468457737253,473.4204101631659,458.94824534982683,-505.1517546501732,-713.34
2025-06-23 10:50:00,2025-06-23 11:50:00,859.0200000000001,116.33,10,6,56.71174792186612,high,600-900,True,True,ok,ok,116.33,311.06982748422126,347.1777711043348,379.03483848391585,354.45038925355726,342.3369398129718,374.7108617669902,395.9177713770248,393.3785876519944,388.4395542089503,365.1685045715511,371.44497173125376,354.45038925355726,-504.56961074644283,-742.69
2025-09-27 09:20:00,2025-09-27 10:20:00,307.55,616.55,9,9,50.658472398997525,high,300-600,True,True,ok,ok,616.55,828.801924168494,835.8890696008817,859.3156627422404,812.0336582773924,809.7260680855311,883.1164337267697,798.2975227785261,800.9010865841708,804.5391060279666,825.8467257768859,808.2863821526795,812.0336582773924,504.4836582773924,308.99999999999994
2025-02-05 12:00:00,2025-02-05 13:00:00,342.58,539.26,12,2,76.73360458168187,high,300-600,True,True,ok,ok,539.26,858.9446853704943,916.7224592253237,935.1369415392365,844.9899438325715,857.1942715146766,800.8735900503366,824.82477912776,844.0384552257024,832.802085646577,857.2808012814088,838.8960147395742,844.9899438325715,502.4099438325715,196.68
2025-09-25 12:40:00,2025-09-25 13:40:00,261.59,930.43,12,9,78.96188330362536,high,100-300,True,True,ok,ok,930.43,775.684999495506,733.4281027177125,701.4005217505546,763.2714119012068,774.0247391366031,798.1386899613149,734.9400448281124,731.1267001994185,769.5131002830464,753.5031455859416,766.3922560921266,763.2714119012068,501.6814119012068,668.8399999999999
2025-08-19 10:30:00,2025-08-19 11:30:00,301.24000000000007,890.6,10,8,59.89294586902315,high,300-600,True,True,ok,ok,890.6,818.9152777999386,668.769295717891,676.2786164792485,802.6546857700378,819.3400703115083,842.6539957550292,817.0185960318039,784.6874763120995,804.5838914596695,781.6557672930253,803.6192886148536,802.6546857700378,501.4146857700377,589.3599999999999
2025-02-24 14:00:00,2025-02-24 15:00:00,712.4800000000001,1117.7,14,2,64.47940547973883,high,600-900,True,True,ok,ok,1117.7,209.17594708452802,301.7520589762512,314.9204657045217,212.1078139009431,188.35940256044992,269.20962481205305,181.8498723268154,216.4428520749594,183.68967664571034,230.83419045402582,197.8987452733267,212.1078139009431,-500.372186099057,405.2199999999999
2025-12-25 09:40:00,2025-12-25 10:40:00,179.26,429.16,9,12,49.734575842980874,high,100-300,False,True,,ok,429.16,696.6341197575168,758.2685465072943,795.3566787146808,679.4344698715491,689.6735930177457,795.662760503561,724.3119517567974,711.6703328444219,694.6654179421065,727.2975412128527,687.0499439068278,679.4344698715491,500.17446987154915,249.90000000000003
2025-08-17 12:30:00,2025-08-17 13:30:00,142.859,357.1,12,8,71.814626970158,high,100-300,True,True,ok,ok,357.1,635.2697449926092,693.1850274590877,664.3288533319326,642.4460030856036,681.8219258296889,680.0577809325013,659.4475610834255,618.3145800154083,651.9252211511546,658.532966431268,647.1856121183791,642.4460030856036,499.58700308560356,214.241
2025-09-11 09:40:00,2025-09-11 10:40:00,148.23999999999998,393.27,9,9,53.19296128281724,high,100-300,False,True,,ok,393.27,629.8904873153451,716.8109489778869,686.8499681530883,646.6639709333095,630.5808086968565,732.5562745395537,687.1538990862277,658.6215511860299,653.8028384768187,671.4367497072351,650.2334047050641,646.6639709333095,498.42397093330953,245.03
2025-07-06 12:30:00,2025-07-06 13:30:00,103.335,1019.0,12,7,62.929734241421045,high,100-300,True,True,ok,ok,1019.0,595.7835479085018,503.2569220154767,540.8976812023666,601.6098723668564,592.4019534548544,660.2759212633922,598.3187304671937,624.9164380274436,650.9270324011665,596.4875665674724,626.2684523840114,601.6098723668564,498.2748723668564,915.665
2025-06-18 10:20:00,2025-06-18 11:20:00,231.72999999999996,564.12,10,6,52.283023207368785,high,100-300,True,True,ok,ok,564.12,721.9002751803918,787.1508206684547,787.9391206074424,729.5053038819777,743.6924409363969,773.0447302437918,735.1286158101535,734.7702336806828,706.4994450103165,746.6256651132899,718.0023744461471,729.5053038819777,497.7753038819778,332.39000000000004
2025-03-11 10:10:00,2025-03-11 11:10:00,373.7800000000001,805.32,10,3,58.32989520560808,high,300-600,True,True,ok,ok,805.32,860.4756999048672,799.2059691105751,785.1918365322522,871.4500180316932,875.0557774331055,857.4024999888759,881.7378795893088,881.3840548314088,862.942781384009,852.7607240895663,867.196399707851,871.4500180316932,497.6700180316931,431.53999999999996
2025-07-20 10:20:00,2025-07-20 11:20:00,177.69,807.1299999999999,10,7,52.970946201412616,high,100-300,True,True,ok,ok,807.1299999999999,685.0262908692275,652.5506096551654,661.1612943238445,675.1155837509344,694.8528143786259,709.914578712958,643.6945632608875,645.0565186177732,671.7611626622488,671.0148240257406,673.4383732065917,675.1155837509344,497.42558375093444,629.4399999999998
2025-03-10 13:50:00,2025-03-10 14:50:00,70.55600000000001,989.7,13,3,66.85631975899915,high,0-100,True,True,ok,ok,989.7,543.4220395950683,514.8222582569219,470.1673734569433,566.6242052860737,536.9229963680249,520.3683017891898,518.0082310871938,566.4565093410791,535.9740491746155,530.30732937279,551.2991272303445,566.6242052860737,496.06820528607363,919.144
2025-10-14 12:30:00,2025-10-14 13:30:00,211.28000000000003,1023.2,12,10,79.75495456910906,high,100-300,True,True,ok,ok,1023.2,710.4605506681817,727.5100070814307,700.21202739571,706.6933363146425,685.1592204913213,764.3552869925164,657.7558817529169,685.3845045399563,682.408036342437,702.2154279532348,694.5506863285398,706.6933363146425,495.41333631464244,811.9200000000001
2025-09-12 11:20:00,2025-09-12 12:20:00,414.87,622.4300000000001,11,9,76.43224809452889,high,300-600,True,True,ok,ok,622.4300000000001,900.7364681334535,935.7324728365849,956.5481266348578,910.0764626768386,904.5054452175343,930.3452170506832,892.6730669848687,914.1432994216729,909.5682797521076,917.1476487454001,909.8223712144732,910.0764626768386,495.20646267683856,207.56000000000006
2025-03-09 12:00:00,2025-03-09 13:00:00,262.32000000000005,685.9,12,3,85.54424081691104,high,100-300,True,True,ok,ok,685.9,819.0595008763952,875.466864374266,877.7691143156254,756.8414342729754,794.1221201219143,720.3845919655167,740.4427580376156,735.4447751465724,737.2073348393004,784.0820548833535,747.0243845561379,756.8414342729754,494.5214342729754,423.5799999999999
2025-10-06 09:30:00,2025-10-06 10:30:00,314.84000000000003,561.66,9,10,54.03902019319967,high,300-600,True,True,ok,ok,561.66,841.3878071907133,839.0926386937822,838.6834474304018,806.9926718409035,816.8049589112321,870.3489075538666,805.2066074912091,808.9985653991782,810.0989162469878,826.4016134175861,808.5457940439456,806.9926718409035,492.1526718409035,246.81999999999994
2025-07-25 12:30:00,2025-07-25 13:30:00,273.79,586.0500000000001,12,7,65.92101622482447,high,100-300,True,True,ok,ok,586.0500000000001,752.8762188322136,785.8838322213386,791.7711161389492,765.7648959580597,769.7239096720368,813.9592274047424,786.0650843668983,777.1138844717877,750.1254490413625,777.0315131230432,757.9451724997111,765.7648959580597,491.9748959580597,312.26000000000005
2025-09-18 13:10:00,2025-09-18 14:10:00,154.0,984.6,13,9,71.6049163300893,high,100-300,True,True,ok,ok,984.6,657.4227292007394,600.7314556435299,617.3831688302968,645.0497225136,650.94052602637,640.9886406673957,628.6115052820267,647.9294883860648,655.5927810081325,638.2944463953507,650.3212517608663,645.0497225136,491.04972251360005,830.6
2025-10-11 13:00:00,2025-10-11 14:00:00,128.89000000000001,998.1,13,10,73.02610449881097,high,100-300,True,True,ok,ok,998.1,588.2871971977257,511.52019490712945,523.383793933895,618.6709315419542,583.6254525258574,577.3293025689567,568.155136003497,633.9652462233432,633.1364801854115,582.00819278753,625.903705863683,618.6709315419542,489.78093154195426,869.21
2025-09-24 12:40:00,2025-09-24 13:40:00,871.8500000000001,1066.6,12,9,78.92270100146958,high,600-900,True,True,ok,ok,1066.6,438.36342929953304,496.6312481911613,523.4343825071052,382.3686741075751,353.23842074377495,517.1357737653994,403.1004893268074,418.1800593478576,372.1016740007549,433.83935014332985,377.235174054165,382.3686741075751,-489.48132589242505,194.74999999999977
2025-06-23 10:40:00,2025-06-23 11:40:00,898.9,148.84,10,6,55.26299985341607,high,600-900,True,True,ok,ok,148.84,359.15834725549223,471.4135111657407,482.92556509600166,409.59476812782907,402.0804510953645,430.4459100900195,417.37086423206733,434.83656410181885,432.2956564020633,426.6801819518219,420.9452122649462,409.59476812782907,-489.3052318721709,-750.06
2025-06-13 10:30:00,2025-06-13 11:30:00,244.82999999999998,745.8199999999999,10,6,54.25499456351345,high,100-300,True,True,ok,ok,745.8199999999999,724.3396633482926,653.3882767931188,681.0810047369781,734.1061058154103,726.9760728516162,724.5281255745971,729.0837112966184,699.8342419326488,742.2857007227565,712.8469892302263,738.1959032690834,734.1061058154103,489.2761058154103,500.98999999999995
2025-09-20 11:00:00,2025-09-20 12:00:00,408.09000000000003,605.36,11,9,74.16120723261308,high,300-600,True,True,ok,ok,605.36,893.1968388828656,925.2868587770123,943.2422505999411,897.1510986363922,879.9338843145608,882.4923967058213,925.5217228355735,878.1083211755728,919.2140012336066,904.905263684594,908.1825499349994,897.1510986363922,489.0610986363922,197.26999999999998
2025-11-23 12:10:00,2025-11-23 13:10:00,1066.9,264.27,12,11,73.13372862359537,high,900+,True,True,ok,ok,264.27,617.4284466355638,410.8676846430284,502.21630486250984,578.2675155072445,574.3992117499513,634.6230835577682,607.1194730064445,603.1117005430966,613.5595356958348,571.2881062446046,595.9135256015397,578.2675155072445,-488.63248449275557,-802.6300000000001
2025-06-04 12:40:00,2025-06-04 13:40:00,206.4,825.4,12,6,62.35397341192802,high,100-300,True,True,ok,ok,825.4,683.4335141576931,558.7470117073065,565.8284135875579,694.9436897808312,696.8171731646188,694.7970863698597,679.0766439966078,664.941827885003,685.3751283623789,658.2178321124286,690.1594090716051,694.9436897808312,488.5436897808312,619.0
2025-08-17 10:50:00,2025-08-17 11:50:00,330.31000000000006,827.96,10,8,63.363824801741984,high,300-600,True,True,ok,ok,827.96,810.2178531482481,740.0978207386261,760.7942554716915,817.0620323708259,779.4003695472743,843.1935119185582,777.9044200733136,800.158547145008,797.490774645519,791.8132872287849,807.2764035081725,817.0620323708259,486.7520323708259,497.65
2025-09-07 10:00:00,2025-09-07 11:00:00,338.15,824.4,10,9,57.25169236223333,high,300-600,True,True,ok,ok,824.4,832.9028949446274,709.2532356607708,704.9216614589004,823.047247888008,838.3033804450349,826.6873317528226,820.7112552507817,811.6198253154944,809.6947225643394,797.4601728089755,816.3709852261736,823.047247888008,484.897247888008,486.25
2025-10-03 10:50:00,2025-10-03 11:50:00,1308.8,499.0200000000001,10,10,73.7479808286265,high,900+,True,True,ok,ok,499.0200000000001,827.2405885164303,913.6952471104512,917.7040364942716,823.9473317263257,800.7437430926694,829.8964409555799,815.9349121814914,834.1459549263051,812.198531402805,841.7229762673701,818.0729315645654,823.9473317263257,-484.8526682736742,-809.7799999999999
2025-11-08 12:10:00,2025-11-08 13:10:00,320.64,717.7299999999999,12,11,76.56994883950736,high,300-600,True,True,ok,ok,717.7299999999999,814.1924494134117,868.9455147029978,869.9200453739203,805.023497382459,819.1419091388068,881.2174489434317,823.002831723674,814.2967921193548,820.7837417968215,835.1693589549864,812.9036195896402,805.023497382459,484.38349738245904,397.0899999999999
2025-09-23 13:10:00,2025-09-23 14:10:00,96.85,923.2,13,9,71.69617244717745,high,0-100,True,True,ok,ok,923.2,597.0221159775103,497.72341552806097,528.5749531544476,580.2414424917445,611.8656291881517,654.329652606892,581.5582017991213,596.2005156938251,570.7003735161802,579.8018111062148,575.4709080039623,580.2414424917445,483.39144249174444,826.35
2025-05-10 10:00:00,2025-05-10 11:00:00,881.4,84.5,10,5,53.06512806237365,high,600-900,True,True,ok,ok,84.5,377.4206249670855,287.262922826484,288.86941853116343,398.46199216617316,379.4210868369003,263.85382214588384,446.7650842786498,415.83611974043504,410.868447734143,363.19550213632425,404.6652199501581,398.46199216617316,-482.9380078338268,-796.9
2025-02-24 13:30:00,2025-02-24 14:30:00,947.5,977.4,13,2,71.64100313804512,high,900+,True,True,ok,ok,977.4,468.5159358460212,543.2608253700216,555.8583866363231,464.6919771821859,458.7023504739479,516.8516741545303,438.48302985300387,420.5102373538502,445.026572675715,479.100109949511,454.8592749289504,464.6919771821859,-482.8080228178141,29.899999999999977
2025-01-11 11:00:00,2025-01-11 12:00:00,1222.3,600.0600000000001,11,1,64.6387148114478,high,900+,True,True,ok,ok,600.0600000000001,711.1953024807245,712.2776573170461,652.115890087854,740.1953413444359,703.8452270624415,730.829576055154,803.1831719607901,746.3489843509258,715.5006190893449,723.9435299720795,727.8479802168904,740.1953413444359,-482.1046586555641,-622.2399999999999
2025-08-24 12:30:00,2025-08-24 13:30:00,890.6400000000001,1012.3,12,8,73.88599608623933,high,600-900,True,True,ok,ok,1012.3,370.9400661577026,587.3444156946318,612.3028227172059,409.3717485797703,377.30890007682933,462.5947473057388,364.1384867466235,386.7395372638027,420.4333703261743,443.46378831871993,414.90255945297235,409.3717485797703,-481.2682514202298,121.65999999999985
2025-12-07 13:30:00,2025-12-07 14:30:00,844.0,1002.2300000000001,13,12,60.919609045242304,high,600-900,True,True,ok,ok,1002.2300000000001,364.09780091084815,289.54768536043184,337.2643037753689,364.29353246770626,367.0791755633689,398.4428885732421,349.04568179713505,370.794487309866,336.60365938563274,353.01880168262215,350.4485959266695,364.29353246770626,-479.70646753229374,158.23000000000013
2025-09-19 10:30:00,2025-09-19 11:30:00,312.63,923.29,10,9,66.77423356178528,high,300-600,True,True,ok,ok,923.29,808.7593150551091,824.702204922089,774.1150081893066,790.1881638027047,797.3519327278849,833.0143181973359,800.544331927859,808.8695712511515,847.4639610360305,809.4454230121636,818.8260624193676,790.1881638027047,477.5581638027047,610.66
2025-09-27 10:10:00,2025-09-27 11:10:00,270.56,234.48000000000002,10,9,63.10825902609635,high,100-300,True,True,ok,ok,234.48000000000002,794.2405725018907,812.5400969799019,774.6721489978215,748.0947856190164,791.5599007897973,732.2180636319213,766.0518590843426,760.7067839007672,749.743091863645,769.9808114854559,748.9189387413307,748.0947856190164,477.5347856190164,-36.079999999999984
2025-01-14 13:20:00,2025-01-14 14:20:00,253.35,967.6,13,1,66.30161104539799,high,100-300,True,True,ok,ok,967.6,734.2883457893519,771.3475180203972,790.8046246802146,730.7750643192418,726.3722453133372,761.6906564605663,740.161135444035,747.6593563898991,747.0392602630975,750.0153562977935,738.9071622911697,730.7750643192418,477.42506431924176,714.25
2025-11-11 12:10:00,2025-11-11 13:10:00,329.24,892.49,12,11,75.79329643127586,high,300-600,True,True,ok,ok,892.49,828.0611181816696,817.2160264612428,857.7984332679,806.5034847318952,827.0808521646154,881.9337607128635,829.2646462733618,811.7264584806564,826.0709490388181,831.7395254792248,816.2872168853567,806.5034847318952,477.26348473189523,563.25
2025-09-25 14:20:00,2025-09-25 15:20:00,656.3499999999998,124.25999999999999,14,9,54.34035677994581,high,600-900,True,True,ok,ok,124.25999999999999,196.7139342920068,157.4674269956388,193.89262178133995,179.34383672967266,191.3892502738916,154.64949776056534,189.92819649083245,186.1504373483096,176.13448044692632,180.62996467990928,177.7391585882995,179.34383672967266,-477.00616327032714,-532.0899999999998
2025-09-23 13:00:00,2025-09-23 14:00:00,163.83999999999997,963.9,13,9,74.1207716875484,high,100-300,True,True,ok,ok,963.9,670.0582112738018,520.8626913523987,591.6625782968546,640.6698814683093,666.0592470565055,668.7946184100321,651.2214007027833,663.3176189709229,651.8716803198631,636.0575475390523,646.2707808940862,640.6698814683093,476.82988146830934,800.06
2025-08-24 12:00:00,2025-08-24 13:00:00,1095.3,964.1,12,8,74.5800221919946,high,900+,True,True,ok,ok,964.1,598.588470202236,667.4675438224486,694.6916192906001,618.7598094939912,603.1967813930052,640.794504287941,636.5015762811886,606.1121092420897,608.4897372319195,630.51135013838,613.6247733629554,618.7598094939912,-476.5401905060088,-131.19999999999993
2025-06-18 09:50:00,2025-06-18 10:50:00,224.91,453.85,9,6,46.91281566862084,high,100-300,True,True,ok,ok,453.85,697.6241200087363,720.6792120825663,742.9636838125967,701.4285686263278,705.8871492922917,788.9652480740884,695.259403776186,707.4154038769116,700.7076830024523,717.8811636169064,701.06812581439,701.4285686263278,476.5185686263278,228.94000000000003
2025-06-27 10:00:00,2025-06-27 11:00:00,194.96999999999997,596.55,10,6,48.42473265633318,high,100-300,True,True,ok,ok,596.55,663.5998538907548,618.3034551123467,615.1010399622326,670.9305074433026,688.4462116384811,719.3033265741761,656.1573467205736,642.8964039368094,670.0817947916362,660.5355488967014,670.5061511174695,670.9305074433026,475.9605074433027,401.58
2025-03-02 13:50:00,2025-03-02 14:50:00,54.572,623.78,13,3,67.07156516728898,high,0-100,True,True,ok,ok,623.78,538.5469106158147,659.0270025178178,649.7214084329083,530.5130557785299,550.3143123818672,495.4484333510498,508.15706669221396,474.68806651871273,528.5337797617591,548.3277817834082,529.5234177701445,530.5130557785299,475.94105577852986,569.208
2025-07-06 11:30:00,2025-07-06 12:30:00,1019.0,380.78000000000003,11,7,61.552080744189745,high,900+,True,True,ok,ok,380.78000000000003,529.481688619909,644.3134473409622,678.416457025802,543.3000359186971,547.4665202601548,575.0187204139811,497.2392664997431,521.6547704986309,579.8939857019661,568.5316546977606,561.5970108103315,543.3000359186971,-475.69996408130294,-638.22
2025-11-08 12:30:00,2025-11-08 13:30:00,280.0,593.83,12,11,74.11557424019435,high,100-300,True,True,ok,ok,593.83,775.8125881571666,843.2728036800552,856.0135757270276,755.3869296406092,754.1726197984317,821.3836171172547,760.9691808988006,759.9729479599538,753.0699503288896,786.6726903675767,754.2284399847495,755.3869296406092,475.3869296406092,313.83000000000004
2025-09-24 12:50:00,2025-09-24 13:50:00,811.25,1079.3200000000002,12,9,76.54445922972802,high,600-900,True,True,ok,ok,1079.3200000000002,352.7771084607127,432.1652892468023,460.4549353246736,336.793931791943,358.5280621211089,569.4196264248526,295.3830942328083,366.1119704849096,337.2106711893241,389.87163214190394,337.00230149063356,336.793931791943,-474.456068208057,268.07000000000016
2025-11-11 12:20:00,2025-11-11 13:20:00,256.09,511.78000000000003,12,11,74.79189314126305,high,100-300,True,True,ok,ok,511.78000000000003,774.7916536305481,833.0300808488191,860.1657591784311,729.9612537102985,727.8854338115541,808.5086311740362,775.9139901704834,752.6985794510526,746.0706797452965,778.7806735245023,738.0159667277975,729.9612537102985,473.8712537102985,255.69000000000005
2025-05-07 12:30:00,2025-05-07 13:30:00,123.78000000000002,885.1,12,5,68.43989999883682,high,100-300,True,True,ok,ok,885.1,604.1259256788466,627.8430101512748,628.3929625079974,597.5679633672124,574.8139247189163,573.2606166718107,566.7615519824324,556.3065687706105,572.727354527584,589.0888753751872,585.1476589473982,597.5679633672124,473.7879633672124,761.32
2025-06-07 09:40:00,2025-06-07 10:40:00,89.15700000000001,382.55,9,6,45.82577354158405,high,0-100,False,True,,ok,382.55,553.444336559813,654.2489757035419,629.7218075718856,562.3754242123771,536.9878224156689,721.0781297185737,638.756439630761,607.7923739876078,597.0818031491282,611.2763458832619,579.7286136807527,562.3754242123771,473.21842421237704,293.39300000000003
2025-05-06 11:10:00,2025-05-06 12:10:00,370.09000000000003,621.7099999999999,11,5,65.98934702459103,high,300-600,True,True,ok,ok,621.7099999999999,839.4973874131014,774.0186253093842,727.6253072470752,842.9530143510694,819.1668072760102,846.0610747195917,824.9447085464058,841.4706823057056,844.3831196087306,817.7911918641192,843.6680669799,842.9530143510694,472.8630143510694,251.6199999999999
2025-10-03 10:40:00,2025-10-03 11:40:00,1281.5,478.85,10,10,71.25306359041043,high,900+,True,True,ok,ok,478.85,808.6533267500794,901.9444973579991,899.1842760478471,808.6697544794243,785.5798497406422,830.0863622754711,813.2306974308514,826.0029072120311,802.5969087816844,830.6609533417811,805.6333316305544,808.6697544794243,-472.83024552057566,-802.65
2025-08-29 10:10:00,2025-08-29 11:10:00,239.31,656.26,10,8,57.73020195984448,high,100-300,True,True,ok,ok,656.26,740.7084088690079,783.0006552104993,753.8113397911447,711.7241145227796,751.1033917365638,765.3983040977374,737.4017771098604,712.8653800946458,734.679134769523,743.4102784668625,723.2016246461512,711.7241145227796,472.4141145227796,416.95
2025-07-20 11:40:00,2025-07-20 12:40:00,242.76999999999998,845.71,11,7,64.04551263319637,high,100-300,True,True,ok,ok,845.71,739.9872183416404,747.2392909442195,715.4008928850126,713.4170550871829,751.6993914878726,723.4045794592979,677.7338404956639,693.6324060684029,712.3095183502454,719.4249103466153,712.8632867187141,713.4170550871829,470.64705508718293,602.94
2025-07-02 09:40:00,2025-07-02 10:40:00,132.8,667.7,9,7,43.683466316728655,high,100-300,False,True,,ok,667.7,598.5156529483944,555.9092845366667,584.792638316511,603.0899667540589,608.2373360485882,570.0131014245767,519.4153419536459,615.2669116229216,621.0996878440181,586.2599912721535,612.0948272990386,603.0899667540589,470.28996675405887,534.9000000000001
2025-10-06 10:10:00,2025-10-06 11:10:00,279.12,900.04,10,10,64.00598506467277,high,100-300,True,True,ok,ok,900.04,726.6549073446838,768.5647620870798,770.8968859847625,748.9889125671796,749.3320646760264,823.1779910950498,703.70476347736,741.0852135073196,740.0855711467152,752.499007987353,744.5372418569474,748.9889125671796,469.86891256717956,620.92
2025-09-12 11:30:00,2025-09-12 12:30:00,434.39000000000004,645.87,11,9,78.29486344141017,high,300-600,True,True,ok,ok,645.87,882.4748807546339,934.8080706831572,944.0637258468116,903.7038189618804,888.1634708886055,917.381604271168,902.2574431043582,905.9570578950814,897.4304022676108,908.4711638525897,900.5671106147456,903.7038189618804,469.3138189618804,211.47999999999996
2025-03-15 10:10:00,2025-03-15 11:10:00,403.31,576.75,10,3,58.54207891206678,high,300-600,True,True,ok,ok,576.75,877.9610147469947,929.4584711101393,927.0430366324656,872.5039427094335,867.0769541906335,909.3004969465032,888.5704703600863,888.8306324822588,867.467859853837,892.0236532258169,869.9859012816353,872.5039427094335,469.19394270943354,173.44
2025-11-22 11:00:00,2025-11-22 12:00:00,1229.1,978.03,11,11,69.39585942650066,high,900+,True,True,ok,ok,978.03,744.7835549828245,752.494952703571,744.5169864386272,759.9103822804532,745.3764546268326,819.1459676544781,752.5951542107383,759.9919532478971,764.6253653498928,760.3823079439239,762.2678738151731,759.9103822804532,-469.18961771954673,-251.06999999999994
2025-08-08 12:00:00,2025-08-08 13:00:00,244.26,729.95,12,8,69.5317009354514,high,100-300,True,True,ok,ok,729.95,707.0178726745715,718.6647668217109,718.4877436622411,713.3549910043353,732.1650821278813,730.598759799553,689.8328751804196,719.1751415966164,727.2566987507922,717.3948812909024,720.3058448775637,713.3549910043353,469.09499100433527,485.69000000000005
2025-09-18 13:20:00,2025-09-18 14:20:00,140.92,963.3,13,9,69.22902112270155,high,100-300,True,True,ok,ok,963.3,612.2094022177703,564.685215021762,585.7440702899925,609.9931868450295,622.6026389833753,606.4671071916563,596.8111860927817,603.6442650665626,644.2589566925041,605.1573364890484,627.1260717687668,609.9931868450295,469.07318684502957,822.38
2025-10-03 09:10:00,2025-10-03 10:10:00,401.19,877.5,9,10,48.79982874607575,high,300-600,True,True,ok,ok,877.5,871.266999184691,865.4252318539972,861.4052606324519,869.3046999906154,851.8583642776726,904.3257384688362,834.6655143994706,833.7114456041862,859.2481625619985,861.2457129971021,864.276431276307,869.3046999906154,468.1146999906154,476.31
2025-10-10 11:50:00,2025-10-10 12:50:00,302.71999999999997,649.3799999999999,11,10,87.32918701708539,high,300-600,True,True,ok,ok,649.3799999999999,784.468047942625,936.0138973164114,953.4669422972531,770.6977396592152,778.2433982522899,858.8711057934399,746.1862582435656,745.744209276816,789.8966601880617,818.1764732188531,780.2971999236385,770.6977396592152,467.9777396592153,346.6599999999999
2025-04-12 13:30:00,2025-04-12 14:30:00,973.9,899.8,13,4,65.9957096882432,high,900+,True,True,ok,ok,899.8,502.18468382688735,473.9847214722031,504.3278058862698,506.10739699325165,513.2263217594383,459.1113895556174,494.34746023253615,512.648228893223,504.8603936461159,496.75537802950464,505.48389531968377,506.10739699325165,-467.7926030067483,-74.10000000000002
2025-12-01 09:00:00,2025-12-01 10:00:00,253.8,693.99,9,12,43.8889548146384,high,100-300,True,True,ok,ok,693.99,737.7744054778717,655.6160738310812,629.9908547276169,721.379252313524,748.349195401365,738.043305147774,726.9543053056913,727.0168698121083,719.536004132825,711.6289184610953,720.4576282231745,721.379252313524,467.579252313524,440.19
2025-07-24 11:40:00,2025-07-24 12:40:00,346.85,827.3700000000001,11,7,64.7627632355076,high,300-600,True,True,ok,ok,827.3700000000001,796.7671272635947,769.36754664931,767.2427877672037,813.9219063970008,808.0294374036097,823.0631222141382,799.6749458139325,797.2536769744528,814.5711724223333,798.8768581006194,814.2465394096671,813.9219063970008,467.0719063970008,480.5200000000001
2025-11-08 12:50:00,2025-11-08 13:50:00,161.85999999999999,569.6800000000001,12,11,70.69973149672182,high,100-300,True,True,ok,ok,569.6800000000001,646.8606283077245,805.2135484615321,813.8377462812412,628.1794583046061,647.7520802093694,755.159652547275,590.1336056934114,638.2318974597825,653.923829297768,686.5880496180789,641.0516438011871,628.1794583046061,466.3194583046061,407.82000000000005
2025-08-01 13:00:00,2025-08-01 14:00:00,933.1700000000001,803.43,13,8,65.0332588041674,high,900+,True,True,ok,ok,803.43,504.77653599525195,544.5457102179353,534.6912910775987,467.50073127964873,472.49582544828957,469.870546538148,459.93117294188556,472.1652732127737,474.6523045196459,488.95882124790865,471.07651789964734,467.50073127964873,-465.66926872035134,-129.74000000000012
2025-07-24 12:00:00,2025-07-24 13:00:00,287.09,826.29,12,7,65.87711848676217,high,100-300,True,True,ok,ok,826.29,750.8261367523662,690.6692178713791,710.958435838041,752.55924049514,768.7758440890038,785.4670095279242,733.4921726492007,753.9412305877323,761.8072400732157,745.3885030982224,757.1832402841778,752.55924049514,465.46924049514,539.2
2025-03-19 12:40:00,2025-03-19 13:40:00,378.0,902.1200000000001,12,3,82.99127060423692,high,300-600,True,True,ok,ok,902.1200000000001,855.6934729213973,872.8557923277116,873.0752324621562,843.2014455274233,845.9317282676242,887.6903301618307,841.6121470587784,838.0327963424489,840.1816953171046,855.3638489318305,841.691570422264,843.2014455274233,465.2014455274233,524.1200000000001
2025-04-04 09:40:00,2025-04-04 10:40:00,126.76000000000002,344.77000000000004,9,4,51.49318586171726,high,100-300,False,True,,ok,344.77000000000004,578.4582987111125,670.4735303608915,690.2476889119638,591.5543146185993,555.2274619473394,668.7855905722669,630.1155692955879,611.8624002978005,598.1969414608927,621.6579773529394,594.8756280397461,591.5543146185993,464.7943146185993,218.01000000000002
2025-04-30 10:10:00,2025-04-30 11:10:00,298.11,410.33000000000004,10,4,56.43055669849838,high,100-300,True,True,ok,ok,410.33000000000004,777.6910296147267,770.8266235395448,764.8230442608665,762.8716885556723,772.2837266989471,794.333487973277,769.6608473944915,777.0694277698004,760.2087498147584,772.1965139580094,761.5402191852154,762.8716885556723,464.7616885556723,112.22000000000003
2025-09-28 13:30:00,2025-09-28 14:30:00,58.037,811.1600000000001,13,9,66.62778907934367,high,0-100,True,True,ok,ok,811.1600000000001,496.49505124170946,669.2376387008674,624.6956508367667,522.7138413265358,519.1011143543427,521.6321328779369,526.6776095906631,491.89574274945215,488.96405662477775,540.1569820336724,505.83894897565676,522.7138413265358,464.6768413265358,753.123
2025-07-20 10:00:00,2025-07-20 11:00:00,158.14000000000004,335.65,10,7,49.18952369370969,high,100-300,True,True,ok,ok,335.65,584.9243619463231,644.7706681971073,655.6891851157546,622.7502688076264,600.942981216786,646.9423556631507,599.7961169700822,625.0491403673636,617.1099368683091,621.9972239058337,619.9301028379678,622.7502688076264,464.61026880762637,177.50999999999993
2025-04-28 11:00:00,2025-04-28 12:00:00,240.94,898.9200000000001,11,4,66.23486622131529,high,100-300,True,True,ok,ok,898.9200000000001,693.302819752347,798.3786651586696,777.277290653378,705.0033272898785,679.0125335369718,766.0617416764217,693.4535432752068,747.212679977688,706.5108565725271,729.579273099232,705.7570919312028,705.0033272898785,464.0633272898785,657.98
2025-04-23 12:20:00,2025-04-23 13:20:00,293.75,771.7299999999999,12,4,73.40597535322618,high,100-300,True,True,ok,ok,771.7299999999999,769.7175837118122,735.6732032391199,761.6265863252256,756.9329885320791,739.4940998703531,775.98103501106,722.3532194821906,768.31559351986,776.4347596001699,756.2810076990968,766.6838740661244,756.9329885320791,463.1829885320791,477.9799999999999
2025-10-02 10:10:00,2025-10-02 11:10:00,1028.2099999999998,377.11,10,10,63.674902059598864,high,900+,True,True,ok,ok,377.11,562.5998111351533,651.4106275915142,634.4901451278826,565.2650301980116,572.2466709509532,647.4329550051309,566.4535063174358,552.339375936399,576.0117759680035,592.0277664700538,570.6384030830075,565.2650301980116,-462.94496980198824,-651.0999999999998
2025-06-28 11:00:00,2025-06-28 12:00:00,226.63000000000002,409.9799999999999,11,6,58.0022865295589,high,100-300,True,True,ok,ok,409.9799999999999,708.0149517240351,711.0435789104869,713.5132704035098,688.8412480922601,698.9594678226814,762.356260350171,714.744193354069,723.4303246147368,707.7605775807491,714.295985872522,698.3009128365046,688.8412480922601,462.2112480922601,183.34999999999988
2025-08-18 12:00:00,2025-08-18 13:00:00,258.37,581.6999999999998,12,8,72.56937233869296,high,100-300,True,True,ok,ok,581.6999999999998,762.5070791350985,857.0886897011964,861.3087176278239,720.2872002497683,749.367943364593,730.5453304656879,717.3719760459231,695.9304535233566,676.7313290582517,752.3487465746333,698.5092646540099,720.2872002497683,461.91720024976826,323.3299999999998
2025-12-08 11:50:00,2025-12-08 12:50:00,302.52,720.48,11,12,71.10978557796037,high,300-600,True,True,ok,ok,720.48,776.0073079076783,854.2986204202581,840.1137398928311,763.879467853408,773.8312014110132,839.5965206370788,816.1551014495041,791.5315211766771,791.8674605285942,805.2534379196715,777.8734641910011,763.879467853408,461.359467853408,417.96000000000004
2025-09-30 13:20:00,2025-09-30 14:20:00,943.2700000000001,670.38,13,9,69.01361888710429,high,900+,True,True,ok,ok,670.38,468.2715975306568,764.4155307111433,756.7471622283845,481.9393716444597,488.8463574086572,515.4041248289208,454.89592915403483,471.0209663430718,460.6133556665873,540.2393772795463,471.2763636555235,481.9393716444597,-461.3306283555404,-272.8900000000001
2025-07-31 11:30:00,2025-07-31 12:30:00,287.06,563.15,11,7,65.2916751296514,high,100-300,True,True,ok,ok,563.15,737.0280414684905,820.3755956509857,832.1210175478462,748.1512061473849,725.1573119817277,751.3481026501336,711.6483455006099,727.436277885777,717.4740198439704,752.3044354085473,732.8126129956777,748.1512061473849,461.09120614738487,276.09
2025-08-15 12:30:00,2025-08-15 13:30:00,951.43,902.9,12,8,71.23592399205111,high,900+,True,True,ok,ok,902.9,433.7549755518299,652.8430734380593,651.7410611110106,490.38384527463523,389.5431900569644,557.2874114985809,408.4007064921559,421.5509586701623,439.7886561708474,493.92154202936075,465.0862507227413,490.38384527463523,-461.0461547253647,-48.52999999999997
2025-02-05 12:10:00,2025-02-05 13:10:00,362.07,557.31,12,2,77.43400045651381,high,300-600,True,True,ok,ok,557.31,854.1866413908491,913.403049995488,943.6628404179855,822.9936149302165,853.6511211293393,752.7823305429188,793.589871838241,827.38244015685,820.0864153202729,842.4153695246846,821.5400151252447,822.9936149302165,460.9236149302165,195.23999999999995
2025-10-06 10:00:00,2025-10-06 11:00:00,338.77000000000004,502.7099999999999,10,10,61.51443226582385,high,300-600,True,True,ok,ok,502.7099999999999,855.6747186660411,890.0399934799934,876.1693319430783,799.4278308735137,847.4598430940148,848.9644083529481,824.6260301104577,838.8303161919964,797.7569058573565,842.1054865077111,798.592368365435,799.4278308735137,460.65783087351366,163.93999999999988
2025-09-29 13:00:00,2025-09-29 14:00:00,277.12,649.0900000000001,13,9,74.03650411805876,high,100-300,True,True,ok,ok,649.0900000000001,726.1244751368188,800.4662965940453,807.7154342910528,737.4801999925189,711.3309254842121,825.04538755181,741.3765677453766,742.4207085856502,728.4120984688614,757.8191215389274,732.9461492306901,737.4801999925189,460.3601999925189,371.97000000000014
2025-07-31 11:40:00,2025-07-31 12:40:00,268.91999999999996,597.0699999999999,11,7,66.23857262822773,high,100-300,True,True,ok,ok,597.0699999999999,696.1668724904241,831.0495354327022,855.4164769603176,728.6455048339877,696.9033624253624,762.7459902099941,702.1133837007177,701.9352507165717,693.3722450703399,740.9276246489352,711.0088749521638,728.6455048339877,459.72550483398777,328.15
2025-04-07 10:50:00,2025-04-07 11:50:00,1268.7,530.92,10,4,67.76235040530584,high,900+,True,True,ok,ok,530.92,816.8029122382998,907.0901797827911,917.1842466731772,808.9875087593131,836.4978952269265,773.0880695345327,845.6212160945153,836.1156344344565,815.3727527366943,839.640046164523,812.1801307480036,808.9875087593131,-459.712491240687,-737.7800000000001
2025-03-10 13:40:00,2025-03-10 14:40:00,161.06,1003.7,13,3,69.34934258698492,high,100-300,True,True,ok,ok,1003.7,612.6919058093129,541.3297306174131,515.6000081338377,619.5827424417145,624.2770826452884,597.8674213982518,608.0082460093325,639.7135478405132,612.4994472004317,596.8411257884551,616.0410948210731,619.5827424417145,458.52274244171446,842.6400000000001
2025-03-09 09:40:00,2025-03-09 10:40:00,146.38000000000002,334.98999999999995,9,3,50.7328999970263,high,100-300,False,True,,ok,334.98999999999995,595.3035881441718,619.1071288182638,638.6027722319118,603.5681661214312,579.6381323357571,672.4293433969724,629.3948847156555,618.9435872002383,613.3870036553844,618.930511846643,608.4775848884078,603.5681661214312,457.1881661214312,188.60999999999993
2025-09-23 10:20:00,2025-09-23 11:20:00,385.66999999999996,858.9,10,9,65.01362239641531,high,300-600,True,True,ok,ok,858.9,851.0840479683391,722.261375527969,724.4816544580067,842.8230511042134,843.5455351537074,865.5887559337127,827.6132952299383,836.388257301519,822.7805007525183,815.174052603325,832.8017759283658,842.8230511042134,457.15305110421343,473.23
2025-02-25 14:20:00,2025-02-25 15:20:00,762.9100000000001,866.5,14,2,59.65538556036599,high,600-900,True,True,ok,ok,866.5,320.5476846044852,469.06018620799193,443.6098859562053,306.15152691967955,292.817340645026,303.8600294778626,264.61279562129687,290.5076159296226,299.4977421683985,332.2960897256187,302.824634544039,306.15152691967955,-456.7584730803205,103.58999999999992
2025-11-04 13:40:00,2025-11-04 14:40:00,744.8600000000001,887.8,13,11,60.64831450527731,high,600-900,True,True,ok,ok,887.8,283.89803623596544,288.89712180084985,371.2597501367795,288.313099453404,268.27094266575006,311.3468847302264,309.8639828981055,280.12042274605204,286.60336741436237,298.73040089794387,287.45823343388315,288.313099453404,-456.54690054659613,142.93999999999983
2025-12-06 12:40:00,2025-12-06 13:40:00,966.7,949.2,12,12,68.78073444626389,high,900+,True,True,ok,ok,949.2,506.5118431121839,664.613749301867,668.3864541505918,510.48605958934974,467.35982263818596,537.8972016067215,475.0064944133323,513.6833202694058,535.8864182882024,542.2034848188712,523.1862389387761,510.48605958934974,-456.2139404106503,-17.5
2025-12-08 12:00:00,2025-12-08 13:00:00,332.3,742.2700000000001,12,12,71.210738243144,high,300-600,True,True,ok,ok,742.2700000000001,803.1785694063575,847.5067740755568,855.5766708978546,787.8133688008688,788.754104638512,841.567023166459,825.3701110481693,809.4673167831912,821.1718663034928,820.0450894578291,804.4926175521808,787.8133688008688,455.5133688008688,409.9700000000001
2025-02-05 10:40:00,2025-02-05 11:40:00,298.47999999999996,488.33000000000004,10,2,62.52384257536014,high,100-300,True,True,ok,ok,488.33000000000004,774.7107098637368,875.7158227996401,913.8908970663435,753.9850446924851,797.6986165085506,814.4626110149644,763.4228442954173,763.9645033857254,758.874863253171,801.8584347644482,756.4299539728281,753.9850446924851,455.5050446924851,189.85000000000008
2025-06-04 12:30:00,2025-06-04 13:30:00,242.37000000000003,825.2,12,6,63.02880792050153,high,100-300,True,True,ok,ok,825.2,693.6071358215835,584.9611754101061,601.2898521817763,697.7654462164138,687.5769966759286,722.4833959209817,691.6542129870579,680.3130366527021,683.2860061374008,671.43747311155,690.5257261769073,697.7654462164138,455.3954462164138,582.83
2025-10-18 13:20:00,2025-10-18 14:20:00,691.85,848.1700000000001,13,10,67.29341516350117,high,600-900,True,True,ok,ok,848.1700000000001,216.6372878506065,513.7973091378185,560.1141790351611,236.48682215194856,167.33887401020183,331.7506711256972,213.71453909842674,270.56315182799597,237.10925290801896,305.2791207939861,236.79803752998376,236.48682215194856,-455.36317784805146,156.32000000000005
2025-09-12 10:40:00,2025-09-12 11:40:00,437.01000000000005,579.57,10,9,67.69841647700073,high,300-600,True,True,ok,ok,579.57,907.0592609025043,939.6412994576823,955.3077075857478,892.0047020090866,903.811776120365,916.9681531062799,887.822446590511,896.0063172380792,903.1959952366675,911.3130731385469,897.600348622877,892.0047020090866,454.99470200908655,142.56
2025-03-31 12:30:00,2025-03-31 13:30:00,299.25999999999993,808.97,12,3,80.90133649208215,high,100-300,True,True,ok,ok,808.97,777.0641250334021,889.2965565976986,877.5939102729191,754.2321075993433,779.8002226323902,820.5843916190615,808.7437387863421,781.9119713046382,792.7605443108225,809.1097297951796,773.496325955083,754.2321075993433,454.97210759934336,509.7100000000001
2025-12-07 09:10:00,2025-12-07 10:10:00,993.3,534.7299999999999,9,12,45.33727046497861,high,900+,True,True,ok,ok,534.7299999999999,570.0079373056041,726.4048854438172,719.8409764629153,538.4548183082376,508.0391415099083,530.9202397067754,499.8802865178425,497.39928418982134,504.6165328978921,566.1737891492016,521.5356756030649,538.4548183082376,-454.8451816917624,-458.57000000000005
2025-10-17 12:00:00,2025-10-17 13:00:00,319.05000000000007,809.58,12,10,84.43906355292538,high,300-600,True,True,ok,ok,809.58,754.8709363241616,819.7860588542552,839.5124780391044,773.3753677857825,780.4491168943875,861.0111466801346,771.2514285917213,764.3630054204847,795.4010104619507,795.5578387835536,784.3881891238666,773.3753677857825,454.3253677857824,490.53
2025-03-15 10:50:00,2025-03-15 11:50:00,338.14,554.08,10,3,68.5123404235706,high,300-600,True,True,ok,ok,554.08,773.2888940306715,958.7373036510875,967.365236021813,792.2164396427204,770.3569774819531,665.977065256243,738.3153586071754,772.9716503167524,778.5232146089442,801.9724599574846,785.3698271258322,792.2164396427204,454.0764396427204,215.94000000000005
2025-11-23 08:50:00,2025-11-23 09:50:00,810.3199999999999,413.75,8,11,42.60603231999841,high,600-900,True,True,ok,ok,413.75,323.5071237351126,678.6087090693876,672.5724734312515,356.6342516610432,402.82440857883415,530.031275277711,389.1551745869716,370.71251257377077,358.55751702848477,453.62260510472964,357.595884344764,356.6342516610432,-453.6857483389567,-396.56999999999994
2025-11-23 11:10:00,2025-11-23 12:10:00,264.27,1161.5,11,11,70.60127830749653,high,100-300,True,True,ok,ok,1161.5,721.3027766940742,605.2031770822084,635.0596987636505,717.4126548957112,735.9220210718726,805.4556151591815,694.4516421940864,718.976359770388,707.7058078320232,704.6099726070217,712.5592313638672,717.4126548957112,453.1426548957112,897.23
2025-03-19 13:00:00,2025-03-19 14:00:00,334.76,768.7300000000001,13,3,78.28784972339717,high,300-600,True,True,ok,ok,768.7300000000001,797.393055161284,854.7488737140077,866.0806347082763,786.6195015778122,800.1194319669054,875.2414586278048,842.3863895114151,818.6155484413636,805.8381259326478,827.449224404613,796.22881375523,786.6195015778122,451.85950157781224,433.97000000000014
2025-11-08 12:20:00,2025-11-08 13:20:00,337.57,631.83,12,11,75.49784356049426,high,300-600,True,True,ok,ok,631.83,813.7980834191782,849.9131321470368,864.2322010523847,789.3178295864774,780.6785200876767,859.7507395569525,822.3821168369093,806.7609070732359,801.5313460514294,820.929430645698,795.4245878189533,789.3178295864774,451.7478295864774,294.26000000000005
2025-10-12 13:10:00,2025-10-12 14:10:00,143.1,953.5,13,10,70.45306587022517,high,100-300,False,True,,ok,953.5,584.2082043066254,485.89171906464884,531.6592354588881,593.4515117150635,604.4521402626708,639.3970278191867,611.4268672303189,594.5431151560355,568.0714017907105,579.233469200461,580.7614567528869,593.4515117150635,450.35151171506345,810.4
2025-11-23 09:50:00,2025-11-23 10:50:00,1073.2,810.3199999999999,9,11,55.912730876915155,high,900+,True,True,ok,ok,810.3199999999999,655.3348186343509,790.2669762727842,810.9112139071557,622.8713169686922,622.5250388866135,700.266025132086,708.1330997079101,656.3404910032779,642.9169244468203,689.9517672177434,632.8941207077562,622.8713169686922,-450.32868303130783,-262.8800000000001
2025-09-20 12:40:00,2025-09-20 13:40:00,279.35,863.0,12,9,78.63452368463888,high,100-300,True,True,ok,ok,863.0,730.6938763772722,630.0588281087704,634.4742506073484,729.5970788930649,753.0870394165437,754.9043636802818,730.0370924450027,723.956124151144,736.4618662828371,713.6967244402517,733.029472587951,729.5970788930649,450.2470788930649,583.65
2025-10-01 09:20:00,2025-10-01 10:20:00,1079.1,379.71,9,10,51.10096524194905,high,900+,True,True,ok,ok,379.71,645.5803308529164,703.6989391811338,661.626972866398,629.2858427031937,618.8600439860166,709.4604396262916,621.8475273891954,607.222412704793,638.5045440264231,648.4541170373735,633.8951933648084,629.2858427031937,-449.81415729680623,-699.3899999999999
2025-05-23 09:50:00,2025-05-23 10:50:00,1009.6,424.16999999999996,9,5,49.40008751190369,high,900+,True,True,ok,ok,424.16999999999996,571.9023796380433,710.4914857190854,739.8630242200383,559.9362155143115,590.2844575660972,651.6860089076694,545.947932352189,603.6249621389801,579.6300362989192,617.040722483926,569.7831259066154,559.9362155143115,-449.66378448568855,-585.4300000000001
2025-02-23 11:40:00,2025-02-23 12:40:00,1104.5,438.43,11,2,78.26385509642765,high,900+,True,True,ok,ok,438.43,670.8378898893628,807.2211095351737,867.5923335375875,654.8644124272687,690.3348104883293,709.6371159321207,582.7631031712737,630.8444682967738,672.9800540396792,698.5639219241743,663.9222332334739,654.8644124272687,-449.6355875727313,-666.0699999999999
2025-03-31 12:40:00,2025-03-31 13:40:00,274.59,613.9999999999999,12,3,79.3809815789343,high,100-300,True,True,ok,ok,613.9999999999999,762.5949840615892,892.7448755498408,894.291136064888,723.7144628141165,754.0974296692486,763.4926296429888,758.9481715930644,726.8244944123626,768.5190141256587,782.8030219926397,746.1167384698877,723.7144628141165,449.1244628141165,339.4099999999999
2025-04-02 13:30:00,2025-04-02 14:30:00,930.8,908.6,13,4,68.3448287413392,high,900+,True,True,ok,ok,908.6,430.02460868181777,498.6160795601526,429.66768276411466,482.31295512096625,444.63320739788696,511.65810542983667,510.6330106698158,469.0210687013594,436.57417940954576,468.1267664150551,459.443567265256,482.31295512096625,-448.4870448790337,-22.199999999999932
2025-01-18 10:40:00,2025-01-18 11:40:00,963.7,342.39,10,1,61.22536918776657,high,900+,True,True,ok,ok,342.39,507.13473627868484,598.8169096127828,522.0138593884177,515.6650609709352,485.63502496271684,502.95742780018423,526.4472795179873,520.171130200615,521.8308149888041,522.2969159690142,518.7479379798697,515.6650609709352,-448.03493902906484,-621.3100000000001
2025-08-11 12:30:00,2025-08-11 13:30:00,642.74,80.41999999999999,12,8,70.10611460360431,high,600-900,True,True,ok,ok,80.41999999999999,194.6144495509954,172.7082792538822,173.69904490917799,195.6187049453856,227.7199990952885,191.18935796561317,239.6774737102835,203.4515330438473,224.13091802781196,202.5344178335873,209.8748114865988,195.6187049453856,-447.1212950546144,-562.32
2025-01-22 10:00:00,2025-01-22 11:00:00,946.4,380.49,10,1,52.957541835634586,high,900+,True,True,ok,ok,380.49,485.0028938521556,623.0721955163342,635.7008313319907,499.62452382882844,498.3404717573363,527.2899843285138,529.2190292832111,508.85295173002686,489.99268560338703,533.0106185813094,494.80860471610777,499.62452382882844,-446.77547617117153,-565.91
2025-09-05 12:50:00,2025-09-05 13:50:00,958.2,972.2,12,9,74.3441645077604,high,900+,True,True,ok,ok,972.2,547.4654121409528,529.2280189876662,609.2028729065722,511.5520034026656,537.0362056656122,487.43550624968697,543.6046919329726,549.584313505153,517.5567579933772,536.962864753851,514.5543806980214,511.5520034026656,-446.64799659733444,14.0
2025-12-15 13:10:00,2025-12-15 14:10:00,860.5899999999999,268.12,13,12,64.50159197952908,high,600-900,True,True,ok,ok,268.12,422.0353574687852,459.30861484561626,456.1667266670037,413.9705080981473,430.48159066397096,446.94762867162086,447.22456058117103,457.9835602107342,413.82114920259784,438.6599662677386,413.89582865037255,413.9705080981473,-446.6194919018526,-592.4699999999999
2025-10-11 13:10:00,2025-10-11 14:10:00,151.66,968.9,13,10,70.56785997510806,high,100-300,True,True,ok,ok,968.9,590.6688312452062,495.6042061127505,488.5304230350441,598.2460200626865,602.9706089153866,628.5080221934006,568.4910336841378,613.5476626307336,602.7718625815519,576.5931856067665,600.5089413221192,598.2460200626865,446.58602006268654,817.24
2025-07-06 12:40:00,2025-07-06 13:40:00,82.061,1062.5,12,7,62.40025850104894,high,0-100,True,True,ok,ok,1062.5,552.7562200297607,525.7136130606812,502.13685559851456,528.586980763881,517.7507879975101,564.5473267804632,511.860774249891,549.7990078865932,580.6767131839036,537.0920310612443,554.6318469738924,528.586980763881,446.52598076388097,980.439
2025-12-10 10:40:00,2025-12-10 11:40:00,971.53,392.00000000000006,10,12,63.05303682782544,high,900+,True,True,ok,ok,392.00000000000006,540.3709074242973,684.8991533971168,675.3971734647031,525.2871222486726,531.246424154201,666.2058293912921,517.0751499842326,528.0856111526665,546.0114757653155,579.3976496647219,535.649299006994,525.2871222486726,-446.24287775132734,-579.53
2025-04-08 09:40:00,2025-04-08 10:40:00,324.12,532.99,9,4,51.41912063524059,high,300-600,False,True,,ok,532.99,750.2227453382435,744.7148561225104,774.105026441762,770.3218866394861,752.4322632413915,781.6461047505086,757.6260594418644,774.6334320850768,769.4781091687395,763.9089425810647,769.8999979041128,770.3218866394861,446.20188663948613,208.87
2025-10-11 13:50:00,2025-10-11 14:50:00,733.2,127.8,13,10,60.683542542172475,high,600-900,True,True,ok,ok,127.8,286.13313931817214,214.9548511173993,235.84044451669254,287.09372705771534,303.22130482409034,214.70276596963583,254.71580709555207,300.5323644004472,320.46085806587485,268.6283624850643,303.7772925617951,287.09372705771534,-446.1062729422847,-605.4000000000001
2025-09-13 12:50:00,2025-09-13 13:50:00,157.0,934.3,12,9,75.6742075460871,high,100-300,True,True,ok,ok,934.3,591.3874521818639,647.7412890796343,646.323892253328,603.1010262307009,580.6633219304482,509.2147835496447,594.2197295635855,583.3355047970671,581.2119536029574,593.0221059099144,592.1564899168291,603.1010262307009,446.1010262307009,777.3
2025-10-01 11:20:00,2025-10-01 12:20:00,447.16,696.3,11,10,81.01071647914482,high,300-600,True,True,ok,ok,696.3,873.226529108376,946.0847278121784,950.215266448221,891.69284772296,880.5692598243347,912.5108179663333,884.4613420481936,879.7248284120869,909.9383589107582,903.158219805938,900.8156033168591,891.69284772296,444.53284772295996,249.13999999999993
2025-09-29 13:10:00,2025-09-29 14:10:00,266.33000000000004,719.4199999999998,13,9,71.55298632142532,high,100-300,True,True,ok,ok,719.4199999999998,691.3854129324853,779.0233110171486,786.2494103665856,710.6225676819805,673.0173750696971,771.5364793427166,700.6710429253885,693.1747553725447,688.6417748963613,721.5913477338786,699.6321712891709,710.6225676819805,444.2925676819805,453.0899999999998
2025-07-31 11:50:00,2025-07-31 12:50:00,217.92999999999998,907.4399999999999,11,7,66.96011974749014,high,100-300,True,True,ok,ok,907.4399999999999,659.7809813717164,775.7573045733949,776.6093484705806,662.1176966542355,616.410195094671,656.5711176662994,595.614284170466,652.9693734599808,651.6052983686285,671.9372888699969,656.8614975114319,662.1176966542355,444.18769665423554,689.51
2025-12-10 11:40:00,2025-12-10 12:40:00,1117.3,971.53,11,12,70.45812731468399,high,900+,True,True,ok,ok,971.53,689.5313336970704,761.6875893107884,808.1966853919295,673.1905440807791,693.5966742483441,754.5420457168823,676.4833658204935,670.2402599413113,654.3456229880882,709.0904579106318,663.7680835344336,673.1905440807791,-444.10945591922086,-145.76999999999998
2025-09-20 07:50:00,2025-09-20 08:50:00,713.3599999999999,114.41999999999999,7,9,27.362613979076702,medium,600-900,True,True,ok,ok,114.41999999999999,259.0375473265051,316.80101928567365,311.0713085463528,269.41361731228375,275.6727976456384,251.1310237688944,282.5079153201758,284.9730792961224,264.1038850649533,279.4124659518444,266.75875118861853,269.41361731228375,-443.94638268771615,-598.9399999999999
2025-07-06 12:20:00,2025-07-06 13:20:00,180.26,946.3299999999999,12,7,63.24620399396148,high,100-300,True,True,ok,ok,946.3299999999999,633.4276081517993,501.55971248152787,541.0737668529431,624.1858526774183,630.1234148745838,665.2387808749323,609.4760138600362,648.1849708287343,693.1131894282636,616.2648122255821,658.649521052841,624.1858526774183,443.92585267741833,766.0699999999999
2025-10-07 09:00:00,2025-10-07 10:00:00,74.16999999999999,402.07,9,10,46.64009940253697,high,0-100,True,True,ok,ok,402.07,518.55103315112,698.5957143066718,707.1492114426221,518.023370281182,518.453321089233,612.106552133901,493.2113424357928,514.0582082243432,501.92470751955045,564.6748289538241,509.9740389003662,518.023370281182,443.85337028118204,327.9
2025-03-03 12:00:00,2025-03-03 13:00:00,1268.5,994.1,12,3,84.29117572389427,high,900+,True,True,ok,ok,994.1,825.0702912630259,739.7990310900221,747.6563027477494,824.9449838243975,812.3804490672584,829.0734293805981,845.507766376332,853.0827689607103,851.6600879410562,814.35279007235,838.3025358827268,824.9449838243975,-443.55501617560253,-274.4
2025-10-03 09:20:00,2025-10-03 10:20:00,415.87999999999994,757.92,9,10,51.2944076952932,high,300-600,True,True,ok,ok,757.92,878.8402353248351,889.9180864935325,896.6997012543703,859.2967384663943,855.1602965685013,912.9333396757464,824.7905083137076,840.1641795481638,860.8632884424464,868.7407082319664,860.0800134544204,859.2967384663943,443.4167384663944,342.04
2025-10-12 13:40:00,2025-10-12 14:40:00,121.5,759.3199999999999,13,10,63.06325000943516,high,100-300,False,True,,ok,759.3199999999999,547.3563135734977,587.5751967492098,607.5445499151643,564.5991227500167,547.2126673018486,642.8084150387227,570.9923187687356,554.9856918862837,584.1206898789594,578.5772184291599,574.3599063144881,564.5991227500167,443.0991227500167,637.8199999999999
2025-10-18 13:50:00,2025-10-18 14:50:00,702.22,839.51,13,10,60.01354145795178,high,600-900,True,True,ok,ok,839.51,229.0765177923402,373.01704183744005,384.69174559193596,259.5750603283274,223.6106746860727,305.05896488635125,235.25823375766652,254.4034673686541,255.84560479962232,280.0597012276012,257.7103325639749,259.5750603283274,-442.6449396716726,137.28999999999996
2025-07-10 11:10:00,2025-07-10 12:10:00,190.49,535.51,11,7,59.7921534822867,high,100-300,True,True,ok,ok,535.51,663.2756622893265,748.1722009664952,734.100603558869,632.9722190595271,654.0664970117502,626.307083053533,597.2624646051527,640.8704442229626,621.9853365328705,657.6680568111652,627.4787777961988,632.9722190595271,442.4822190595271,345.02
2025-12-07 09:00:00,2025-12-07 10:00:00,932.0,301.49,9,12,43.13648430793956,high,900+,True,True,ok,ok,301.49,472.6194317688008,614.9925900453565,631.6357932174409,489.65306911264344,488.39907506886817,573.1267690826718,496.757597383784,503.56821045107614,496.4785458292295,529.6923424399857,493.0658074709365,489.65306911264344,-442.34693088735656,-630.51
2025-10-28 12:20:00,2025-10-28 13:20:00,1105.02,449.50999999999993,12,10,78.32630884624956,high,900+,True,True,ok,ok,449.50999999999993,684.2457219216907,836.8731601835245,833.1188534487875,663.5288658332697,696.062542655628,715.1013753390599,688.6697406768249,683.6164335042685,666.4509688316552,718.6297402660789,664.9899173324625,663.5288658332697,-441.49113416673026,-655.51
2025-09-06 12:10:00,2025-09-06 13:10:00,341.98,477.71999999999997,12,9,79.29689791460575,high,300-600,True,True,ok,ok,477.71999999999997,794.0614042853387,882.4079957663602,859.0587541359947,782.7063465652677,805.0922709746651,814.4592122425214,802.7410786091581,804.0904837409017,789.6118779869612,814.9143804785742,786.1591122761145,782.7063465652677,440.7263465652677,135.73999999999995
2025-10-11 09:30:00,2025-10-11 10:30:00,390.19,767.64,9,10,54.34323204228741,high,300-600,True,True,ok,ok,767.64,837.3716752589928,709.6882150384208,761.8052549304799,830.7635670457482,840.1659830852162,841.3630027486682,815.7499797640576,805.8381494316144,828.5412160554854,807.9207825954094,829.6523915506168,830.7635670457482,440.57356704574823,377.45
2025-03-09 12:10:00,2025-03-09 13:10:00,275.11,810.67,12,3,87.89168747458336,high,100-300,True,True,ok,ok,810.67,761.4858489482281,851.0513025237693,842.9771837273779,715.6351676464234,724.4646300497756,691.4372068528914,722.7113054984468,719.8803325603408,732.6187459867206,751.3624137548859,724.1269568165719,715.6351676464234,440.52516764642337,535.56
2025-05-06 09:00:00,2025-05-06 10:00:00,236.24,590.3799999999999,9,5,40.56499378815819,high,100-300,True,True,ok,ok,590.3799999999999,672.3485061368881,575.9527966468884,573.5246663043195,676.7635959930194,694.4296079736731,694.6863063019049,670.6037106386676,670.9957667707679,656.7625699161052,654.0075029646928,666.7630829545624,676.7635959930194,440.5235959930194,354.1399999999999
2025-10-12 13:00:00,2025-10-12 14:00:00,162.93,919.7,13,10,72.90211855485526,high,100-300,False,True,,ok,919.7,615.8977671333736,505.2362090314846,550.1446791849156,602.3194520356383,629.3373668308245,659.65843758751,631.5663744505156,625.657193375344,583.1418843308267,600.3288182178259,592.7306681832324,602.3194520356383,439.38945203563827,756.77
2025-09-14 08:20:00,2025-09-14 09:20:00,119.91,573.3700000000001,8,9,34.00784978625576,medium,100-300,True,True,ok,ok,573.3700000000001,546.4363148261876,479.0014382273519,503.51049616537864,558.64535380732,536.7690055313417,566.4990327951396,547.1462285513845,560.5556858869228,531.2879307449849,536.650165170668,544.9666422761525,558.64535380732,438.73535380732005,453.46000000000015
2025-10-16 13:10:00,2025-10-16 14:10:00,211.21999999999997,769.77,13,10,69.95844862635195,high,100-300,True,True,ok,ok,769.77,653.3276836621401,595.448143451821,609.3174491695308,649.754088420775,657.9365385207346,668.4242049023989,651.4715766896378,678.0682156304432,636.5890513330222,644.481883531167,643.1715698768986,649.754088420775,438.53408842077505,558.55
2025-11-13 07:50:00,2025-11-13 08:50:00,741.13,206.33,7,11,29.539133057169558,medium,600-900,True,True,ok,ok,206.33,289.0496008468675,480.7848102390387,461.9890689803256,303.5089416151455,297.2799454946644,325.27688193012074,337.2592581807068,298.3968148065458,284.62276168850923,342.0186759757694,294.06585165182736,303.5089416151455,-437.6210583848545,-534.8
2025-03-02 13:40:00,2025-03-02 14:40:00,58.701,465.2500000000001,13,3,69.52362092716193,high,0-100,True,True,ok,ok,465.2500000000001,487.220247530152,674.3955172876276,622.9190204958643,496.1311701747883,500.0731500232166,502.9546559889406,496.08572500465255,471.4319426429596,481.0633392092814,525.8083075952759,488.5972546920349,496.1311701747883,437.43017017478826,406.5490000000001
2025-08-08 12:10:00,2025-08-08 13:10:00,203.45,735.15,12,8,69.74937059273736,high,100-300,True,True,ok,ok,735.15,639.1214078249302,732.0197938197814,714.5073675542549,640.7075486094483,610.8115294379912,645.4873831340033,642.2194449879898,626.6462398743688,662.438476764707,657.1065768897193,651.5730126870776,640.7075486094483,437.2575486094483,531.7
2025-07-25 12:20:00,2025-07-25 13:20:00,339.03,541.7,12,7,66.22718464829299,high,300-600,True,True,ok,ok,541.7,768.6885780103278,790.5515481355466,825.1711563831185,776.1217545365142,779.5325794612824,816.5947930696194,762.3323360570221,788.9846774744715,757.7252906406637,785.0780793076185,766.923522588589,776.1217545365142,437.09175453651426,202.67000000000007
2025-09-13 12:40:00,2025-09-13 13:40:00,178.92000000000002,954.9,12,9,77.66806180985905,high,100-300,True,True,ok,ok,954.9,609.3675644132543,675.3990844060969,684.5864498969679,615.6550154487885,611.3263222949956,517.1406822157035,619.2839110051008,618.3004838871193,613.3077921082192,618.2630339640274,614.4814037785038,615.6550154487885,436.7350154487885,775.98
2025-11-11 11:40:00,2025-11-11 12:40:00,394.66999999999996,970.0,11,11,76.38243106746502,high,300-600,True,True,ok,ok,970.0,847.9411831849067,783.0352133178211,799.2753483055998,831.0296432995611,840.9055161859094,874.1158115269399,883.5644303604092,847.8337437708384,860.4408916516195,840.9046424004006,845.7352674755903,831.0296432995611,436.3596432995612,575.33
2025-09-14 09:20:00,2025-09-14 10:20:00,895.79,119.91,9,9,48.81144934929675,high,600-900,True,True,ok,ok,119.91,417.9001832699346,419.5975620911959,414.5092256390124,459.93850940416837,481.0060753291607,415.0914662963759,477.0676613938253,491.09187875038225,447.1444547156959,447.0385574321946,453.54148205993215,459.93850940416837,-435.8514905958316,-775.88
2025-07-25 12:40:00,2025-07-25 13:40:00,302.27000000000004,590.9200000000001,12,7,65.37254447180162,high,300-600,True,True,ok,ok,590.9200000000001,725.6465530297296,761.8121851483263,766.1242532606059,737.9750895705158,723.5855720745444,773.1043226078644,773.5020815869741,755.0382041587981,732.1436281969773,749.8813210704817,735.0593588837465,737.9750895705158,435.7050895705158,288.65000000000003
2025-02-28 11:20:00,2025-02-28 12:20:00,1193.7,701.04,11,2,74.6110683889722,high,900+,True,True,ok,ok,701.04,777.453072876092,935.6087970309889,965.4802308113277,758.2392086997978,774.1828753381097,786.9750194507266,779.059979903138,771.9931850734123,787.6398115562845,815.1813534155419,772.9395101280411,758.2392086997978,-435.46079130020223,-492.6600000000001
2025-12-11 10:40:00,2025-12-11 11:40:00,391.71999999999997,576.05,10,12,62.91822231032853,high,300-600,True,True,ok,ok,576.05,825.5089704893435,898.8787039868463,913.7026323443696,826.7698244316082,831.1494526214212,893.9646294547994,871.9129766124863,842.839774345055,823.8620656333586,858.7321144354764,825.3159450324833,826.7698244316082,435.0498244316082,184.32999999999998
2025-08-29 10:00:00,2025-08-29 11:00:00,268.69999999999993,407.67,10,8,55.45227241011567,high,100-300,True,True,ok,ok,407.67,713.9809143238646,772.8432130192823,760.07915141319,703.6609268433847,711.7217079806135,740.0799404356962,687.3244344249489,698.2441124914172,749.2127510211061,726.3496835503892,726.4368389322453,703.6609268433847,434.96092684338475,138.97000000000008
2025-10-06 09:40:00,2025-10-06 10:40:00,318.27,724.83,9,10,56.53089513061777,high,300-600,False,True,,ok,724.83,745.1677778158795,796.3002691738926,790.8222554486795,752.8619803991965,776.0102714969898,837.2248159833697,722.4939339815502,754.661795721209,760.8395701432282,770.7091855737772,756.8507752712123,752.8619803991965,434.5919803991965,406.56000000000006
2025-11-08 13:00:00,2025-11-08 14:00:00,94.477,475.01000000000005,13,11,68.77084763875682,high,0-100,True,True,ok,ok,475.01000000000005,531.8964777507031,729.0536796677901,768.3822475579057,528.6276267072247,515.9365749648395,660.3678199098675,523.2241484651174,552.7743467220913,520.3205004238808,592.2870469077134,524.4740635655528,528.6276267072247,434.1506267072248,380.533
2025-10-10 11:40:00,2025-10-10 12:40:00,363.64,513.7600000000001,11,10,85.89603532355216,high,300-600,True,True,ok,ok,513.7600000000001,823.8635020157424,931.2322838292439,949.591672295862,797.7601602533183,790.0825297297505,824.823165262788,817.0679239656411,801.5277863945878,795.6230040204175,836.8413364185946,796.691582136868,797.7601602533183,434.1201602533183,150.12000000000012
2025-09-29 12:50:00,2025-09-29 13:50:00,335.79999999999995,606.4300000000001,12,9,76.51502843841226,high,300-600,True,True,ok,ok,606.4300000000001,777.8052372346496,834.0495232500696,846.5934001332183,768.6335213505627,745.56880424318,855.2575485509277,742.8724991675106,754.6555813668421,763.8579507013001,787.6993406664734,766.2457360259314,768.6335213505627,432.8335213505627,270.6300000000001
2025-02-12 09:20:00,2025-02-12 10:20:00,311.40999999999997,633.71,9,2,44.38014504200649,high,300-600,True,True,ok,ok,633.71,738.9456159103188,672.200676393369,686.2537658194722,744.099602698512,752.7217407721943,744.2914766551363,737.6891098285511,736.3311108684504,743.8472768418021,728.4867084208674,743.973439770157,744.099602698512,432.689602698512,322.30000000000007
2025-04-28 11:40:00,2025-04-28 12:40:00,280.57000000000005,914.85,11,4,71.28522354917926,high,100-300,True,True,ok,ok,914.85,719.758648457556,768.3161838018597,758.8409505161198,712.9130453667608,690.3212708081559,778.0569585183869,717.1680585110834,730.3732379427312,696.0229039091495,730.1968064257558,704.4679746379552,712.9130453667608,432.34304536676075,634.28
2025-05-22 09:00:00,2025-05-22 10:00:00,114.93200000000002,325.36,9,5,39.14888891412985,high,100-300,True,True,ok,ok,325.36,491.93528166043455,572.0187431371721,581.2503079027006,547.2481636133061,516.0218186787108,550.6993798702438,506.7785217950668,544.8978261516725,551.7670283753564,540.2907856871849,549.5075959943313,547.2481636133061,432.3161636133061,210.428
2025-03-08 14:00:00,2025-03-08 15:00:00,72.72900000000001,473.35999999999996,14,3,64.47137676278655,high,0-100,True,True,ok,ok,473.35999999999996,520.3278944008488,594.0553484380595,588.8188327593763,504.94682699667874,522.7281122454432,543.158867019522,522.3441837591201,543.2297323832523,542.6693222153959,542.4754578019664,523.8080746060373,504.94682699667874,432.2178269966787,400.631
2025-10-16 13:20:00,2025-10-16 14:20:00,215.10999999999999,680.2,13,10,67.53675048682325,high,100-300,True,True,ok,ok,680.2,641.1818299875821,584.4454573007259,621.4132498105265,647.0319679358072,641.4479133128993,656.4507346643929,636.2096809337177,645.6170620115755,624.1562983889336,633.1060215940178,635.5941331623703,647.0319679358072,431.9219679358072,465.09000000000003
2025-12-07 09:40:00,2025-12-07 10:40:00,1104.3,881.6,9,12,51.79356141446598,high,900+,False,True,,ok,881.6,688.4102783943707,689.7405589824763,670.6113227664309,672.4327221304483,672.1154193880977,747.8498904721906,696.7787833383878,674.3377252957096,663.5157402190121,686.1991601096805,667.9742311747302,672.4327221304483,-431.8672778695517,-222.69999999999993
2025-04-07 09:10:00,2025-04-07 10:10:00,271.38,659.14,9,4,44.187533262150886,high,100-300,True,True,ok,ok,659.14,710.806127229451,617.2486624017401,627.0591025854038,703.1779154751605,707.4196704616504,753.0375710878816,737.1296063173663,735.4456468420536,697.2575766090438,698.7313198899724,700.2177460421021,703.1779154751605,431.7979154751605,387.76
2025-01-19 13:00:00,2025-01-19 14:00:00,992.2,1058.0,13,1,70.24105652901635,high,900+,True,True,ok,ok,1058.0,564.8810743054795,690.5930866074793,683.0957599093734,560.6164999070393,550.5493679006191,567.3931095534895,491.5054042493555,542.5171159543247,530.3023229846592,575.7170823746467,545.4594114458492,560.6164999070393,-431.5835000929608,65.79999999999995
2025-05-10 08:50:00,2025-05-10 09:50:00,135.35,517.96,8,5,38.000866275923045,high,100-300,True,True,ok,ok,517.96,559.604724313981,493.2053333744741,508.21984707205803,566.5409195938684,550.8379008214944,557.3075065417995,562.1210808063832,538.7670718169367,542.3670505973269,542.1079372153691,554.4539850955975,566.5409195938684,431.19091959386833,382.61
2025-05-06 09:20:00,2025-05-06 10:20:00,249.25,407.48999999999995,9,5,45.02885155476425,high,100-300,True,True,ok,ok,407.48999999999995,661.9854374988518,617.8510646082628,575.3070970495195,680.3161284899152,667.9806853552607,710.5331186560853,641.9851008354465,649.9296433064799,666.7567405512473,652.5161129278965,673.5364345205812,680.3161284899152,431.0661284899152,158.23999999999995
2025-11-23 08:40:00,2025-11-23 09:40:00,801.5,379.63,8,11,40.322502188607785,high,600-900,True,True,ok,ok,379.63,381.1487356598517,610.3631856443216,595.6211869448323,370.7771688812754,417.2281764596391,525.6152343474638,425.74884300987156,387.3273574739821,383.9977784294908,455.3141852056364,377.3874736553831,370.7771688812754,-430.7228311187246,-421.87
2025-01-06 11:20:00,2025-01-06 12:20:00,1198.9,851.64,11,1,67.52013561671086,high,900+,True,True,ok,ok,851.64,759.5842801919384,779.8652937980704,799.2106092552168,768.507809565147,751.6879222520818,738.5806208327316,773.9732308576484,778.2095187110411,777.064383969039,769.6315188258793,772.786096767093,768.507809565147,-430.3921904348531,-347.2600000000001
2025-10-22 09:50:00,2025-10-22 10:50:00,321.17,451.36,9,10,59.33462442442745,high,300-600,True,True,ok,ok,451.36,738.5658866254912,828.4217789118297,840.6360606383727,751.4635669701418,756.5709950615494,857.4825979686042,785.5328228352039,773.0229635224351,754.8338865209776,787.3922843394006,753.1487267455597,751.4635669701418,430.29356697014174,130.19
2025-10-31 07:50:00,2025-10-31 08:50:00,143.169,530.9399999999999,7,10,30.062041886505817,medium,100-300,True,True,ok,ok,530.9399999999999,583.2872754681027,438.24507290182447,426.52125585817265,572.4313309263772,580.2612719571351,611.1031821288084,566.1584472926475,561.6698530876586,565.8439397663878,545.0579588207905,569.1376353463825,572.4313309263772,429.2623309263772,387.77099999999996
2025-11-22 12:00:00,2025-11-22 13:00:00,1001.85,1229.1,12,11,73.77025564852715,high,900+,True,True,ok,ok,1229.1,554.0049979044801,739.7382940484661,782.7882321159876,572.7296234592732,600.9174283475803,697.7537144467752,552.9059334610266,583.3315216764271,512.6440864989518,621.8682035509964,542.6868549791125,572.7296234592732,-429.12037654072685,227.2499999999999
2025-10-22 10:00:00,2025-10-22 11:00:00,306.75,450.05,10,10,61.742456174613906,high,300-600,True,True,ok,ok,450.05,739.2092433589958,822.1297711152049,847.9374935415876,735.7100398710159,751.9049232410722,844.5282310819105,785.8796491038601,779.6019068012525,746.89181707225,783.7547861319056,741.3009284716329,735.7100398710159,428.96003987101585,143.3
2025-07-10 09:40:00,2025-07-10 10:40:00,153.57999999999998,684.65,9,7,44.675686375886094,high,100-300,False,True,,ok,684.65,588.020818839373,579.5131491327866,581.8095958840437,582.5341851184705,568.7057491221644,630.7999684856936,584.589871983533,584.3122918011308,574.9898759761446,586.1417229270378,578.7620305473076,582.5341851184705,428.95418511847055,531.0699999999999
2025-08-23 10:30:00,2025-08-23 11:30:00,398.84000000000003,617.08,10,8,60.79060591309523,high,300-600,True,True,ok,ok,617.08,825.9453357356855,815.1838539848798,815.5758283883819,827.2594047801409,819.8283355998256,871.2511117544874,830.3604126049219,827.8574208891454,832.5704916858584,829.5369106025918,829.9149482329997,827.2594047801409,428.4194047801409,218.24
